id,class_cvp,class_2025,stable_20_,n_matches
0,1,4,4,702
1,1,15,15,702
2,1,15,15,702
3,1,15,15,702
4,1,15,15,702
5,1,15,15,702
6,1,15,15,702
7,1,15,15,702
8,1,15,15,702
9,1,15,15,702
10,1,15,15,702
11,1,15,15,702
12,1,39,39,702
13,1,15,15,702
14,1,39,39,702
15,1,15,15,702
16,1,15,15,702
17,1,15,15,702
18,1,15,15,702
19,1,15,15,702
20,1,15,15,702
21,1,15,15,702
22,1,15,15,702
23,1,15,15,702
24,1,15,15,702
25,1,15,15,702
26,1,9,9,702
27,1,4,4,702
28,1,15,15,702
29,1,15,15,702
30,1,15,15,702
31,1,15,15,702
32,1,15,15,702
33,1,4,4,702
34,1,15,15,702
35,1,15,15,702
36,1,15,15,702
37,1,15,15,702
38,1,15,15,702
39,1,4,4,702
40,1,15,15,702
41,1,15,15,702
42,1,15,15,702
43,1,41,41,702
44,1,15,15,702
45,1,15,15,702
46,1,15,15,702
47,1,15,15,702
48,1,15,15,702
49,1,15,15,702
50,1,15,15,702
51,1,41,41,702
52,1,15,15,702
53,1,15,15,702
54,1,15,15,702
55,1,15,15,702
56,1,15,15,702
57,1,15,15,702
58,1,15,15,702
59,1,15,15,702
60,1,15,15,702
61,1,15,15,702
62,1,15,15,702
63,1,15,15,702
64,1,15,15,702
65,1,15,15,702
66,1,15,15,702
67,1,15,4,702
68,1,15,15,702
69,1,15,15,702
70,1,15,15,702
71,1,15,15,702
72,1,15,15,702
73,1,15,15,702
74,1,15,15,702
75,1,15,15,702
76,1,15,15,702
77,1,41,41,702
78,1,15,15,702
79,1,15,15,702
80,1,15,15,702
81,1,15,15,702
82,1,15,15,702
83,1,39,39,702
84,1,15,15,702
85,1,4,4,702
86,1,15,15,702
87,1,15,15,702
88,1,15,15,702
89,1,15,15,702
90,1,15,15,702
91,1,15,15,702
92,1,15,15,702
93,1,15,15,702
94,1,15,15,702
95,1,15,15,702
96,1,15,15,702
97,1,15,15,702
98,1,15,15,702
99,1,15,15,702
100,1,21,15,702
101,1,15,15,702
102,1,11,11,702
103,1,15,15,702
104,1,15,15,702
105,1,15,15,702
106,1,15,15,702
107,1,15,15,702
108,1,15,15,702
109,1,15,15,702
110,1,15,15,702
111,1,15,15,702
112,1,15,15,702
113,1,15,15,702
114,1,15,15,702
115,1,15,15,702
116,1,15,12,702
117,1,15,15,702
118,1,15,15,702
119,1,15,15,702
120,1,15,15,702
121,1,15,15,702
122,1,15,15,702
123,1,15,15,702
124,1,15,15,702
125,1,41,41,702
126,1,39,39,702
127,1,15,15,702
128,1,15,15,702
129,1,15,15,702
130,1,15,15,702
131,1,15,15,702
132,1,15,15,702
133,1,15,15,702
134,1,15,15,702
135,1,15,15,702
136,1,21,21,702
137,1,15,15,702
138,1,15,15,702
139,1,15,15,702
140,1,39,39,702
141,1,15,15,702
142,1,15,15,702
143,1,15,15,702
144,1,15,15,702
145,1,15,15,702
146,1,15,15,702
147,1,15,15,702
148,1,15,15,702
149,1,15,15,702
150,1,15,15,702
151,1,15,15,702
152,1,15,15,702
153,1,15,15,702
154,1,15,15,702
155,1,4,4,702
156,1,15,15,702
157,1,15,3,702
158,1,15,15,702
159,1,4,4,702
160,1,15,15,702
161,1,15,15,702
162,1,15,15,702
163,1,15,15,702
164,1,15,15,702
165,1,15,15,702
166,1,15,15,702
167,1,15,15,702
168,1,15,15,702
169,1,15,15,702
170,1,15,15,702
171,1,15,15,702
172,1,4,4,702
173,1,15,15,702
174,1,15,15,702
175,1,15,15,702
176,1,15,15,702
177,1,15,15,702
178,1,15,15,702
179,1,15,15,702
180,1,4,4,702
181,1,15,15,702
182,1,15,15,702
183,1,15,15,702
184,1,15,15,702
185,1,15,15,702
186,1,15,15,702
187,1,15,15,702
188,1,15,15,702
189,1,15,15,702
190,1,15,15,702
191,1,15,15,702
192,1,15,15,702
193,1,15,15,702
194,1,15,15,702
195,1,15,15,702
196,1,15,15,702
197,1,15,15,702
198,1,15,15,702
199,1,15,15,702
200,1,15,15,702
201,1,15,15,702
202,1,12,12,702
203,1,15,15,702
204,1,15,15,702
205,1,15,15,702
206,1,15,15,702
207,1,21,15,702
208,1,15,15,702
209,1,15,15,702
210,1,15,15,702
211,1,15,15,702
212,1,15,15,702
213,1,15,15,702
214,1,15,15,702
215,1,15,15,702
216,1,15,15,702
217,1,15,15,702
218,1,21,15,702
219,1,15,15,702
220,1,15,15,702
221,1,15,15,702
222,1,15,15,702
223,1,15,15,702
224,1,15,15,702
225,1,15,15,702
226,1,15,15,702
227,1,12,12,702
228,1,15,15,702
229,1,15,15,702
230,1,15,15,702
231,1,15,15,702
232,1,15,15,702
233,1,15,15,702
234,1,15,15,702
235,1,15,15,702
236,1,15,15,702
237,1,15,15,702
238,1,15,15,702
239,1,41,41,702
240,1,15,15,702
241,1,15,15,702
242,1,15,15,702
243,1,15,15,702
244,1,4,4,702
245,1,15,15,702
246,1,15,15,702
247,1,15,15,702
248,1,15,15,702
249,1,15,15,702
250,1,15,15,702
251,1,15,15,702
252,1,15,15,702
253,1,15,15,702
254,1,4,15,702
255,1,21,15,702
256,1,15,15,702
257,1,15,15,702
258,1,15,15,702
259,1,15,15,702
260,1,15,15,702
261,1,15,15,702
262,1,15,15,702
263,1,15,15,702
264,1,15,15,702
265,1,15,15,702
266,1,15,15,702
267,1,15,15,702
268,1,15,15,702
269,1,15,15,702
270,1,15,15,702
271,1,15,15,702
272,1,15,15,702
273,1,15,15,702
274,1,15,15,702
275,1,15,15,702
276,1,15,15,702
277,1,12,12,702
278,1,15,4,702
279,1,15,15,702
280,1,15,15,702
281,1,15,15,702
282,1,15,15,702
283,1,15,15,702
284,1,15,15,702
285,1,15,15,702
286,1,15,15,702
287,1,15,15,702
288,1,15,15,702
289,1,15,15,702
290,1,4,4,702
291,1,15,15,702
292,1,15,15,702
293,1,15,15,702
294,1,15,15,702
295,1,15,15,702
296,1,15,15,702
297,1,15,15,702
298,1,15,15,702
299,1,4,4,702
300,1,9,9,702
301,1,15,15,702
302,1,15,15,702
303,1,15,15,702
304,1,15,15,702
305,1,15,15,702
306,1,15,15,702
307,1,15,15,702
308,1,15,15,702
309,1,15,15,702
310,1,39,39,702
311,1,15,15,702
312,1,15,15,702
313,1,15,15,702
314,1,39,39,702
315,1,15,15,702
316,1,15,15,702
317,1,41,41,702
318,1,4,4,702
319,1,15,15,702
320,1,15,15,702
321,1,15,15,702
322,1,15,15,702
323,1,15,15,702
324,1,15,15,702
325,1,15,15,702
326,1,15,15,702
327,1,15,15,702
328,1,15,15,702
329,1,15,15,702
330,1,4,4,702
331,1,15,15,702
332,1,15,15,702
333,1,15,15,702
334,1,15,15,702
335,1,15,15,702
336,1,4,4,702
337,1,15,15,702
338,1,15,15,702
339,1,15,15,702
340,1,15,15,702
341,1,15,15,702
342,1,4,4,702
343,1,15,15,702
344,1,15,15,702
345,1,15,15,702
346,1,15,15,702
347,1,15,15,702
348,1,15,15,702
349,1,15,15,702
350,1,15,15,702
351,1,15,15,702
352,1,15,15,702
353,1,15,15,702
354,1,15,15,702
355,1,15,15,702
356,1,15,15,702
357,1,15,15,702
358,1,15,15,702
359,1,15,15,702
360,1,12,12,702
361,1,15,15,702
362,1,15,15,702
363,1,15,15,702
364,1,41,41,702
365,1,4,4,702
366,1,15,15,702
367,1,15,15,702
368,1,15,15,702
369,1,15,15,702
370,1,4,4,702
371,1,15,15,702
372,1,41,41,702
373,1,15,15,702
374,1,15,15,702
375,1,15,15,702
376,1,21,15,702
377,1,15,15,702
378,1,15,15,702
379,1,15,15,702
380,1,15,15,702
381,1,15,15,702
382,1,15,15,702
383,1,15,15,702
384,1,15,15,702
385,1,15,15,702
386,1,15,15,702
387,1,15,15,702
388,1,15,15,702
389,1,15,15,702
390,1,15,15,702
391,1,15,15,702
392,1,20,15,702
393,1,15,15,702
394,1,15,15,702
395,1,15,15,702
396,1,15,15,702
397,1,15,15,702
398,1,15,15,702
399,1,15,15,702
400,1,15,15,702
401,1,41,41,702
402,1,15,15,702
403,1,15,15,702
404,1,12,12,702
405,1,15,15,702
406,1,15,15,702
407,1,4,4,702
408,1,15,15,702
409,1,15,15,702
410,1,15,15,702
411,1,15,15,702
412,1,15,15,702
413,1,15,15,702
414,1,15,15,702
415,1,15,15,702
416,1,15,11,702
417,1,15,15,702
418,1,3,3,702
419,1,15,15,702
420,1,4,4,702
421,1,15,15,702
422,1,15,15,702
423,1,15,15,702
424,1,15,15,702
425,1,15,15,702
426,1,15,15,702
427,1,15,15,702
428,1,15,15,702
429,1,15,15,702
430,1,15,15,702
431,1,15,15,702
432,1,15,15,702
433,1,15,15,702
434,1,15,15,702
435,1,39,39,702
436,1,15,15,702
437,1,15,15,702
438,1,15,15,702
439,1,15,15,702
440,1,21,21,702
441,1,15,15,702
442,1,15,15,702
443,1,15,15,702
444,1,15,15,702
445,1,41,41,702
446,1,15,15,702
447,1,15,15,702
448,1,15,15,702
449,1,15,15,702
450,1,15,15,702
451,1,15,15,702
452,1,15,15,702
453,1,15,15,702
454,1,15,15,702
455,1,15,15,702
456,1,15,15,702
457,1,15,15,702
458,1,15,15,702
459,1,15,15,702
460,1,15,15,702
461,1,15,15,702
462,1,15,15,702
463,1,15,15,702
464,1,15,15,702
465,1,15,15,702
466,1,39,15,702
467,1,15,15,702
468,1,15,15,702
469,1,15,15,702
470,1,15,15,702
471,1,15,15,702
472,1,15,15,702
473,1,11,11,702
474,1,15,15,702
475,1,15,15,702
476,1,15,15,702
477,1,15,15,702
478,1,4,15,702
479,1,15,15,702
480,1,15,15,702
481,1,15,15,702
482,1,15,15,702
483,1,15,15,702
484,1,15,15,702
485,1,11,11,702
486,1,15,15,702
487,1,15,15,702
488,1,15,15,702
489,1,15,15,702
490,1,15,15,702
491,1,15,15,702
492,1,15,15,702
493,1,15,4,702
494,1,15,15,702
495,1,15,15,702
496,1,15,15,702
497,1,15,15,702
498,1,15,15,702
499,1,15,15,702
500,1,15,15,702
501,1,15,15,702
502,1,9,9,702
503,1,41,41,702
504,1,21,15,702
505,1,15,15,702
506,1,15,15,702
507,1,15,15,702
508,1,15,15,702
509,1,15,15,702
510,1,15,15,702
511,1,15,15,702
512,1,15,15,702
513,1,15,15,702
514,1,15,15,702
515,1,15,15,702
516,1,15,15,702
517,1,15,15,702
518,1,15,15,702
519,1,15,15,702
520,1,15,15,702
521,1,15,15,702
522,1,15,15,702
523,1,15,15,702
524,1,15,15,702
525,1,15,15,702
526,1,15,15,702
527,1,15,15,702
528,1,15,15,702
529,1,15,15,702
530,1,15,15,702
531,1,15,15,702
532,1,15,15,702
533,1,15,15,702
534,1,15,15,702
535,1,15,15,702
536,1,15,15,702
537,1,15,15,702
538,1,15,15,702
539,1,15,15,702
540,1,15,15,702
541,1,15,15,702
542,1,15,15,702
543,1,15,15,702
544,1,15,15,702
545,1,4,4,702
546,1,15,15,702
547,1,15,15,702
548,1,15,15,702
549,1,4,4,702
550,1,4,3,702
551,1,15,15,702
552,1,15,15,702
553,1,15,15,702
554,1,15,15,702
555,1,15,15,702
556,1,15,15,702
557,1,3,3,702
558,1,15,15,702
559,1,15,15,702
560,1,15,15,702
561,1,15,15,702
562,1,15,15,702
563,1,15,15,702
564,1,15,15,702
565,1,15,15,702
566,1,15,15,702
567,1,15,15,702
568,1,15,15,702
569,1,15,15,702
570,1,15,15,702
571,1,15,15,702
572,1,15,15,702
573,1,15,15,702
574,1,15,15,702
575,1,15,15,702
576,1,4,4,702
577,1,4,4,702
578,1,15,4,702
579,1,15,15,702
580,1,15,15,702
581,1,15,4,702
582,1,15,15,702
583,1,15,15,702
584,1,15,15,702
585,1,15,15,702
586,1,15,15,702
587,1,15,15,702
588,1,15,15,702
589,1,15,15,702
590,1,15,15,702
591,1,15,15,702
592,1,15,15,702
593,1,15,15,702
594,1,15,15,702
595,1,9,9,702
596,1,15,15,702
597,1,15,15,702
598,1,15,15,702
599,1,15,4,702
600,1,15,15,702
601,1,15,15,702
602,1,15,15,702
603,1,15,15,702
604,1,15,15,702
605,1,15,15,702
606,1,15,15,702
607,1,15,15,702
608,1,15,15,702
609,1,15,15,702
610,1,15,15,702
611,1,15,15,702
612,1,15,15,702
613,1,15,15,702
614,1,15,15,702
615,1,15,15,702
616,1,4,4,702
617,1,15,15,702
618,1,15,15,702
619,1,15,15,702
620,1,15,15,702
621,1,15,15,702
622,1,15,15,702
623,1,15,15,702
624,1,4,4,702
625,1,15,15,702
626,1,15,15,702
627,1,11,11,702
628,1,21,15,702
629,1,4,4,702
630,1,15,15,702
631,1,15,15,702
632,1,15,15,702
633,1,15,15,702
634,1,15,15,702
635,1,15,15,702
636,1,15,15,702
637,1,15,15,702
638,1,4,4,702
639,1,15,15,702
640,1,15,15,702
641,1,15,15,702
642,1,15,15,702
643,1,15,15,702
644,1,15,15,702
645,1,15,15,702
646,1,15,15,702
647,1,15,15,702
648,1,15,15,702
649,1,15,15,702
650,1,15,15,702
651,1,15,15,702
652,1,15,15,702
653,1,15,15,702
654,1,15,15,702
655,1,15,15,702
656,1,15,15,702
657,1,15,15,702
658,1,15,15,702
659,1,15,15,702
660,1,15,15,702
661,1,15,15,702
662,1,15,15,702
663,1,15,15,702
664,1,15,15,702
665,1,15,15,702
666,1,15,15,702
667,1,15,15,702
668,1,15,15,702
669,1,15,15,702
670,1,15,4,702
671,1,15,15,702
672,1,15,15,702
673,1,15,15,702
674,1,15,15,702
675,1,15,15,702
676,1,15,15,702
677,1,15,15,702
678,1,15,15,702
679,1,15,15,702
680,1,15,15,702
681,1,15,15,702
682,1,15,15,702
683,1,15,15,702
684,1,15,15,702
685,1,15,15,702
686,1,15,15,702
687,1,15,15,702
688,1,15,15,702
689,1,15,15,702
690,1,15,15,702
691,1,15,15,702
692,1,15,15,702
693,1,4,4,702
694,1,15,15,702
695,1,15,15,702
696,1,15,15,702
697,1,15,15,702
698,1,15,15,702
699,1,15,15,702
700,1,3,3,702
701,1,15,15,702
702,1,4,4,702
703,1,15,15,702
704,1,15,15,702
705,1,15,15,702
706,1,15,15,702
707,1,15,15,702
708,1,15,15,702
709,1,15,15,702
710,1,15,15,702
711,1,15,15,702
712,1,15,15,702
713,1,15,15,702
714,1,15,15,702
715,1,15,15,702
716,1,15,15,702
717,1,15,15,702
718,1,15,15,702
719,1,15,15,702
720,1,15,15,702
721,1,21,15,702
722,1,15,15,702
723,1,15,15,702
724,1,15,15,702
725,1,15,15,702
726,1,15,15,702
727,1,4,4,702
728,1,15,15,702
729,1,15,15,702
730,1,15,15,702
731,1,15,15,702
732,1,15,15,702
733,1,15,15,702
734,1,15,15,702
735,1,15,15,702
736,1,3,3,702
737,1,15,15,702
738,1,15,15,702
739,1,15,15,702
740,1,15,15,702
741,1,15,15,702
742,1,15,15,702
743,1,15,15,702
744,1,15,15,702
745,1,15,15,702
746,1,15,15,702
747,1,15,15,702
748,1,15,41,702
749,1,15,15,702
750,1,15,15,702
751,1,15,15,702
752,1,15,15,702
753,1,15,15,702
754,1,15,15,702
755,1,15,15,702
756,1,15,15,702
757,1,15,15,702
758,1,15,15,702
759,1,15,15,702
760,1,15,15,702
761,1,15,15,702
762,1,15,15,702
763,1,15,15,702
764,1,15,15,702
765,1,15,15,702
766,1,15,15,702
767,1,15,15,702
768,1,15,15,702
769,1,15,15,702
770,1,15,15,702
771,1,15,15,702
772,1,4,4,702
773,1,15,15,702
774,1,15,15,702
775,1,15,15,702
776,1,15,15,702
777,1,15,15,702
778,1,15,15,702
779,1,21,15,702
780,1,15,15,702
781,1,15,15,702
782,1,15,15,702
783,1,21,15,702
784,1,15,15,702
785,1,15,15,702
786,1,15,15,702
787,1,15,15,702
788,1,15,15,702
789,1,15,15,702
790,1,39,39,702
791,1,15,15,702
792,1,15,15,702
793,1,15,15,702
794,1,21,15,702
795,1,15,15,702
796,1,15,15,702
797,1,15,15,702
798,1,15,15,702
799,1,15,15,702
800,1,15,15,702
801,1,15,15,702
802,1,4,4,702
803,1,15,15,702
804,1,15,15,702
805,1,4,4,702
806,1,15,15,702
807,1,15,15,702
808,1,15,15,702
809,1,15,15,702
810,1,15,15,702
811,1,15,15,702
812,1,15,15,702
813,1,15,15,702
814,1,15,15,702
815,1,15,15,702
816,1,15,15,702
817,1,15,15,702
818,1,15,15,702
819,1,15,15,702
820,1,15,15,702
821,1,15,15,702
822,1,15,15,702
823,1,15,15,702
824,1,12,12,702
825,1,15,15,702
826,1,15,15,702
827,1,15,15,702
828,1,15,15,702
829,1,15,15,702
830,1,15,15,702
831,1,15,15,702
832,1,15,15,702
833,1,15,15,702
834,1,15,15,702
835,1,15,15,702
836,1,15,15,702
837,1,15,15,702
838,1,15,15,702
839,1,21,15,702
840,1,15,15,702
841,1,15,15,702
842,1,15,15,702
843,1,15,15,702
844,1,15,15,702
845,1,15,15,702
846,1,15,15,702
847,1,15,15,702
848,1,15,15,702
849,1,15,15,702
850,1,15,15,702
851,1,15,15,702
852,1,15,15,702
853,1,41,41,702
854,1,15,15,702
855,1,15,15,702
856,1,15,15,702
857,1,15,15,702
858,1,15,15,702
859,1,15,15,702
860,1,15,15,702
861,1,15,15,702
862,1,15,15,702
863,1,15,15,702
864,1,15,15,702
865,1,15,15,702
866,1,15,15,702
867,1,15,15,702
868,1,15,15,702
869,1,15,15,702
870,1,15,15,702
871,1,15,15,702
872,1,15,15,702
873,1,15,15,702
874,1,15,15,702
875,1,15,15,702
876,1,15,15,702
877,1,21,15,702
878,1,15,15,702
879,1,15,15,702
880,1,15,15,702
881,1,15,15,702
882,1,15,15,702
883,1,15,15,702
884,1,15,15,702
885,1,15,15,702
886,1,15,15,702
887,1,15,15,702
888,1,15,15,702
889,1,15,15,702
890,1,15,15,702
891,1,15,15,702
892,1,15,15,702
893,1,15,15,702
894,1,15,15,702
895,1,15,15,702
896,1,15,15,702
897,1,15,15,702
898,1,15,15,702
899,1,15,15,702
900,1,15,15,702
901,1,15,15,702
902,1,15,15,702
903,1,15,15,702
904,1,15,15,702
905,1,15,15,702
906,1,15,15,702
907,1,15,15,702
908,1,15,15,702
909,1,15,15,702
910,1,15,15,702
911,1,15,15,702
912,1,15,15,702
913,1,41,41,702
914,1,15,15,702
915,1,15,15,702
916,1,15,15,702
917,1,15,15,702
918,1,15,15,702
919,1,15,15,702
920,1,15,15,702
921,1,4,4,702
922,1,15,15,702
923,1,15,15,702
924,1,15,15,702
925,1,15,15,702
926,1,15,15,702
927,1,15,15,702
928,1,15,15,702
929,1,15,15,702
930,1,15,15,702
931,1,15,15,702
932,1,15,15,702
933,1,15,15,702
934,1,15,15,702
935,1,15,15,702
936,1,21,15,702
937,1,15,15,702
938,1,15,15,702
939,1,15,4,702
940,1,15,4,702
941,1,15,12,702
942,1,15,15,702
943,1,15,15,702
944,1,15,15,702
945,1,4,15,702
946,1,15,15,702
947,1,15,15,702
948,1,15,15,702
949,1,15,15,702
950,1,15,15,702
951,1,41,41,702
952,1,15,15,702
953,1,15,15,702
954,1,15,15,702
955,1,15,15,702
956,1,15,15,702
957,1,15,15,702
958,1,15,15,702
959,1,15,15,702
960,1,15,15,702
961,1,15,15,702
962,1,15,15,702
963,1,15,15,702
964,1,15,15,702
965,1,15,15,702
966,1,15,15,702
967,1,15,15,702
968,1,15,15,702
969,1,15,15,702
970,1,15,4,702
971,1,15,15,702
972,1,15,15,702
973,1,15,15,702
974,1,15,15,702
975,1,15,15,702
976,1,15,15,702
977,1,15,15,702
978,1,15,15,702
979,1,15,15,702
980,1,15,15,702
981,1,15,15,702
982,1,15,15,702
983,1,15,15,702
984,1,15,15,702
985,1,15,15,702
986,1,15,15,702
987,1,4,4,702
988,1,15,15,702
989,1,15,15,702
990,1,15,15,702
991,1,15,15,702
992,1,15,15,702
993,1,15,15,702
994,1,15,15,702
995,1,15,15,702
996,1,15,15,702
997,1,15,15,702
998,1,15,15,702
999,1,15,15,702
1000,1,15,15,702
1001,1,15,15,702
1002,1,12,12,702
1003,1,15,15,702
1004,1,15,15,702
1005,1,15,4,702
1006,1,15,15,702
1007,1,21,15,702
1008,1,15,15,702
1009,1,4,4,702
1010,1,15,15,702
1011,1,15,15,702
1012,1,15,15,702
1013,1,15,15,702
1014,1,15,15,702
1015,1,15,15,702
1016,1,15,15,702
1017,1,15,15,702
1018,1,15,15,702
1019,1,15,15,702
1020,1,15,4,702
1021,1,15,15,702
1022,1,15,15,702
1023,1,4,4,702
1024,1,15,15,702
1025,1,15,15,702
1026,1,15,15,702
1027,1,15,15,702
1028,1,41,41,702
1029,1,15,15,702
1030,1,15,15,702
1031,1,15,15,702
1032,1,15,15,702
1033,1,15,15,702
1034,1,15,15,702
1035,1,21,15,702
1036,1,15,15,702
1037,1,15,15,702
1038,1,15,15,702
1039,1,15,15,702
1040,1,15,15,702
1041,1,15,15,702
1042,1,15,15,702
1043,1,15,15,702
1044,1,15,15,702
1045,1,15,15,702
1046,1,15,15,702
1047,1,15,15,702
1048,1,15,15,702
1049,1,21,15,702
1050,1,15,15,702
1051,1,15,15,702
1052,1,15,15,702
1053,1,15,15,702
1054,1,15,15,702
1055,1,15,15,702
1056,1,15,15,702
1057,1,15,15,702
1058,1,15,15,702
1059,1,15,15,702
1060,1,15,4,702
1061,1,15,15,702
1062,1,15,15,702
1063,1,15,15,702
1064,1,15,15,702
1065,1,15,15,702
1066,1,15,15,702
1067,1,15,15,702
1068,1,15,15,702
1069,1,15,15,702
1070,1,15,15,702
1071,1,15,12,702
1072,1,15,15,702
1073,1,15,15,702
1074,1,15,15,702
1075,1,15,15,702
1076,1,15,15,702
1077,1,15,15,702
1078,1,15,15,702
1079,1,15,15,702
1080,1,15,15,702
1081,1,15,15,702
1082,1,15,15,702
1083,1,4,4,702
1084,1,15,15,702
1085,1,15,15,702
1086,1,15,15,702
1087,1,15,15,702
1088,1,15,15,702
1089,1,15,15,702
1090,1,15,15,702
1091,1,15,15,702
1092,1,15,15,702
1093,1,41,15,702
1094,1,21,15,702
1095,1,15,15,702
1096,1,15,15,702
1097,1,15,15,702
1098,1,15,15,702
1099,1,15,15,702
1100,1,15,15,702
1101,1,15,15,702
1102,1,15,15,702
1103,1,15,15,702
1104,1,15,15,702
1105,1,15,15,702
1106,1,15,15,702
1107,1,15,15,702
1108,1,15,15,702
1109,1,15,15,702
1110,1,15,15,702
1111,1,15,15,702
1112,1,15,15,702
1113,1,15,15,702
1114,1,15,15,702
1115,1,15,15,702
1116,1,39,39,702
1117,1,15,15,702
1118,1,15,15,702
1119,1,15,15,702
1120,1,15,15,702
1121,1,15,15,702
1122,1,15,15,702
1123,1,15,15,702
1124,1,15,15,702
1125,1,15,15,702
1126,1,15,15,702
1127,1,15,15,702
1128,1,15,15,702
1129,1,4,15,702
1130,1,15,15,702
1131,1,15,15,702
1132,1,15,15,702
1133,1,15,15,702
1134,1,15,15,702
1135,1,15,15,702
1136,1,15,15,702
1137,1,15,15,702
1138,1,15,15,702
1139,1,15,15,702
1140,1,15,15,702
1141,1,39,39,702
1142,1,15,15,702
1143,1,15,15,702
1144,1,15,15,702
1145,1,15,15,702
1146,1,15,15,702
1147,1,15,15,702
1148,1,15,15,702
1149,1,15,15,702
1150,1,15,15,702
1151,1,15,15,702
1152,1,15,15,702
1153,1,15,15,702
1154,1,15,15,702
1155,1,15,15,702
1156,1,15,15,702
1157,1,15,15,702
1158,1,15,15,702
1159,1,4,4,702
1160,1,4,4,702
1161,1,15,15,702
1162,1,15,15,702
1163,1,15,15,702
1164,1,15,15,702
1165,1,15,15,702
1166,1,15,15,702
1167,1,15,15,702
1168,1,15,15,702
1169,1,15,15,702
1170,1,15,15,702
1171,1,15,15,702
1172,1,15,15,702
1173,1,15,15,702
1174,1,15,15,702
1175,1,15,15,702
1176,1,15,15,702
1177,1,15,15,702
1178,1,15,15,702
1179,1,15,15,702
1180,1,15,15,702
1181,1,15,15,702
1182,1,15,15,702
1183,1,15,15,702
1184,1,15,15,702
1185,1,15,15,702
1186,1,15,15,702
1187,1,15,15,702
1188,1,15,15,702
1189,1,15,15,702
1190,1,15,15,702
1191,1,21,15,702
1192,1,15,15,702
1193,1,15,15,702
1194,1,15,15,702
1195,1,4,4,702
1196,1,4,4,702
1197,1,15,15,702
1198,1,15,15,702
1199,1,15,15,702
1200,1,15,15,702
1201,1,4,4,702
1202,1,15,15,702
1203,1,21,15,702
1204,1,15,15,702
1205,1,15,15,702
1206,1,15,15,702
1207,1,3,3,702
1208,1,15,15,702
1209,1,15,15,702
1210,1,15,15,702
1211,1,15,15,702
1212,1,15,15,702
1213,1,15,15,702
1214,1,15,15,702
1215,1,15,15,702
1216,1,15,15,702
1217,1,15,15,702
1218,1,15,15,702
1219,1,15,15,702
1220,1,15,15,702
1221,1,4,4,702
1222,1,15,15,702
1223,1,15,15,702
1224,1,15,15,702
1225,1,15,15,702
1226,1,15,15,702
1227,1,15,15,702
1228,1,4,4,702
1229,1,15,15,702
1230,1,15,15,702
1231,1,15,15,702
1232,1,21,15,702
1233,1,15,15,702
1234,1,21,15,702
1235,1,15,15,702
1236,1,15,15,702
1237,1,15,15,702
1238,1,15,15,702
1239,1,15,15,702
1240,1,15,15,702
1241,1,15,15,702
1242,1,15,15,702
1243,1,15,15,702
1244,1,15,15,702
1245,1,15,15,702
1246,1,4,4,702
1247,1,15,15,702
1248,1,15,15,702
1249,1,15,15,702
1250,1,15,15,702
1251,1,15,15,702
1252,1,15,15,702
1253,1,12,12,702
1254,1,15,15,702
1255,1,15,15,702
1256,1,15,15,702
1257,1,15,15,702
1258,1,4,4,702
1259,1,3,4,702
1260,1,15,15,702
1261,1,15,15,702
1262,1,15,15,702
1263,1,15,15,702
1264,1,15,15,702
1265,1,41,41,702
1266,1,15,15,702
1267,1,15,12,702
1268,1,15,15,702
1269,1,15,15,702
1270,1,15,15,702
1271,1,15,15,702
1272,1,15,15,702
1273,1,15,15,702
1274,1,15,15,702
1275,1,15,15,702
1276,1,15,15,702
1277,1,4,4,702
1278,1,15,15,702
1279,1,15,15,702
1280,1,4,4,702
1281,1,15,15,702
1282,1,15,15,702
1283,1,15,15,702
1284,1,15,15,702
1285,1,15,15,702
1286,1,15,15,702
1287,1,15,15,702
1288,1,15,15,702
1289,1,4,4,702
1290,1,15,15,702
1291,1,15,15,702
1292,1,15,15,702
1293,1,15,15,702
1294,1,15,15,702
1295,1,15,15,702
1296,1,21,15,702
1297,1,15,15,702
1298,1,15,15,702
1299,1,15,15,702
1300,1,15,15,702
1301,1,15,15,702
1302,1,15,15,702
1303,1,15,15,702
1304,1,15,15,702
1305,1,15,15,702
1306,1,15,15,702
1307,1,15,15,702
1308,1,15,15,702
1309,1,15,15,702
1310,1,15,15,702
1311,1,15,15,702
1312,1,15,15,702
1313,1,21,15,702
1314,1,15,15,702
1315,1,15,15,702
1316,1,15,15,702
1317,1,15,15,702
1318,1,15,15,702
1319,1,15,15,702
1320,1,15,15,702
1321,1,15,15,702
1322,1,15,15,702
1323,1,15,15,702
1324,1,15,15,702
1325,1,15,15,702
1326,1,15,15,702
1327,1,15,15,702
1328,1,4,4,702
1329,1,15,15,702
1330,1,15,15,702
1331,1,15,15,702
1332,1,15,15,702
1333,1,15,15,702
1334,1,15,15,702
1335,1,15,15,702
1336,1,21,15,702
1337,1,15,15,702
1338,1,15,12,702
1339,1,15,15,702
1340,1,15,15,702
1341,1,15,15,702
1342,1,15,15,702
1343,1,15,15,702
1344,1,15,15,702
1345,1,15,15,702
1346,1,4,4,702
1347,1,15,15,702
1348,1,39,39,702
1349,1,15,15,702
1350,1,15,15,702
1351,1,15,15,702
1352,1,15,15,702
1353,1,15,15,702
1354,1,4,4,702
1355,1,15,15,702
1356,1,15,15,702
1357,1,15,15,702
1358,1,15,15,702
1359,1,15,15,702
1360,1,15,15,702
1361,1,15,15,702
1362,1,15,15,702
1363,1,15,15,702
1364,1,15,15,702
1365,1,15,15,702
1366,1,15,15,702
1367,1,15,15,702
1368,1,15,15,702
1369,1,41,41,702
1370,1,15,15,702
1371,1,15,15,702
1372,1,15,15,702
1373,1,15,15,702
1374,1,15,15,702
1375,1,15,15,702
1376,1,15,4,702
1377,1,15,15,702
1378,1,15,15,702
1379,1,15,4,702
1380,1,15,15,702
1381,1,15,15,702
1382,1,15,15,702
1383,1,15,15,702
1384,1,3,3,702
1385,1,15,15,702
1386,1,15,15,702
1387,1,15,15,702
1388,1,15,15,702
1389,1,15,15,702
1390,1,15,15,702
1391,1,15,15,702
1392,1,15,15,702
1393,1,15,15,702
1394,1,15,15,702
1395,1,15,15,702
1396,1,15,15,702
1397,1,15,4,702
1398,1,21,15,702
1399,1,15,15,702
1400,1,15,15,702
1401,1,15,15,702
1402,1,15,15,702
1403,1,15,15,702
1404,1,15,15,702
1405,1,15,15,702
1406,1,15,15,702
1407,1,15,15,702
1408,1,15,15,702
1409,1,15,15,702
1410,1,15,15,702
1411,1,15,15,702
1412,1,15,15,702
1413,1,15,15,702
1414,1,15,15,702
1415,1,15,15,702
1416,1,15,15,702
1417,1,15,15,702
1418,1,39,39,702
1419,1,15,15,702
1420,1,15,15,702
1421,1,15,15,702
1422,1,39,39,702
1423,1,15,15,702
1424,1,39,39,702
1425,1,15,15,702
1426,1,39,39,702
1427,1,15,4,702
1428,1,15,15,702
1429,1,15,15,702
1430,1,15,15,702
1431,1,15,15,702
1432,1,15,15,702
1433,1,15,15,702
1434,1,15,15,702
1435,1,15,15,702
1436,1,15,15,702
1437,1,15,15,702
1438,1,15,15,702
1439,1,15,15,702
1440,1,15,15,702
1441,1,15,15,702
1442,1,15,15,702
1443,1,15,15,702
1444,1,15,15,702
1445,1,15,15,702
1446,1,15,15,702
1447,1,15,15,702
1448,1,15,15,702
1449,1,15,15,702
1450,1,15,15,702
1451,1,15,15,702
1452,1,15,15,702
1453,1,15,15,702
1454,1,15,15,702
1455,1,15,15,702
1456,1,15,15,702
1457,1,15,15,702
1458,1,3,3,702
1459,1,4,4,702
1460,1,15,15,702
1461,1,15,15,702
1462,1,15,15,702
1463,1,15,15,702
1464,1,15,15,702
1465,1,15,15,702
1466,1,15,15,702
1467,1,15,15,702
1468,1,15,15,702
1469,1,15,15,702
1470,1,21,15,702
1471,1,15,15,702
1472,1,15,15,702
1473,1,15,15,702
1474,1,15,15,702
1475,1,15,15,702
1476,1,15,15,702
1477,1,15,15,702
1478,1,15,15,702
1479,1,15,15,702
1480,1,15,15,702
1481,1,4,4,702
1482,1,15,15,702
1483,1,15,15,702
1484,1,15,15,702
1485,1,21,15,702
1486,1,15,15,702
1487,1,15,15,702
1488,1,15,15,702
1489,1,15,15,702
1490,1,15,15,702
1491,1,15,4,702
1492,1,15,15,702
1493,1,15,15,702
1494,1,4,4,702
1495,1,15,15,702
1496,1,15,15,702
1497,1,15,15,702
1498,1,15,15,702
1499,1,15,15,702
1500,1,15,15,702
1501,1,15,15,702
1502,1,15,15,702
1503,1,15,15,702
1504,1,15,15,702
1505,1,15,15,702
1506,1,15,15,702
1507,1,15,15,702
1508,1,21,15,702
1509,1,15,15,702
1510,1,15,15,702
1511,1,15,15,702
1512,1,15,15,702
1513,1,15,15,702
1514,1,4,4,702
1515,1,15,15,702
1516,1,15,15,702
1517,1,15,15,702
1518,1,15,15,702
1519,1,15,15,702
1520,1,15,15,702
1521,1,15,15,702
1522,1,21,15,702
1523,1,15,15,702
1524,1,15,15,702
1525,1,15,15,702
1526,1,15,15,702
1527,1,15,15,702
1528,1,15,15,702
1529,1,15,15,702
1530,1,21,15,702
1531,1,4,4,702
1532,1,15,15,702
1533,1,15,15,702
1534,1,15,15,702
1535,1,15,15,702
1536,1,4,15,702
1537,1,15,15,702
1538,1,15,15,702
1539,1,21,15,702
1540,1,15,15,702
1541,1,15,15,702
1542,1,15,15,702
1543,1,41,41,702
1544,1,15,15,702
1545,1,15,15,702
1546,1,21,15,702
1547,1,15,15,702
1548,1,15,15,702
1549,1,15,15,702
1550,1,21,15,702
1551,1,15,15,702
1552,1,15,15,702
1553,1,15,15,702
1554,1,41,15,702
1555,1,15,15,702
1556,1,15,15,702
1557,1,15,15,702
1558,1,15,15,702
1559,1,15,15,702
1560,1,15,15,702
1561,1,15,15,702
1562,1,20,12,702
1563,1,15,15,702
1564,1,15,15,702
1565,1,15,15,702
1566,1,15,15,702
1567,1,4,4,702
1568,1,15,15,702
1569,1,15,15,702
1570,1,15,4,702
1571,1,15,15,702
1572,1,15,15,702
1573,1,15,15,702
1574,1,15,15,702
1575,1,39,39,702
1576,1,15,15,702
1577,1,15,15,702
1578,1,15,15,702
1579,1,15,15,702
1580,1,15,15,702
1581,1,15,15,702
1582,1,15,15,702
1583,1,15,15,702
1584,1,15,15,702
1585,1,15,15,702
1586,1,15,15,702
1587,1,15,15,702
1588,1,15,15,702
1589,1,15,15,702
1590,1,15,15,702
1591,1,15,15,702
1592,1,15,15,702
1593,1,15,15,702
1594,1,15,15,702
1595,1,15,15,702
1596,1,21,15,702
1597,1,39,39,702
1598,1,15,15,702
1599,1,15,15,702
1600,1,15,15,702
1601,1,15,15,702
1602,1,15,15,702
1603,1,15,15,702
1604,1,15,15,702
1605,1,15,15,702
1606,1,15,15,702
1607,1,15,15,702
1608,1,15,15,702
1609,1,15,15,702
1610,1,15,15,702
1611,1,15,15,702
1612,1,15,15,702
1613,1,15,15,702
1614,1,15,15,702
1615,1,4,4,702
1616,1,15,15,702
1617,1,15,15,702
1618,1,15,15,702
1619,1,15,15,702
1620,1,15,15,702
1621,1,15,15,702
1622,1,15,15,702
1623,1,15,15,702
1624,1,15,15,702
1625,1,15,15,702
1626,1,15,15,702
1627,1,15,15,702
1628,1,15,15,702
1629,1,15,15,702
1630,1,15,15,702
1631,1,15,15,702
1632,1,15,15,702
1633,1,15,15,702
1634,1,15,15,702
1635,1,15,15,702
1636,1,15,15,702
1637,1,15,15,702
1638,1,15,15,702
1639,1,4,15,702
1640,1,15,15,702
1641,1,15,15,702
1642,1,15,15,702
1643,1,15,15,702
1644,1,15,15,702
1645,1,15,15,702
1646,1,15,15,702
1647,1,15,4,702
1648,1,15,15,702
1649,1,12,12,702
1650,1,15,4,702
1651,1,15,15,702
1652,1,15,15,702
1653,1,15,15,702
1654,1,15,15,702
1655,1,15,15,702
1656,1,15,15,702
1657,1,15,15,702
1658,1,15,15,702
1659,1,4,4,702
1660,1,15,15,702
1661,1,15,15,702
1662,1,15,15,702
1663,1,15,15,702
1664,1,15,15,702
1665,1,15,15,702
1666,1,15,15,702
1667,1,15,15,702
1668,1,15,15,702
1669,1,15,15,702
1670,1,15,15,702
1671,1,15,15,702
1672,1,15,15,702
1673,1,15,15,702
1674,1,4,4,702
1675,1,15,15,702
1676,1,15,15,702
1677,1,15,15,702
1678,1,15,15,702
1679,1,15,15,702
1680,1,15,15,702
1681,1,15,15,702
1682,1,15,15,702
1683,1,15,15,702
1684,1,15,15,702
1685,1,15,15,702
1686,1,15,15,702
1687,1,15,15,702
1688,1,15,15,702
1689,1,15,15,702
1690,1,15,15,702
1691,1,15,15,702
1692,1,15,15,702
1693,1,15,15,702
1694,1,15,15,702
1695,1,15,15,702
1696,1,15,15,702
1697,1,15,15,702
1698,1,15,15,702
1699,1,39,39,702
1700,1,15,15,702
1701,1,15,15,702
1702,1,15,15,702
1703,1,15,15,702
1704,1,15,15,702
1705,1,15,15,702
1706,1,39,39,702
1707,1,15,15,702
1708,1,15,15,702
1709,1,15,15,702
1710,1,15,15,702
1711,1,15,15,702
1712,1,15,15,702
1713,1,15,15,702
1714,1,15,15,702
1715,1,15,15,702
1716,1,15,15,702
1717,1,21,15,702
1718,1,15,15,702
1719,1,15,15,702
1720,1,15,15,702
1721,1,15,15,702
1722,1,15,15,702
1723,1,15,15,702
1724,1,15,15,702
1725,1,15,15,702
1726,1,15,15,702
1727,1,15,15,702
1728,1,15,15,702
1729,1,15,15,702
1730,1,21,15,702
1731,1,15,15,702
1732,1,15,15,702
1733,1,15,15,702
1734,1,15,15,702
1735,1,15,15,702
1736,1,15,15,702
1737,1,15,15,702
1738,1,15,15,702
1739,1,15,15,702
1740,1,15,15,702
1741,1,15,15,702
1742,1,15,15,702
1743,1,15,15,702
1744,1,15,15,702
1745,1,15,15,702
1746,1,15,15,702
1747,1,15,15,702
1748,1,15,15,702
1749,1,15,15,702
1750,1,15,15,702
1751,1,21,15,702
1752,1,15,15,702
1753,1,15,15,702
1754,1,15,15,702
1755,1,15,15,702
1756,1,15,15,702
1757,1,4,4,702
1758,1,15,15,702
1759,1,15,15,702
1760,1,4,4,702
1761,1,15,15,702
1762,1,15,15,702
1763,1,15,15,702
1764,1,15,15,702
1765,1,15,15,702
1766,1,15,15,702
1767,1,15,15,702
1768,1,4,4,702
1769,1,15,15,702
1770,1,15,15,702
1771,1,4,4,702
1772,1,15,15,702
1773,1,15,15,702
1774,1,15,15,702
1775,1,4,4,702
1776,1,15,15,702
1777,1,15,15,702
1778,1,15,15,702
1779,1,15,15,702
1780,1,15,15,702
1781,1,15,15,702
1782,1,15,15,702
1783,1,15,4,702
1784,1,15,15,702
1785,1,15,15,702
1786,1,15,15,702
1787,1,15,15,702
1788,1,15,15,702
1789,1,15,15,702
1790,1,15,15,702
1791,1,15,15,702
1792,1,15,15,702
1793,1,15,15,702
1794,1,15,15,702
1795,1,15,15,702
1796,1,15,15,702
1797,1,15,15,702
1798,1,15,15,702
1799,1,15,15,702
1800,1,15,15,702
1801,1,15,15,702
1802,1,15,15,702
1803,1,15,15,702
1804,1,15,15,702
1805,1,15,15,702
1806,1,15,15,702
1807,1,15,15,702
1808,1,15,15,702
1809,1,15,15,702
1810,1,15,15,702
1811,1,15,15,702
1812,1,15,15,702
1813,1,15,15,702
1814,1,15,15,702
1815,1,15,15,702
1816,1,15,15,702
1817,1,15,15,702
1818,1,15,15,702
1819,1,15,15,702
1820,1,15,15,702
1821,1,15,15,702
1822,1,15,15,702
1823,1,15,15,702
1824,1,15,15,702
1825,1,15,15,702
1826,1,15,15,702
1827,1,15,15,702
1828,1,15,15,702
1829,1,15,15,702
1830,1,15,15,702
1831,1,15,15,702
1832,1,15,15,702
1833,1,15,15,702
1834,1,15,15,702
1835,1,3,15,702
1836,1,4,4,702
1837,1,15,4,702
1838,1,15,3,702
1839,1,15,15,702
1840,1,15,15,702
1841,1,15,15,702
1842,1,15,15,702
1843,1,15,15,702
1844,1,4,15,702
1845,1,15,15,702
1846,1,15,15,702
1847,1,15,15,702
1848,1,15,15,702
1849,1,4,4,702
1850,1,15,15,702
1851,1,15,15,702
1852,1,15,15,702
1853,1,15,15,702
1854,1,4,4,702
1855,1,15,15,702
1856,1,15,15,702
1857,1,15,15,702
1858,1,15,15,702
1859,1,15,15,702
1860,1,15,15,702
1861,1,4,4,702
1862,1,15,15,702
1863,1,9,9,702
1864,1,15,15,702
1865,1,15,15,702
1866,1,15,15,702
1867,1,15,15,702
1868,1,15,15,702
1869,1,15,15,702
1870,1,4,4,702
1871,1,15,15,702
1872,1,15,15,702
1873,1,41,15,702
1874,1,15,15,702
1875,1,15,15,702
1876,1,21,21,702
1877,1,15,15,702
1878,1,15,15,702
1879,1,15,15,702
1880,1,21,15,702
1881,1,15,15,702
1882,1,15,15,702
1883,1,15,15,702
1884,1,15,15,702
1885,1,15,15,702
1886,1,15,15,702
1887,1,15,15,702
1888,1,15,15,702
1889,1,15,15,702
1890,1,15,15,702
1891,1,15,15,702
1892,1,15,15,702
1893,1,21,15,702
1894,1,20,15,702
1895,1,15,15,702
1896,1,15,15,702
1897,1,15,15,702
1898,1,15,15,702
1899,1,15,15,702
1900,1,15,15,702
1901,1,21,15,702
1902,1,15,15,702
1903,1,15,15,702
1904,1,15,15,702
1905,1,15,15,702
1906,1,15,15,702
1907,1,15,15,702
1908,1,4,4,702
1909,1,15,15,702
1910,1,15,15,702
1911,1,15,15,702
1912,1,15,15,702
1913,1,15,15,702
1914,1,15,15,702
1915,1,15,15,702
1916,1,15,15,702
1917,1,15,15,702
1918,1,15,15,702
1919,1,15,15,702
1920,1,15,15,702
1921,1,15,15,702
1922,1,15,15,702
1923,1,15,15,702
1924,1,15,15,702
1925,1,15,15,702
1926,1,15,15,702
1927,1,15,15,702
1928,1,15,15,702
1929,1,15,15,702
1930,1,15,15,702
1931,1,15,15,702
1932,1,15,15,702
1933,1,15,15,702
1934,1,15,15,702
1935,1,15,15,702
1936,1,15,15,702
1937,1,15,15,702
1938,1,15,15,702
1939,1,15,15,702
1940,1,15,15,702
1941,1,15,15,702
1942,1,15,15,702
1943,1,15,15,702
1944,1,15,15,702
1945,1,15,15,702
1946,1,15,15,702
1947,1,15,15,702
1948,1,15,15,702
1949,1,15,15,702
1950,1,15,15,702
1951,1,15,15,702
1952,1,15,15,702
1953,1,15,15,702
1954,1,15,15,702
1955,1,15,15,702
1956,1,15,15,702
1957,1,15,15,702
1958,1,15,15,702
1959,1,4,15,702
1960,1,15,15,702
1961,1,15,15,702
1962,1,15,15,702
1963,1,15,15,702
1964,1,15,15,702
1965,1,15,15,702
1966,1,15,15,702
1967,1,15,15,702
1968,1,15,15,702
1969,1,15,15,702
1970,1,15,15,702
1971,1,15,15,702
1972,1,15,15,702
1973,1,15,15,702
1974,1,15,15,702
1975,1,15,15,702
1976,1,15,15,702
1977,1,15,15,702
1978,1,15,15,702
1979,1,15,15,702
1980,1,15,15,702
1981,1,15,15,702
1982,1,15,15,702
1983,1,21,15,702
1984,1,15,15,702
1985,1,15,15,702
1986,1,15,15,702
1987,1,15,15,702
1988,1,15,15,702
1989,1,41,41,702
1990,1,15,15,702
1991,1,15,15,702
1992,1,15,15,702
1993,1,15,15,702
1994,1,15,15,702
1995,1,15,15,702
1996,1,15,15,702
1997,1,15,15,702
1998,1,15,15,702
1999,1,15,15,702
2000,1,15,15,702
2001,1,15,15,702
2002,1,12,15,702
2003,1,15,15,702
2004,1,15,15,702
2005,1,15,15,702
2006,1,15,15,702
2007,1,15,15,702
2008,1,15,15,702
2009,1,15,15,702
2010,1,15,15,702
2011,1,15,15,702
2012,1,15,15,702
2013,1,15,15,702
2014,1,15,15,702
2015,1,15,15,702
2016,1,15,15,702
2017,1,15,15,702
2018,1,15,15,702
2019,1,15,15,702
2020,1,15,15,702
2021,1,15,15,702
2022,1,15,15,702
2023,1,15,15,702
2024,1,15,15,702
2025,1,15,15,702
2026,1,15,15,702
2027,1,15,15,702
2028,1,15,15,702
2029,1,15,15,702
2030,1,15,15,702
2031,1,15,15,702
2032,1,21,15,702
2033,1,15,15,702
2034,1,15,15,702
2035,1,15,15,702
2036,1,15,15,702
2037,1,15,15,702
2038,1,15,15,702
2039,1,15,15,702
2040,1,15,15,702
2041,1,15,15,702
2042,1,15,15,702
2043,1,15,15,702
2044,1,15,15,702
2045,1,15,15,702
2046,1,12,12,702
2047,1,15,15,702
2048,1,15,15,702
2049,1,15,15,702
2050,1,15,15,702
2051,1,15,15,702
2052,1,21,21,702
2053,1,15,15,702
2054,1,15,15,702
2055,1,15,15,702
2056,1,15,15,702
2057,1,41,41,702
2058,1,15,15,702
2059,1,15,15,702
2060,1,41,41,702
2061,1,15,15,702
2062,1,15,15,702
2063,1,15,15,702
2064,1,15,15,702
2065,1,15,15,702
2066,1,15,15,702
2067,1,15,15,702
2068,1,15,15,702
2069,1,15,15,702
2070,1,15,15,702
2071,1,15,15,702
2072,1,15,15,702
2073,1,15,15,702
2074,1,15,15,702
2075,1,15,15,702
2076,1,15,15,702
2077,1,15,15,702
2078,1,15,15,702
2079,1,15,15,702
2080,1,15,15,702
2081,1,15,15,702
2082,1,15,15,702
2083,1,15,15,702
2084,1,15,15,702
2085,1,15,15,702
2086,1,15,15,702
2087,1,15,15,702
2088,1,15,15,702
2089,1,15,15,702
2090,1,15,15,702
2091,1,15,15,702
2092,1,15,15,702
2093,1,15,15,702
2094,1,15,15,702
2095,1,15,15,702
2096,1,15,15,702
2097,1,15,15,702
2098,1,15,15,702
2099,1,15,15,702
2100,1,15,15,702
2101,1,15,15,702
2102,1,4,4,702
2103,1,20,20,702
2104,1,15,15,702
2105,1,15,15,702
2106,1,15,15,702
2107,1,15,15,702
2108,1,15,15,702
2109,1,15,15,702
2110,1,15,15,702
2111,1,15,15,702
2112,1,15,15,702
2113,1,15,15,702
2114,1,15,15,702
2115,1,15,15,702
2116,1,15,15,702
2117,1,15,15,702
2118,1,15,15,702
2119,1,15,4,702
2120,1,15,15,702
2121,1,4,4,702
2122,1,15,15,702
2123,1,15,15,702
2124,1,15,15,702
2125,1,15,15,702
2126,1,15,15,702
2127,1,15,15,702
2128,1,4,4,702
2129,1,15,15,702
2130,1,15,4,702
2131,1,41,41,702
2132,1,15,15,702
2133,1,15,15,702
2134,1,15,15,702
2135,1,15,15,702
2136,1,15,15,702
2137,1,15,15,702
2138,1,15,15,702
2139,1,15,15,702
2140,1,15,15,702
2141,1,15,15,702
2142,1,15,15,702
2143,1,15,15,702
2144,1,15,15,702
2145,1,15,15,702
2146,1,15,15,702
2147,1,15,15,702
2148,1,15,15,702
2149,1,15,15,702
2150,1,15,15,702
2151,1,15,15,702
2152,1,15,15,702
2153,1,15,15,702
2154,1,15,15,702
2155,1,15,15,702
2156,1,15,15,702
2157,1,15,15,702
2158,1,25,15,702
2159,1,15,15,702
2160,1,15,15,702
2161,1,15,15,702
2162,1,15,15,702
2163,1,15,15,702
2164,1,15,15,702
2165,1,15,15,702
2166,1,4,4,702
2167,1,15,4,702
2168,1,15,15,702
2169,1,15,15,702
2170,1,15,15,702
2171,1,15,15,702
2172,1,15,15,702
2173,1,15,15,702
2174,1,15,15,702
2175,1,15,15,702
2176,1,3,3,702
2177,1,15,15,702
2178,1,15,15,702
2179,1,12,12,702
2180,1,15,15,702
2181,1,15,15,702
2182,1,15,15,702
2183,1,15,15,702
2184,1,15,15,702
2185,1,15,15,702
2186,1,15,15,702
2187,1,15,15,702
2188,1,15,15,702
2189,1,21,21,702
2190,1,15,15,702
2191,1,15,15,702
2192,1,15,15,702
2193,1,15,15,702
2194,1,15,15,702
2195,1,15,15,702
2196,1,15,15,702
2197,1,15,15,702
2198,1,15,15,702
2199,1,15,15,702
2200,1,15,15,702
2201,1,15,15,702
2202,1,15,15,702
2203,1,15,15,702
2204,1,15,15,702
2205,1,15,15,702
2206,1,15,15,702
2207,1,15,15,702
2208,1,15,15,702
2209,1,15,15,702
2210,1,15,15,702
2211,1,15,15,702
2212,1,15,15,702
2213,1,15,15,702
2214,1,15,15,702
2215,1,15,15,702
2216,1,15,15,702
2217,1,4,4,702
2218,1,15,15,702
2219,1,15,15,702
2220,1,15,15,702
2221,1,39,15,702
2222,1,15,15,702
2223,1,15,15,702
2224,1,15,15,702
2225,1,39,39,702
2226,1,15,15,702
2227,1,15,15,702
2228,1,15,15,702
2229,1,15,15,702
2230,1,15,15,702
2231,1,15,15,702
2232,1,15,15,702
2233,1,15,15,702
2234,1,15,15,702
2235,1,15,15,702
2236,1,15,15,702
2237,1,15,15,702
2238,1,15,15,702
2239,1,15,15,702
2240,1,12,12,702
2241,1,15,15,702
2242,1,4,4,702
2243,1,39,39,702
2244,1,15,15,702
2245,1,15,15,702
2246,1,15,15,702
2247,1,24,24,702
2248,1,15,15,702
2249,1,15,15,702
2250,1,15,15,702
2251,1,15,15,702
2252,1,15,15,702
2253,1,15,15,702
2254,1,15,15,702
2255,1,15,15,702
2256,1,15,15,702
2257,1,15,4,702
2258,1,15,15,702
2259,1,15,15,702
2260,1,15,15,702
2261,1,15,15,702
2262,1,15,15,702
2263,1,15,15,702
2264,1,15,15,702
2265,1,15,15,702
2266,1,15,15,702
2267,1,15,15,702
2268,1,15,15,702
2269,1,15,15,702
2270,1,15,15,702
2271,1,15,15,702
2272,1,15,15,702
2273,1,4,4,702
2274,1,15,15,702
2275,1,15,15,702
2276,1,40,15,702
2277,1,15,15,702
2278,1,15,15,702
2279,1,15,15,702
2280,1,41,41,702
2281,1,15,15,702
2282,1,15,15,702
2283,1,15,15,702
2284,1,15,15,702
2285,1,15,15,702
2286,1,15,15,702
2287,1,15,15,702
2288,1,15,15,702
2289,1,15,15,702
2290,1,15,15,702
2291,1,15,15,702
2292,1,15,15,702
2293,1,15,15,702
2294,1,15,15,702
2295,1,15,15,702
2296,1,15,15,702
2297,1,15,15,702
2298,1,15,15,702
2299,1,15,15,702
2300,1,15,15,702
2301,1,15,15,702
2302,1,15,15,702
2303,1,15,15,702
2304,1,15,15,702
2305,1,15,15,702
2306,1,15,15,702
2307,1,15,15,702
2308,1,15,15,702
2309,1,15,15,702
2310,1,15,15,702
2311,1,15,15,702
2312,1,12,4,702
2313,1,15,15,702
2314,1,15,15,702
2315,1,15,15,702
2316,1,15,15,702
2317,1,15,15,702
2318,1,15,15,702
2319,1,15,15,702
2320,1,15,15,702
2321,1,15,15,702
2322,1,15,15,702
2323,1,15,15,702
2324,1,15,15,702
2325,1,15,15,702
2326,1,15,15,702
2327,1,15,15,702
2328,1,15,15,702
2329,1,15,15,702
2330,1,15,15,702
2331,1,15,15,702
2332,1,15,15,702
2333,1,15,15,702
2334,1,15,15,702
2335,1,15,15,702
2336,1,15,15,702
2337,1,4,4,702
2338,1,15,15,702
2339,1,15,15,702
2340,1,15,15,702
2341,1,15,15,702
2342,1,24,24,702
2343,1,39,39,702
2344,1,15,15,702
2345,1,15,15,702
2346,1,15,15,702
2347,1,15,15,702
2348,1,15,15,702
2349,1,15,15,702
2350,1,21,15,702
2351,1,15,15,702
2352,1,15,15,702
2353,1,15,15,702
2354,1,15,15,702
2355,1,15,15,702
2356,1,15,15,702
2357,1,15,15,702
2358,1,15,15,702
2359,1,15,15,702
2360,1,15,15,702
2361,1,15,15,702
2362,1,15,15,702
2363,1,15,15,702
2364,1,4,4,702
2365,1,15,15,702
2366,1,15,15,702
2367,1,39,39,702
2368,1,21,15,702
2369,1,15,15,702
2370,1,4,4,702
2371,1,15,15,702
2372,1,15,15,702
2373,1,15,15,702
2374,1,15,15,702
2375,1,15,15,702
2376,1,15,15,702
2377,1,15,15,702
2378,1,15,15,702
2379,1,15,15,702
2380,1,15,15,702
2381,1,15,15,702
2382,1,15,15,702
2383,1,15,15,702
2384,1,15,15,702
2385,1,15,15,702
2386,1,15,15,702
2387,1,15,15,702
2388,1,15,15,702
2389,1,15,15,702
2390,1,15,15,702
2391,1,15,15,702
2392,1,15,15,702
2393,1,15,15,702
2394,1,15,15,702
2395,1,15,15,702
2396,1,15,15,702
2397,1,15,15,702
2398,1,15,15,702
2399,1,15,15,702
2400,1,15,15,702
2401,1,15,15,702
2402,1,15,15,702
2403,1,15,15,702
2404,1,15,15,702
2405,1,15,15,702
2406,1,15,15,702
2407,1,15,15,702
2408,1,21,15,702
2409,1,15,15,702
2410,1,15,15,702
2411,1,15,15,702
2412,1,15,15,702
2413,1,15,15,702
2414,1,41,41,702
2415,1,15,15,702
2416,1,15,15,702
2417,1,15,15,702
2418,1,15,15,702
2419,1,15,15,702
2420,1,15,15,702
2421,1,15,15,702
2422,1,15,15,702
2423,1,15,15,702
2424,1,15,15,702
2425,1,15,15,702
2426,1,15,15,702
2427,1,15,15,702
2428,1,15,15,702
2429,1,15,15,702
2430,1,15,15,702
2431,1,15,15,702
2432,1,39,41,702
2433,1,15,15,702
2434,1,15,15,702
2435,1,15,15,702
2436,1,15,15,702
2437,1,15,15,702
2438,1,15,15,702
2439,1,15,15,702
2440,1,15,15,702
2441,1,15,15,702
2442,1,15,15,702
2443,1,15,15,702
2444,1,15,15,702
2445,1,15,15,702
2446,1,15,15,702
2447,1,15,15,702
2448,1,15,15,702
2449,1,15,15,702
2450,1,15,15,702
2451,1,15,15,702
2452,1,15,15,702
2453,1,15,15,702
2454,1,15,15,702
2455,1,21,15,702
2456,1,15,15,702
2457,1,15,15,702
2458,1,15,15,702
2459,1,15,15,702
2460,1,15,15,702
2461,1,15,15,702
2462,1,21,15,702
2463,1,15,15,702
2464,1,15,15,702
2465,1,21,15,702
2466,1,15,15,702
2467,1,15,15,702
2468,1,15,15,702
2469,1,15,15,702
2470,1,15,15,702
2471,1,15,15,702
2472,1,15,15,702
2473,1,15,15,702
2474,1,15,15,702
2475,1,15,15,702
2476,1,15,15,702
2477,1,15,15,702
2478,1,15,15,702
2479,1,4,4,702
2480,1,15,15,702
2481,1,41,41,702
2482,1,15,15,702
2483,1,15,15,702
2484,1,15,15,702
2485,1,15,15,702
2486,1,15,15,702
2487,1,15,15,702
2488,1,15,15,702
2489,1,15,15,702
2490,1,15,15,702
2491,1,15,15,702
2492,1,15,15,702
2493,1,15,15,702
2494,1,15,15,702
2495,1,15,15,702
2496,1,15,15,702
2497,1,15,15,702
2498,1,15,15,702
2499,1,15,15,702
2500,1,15,15,702
2501,1,15,15,702
2502,1,15,15,702
2503,1,15,15,702
2504,1,15,15,702
2505,1,15,15,702
2506,1,15,15,702
2507,1,15,15,702
2508,1,15,15,702
2509,1,15,15,702
2510,1,15,15,702
2511,1,15,15,702
2512,1,39,39,702
2513,1,15,15,702
2514,1,15,15,702
2515,1,15,15,702
2516,1,15,15,702
2517,1,15,15,702
2518,1,15,15,702
2519,1,15,15,702
2520,1,15,15,702
2521,1,15,15,702
2522,1,15,15,702
2523,1,15,15,702
2524,1,15,15,702
2525,1,15,15,702
2526,1,15,15,702
2527,1,15,15,702
2528,1,15,15,702
2529,1,15,15,702
2530,1,15,15,702
2531,1,15,15,702
2532,1,15,15,702
2533,1,15,15,702
2534,1,15,15,702
2535,1,15,15,702
2536,1,15,15,702
2537,1,15,15,702
2538,1,21,15,702
2539,1,15,12,702
2540,1,15,15,702
2541,1,15,15,702
2542,1,15,15,702
2543,1,15,15,702
2544,1,15,15,702
2545,1,15,15,702
2546,1,15,15,702
2547,1,15,15,702
2548,1,21,15,702
2549,1,15,15,702
2550,1,15,15,702
2551,1,15,15,702
2552,1,15,15,702
2553,1,15,15,702
2554,1,15,15,702
2555,1,21,15,702
2556,1,15,15,702
2557,1,15,15,702
2558,1,15,15,702
2559,1,15,15,702
2560,1,4,4,702
2561,1,15,15,702
2562,1,15,15,702
2563,1,15,15,702
2564,1,41,41,702
2565,1,4,4,702
2566,1,15,15,702
2567,1,15,15,702
2568,1,15,15,702
2569,1,15,15,702
2570,1,15,15,702
2571,1,15,15,702
2572,1,15,15,702
2573,1,15,15,702
2574,1,15,15,702
2575,1,15,15,702
2576,1,15,4,702
2577,1,41,41,702
2578,1,15,15,702
2579,1,15,15,702
2580,1,15,15,702
2581,1,9,9,702
2582,1,15,15,702
2583,1,15,15,702
2584,1,15,15,702
2585,1,15,15,702
2586,1,15,15,702
2587,1,15,15,702
2588,1,15,15,702
2589,1,15,15,702
2590,1,15,15,702
2591,1,15,15,702
2592,1,15,15,702
2593,1,15,15,702
2594,1,15,15,702
2595,1,15,15,702
2596,1,15,15,702
2597,1,41,41,702
2598,1,15,15,702
2599,1,15,15,702
2600,1,15,15,702
2601,1,15,15,702
2602,1,15,15,702
2603,1,15,15,702
2604,1,15,15,702
2605,1,15,15,702
2606,1,15,15,702
2607,1,15,15,702
2608,1,15,15,702
2609,1,39,39,702
2610,1,15,15,702
2611,1,15,15,702
2612,1,15,15,702
2613,1,15,15,702
2614,1,15,15,702
2615,1,15,15,702
2616,1,41,41,702
2617,1,15,15,702
2618,1,15,15,702
2619,1,15,15,702
2620,1,15,15,702
2621,1,15,15,702
2622,1,15,15,702
2623,1,15,15,702
2624,1,15,15,702
2625,1,39,39,702
2626,1,15,15,702
2627,1,15,15,702
2628,1,15,15,702
2629,1,15,15,702
2630,1,15,15,702
2631,1,15,15,702
2632,1,15,15,702
2633,1,15,15,702
2634,1,15,15,702
2635,1,4,4,702
2636,1,15,15,702
2637,1,15,15,702
2638,1,15,15,702
2639,1,15,15,702
2640,1,15,15,702
2641,1,12,12,702
2642,1,21,21,702
2643,1,15,15,702
2644,1,4,4,702
2645,1,15,15,702
2646,1,15,15,702
2647,1,15,15,702
2648,1,15,15,702
2649,1,15,15,702
2650,1,15,15,702
2651,1,15,15,702
2652,1,15,15,702
2653,1,15,15,702
2654,1,15,15,702
2655,1,15,15,702
2656,1,15,15,702
2657,1,15,15,702
2658,1,15,15,702
2659,1,12,12,702
2660,1,15,15,702
2661,1,15,15,702
2662,1,15,15,702
2663,1,15,15,702
2664,1,15,15,702
2665,1,15,15,702
2666,1,15,15,702
2667,1,15,15,702
2668,1,15,15,702
2669,1,21,15,702
2670,1,15,15,702
2671,1,15,15,702
2672,1,15,15,702
2673,1,15,15,702
2674,1,15,15,702
2675,1,15,15,702
2676,1,15,15,702
2677,1,41,41,702
2678,1,15,15,702
2679,1,15,15,702
2680,1,15,15,702
2681,1,15,15,702
2682,1,15,15,702
2683,1,15,15,702
2684,1,15,15,702
2685,1,15,15,702
2686,1,15,15,702
2687,1,15,15,702
2688,1,41,41,702
2689,1,15,15,702
2690,1,15,15,702
2691,1,15,15,702
2692,1,15,15,702
2693,1,15,15,702
2694,1,9,9,702
2695,1,15,15,702
2696,1,15,15,702
2697,1,41,41,702
2698,1,15,15,702
2699,1,15,15,702
2700,1,15,15,702
2701,1,15,15,702
2702,1,15,15,702
2703,1,15,15,702
2704,1,15,15,702
2705,1,15,15,702
2706,1,15,15,702
2707,1,15,15,702
2708,1,15,15,702
2709,1,15,15,702
2710,1,15,15,702
2711,1,15,15,702
2712,1,15,15,702
2713,1,15,15,702
2714,1,15,15,702
2715,1,15,15,702
2716,1,15,15,702
2717,1,15,15,702
2718,1,15,15,702
2719,1,15,15,702
2720,1,39,39,702
2721,1,15,15,702
2722,1,15,15,702
2723,1,15,15,702
2724,1,15,15,702
2725,1,15,15,702
2726,1,15,15,702
2727,1,15,15,702
2728,1,15,15,702
2729,1,15,15,702
2730,1,15,15,702
2731,1,15,15,702
2732,1,15,15,702
2733,1,15,15,702
2734,1,15,15,702
2735,1,15,15,702
2736,1,15,15,702
2737,1,15,15,702
2738,1,15,15,702
2739,1,15,15,702
2740,1,15,15,702
2741,1,15,15,702
2742,1,15,15,702
2743,1,15,15,702
2744,1,15,15,702
2745,1,15,15,702
2746,1,15,15,702
2747,1,39,39,702
2748,1,15,15,702
2749,1,15,15,702
2750,1,15,15,702
2751,1,15,15,702
2752,1,15,15,702
2753,1,15,15,702
2754,1,15,15,702
2755,1,15,15,702
2756,1,15,15,702
2757,1,4,4,702
2758,1,15,15,702
2759,1,15,15,702
2760,1,15,15,702
2761,1,15,15,702
2762,1,9,9,702
2763,1,15,15,702
2764,1,15,15,702
2765,1,15,15,702
2766,1,15,15,702
2767,1,15,15,702
2768,1,15,15,702
2769,1,15,15,702
2770,1,15,15,702
2771,1,15,15,702
2772,1,15,15,702
2773,1,4,4,702
2774,1,15,15,702
2775,1,15,15,702
2776,1,15,15,702
2777,1,15,15,702
2778,1,15,15,702
2779,1,15,15,702
2780,1,15,4,702
2781,1,15,15,702
2782,1,12,12,702
2783,1,15,15,702
2784,1,15,15,702
2785,1,15,15,702
2786,1,15,15,702
2787,1,15,15,702
2788,1,15,15,702
2789,1,15,15,702
2790,1,15,15,702
2791,1,15,15,702
2792,1,15,15,702
2793,1,15,15,702
2794,1,15,15,702
2795,1,15,15,702
2796,1,15,15,702
2797,1,33,33,702
2798,1,15,15,702
2799,1,15,15,702
2800,1,15,15,702
2801,1,12,12,702
2802,1,4,4,702
2803,1,15,15,702
2804,1,15,15,702
2805,1,15,15,702
2806,1,15,15,702
2807,1,15,15,702
2808,1,41,15,702
2809,1,15,15,702
2810,1,15,15,702
2811,1,15,15,702
2812,1,15,15,702
2813,1,15,15,702
2814,1,15,15,702
2815,1,15,15,702
2816,1,15,15,702
2817,1,15,15,702
2818,1,15,15,702
2819,1,41,41,702
2820,1,15,15,702
2821,1,15,4,702
2822,1,3,3,702
2823,1,15,15,702
2824,1,15,15,702
2825,1,15,15,702
2826,1,15,15,702
2827,1,15,15,702
2828,1,15,15,702
2829,1,15,15,702
2830,1,15,15,702
2831,1,15,15,702
2832,1,15,15,702
2833,1,15,15,702
2834,1,15,15,702
2835,1,15,15,702
2836,1,15,15,702
2837,1,9,9,702
2838,1,21,15,702
2839,1,15,15,702
2840,1,21,15,702
2841,1,15,15,702
2842,1,15,15,702
2843,1,15,15,702
2844,1,15,15,702
2845,1,4,4,702
2846,1,15,15,702
2847,1,15,15,702
2848,1,15,15,702
2849,1,4,4,702
2850,1,15,15,702
2851,1,15,15,702
2852,1,4,15,702
2853,1,15,15,702
2854,1,15,15,702
2855,1,15,15,702
2856,1,15,15,702
2857,1,15,15,702
2858,1,15,15,702
2859,1,15,15,702
2860,1,15,15,702
2861,1,15,15,702
2862,1,15,15,702
2863,1,15,15,702
2864,1,15,15,702
2865,1,15,15,702
2866,1,15,15,702
2867,1,15,15,702
2868,1,39,39,702
2869,1,15,15,702
2870,1,15,15,702
2871,1,15,15,702
2872,1,39,41,702
2873,1,15,15,702
2874,1,15,15,702
2875,1,39,39,702
2876,1,15,15,702
2877,1,15,15,702
2878,1,15,15,702
2879,1,15,15,702
2880,1,15,15,702
2881,1,15,15,702
2882,1,15,15,702
2883,1,15,15,702
2884,1,15,15,702
2885,1,39,39,702
2886,1,15,15,702
2887,1,15,15,702
2888,1,15,15,702
2889,1,15,15,702
2890,1,21,15,702
2891,1,15,15,702
2892,1,15,15,702
2893,1,39,39,702
2894,1,15,15,702
2895,1,15,15,702
2896,1,15,15,702
2897,1,15,15,702
2898,1,15,15,702
2899,1,15,15,702
2900,1,15,15,702
2901,1,21,15,702
2902,1,15,15,702
2903,1,15,15,702
2904,1,15,15,702
2905,1,15,33,702
2906,1,15,15,702
2907,1,15,15,702
2908,1,15,15,702
2909,1,15,15,702
2910,1,15,15,702
2911,1,15,15,702
2912,1,15,15,702
2913,1,15,15,702
2914,1,15,15,702
2915,1,15,15,702
2916,1,15,15,702
2917,1,15,15,702
2918,1,15,15,702
2919,1,15,15,702
2920,1,15,15,702
2921,1,15,15,702
2922,1,15,15,702
2923,1,15,15,702
2924,1,15,15,702
2925,1,15,15,702
2926,1,15,15,702
2927,1,15,15,702
2928,1,15,15,702
2929,1,15,15,702
2930,1,15,15,702
2931,1,15,15,702
2932,1,15,15,702
2933,1,15,15,702
2934,1,15,15,702
2935,1,4,4,702
2936,1,15,15,702
2937,1,15,15,702
2938,1,15,15,702
2939,1,15,15,702
2940,1,15,15,702
2941,1,15,15,702
2942,1,15,15,702
2943,1,15,15,702
2944,1,15,15,702
2945,1,15,15,702
2946,1,15,15,702
2947,1,15,15,702
2948,1,15,15,702
2949,1,15,15,702
2950,1,15,15,702
2951,1,15,15,702
2952,1,15,15,702
2953,1,15,15,702
2954,1,15,15,702
2955,1,15,15,702
2956,1,15,15,702
2957,1,15,15,702
2958,1,15,15,702
2959,1,15,15,702
2960,1,15,15,702
2961,1,15,15,702
2962,1,15,15,702
2963,1,15,15,702
2964,1,15,15,702
2965,1,15,15,702
2966,1,15,15,702
2967,1,15,15,702
2968,1,15,15,702
2969,1,15,15,702
2970,1,15,15,702
2971,1,15,15,702
2972,1,15,15,702
2973,1,15,15,702
2974,1,15,15,702
2975,1,12,12,702
2976,1,15,15,702
2977,1,15,15,702
2978,1,15,15,702
2979,1,15,15,702
2980,1,15,15,702
2981,1,15,15,702
2982,1,3,3,702
2983,1,12,12,702
2984,1,21,15,702
2985,1,15,15,702
2986,1,15,15,702
2987,1,15,15,702
2988,1,15,3,702
2989,1,39,39,702
2990,1,15,15,702
2991,1,15,15,702
2992,1,21,15,702
2993,1,15,15,702
2994,1,15,15,702
2995,1,15,15,702
2996,1,15,15,702
2997,1,15,15,702
2998,1,41,41,702
2999,1,15,15,702
3000,1,15,15,702
3001,1,4,4,702
3002,1,15,15,702
3003,1,15,15,702
3004,1,15,15,702
3005,1,15,15,702
3006,1,15,15,702
3007,1,4,4,702
3008,1,15,15,702
3009,1,15,15,702
3010,1,15,15,702
3011,1,15,15,702
3012,1,15,15,702
3013,1,21,4,702
3014,1,15,15,702
3015,1,15,15,702
3016,1,15,15,702
3017,1,15,15,702
3018,1,15,15,702
3019,1,15,15,702
3020,1,15,15,702
3021,1,15,15,702
3022,1,15,15,702
3023,1,15,15,702
3024,1,15,15,702
3025,1,15,15,702
3026,1,15,15,702
3027,1,15,15,702
3028,1,15,15,702
3029,1,15,15,702
3030,1,15,15,702
3031,1,15,15,702
3032,1,4,4,702
3033,1,15,15,702
3034,1,15,15,702
3035,1,15,15,702
3036,1,15,15,702
3037,1,4,4,702
3038,1,15,15,702
3039,1,15,15,702
3040,1,15,15,702
3041,1,15,15,702
3042,1,15,15,702
3043,1,15,15,702
3044,1,15,15,702
3045,1,12,12,702
3046,1,15,15,702
3047,1,15,15,702
3048,1,15,15,702
3049,1,15,15,702
3050,1,15,15,702
3051,1,15,15,702
3052,1,15,15,702
3053,1,15,15,702
3054,1,15,15,702
3055,1,15,15,702
3056,1,15,15,702
3057,1,15,15,702
3058,1,15,15,702
3059,1,15,15,702
3060,1,15,15,702
3061,1,15,15,702
3062,1,15,15,702
3063,1,15,15,702
3064,1,15,15,702
3065,1,15,15,702
3066,1,15,15,702
3067,1,15,15,702
3068,1,15,15,702
3069,1,15,15,702
3070,1,15,15,702
3071,1,15,15,702
3072,1,15,15,702
3073,1,39,39,702
3074,1,15,15,702
3075,1,15,15,702
3076,1,15,15,702
3077,1,15,15,702
3078,1,15,15,702
3079,1,15,15,702
3080,1,15,15,702
3081,1,15,15,702
3082,1,15,15,702
3083,1,15,15,702
3084,1,15,15,702
3085,1,15,15,702
3086,1,21,15,702
3087,1,15,15,702
3088,1,15,15,702
3089,1,15,15,702
3090,1,15,15,702
3091,1,15,15,702
3092,1,15,15,702
3093,1,15,15,702
3094,1,15,15,702
3095,1,15,15,702
3096,1,15,15,702
3097,1,15,15,702
3098,1,15,15,702
3099,1,15,15,702
3100,1,15,15,702
3101,1,15,15,702
3102,1,15,15,702
3103,1,15,15,702
3104,1,15,15,702
3105,1,15,15,702
3106,1,15,15,702
3107,1,15,15,702
3108,1,15,15,702
3109,1,15,15,702
3110,1,15,15,702
3111,1,15,15,702
3112,1,15,15,702
3113,1,41,41,702
3114,1,4,4,702
3115,1,15,15,702
3116,1,15,15,702
3117,1,15,15,702
3118,1,15,15,702
3119,1,15,15,702
3120,1,15,15,702
3121,1,15,15,702
3122,1,15,15,702
3123,1,15,15,702
3124,1,15,15,702
3125,1,15,15,702
3126,1,15,15,702
3127,1,15,15,702
3128,1,15,15,702
3129,1,15,15,702
3130,1,15,15,702
3131,1,15,15,702
3132,1,15,15,702
3133,1,15,15,702
3134,1,15,15,702
3135,1,21,15,702
3136,1,15,15,702
3137,1,15,15,702
3138,1,15,15,702
3139,1,15,15,702
3140,1,15,15,702
3141,1,15,15,702
3142,1,15,15,702
3143,1,21,15,702
3144,1,4,4,702
3145,1,15,15,702
3146,1,15,15,702
3147,1,15,15,702
3148,1,15,15,702
3149,1,4,4,702
3150,1,15,15,702
3151,1,15,15,702
3152,1,15,15,702
3153,1,15,15,702
3154,1,15,15,702
3155,1,41,41,702
3156,1,15,15,702
3157,1,15,15,702
3158,1,15,15,702
3159,1,15,15,702
3160,1,15,15,702
3161,1,15,11,702
3162,1,15,15,702
3163,1,15,15,702
3164,1,15,15,702
3165,1,15,15,702
3166,1,15,15,702
3167,1,4,4,702
3168,1,15,15,702
3169,1,15,15,702
3170,1,15,15,702
3171,1,15,15,702
3172,1,15,15,702
3173,1,15,15,702
3174,1,15,15,702
3175,1,15,15,702
3176,1,15,15,702
3177,1,15,15,702
3178,1,15,15,702
3179,1,15,15,702
3180,1,15,15,702
3181,1,15,15,702
3182,1,15,15,702
3183,1,15,15,702
3184,1,15,15,702
3185,1,15,15,702
3186,1,15,15,702
3187,1,15,15,702
3188,1,15,15,702
3189,1,15,15,702
3190,1,15,15,702
3191,1,15,15,702
3192,1,15,15,702
3193,1,15,15,702
3194,1,15,15,702
3195,1,15,15,702
3196,1,15,15,702
3197,1,15,15,702
3198,1,15,15,702
3199,1,15,15,702
3200,1,15,15,702
3201,1,15,15,702
3202,1,15,15,702
3203,1,15,15,702
3204,1,15,15,702
3205,1,15,15,702
3206,1,39,39,702
3207,1,21,4,702
3208,1,15,15,702
3209,1,4,4,702
3210,1,15,4,702
3211,1,15,15,702
3212,1,15,15,702
3213,1,15,15,702
3214,1,15,15,702
3215,1,15,15,702
3216,1,15,15,702
3217,1,15,15,702
3218,1,15,15,702
3219,1,15,15,702
3220,1,15,15,702
3221,1,15,15,702
3222,1,39,39,702
3223,1,15,15,702
3224,1,15,15,702
3225,1,15,15,702
3226,1,15,15,702
3227,1,4,4,702
3228,1,15,15,702
3229,1,15,15,702
3230,1,15,15,702
3231,1,15,15,702
3232,1,15,15,702
3233,1,15,15,702
3234,1,15,15,702
3235,1,15,15,702
3236,1,4,4,702
3237,1,4,4,702
3238,1,41,41,702
3239,1,15,15,702
3240,1,15,15,702
3241,1,15,15,702
3242,1,15,15,702
3243,1,15,15,702
3244,1,15,15,702
3245,1,15,15,702
3246,1,15,15,702
3247,1,15,15,702
3248,1,15,15,702
3249,1,15,15,702
3250,1,15,15,702
3251,1,15,15,702
3252,1,15,15,702
3253,1,15,15,702
3254,1,15,15,702
3255,1,15,15,702
3256,1,15,15,702
3257,1,4,4,702
3258,1,15,15,702
3259,1,15,15,702
3260,1,4,4,702
3261,1,4,4,702
3262,1,15,15,702
3263,1,15,15,702
3264,1,15,15,702
3265,1,41,41,702
3266,1,15,15,702
3267,1,4,4,702
3268,1,15,15,702
3269,1,15,15,702
3270,1,15,15,702
3271,1,15,15,702
3272,1,15,15,702
3273,1,15,15,702
3274,1,15,15,702
3275,1,15,15,702
3276,1,15,15,702
3277,1,15,15,702
3278,1,15,15,702
3279,1,15,15,702
3280,1,15,15,702
3281,1,15,15,702
3282,1,21,15,702
3283,1,15,15,702
3284,1,15,15,702
3285,1,15,15,702
3286,1,15,15,702
3287,1,15,15,702
3288,1,15,15,702
3289,1,15,15,702
3290,1,15,15,702
3291,1,4,4,702
3292,1,15,15,702
3293,1,15,15,702
3294,1,15,15,702
3295,1,15,15,702
3296,1,15,15,702
3297,1,15,15,702
3298,1,15,15,702
3299,1,15,15,702
3300,1,15,15,702
3301,1,15,15,702
3302,1,39,39,702
3303,1,15,15,702
3304,1,15,15,702
3305,1,15,15,702
3306,1,15,15,702
3307,1,15,15,702
3308,1,15,15,702
3309,1,15,15,702
3310,1,15,15,702
3311,1,15,15,702
3312,1,15,15,702
3313,1,15,15,702
3314,1,12,12,702
3315,1,15,15,702
3316,1,15,15,702
3317,1,15,15,702
3318,1,15,15,702
3319,1,15,15,702
3320,1,15,15,702
3321,1,15,15,702
3322,1,15,15,702
3323,1,15,15,702
3324,1,15,15,702
3325,1,15,15,702
3326,1,15,15,702
3327,1,15,15,702
3328,1,15,15,702
3329,1,15,15,702
3330,1,15,15,702
3331,1,15,15,702
3332,1,4,4,702
3333,1,15,15,702
3334,1,15,15,702
3335,1,15,15,702
3336,1,15,4,702
3337,1,15,15,702
3338,1,3,3,702
3339,1,15,15,702
3340,1,15,15,702
3341,1,15,15,702
3342,1,15,15,702
3343,1,15,15,702
3344,1,15,15,702
3345,1,15,15,702
3346,1,9,9,702
3347,1,15,15,702
3348,1,15,15,702
3349,1,15,15,702
3350,1,15,15,702
3351,1,15,15,702
3352,1,15,15,702
3353,1,15,15,702
3354,1,15,15,702
3355,1,15,15,702
3356,1,15,15,702
3357,1,15,15,702
3358,1,21,15,702
3359,1,15,15,702
3360,1,15,15,702
3361,1,15,15,702
3362,1,15,15,702
3363,1,15,15,702
3364,1,15,15,702
3365,1,15,15,702
3366,1,15,15,702
3367,1,15,15,702
3368,1,15,15,702
3369,1,15,15,702
3370,1,3,3,702
3371,1,15,15,702
3372,1,15,15,702
3373,1,15,15,702
3374,1,15,15,702
3375,1,15,15,702
3376,1,15,15,702
3377,1,15,15,702
3378,1,15,15,702
3379,1,15,15,702
3380,1,15,15,702
3381,1,15,15,702
3382,1,15,15,702
3383,1,15,15,702
3384,1,15,15,702
3385,1,15,15,702
3386,1,15,15,702
3387,1,15,15,702
3388,1,15,15,702
3389,1,15,15,702
3390,1,15,15,702
3391,1,15,15,702
3392,1,4,4,702
3393,1,15,15,702
3394,1,15,15,702
3395,1,15,15,702
3396,1,15,15,702
3397,1,15,15,702
3398,1,15,15,702
3399,1,15,15,702
3400,1,15,15,702
3401,1,15,15,702
3402,1,15,15,702
3403,1,15,15,702
3404,1,15,15,702
3405,1,15,15,702
3406,1,15,15,702
3407,1,15,15,702
3408,1,15,15,702
3409,1,15,15,702
3410,1,4,4,702
3411,1,4,4,702
3412,1,15,15,702
3413,1,15,15,702
3414,1,15,15,702
3415,1,21,15,702
3416,1,15,15,702
3417,1,15,15,702
3418,1,15,15,702
3419,1,15,15,702
3420,1,15,15,702
3421,1,15,15,702
3422,1,15,15,702
3423,1,15,15,702
3424,1,15,15,702
3425,1,15,15,702
3426,1,15,15,702
3427,1,15,15,702
3428,1,15,15,702
3429,1,15,15,702
3430,1,15,15,702
3431,1,15,15,702
3432,1,15,15,702
3433,1,15,15,702
3434,1,15,15,702
3435,1,4,4,702
3436,1,15,15,702
3437,1,15,15,702
3438,1,15,15,702
3439,1,15,15,702
3440,1,15,15,702
3441,1,15,15,702
3442,1,15,15,702
3443,1,15,15,702
3444,1,4,15,702
3445,1,15,15,702
3446,1,15,15,702
3447,1,15,15,702
3448,1,15,15,702
3449,1,15,15,702
3450,1,15,15,702
3451,1,3,3,702
3452,1,15,15,702
3453,1,15,15,702
3454,1,15,15,702
3455,1,15,15,702
3456,1,15,15,702
3457,1,15,15,702
3458,1,15,15,702
3459,1,15,15,702
3460,1,15,15,702
3461,1,15,15,702
3462,1,15,15,702
3463,1,15,15,702
3464,1,15,15,702
3465,1,39,39,702
3466,1,15,15,702
3467,1,15,15,702
3468,1,15,15,702
3469,1,15,15,702
3470,1,15,15,702
3471,1,15,15,702
3472,1,15,15,702
3473,1,15,15,702
3474,1,15,15,702
3475,1,12,12,702
3476,1,15,15,702
3477,1,15,15,702
3478,1,15,15,702
3479,1,15,15,702
3480,1,15,15,702
3481,1,15,15,702
3482,1,15,15,702
3483,1,15,15,702
3484,1,15,15,702
3485,1,15,15,702
3486,1,21,15,702
3487,1,15,15,702
3488,1,15,15,702
3489,1,15,15,702
3490,1,15,15,702
3491,1,15,15,702
3492,1,15,15,702
3493,1,15,15,702
3494,1,15,15,702
3495,1,15,15,702
3496,1,15,15,702
3497,1,15,15,702
3498,1,15,15,702
3499,1,15,15,702
3500,1,15,15,702
3501,1,15,15,702
3502,1,15,15,702
3503,1,15,4,702
3504,1,15,15,702
3505,1,15,15,702
3506,1,15,15,702
3507,1,15,15,702
3508,1,15,15,702
3509,1,15,15,702
3510,1,15,15,702
3511,1,4,4,702
3512,1,15,15,702
3513,1,15,15,702
3514,1,12,12,702
3515,1,15,15,702
3516,1,15,15,702
3517,1,15,15,702
3518,1,15,15,702
3519,1,15,15,702
3520,1,4,4,702
3521,1,15,15,702
3522,1,15,15,702
3523,1,15,15,702
3524,1,15,15,702
3525,1,15,15,702
3526,1,15,15,702
3527,1,4,4,702
3528,1,15,15,702
3529,1,41,41,702
3530,1,15,15,702
3531,1,15,15,702
3532,1,15,15,702
3533,1,15,15,702
3534,1,15,15,702
3535,1,15,15,702
3536,1,15,15,702
3537,1,15,15,702
3538,1,15,15,702
3539,1,15,15,702
3540,1,15,15,702
3541,1,15,15,702
3542,1,15,15,702
3543,1,15,15,702
3544,1,15,15,702
3545,1,15,15,702
3546,1,15,15,702
3547,1,15,15,702
3548,1,15,15,702
3549,1,15,15,702
3550,1,15,15,702
3551,1,15,15,702
3552,1,15,15,702
3553,1,15,15,702
3554,1,15,15,702
3555,1,4,4,702
3556,1,15,15,702
3557,1,15,15,702
3558,1,15,15,702
3559,1,15,15,702
3560,1,15,15,702
3561,1,15,15,702
3562,1,15,15,702
3563,1,15,15,702
3564,1,4,4,702
3565,1,15,15,702
3566,1,15,15,702
3567,1,15,15,702
3568,1,15,15,702
3569,1,15,15,702
3570,1,15,15,702
3571,1,15,15,702
3572,1,15,15,702
3573,1,15,15,702
3574,1,3,3,702
3575,1,15,15,702
3576,1,15,15,702
3577,1,15,15,702
3578,1,15,15,702
3579,1,15,15,702
3580,1,15,15,702
3581,1,15,15,702
3582,1,15,15,702
3583,1,15,15,702
3584,1,15,15,702
3585,1,15,15,702
3586,1,12,12,702
3587,1,4,4,702
3588,1,15,15,702
3589,1,15,4,702
3590,1,15,15,702
3591,1,15,15,702
3592,1,15,15,702
3593,1,15,15,702
3594,1,15,15,702
3595,1,15,15,702
3596,1,15,15,702
3597,1,15,15,702
3598,1,15,15,702
3599,1,15,15,702
3600,1,15,15,702
3601,1,15,15,702
3602,1,21,15,702
3603,1,15,15,702
3604,1,15,15,702
3605,1,21,21,702
3606,1,15,15,702
3607,1,15,15,702
3608,1,15,15,702
3609,1,15,15,702
3610,1,15,15,702
3611,1,4,4,702
3612,1,21,15,702
3613,1,15,15,702
3614,1,15,15,702
3615,1,15,15,702
3616,1,21,15,702
3617,1,15,15,702
3618,1,15,15,702
3619,1,4,4,702
3620,1,15,15,702
3621,1,15,15,702
3622,1,15,15,702
3623,1,15,15,702
3624,1,15,15,702
3625,1,39,39,702
3626,1,15,15,702
3627,1,15,15,702
3628,1,15,15,702
3629,1,15,15,702
3630,1,15,15,702
3631,1,15,15,702
3632,1,15,15,702
3633,1,15,15,702
3634,1,15,15,702
3635,1,15,15,702
3636,1,15,15,702
3637,1,15,15,702
3638,1,15,15,702
3639,1,15,15,702
3640,1,15,15,702
3641,1,15,15,702
3642,1,15,15,702
3643,1,15,15,702
3644,1,15,15,702
3645,1,41,41,702
3646,1,15,15,702
3647,1,4,4,702
3648,1,15,15,702
3649,1,15,15,702
3650,1,15,15,702
3651,1,15,15,702
3652,1,15,15,702
3653,1,15,15,702
3654,1,15,15,702
3655,1,15,15,702
3656,1,15,15,702
3657,1,15,15,702
3658,1,15,15,702
3659,1,15,15,702
3660,1,15,15,702
3661,1,15,15,702
3662,1,15,15,702
3663,1,15,15,702
3664,1,15,15,702
3665,1,15,15,702
3666,1,15,15,702
3667,1,15,15,702
3668,1,15,15,702
3669,1,15,15,702
3670,1,15,15,702
3671,1,15,15,702
3672,1,15,15,702
3673,1,15,15,702
3674,1,15,15,702
3675,1,15,15,702
3676,1,15,15,702
3677,1,15,15,702
3678,1,15,15,702
3679,1,15,15,702
3680,1,15,15,702
3681,1,15,15,702
3682,1,15,15,702
3683,1,15,15,702
3684,1,15,15,702
3685,1,15,15,702
3686,1,15,15,702
3687,1,15,15,702
3688,1,15,15,702
3689,1,15,15,702
3690,1,15,15,702
3691,1,15,15,702
3692,1,15,15,702
3693,1,15,15,702
3694,1,15,15,702
3695,1,15,15,702
3696,1,15,15,702
3697,1,15,15,702
3698,1,15,15,702
3699,1,15,15,702
3700,1,15,15,702
3701,1,15,15,702
3702,1,15,4,702
3703,1,15,15,702
3704,1,15,15,702
3705,1,15,15,702
3706,1,15,15,702
3707,1,15,15,702
3708,1,15,15,702
3709,1,15,15,702
3710,1,15,15,702
3711,1,15,15,702
3712,1,4,4,702
3713,1,15,15,702
3714,1,15,15,702
3715,1,15,15,702
3716,1,15,15,702
3717,1,15,15,702
3718,1,15,15,702
3719,1,15,15,702
3720,1,15,15,702
3721,1,39,15,702
3722,1,15,15,702
3723,1,15,15,702
3724,1,15,15,702
3725,1,15,15,702
3726,1,15,15,702
3727,1,15,15,702
3728,1,15,15,702
3729,1,15,15,702
3730,1,15,15,702
3731,1,15,15,702
3732,1,15,15,702
3733,1,15,15,702
3734,1,15,15,702
3735,1,15,15,702
3736,1,12,12,702
3737,1,15,15,702
3738,1,15,15,702
3739,1,15,15,702
3740,1,15,15,702
3741,1,15,15,702
3742,1,15,15,702
3743,1,15,15,702
3744,1,15,15,702
3745,1,15,15,702
3746,1,15,15,702
3747,1,15,15,702
3748,1,15,15,702
3749,1,15,4,702
3750,1,15,15,702
3751,1,15,15,702
3752,1,15,15,702
3753,1,15,15,702
3754,1,21,15,702
3755,1,15,15,702
3756,1,21,15,702
3757,1,15,15,702
3758,1,15,15,702
3759,1,20,15,702
3760,1,15,15,702
3761,1,15,15,702
3762,1,15,15,702
3763,1,15,15,702
3764,1,9,9,702
3765,1,21,21,702
3766,1,15,15,702
3767,1,12,12,702
3768,1,15,15,702
3769,1,15,15,702
3770,1,15,15,702
3771,1,12,12,702
3772,1,15,15,702
3773,1,15,15,702
3774,1,15,15,702
3775,1,15,15,702
3776,1,15,15,702
3777,1,15,15,702
3778,1,12,12,702
3779,1,15,15,702
3780,1,15,15,702
3781,1,15,15,702
3782,1,15,15,702
3783,1,15,15,702
3784,1,15,15,702
3785,1,15,15,702
3786,1,15,15,702
3787,1,15,15,702
3788,1,15,15,702
3789,1,15,15,702
3790,1,15,15,702
3791,1,15,15,702
3792,1,15,15,702
3793,1,15,15,702
3794,1,15,15,702
3795,1,15,15,702
3796,1,15,15,702
3797,1,15,15,702
3798,1,15,15,702
3799,1,15,15,702
3800,1,15,15,702
3801,1,15,15,702
3802,1,15,15,702
3803,1,15,15,702
3804,1,41,41,702
3805,1,15,15,702
3806,1,15,15,702
3807,1,39,39,702
3808,1,15,15,702
3809,1,15,15,702
3810,1,15,15,702
3811,1,15,15,702
3812,1,15,15,702
3813,1,15,15,702
3814,1,15,15,702
3815,1,4,4,702
3816,1,15,15,702
3817,1,15,15,702
3818,1,9,9,702
3819,1,15,15,702
3820,1,15,15,702
3821,1,4,4,702
3822,1,15,15,702
3823,1,4,15,702
3824,1,15,15,702
3825,1,15,15,702
3826,1,15,15,702
3827,1,21,15,702
3828,1,15,15,702
3829,1,21,15,702
3830,1,15,15,702
3831,1,15,15,702
3832,1,4,4,702
3833,1,15,15,702
3834,1,15,15,702
3835,1,15,15,702
3836,1,15,15,702
3837,1,15,15,702
3838,1,15,15,702
3839,1,15,15,702
3840,1,15,15,702
3841,1,15,15,702
3842,1,15,15,702
3843,1,15,15,702
3844,1,15,15,702
3845,1,15,15,702
3846,1,15,15,702
3847,1,15,15,702
3848,1,39,39,702
3849,1,15,15,702
3850,1,21,15,702
3851,1,15,15,702
3852,1,15,15,702
3853,1,15,15,702
3854,1,41,41,702
3855,1,15,15,702
3856,1,15,15,702
3857,1,15,15,702
3858,1,15,15,702
3859,1,15,15,702
3860,1,4,4,702
3861,1,15,15,702
3862,1,15,15,702
3863,1,15,15,702
3864,1,15,15,702
3865,1,15,15,702
3866,1,15,15,702
3867,1,15,15,702
3868,1,15,15,702
3869,1,15,15,702
3870,1,15,15,702
3871,1,15,15,702
3872,1,15,15,702
3873,1,15,15,702
3874,1,15,15,702
3875,1,15,15,702
3876,1,15,15,702
3877,1,15,15,702
3878,1,15,15,702
3879,1,15,15,702
3880,1,15,15,702
3881,1,15,15,702
3882,1,15,15,702
3883,1,15,15,702
3884,1,15,15,702
3885,1,15,15,702
3886,1,15,15,702
3887,1,15,15,702
3888,1,15,15,702
3889,1,15,15,702
3890,1,15,15,702
3891,1,15,15,702
3892,1,15,15,702
3893,1,15,15,702
3894,1,15,15,702
3895,1,15,15,702
3896,1,15,15,702
3897,1,15,15,702
3898,1,15,15,702
3899,1,15,15,702
3900,1,15,15,702
3901,1,15,15,702
3902,1,15,21,702
3903,1,15,15,702
3904,1,15,15,702
3905,1,15,15,702
3906,1,15,15,702
3907,1,15,15,702
3908,1,15,15,702
3909,1,15,15,702
3910,1,15,15,702
3911,1,15,15,702
3912,1,15,15,702
3913,1,15,15,702
3914,1,21,15,702
3915,1,15,15,702
3916,1,15,15,702
3917,1,15,15,702
3918,1,15,15,702
3919,1,15,15,702
3920,1,4,4,702
3921,1,15,15,702
3922,1,15,33,702
3923,1,15,15,702
3924,1,15,15,702
3925,1,15,15,702
3926,1,15,15,702
3927,1,15,15,702
3928,1,15,15,702
3929,1,15,15,702
3930,1,15,15,702
3931,1,15,15,702
3932,1,15,15,702
3933,1,15,15,702
3934,1,15,15,702
3935,1,15,15,702
3936,1,15,15,702
3937,1,15,15,702
3938,1,15,15,702
3939,1,15,15,702
3940,1,15,15,702
3941,1,15,15,702
3942,1,24,24,702
3943,1,15,15,702
3944,1,41,41,702
3945,1,4,4,702
3946,1,15,15,702
3947,1,15,15,702
3948,1,15,15,702
3949,1,15,15,702
3950,1,15,15,702
3951,1,15,15,702
3952,1,15,15,702
3953,1,15,15,702
3954,1,15,15,702
3955,1,15,15,702
3956,1,24,24,702
3957,1,15,15,702
3958,1,15,15,702
3959,1,15,15,702
3960,1,15,15,702
3961,1,15,15,702
3962,1,15,15,702
3963,1,15,15,702
3964,1,15,15,702
3965,1,15,15,702
3966,1,15,15,702
3967,1,15,15,702
3968,1,15,15,702
3969,1,15,4,702
3970,1,15,15,702
3971,1,15,15,702
3972,1,15,15,702
3973,1,15,15,702
3974,1,15,15,702
3975,1,15,15,702
3976,1,15,15,702
3977,1,21,15,702
3978,1,15,15,702
3979,1,15,15,702
3980,1,15,15,702
3981,1,15,15,702
3982,1,15,15,702
3983,1,15,15,702
3984,1,9,9,702
3985,1,15,15,702
3986,1,15,15,702
3987,1,15,15,702
3988,1,15,15,702
3989,1,15,15,702
3990,1,15,15,702
3991,1,15,15,702
3992,1,15,15,702
3993,1,15,15,702
3994,1,15,15,702
3995,1,15,15,702
3996,1,15,15,702
3997,1,15,15,702
3998,1,15,15,702
3999,1,15,15,702
4000,1,15,15,702
4001,1,15,15,702
4002,1,15,15,702
4003,1,15,15,702
4004,1,15,15,702
4005,1,15,15,702
4006,1,15,15,702
4007,1,15,15,702
4008,1,15,15,702
4009,1,15,15,702
4010,1,39,39,702
4011,1,15,15,702
4012,1,15,15,702
4013,1,15,15,702
4014,1,4,15,702
4015,1,15,15,702
4016,1,15,15,702
4017,1,15,15,702
4018,1,39,39,702
4019,1,21,15,702
4020,1,15,15,702
4021,1,15,15,702
4022,1,15,15,702
4023,1,15,15,702
4024,1,15,15,702
4025,1,15,15,702
4026,1,15,15,702
4027,1,15,15,702
4028,1,15,15,702
4029,1,15,15,702
4030,1,15,15,702
4031,1,15,15,702
4032,1,15,15,702
4033,1,15,15,702
4034,1,15,15,702
4035,1,15,15,702
4036,1,15,15,702
4037,1,15,15,702
4038,1,15,15,702
4039,1,15,15,702
4040,1,15,15,702
4041,1,15,15,702
4042,1,15,15,702
4043,1,15,15,702
4044,1,15,15,702
4045,1,15,15,702
4046,1,15,15,702
4047,1,15,15,702
4048,1,15,15,702
4049,1,15,15,702
4050,1,15,15,702
4051,1,15,15,702
4052,1,15,15,702
4053,1,4,4,702
4054,1,15,15,702
4055,1,15,15,702
4056,1,15,15,702
4057,1,15,15,702
4058,1,15,15,702
4059,1,15,15,702
4060,1,15,15,702
4061,1,15,15,702
4062,1,15,15,702
4063,1,15,15,702
4064,1,15,15,702
4065,1,15,15,702
4066,1,15,15,702
4067,1,15,15,702
4068,1,15,15,702
4069,1,15,15,702
4070,1,15,15,702
4071,1,15,15,702
4072,1,15,15,702
4073,1,15,15,702
4074,1,15,15,702
4075,1,15,15,702
4076,1,15,15,702
4077,1,15,15,702
4078,1,15,15,702
4079,1,15,15,702
4080,1,15,15,702
4081,1,15,15,702
4082,1,15,15,702
4083,1,15,15,702
4084,1,15,15,702
4085,1,15,15,702
4086,1,41,41,702
4087,1,15,15,702
4088,1,15,15,702
4089,1,15,15,702
4090,1,15,15,702
4091,1,15,15,702
4092,1,15,15,702
4093,1,15,15,702
4094,1,15,15,702
4095,1,15,15,702
4096,1,15,15,702
4097,1,15,15,702
4098,1,15,15,702
4099,1,15,15,702
4100,1,15,15,702
4101,1,15,15,702
4102,1,15,15,702
4103,1,15,15,702
4104,1,15,15,702
4105,1,15,15,702
4106,1,15,15,702
4107,1,15,15,702
4108,1,21,15,702
4109,1,15,15,702
4110,1,15,15,702
4111,1,15,15,702
4112,1,15,15,702
4113,1,15,15,702
4114,1,15,15,702
4115,1,15,15,702
4116,1,15,15,702
4117,1,15,15,702
4118,1,15,15,702
4119,1,15,15,702
4120,1,15,15,702
4121,1,15,15,702
4122,1,15,15,702
4123,1,15,15,702
4124,1,15,15,702
4125,1,15,15,702
4126,1,15,15,702
4127,1,15,15,702
4128,1,15,15,702
4129,1,15,15,702
4130,1,15,15,702
4131,1,15,15,702
4132,1,15,15,702
4133,1,15,15,702
4134,1,15,15,702
4135,1,15,15,702
4136,1,15,15,702
4137,1,15,15,702
4138,1,15,15,702
4139,1,15,15,702
4140,1,15,15,702
4141,1,15,15,702
4142,1,15,15,702
4143,1,15,15,702
4144,1,15,15,702
4145,1,15,15,702
4146,1,15,15,702
4147,1,15,15,702
4148,1,15,15,702
4149,1,15,15,702
4150,1,15,15,702
4151,1,15,15,702
4152,1,15,15,702
4153,1,15,15,702
4154,1,15,15,702
4155,1,15,15,702
4156,1,15,15,702
4157,1,15,15,702
4158,1,39,39,702
4159,1,15,15,702
4160,1,21,15,702
4161,1,15,15,702
4162,1,15,15,702
4163,1,15,15,702
4164,1,15,15,702
4165,1,15,15,702
4166,1,15,15,702
4167,1,15,15,702
4168,1,15,15,702
4169,1,15,15,702
4170,1,15,15,702
4171,1,12,12,702
4172,1,15,15,702
4173,1,15,15,702
4174,1,15,15,702
4175,1,15,15,702
4176,1,15,15,702
4177,1,15,15,702
4178,1,15,15,702
4179,1,39,39,702
4180,1,15,15,702
4181,1,15,15,702
4182,1,15,15,702
4183,1,15,15,702
4184,1,39,39,702
4185,1,15,15,702
4186,1,15,15,702
4187,1,15,15,702
4188,1,15,15,702
4189,1,24,24,702
4190,1,15,4,702
4191,1,15,15,702
4192,1,15,15,702
4193,1,15,15,702
4194,1,15,15,702
4195,1,15,15,702
4196,1,4,4,702
4197,1,15,15,702
4198,1,15,15,702
4199,1,15,15,702
4200,1,15,15,702
4201,1,15,15,702
4202,1,15,15,702
4203,1,15,15,702
4204,1,15,15,702
4205,1,15,15,702
4206,1,21,15,702
4207,1,15,15,702
4208,1,15,15,702
4209,1,15,15,702
4210,1,15,15,702
4211,1,15,15,702
4212,1,15,15,702
4213,1,15,15,702
4214,1,15,15,702
4215,1,15,15,702
4216,1,15,15,702
4217,1,15,15,702
4218,1,15,15,702
4219,1,15,15,702
4220,1,15,15,702
4221,1,15,15,702
4222,1,15,15,702
4223,1,15,15,702
4224,1,15,15,702
4225,1,15,15,702
4226,1,15,15,702
4227,1,15,15,702
4228,1,15,15,702
4229,1,15,15,702
4230,1,15,15,702
4231,1,15,15,702
4232,1,15,15,702
4233,1,15,15,702
4234,1,15,15,702
4235,1,15,15,702
4236,1,15,15,702
4237,1,15,15,702
4238,1,15,15,702
4239,1,15,15,702
4240,1,15,15,702
4241,1,15,15,702
4242,1,15,15,702
4243,1,15,15,702
4244,1,15,15,702
4245,1,15,15,702
4246,1,15,15,702
4247,1,4,4,702
4248,1,15,15,702
4249,1,15,15,702
4250,1,15,15,702
4251,1,15,15,702
4252,1,4,4,702
4253,1,15,15,702
4254,1,15,15,702
4255,1,15,15,702
4256,1,15,15,702
4257,1,15,15,702
4258,1,15,15,702
4259,1,15,15,702
4260,1,15,15,702
4261,1,15,15,702
4262,1,15,15,702
4263,1,15,15,702
4264,1,15,15,702
4265,1,15,15,702
4266,1,15,15,702
4267,1,4,4,702
4268,1,15,15,702
4269,1,15,15,702
4270,1,15,15,702
4271,1,15,15,702
4272,1,15,15,702
4273,1,15,15,702
4274,1,15,15,702
4275,1,15,15,702
4276,1,15,15,702
4277,1,15,15,702
4278,1,15,15,702
4279,1,4,4,702
4280,1,15,15,702
4281,1,15,15,702
4282,1,24,24,702
4283,1,15,15,702
4284,1,15,15,702
4285,1,15,15,702
4286,1,15,15,702
4287,1,15,15,702
4288,1,15,15,702
4289,1,39,15,702
4290,1,15,15,702
4291,1,15,15,702
4292,1,15,15,702
4293,1,15,15,702
4294,1,15,15,702
4295,1,15,15,702
4296,1,15,15,702
4297,1,15,15,702
4298,1,15,15,702
4299,1,15,15,702
4300,1,15,15,702
4301,1,15,15,702
4302,1,15,4,702
4303,1,15,15,702
4304,1,15,15,702
4305,1,15,15,702
4306,1,15,15,702
4307,1,15,15,702
4308,1,15,15,702
4309,1,15,15,702
4310,1,15,15,702
4311,1,15,15,702
4312,1,15,15,702
4313,1,15,15,702
4314,1,15,15,702
4315,1,15,15,702
4316,1,15,15,702
4317,1,39,4,702
4318,1,15,15,702
4319,1,15,15,702
4320,1,15,15,702
4321,1,15,15,702
4322,1,15,15,702
4323,1,15,15,702
4324,1,15,15,702
4325,1,15,15,702
4326,1,15,15,702
4327,1,15,15,702
4328,1,15,15,702
4329,1,15,15,702
4330,1,15,15,702
4331,1,15,15,702
4332,1,15,15,702
4333,1,15,15,702
4334,1,15,15,702
4335,1,15,15,702
4336,1,15,15,702
4337,1,15,15,702
4338,1,15,15,702
4339,1,15,12,702
4340,1,15,15,702
4341,1,15,15,702
4342,1,15,15,702
4343,1,15,15,702
4344,1,15,15,702
4345,1,4,4,702
4346,1,4,4,702
4347,1,15,15,702
4348,1,15,15,702
4349,1,15,15,702
4350,1,15,15,702
4351,1,15,15,702
4352,1,15,15,702
4353,1,15,15,702
4354,1,12,12,702
4355,1,15,15,702
4356,1,15,15,702
4357,1,15,15,702
4358,1,15,15,702
4359,1,15,15,702
4360,1,15,15,702
4361,1,15,15,702
4362,1,15,15,702
4363,1,15,15,702
4364,1,15,15,702
4365,1,15,15,702
4366,1,15,15,702
4367,1,15,15,702
4368,1,15,15,702
4369,1,15,15,702
4370,1,15,15,702
4371,1,21,21,702
4372,1,15,15,702
4373,1,15,15,702
4374,1,30,30,702
4375,1,15,15,702
4376,1,15,15,702
4377,1,4,4,702
4378,1,15,15,702
4379,1,15,15,702
4380,1,15,15,702
4381,1,15,15,702
4382,1,15,15,702
4383,1,15,15,702
4384,1,21,15,702
4385,1,21,15,702
4386,1,15,15,702
4387,1,15,15,702
4388,1,15,15,702
4389,1,15,15,702
4390,1,15,15,702
4391,1,15,15,702
4392,1,15,15,702
4393,1,15,15,702
4394,1,15,15,702
4395,1,9,9,702
4396,1,15,15,702
4397,1,15,15,702
4398,1,15,15,702
4399,1,15,15,702
4400,1,15,15,702
4401,1,15,3,702
4402,1,15,15,702
4403,1,15,15,702
4404,1,15,15,702
4405,1,4,4,702
4406,1,15,15,702
4407,1,4,4,702
4408,1,15,15,702
4409,1,15,15,702
4410,1,15,15,702
4411,1,15,15,702
4412,1,15,15,702
4413,1,15,15,702
4414,1,15,15,702
4415,1,15,15,702
4416,1,15,15,702
4417,1,15,15,702
4418,1,15,15,702
4419,1,15,15,702
4420,1,15,15,702
4421,1,15,15,702
4422,1,15,15,702
4423,1,15,15,702
4424,1,15,15,702
4425,1,15,15,702
4426,1,15,15,702
4427,1,15,15,702
4428,1,15,15,702
4429,1,15,15,702
4430,1,15,15,702
4431,1,15,15,702
4432,1,15,15,702
4433,1,15,15,702
4434,1,15,15,702
4435,1,15,15,702
4436,1,15,15,702
4437,1,15,15,702
4438,1,15,15,702
4439,1,15,15,702
4440,1,15,15,702
4441,1,15,15,702
4442,1,15,15,702
4443,1,15,15,702
4444,1,15,15,702
4445,1,15,15,702
4446,1,15,15,702
4447,1,15,15,702
4448,1,15,15,702
4449,1,15,15,702
4450,1,15,15,702
4451,1,15,15,702
4452,1,15,15,702
4453,1,15,15,702
4454,1,15,15,702
4455,1,15,15,702
4456,1,15,15,702
4457,1,15,15,702
4458,1,15,15,702
4459,1,15,15,702
4460,1,15,15,702
4461,1,15,15,702
4462,1,15,15,702
4463,1,41,41,702
4464,1,15,15,702
4465,1,15,15,702
4466,1,15,15,702
4467,1,15,15,702
4468,1,15,15,702
4469,1,15,15,702
4470,1,15,15,702
4471,1,15,15,702
4472,1,15,15,702
4473,1,15,15,702
4474,1,15,15,702
4475,1,15,15,702
4476,1,15,15,702
4477,1,15,15,702
4478,1,15,15,702
4479,1,15,15,702
4480,1,15,15,702
4481,1,15,15,702
4482,1,15,15,702
4483,1,15,15,702
4484,1,15,15,702
4485,1,15,15,702
4486,1,4,4,702
4487,1,15,15,702
4488,1,15,15,702
4489,1,15,4,702
4490,1,15,15,702
4491,1,15,15,702
4492,1,15,15,702
4493,1,15,15,702
4494,1,15,15,702
4495,1,15,15,702
4496,1,15,15,702
4497,1,15,15,702
4498,1,15,15,702
4499,1,15,15,702
4500,1,15,15,702
4501,1,15,15,702
4502,1,15,15,702
4503,1,15,15,702
4504,1,15,15,702
4505,1,15,15,702
4506,1,15,15,702
4507,1,15,11,702
4508,1,15,15,702
4509,1,15,15,702
4510,1,15,15,702
4511,1,9,9,702
4512,1,15,15,702
4513,1,4,4,702
4514,1,15,15,702
4515,1,12,12,702
4516,1,15,15,702
4517,1,15,15,702
4518,1,15,15,702
4519,1,15,15,702
4520,1,15,15,702
4521,1,15,15,702
4522,1,15,15,702
4523,1,15,15,702
4524,1,15,4,702
4525,1,15,15,702
4526,1,15,15,702
4527,1,15,15,702
4528,1,15,15,702
4529,1,15,15,702
4530,1,15,15,702
4531,1,39,41,702
4532,1,15,15,702
4533,1,15,15,702
4534,1,15,15,702
4535,1,15,15,702
4536,1,15,15,702
4537,1,15,4,702
4538,1,15,15,702
4539,1,15,15,702
4540,1,15,15,702
4541,1,15,15,702
4542,1,15,15,702
4543,1,15,15,702
4544,1,21,15,702
4545,1,15,15,702
4546,1,21,15,702
4547,1,15,15,702
4548,1,15,15,702
4549,1,15,15,702
4550,1,15,15,702
4551,1,15,15,702
4552,1,15,15,702
4553,1,15,4,702
4554,1,15,15,702
4555,1,15,15,702
4556,1,15,15,702
4557,1,15,15,702
4558,1,15,15,702
4559,1,15,15,702
4560,1,15,15,702
4561,1,15,15,702
4562,1,15,15,702
4563,1,15,15,702
4564,1,15,15,702
4565,1,15,15,702
4566,1,15,15,702
4567,1,15,15,702
4568,1,15,15,702
4569,1,15,15,702
4570,1,15,15,702
4571,1,15,15,702
4572,1,15,15,702
4573,1,15,15,702
4574,1,15,15,702
4575,1,15,15,702
4576,1,15,15,702
4577,1,15,15,702
4578,1,15,15,702
4579,1,15,15,702
4580,1,9,9,702
4581,1,15,15,702
4582,1,15,15,702
4583,1,15,15,702
4584,1,15,15,702
4585,1,15,15,702
4586,1,15,15,702
4587,1,15,15,702
4588,1,15,15,702
4589,1,15,15,702
4590,1,15,15,702
4591,1,15,15,702
4592,1,9,9,702
4593,1,15,15,702
4594,1,15,41,702
4595,1,39,39,702
4596,1,15,15,702
4597,1,15,15,702
4598,1,15,15,702
4599,1,15,15,702
4600,1,15,15,702
4601,1,15,15,702
4602,1,15,15,702
4603,1,15,15,702
4604,1,15,15,702
4605,1,15,15,702
4606,1,15,15,702
4607,1,15,15,702
4608,1,15,15,702
4609,1,15,15,702
4610,1,15,15,702
4611,1,15,15,702
4612,1,15,15,702
4613,1,15,15,702
4614,1,4,4,702
4615,1,15,15,702
4616,1,15,15,702
4617,1,15,15,702
4618,1,9,9,702
4619,1,15,15,702
4620,1,15,15,702
4621,1,15,15,702
4622,1,15,15,702
4623,1,15,15,702
4624,1,15,15,702
4625,1,21,21,702
4626,1,21,21,702
4627,1,15,15,702
4628,1,15,15,702
4629,1,15,15,702
4630,1,15,15,702
4631,1,15,15,702
4632,1,21,15,702
4633,1,15,15,702
4634,1,15,15,702
4635,1,12,12,702
4636,1,3,3,702
4637,1,15,4,702
4638,1,15,15,702
4639,1,15,15,702
4640,1,15,15,702
4641,1,15,15,702
4642,1,15,15,702
4643,1,15,15,702
4644,1,15,15,702
4645,1,15,15,702
4646,1,15,15,702
4647,1,15,15,702
4648,1,15,15,702
4649,1,15,15,702
4650,1,15,15,702
4651,1,15,15,702
4652,1,15,15,702
4653,1,15,15,702
4654,1,15,15,702
4655,1,4,4,702
4656,1,15,15,702
4657,1,15,15,702
4658,1,15,15,702
4659,1,15,4,702
4660,1,4,15,702
4661,1,21,15,702
4662,1,15,15,702
4663,1,21,15,702
4664,1,15,15,702
4665,1,15,15,702
4666,1,15,15,702
4667,1,15,15,702
4668,1,15,15,702
4669,1,15,15,702
4670,1,15,15,702
4671,1,15,15,702
4672,1,15,15,702
4673,1,15,15,702
4674,1,15,15,702
4675,1,4,4,702
4676,1,15,15,702
4677,1,15,15,702
4678,1,15,15,702
4679,1,15,15,702
4680,1,15,15,702
4681,1,15,15,702
4682,1,15,12,702
4683,1,15,15,702
4684,1,15,15,702
4685,1,21,15,702
4686,1,15,15,702
4687,1,15,15,702
4688,1,15,15,702
4689,1,15,15,702
4690,1,15,15,702
4691,1,15,15,702
4692,1,15,15,702
4693,1,15,15,702
4694,1,15,15,702
4695,1,15,15,702
4696,1,15,15,702
4697,1,15,15,702
4698,1,15,15,702
4699,1,21,15,702
4700,1,15,15,702
4701,1,15,15,702
4702,1,15,15,702
4703,1,15,15,702
4704,1,15,15,702
4705,1,15,15,702
4706,1,15,15,702
4707,1,15,15,702
4708,1,15,15,702
4709,1,3,3,702
4710,1,15,4,702
4711,1,15,15,702
4712,1,15,15,702
4713,1,15,15,702
4714,1,15,15,702
4715,1,9,9,702
4716,1,21,15,702
4717,1,15,15,702
4718,1,15,15,702
4719,1,15,15,702
4720,1,21,15,702
4721,1,15,15,702
4722,1,15,15,702
4723,1,15,15,702
4724,1,15,15,702
4725,1,15,15,702
4726,1,15,15,702
4727,1,15,15,702
4728,1,15,15,702
4729,1,15,15,702
4730,1,15,15,702
4731,1,41,41,702
4732,1,15,15,702
4733,1,15,15,702
4734,1,39,39,702
4735,1,15,15,702
4736,1,15,15,702
4737,1,15,15,702
4738,1,15,15,702
4739,1,15,15,702
4740,1,15,15,702
4741,1,15,15,702
4742,1,4,4,702
4743,1,15,15,702
4744,1,15,15,702
4745,1,15,15,702
4746,1,15,15,702
4747,1,15,15,702
4748,1,15,15,702
4749,1,15,15,702
4750,1,15,15,702
4751,1,15,15,702
4752,1,15,15,702
4753,1,3,15,702
4754,1,15,15,702
4755,1,15,15,702
4756,1,15,15,702
4757,1,15,15,702
4758,1,15,15,702
4759,1,15,15,702
4760,1,15,15,702
4761,1,15,15,702
4762,1,15,15,702
4763,1,15,15,702
4764,1,15,15,702
4765,1,15,15,702
4766,1,15,15,702
4767,1,15,15,702
4768,1,15,15,702
4769,1,15,15,702
4770,1,15,15,702
4771,1,15,15,702
4772,1,15,15,702
4773,1,15,15,702
4774,1,15,15,702
4775,1,15,15,702
4776,1,15,15,702
4777,1,15,12,702
4778,1,15,15,702
4779,1,15,15,702
4780,1,41,41,702
4781,1,15,15,702
4782,1,15,15,702
4783,1,15,15,702
4784,1,39,41,702
4785,1,15,15,702
4786,1,15,15,702
4787,1,15,15,702
4788,1,15,15,702
4789,1,15,15,702
4790,1,15,15,702
4791,1,15,15,702
4792,1,15,15,702
4793,1,15,15,702
4794,1,15,15,702
4795,1,15,15,702
4796,1,15,15,702
4797,1,15,15,702
4798,1,15,15,702
4799,1,15,15,702
4800,1,91,91,702
4801,1,41,41,702
4802,1,15,15,702
4803,1,15,15,702
4804,1,15,15,702
4805,1,15,15,702
4806,1,15,15,702
4807,1,15,15,702
4808,1,15,15,702
4809,1,4,4,702
4810,1,15,15,702
4811,1,21,15,702
4812,1,15,15,702
4813,1,3,3,702
4814,1,15,15,702
4815,1,15,15,702
4816,1,15,15,702
4817,1,15,4,702
4818,1,15,15,702
4819,1,4,4,702
4820,1,4,4,702
4821,1,15,15,702
4822,1,15,15,702
4823,1,15,15,702
4824,1,12,12,702
4825,1,15,15,702
4826,1,15,15,702
4827,1,15,15,702
4828,1,15,15,702
4829,1,15,15,702
4830,1,15,15,702
4831,1,15,15,702
4832,1,15,15,702
4833,1,15,15,702
4834,1,15,15,702
4835,1,15,15,702
4836,1,15,15,702
4837,1,15,15,702
4838,1,15,15,702
4839,1,15,15,702
4840,1,15,15,702
4841,1,15,15,702
4842,1,15,15,702
4843,1,3,3,702
4844,1,15,15,702
4845,1,15,15,702
4846,1,15,15,702
4847,1,15,15,702
4848,1,15,15,702
4849,1,15,15,702
4850,1,15,15,702
4851,1,15,15,702
4852,1,15,15,702
4853,1,15,15,702
4854,1,15,15,702
4855,1,15,15,702
4856,1,15,15,702
4857,1,15,15,702
4858,1,15,15,702
4859,1,15,15,702
4860,1,15,15,702
4861,1,15,15,702
4862,1,15,15,702
4863,1,15,15,702
4864,1,15,15,702
4865,1,15,15,702
4866,1,15,15,702
4867,1,15,15,702
4868,1,39,41,702
4869,1,15,15,702
4870,1,15,15,702
4871,1,15,15,702
4872,1,15,15,702
4873,1,15,15,702
4874,1,3,3,702
4875,1,15,15,702
4876,1,15,15,702
4877,1,15,15,702
4878,1,15,15,702
4879,1,15,15,702
4880,1,15,15,702
4881,1,15,15,702
4882,1,15,15,702
4883,1,15,15,702
4884,1,15,15,702
4885,1,15,15,702
4886,1,15,15,702
4887,1,15,15,702
4888,1,15,15,702
4889,1,15,15,702
4890,1,15,15,702
4891,1,15,15,702
4892,1,15,15,702
4893,1,15,15,702
4894,1,15,15,702
4895,1,15,15,702
4896,1,15,15,702
4897,1,15,15,702
4898,1,15,15,702
4899,1,15,15,702
4900,1,15,15,702
4901,1,15,15,702
4902,1,15,15,702
4903,1,15,15,702
4904,1,15,15,702
4905,1,15,15,702
4906,1,15,15,702
4907,1,15,15,702
4908,1,15,15,702
4909,1,15,15,702
4910,1,15,15,702
4911,1,21,15,702
4912,1,15,15,702
4913,1,15,15,702
4914,1,15,15,702
4915,1,15,15,702
4916,1,15,15,702
4917,1,21,15,702
4918,1,15,15,702
4919,1,15,15,702
4920,1,15,15,702
4921,1,15,15,702
4922,1,20,20,702
4923,1,15,15,702
4924,1,15,15,702
4925,1,15,15,702
4926,1,12,12,702
4927,1,15,15,702
4928,1,15,15,702
4929,1,15,15,702
4930,1,15,15,702
4931,1,15,15,702
4932,1,15,15,702
4933,1,15,15,702
4934,1,15,15,702
4935,1,15,15,702
4936,1,15,15,702
4937,1,15,15,702
4938,1,15,15,702
4939,1,15,15,702
4940,1,4,4,702
4941,1,15,15,702
4942,1,15,15,702
4943,1,15,15,702
4944,1,15,15,702
4945,1,15,15,702
4946,1,15,15,702
4947,1,15,15,702
4948,1,15,15,702
4949,1,15,15,702
4950,1,15,15,702
4951,1,15,15,702
4952,1,15,15,702
4953,1,15,15,702
4954,1,15,15,702
4955,1,15,15,702
4956,1,15,15,702
4957,1,15,15,702
4958,1,15,15,702
4959,1,15,15,702
4960,1,15,15,702
4961,1,15,15,702
4962,1,15,15,702
4963,1,15,15,702
4964,1,15,15,702
4965,1,15,15,702
4966,1,15,15,702
4967,1,15,15,702
4968,1,15,15,702
4969,1,15,15,702
4970,1,15,15,702
4971,1,41,41,702
4972,1,15,15,702
4973,1,15,15,702
4974,1,15,15,702
4975,1,15,15,702
4976,1,15,15,702
4977,1,15,15,702
4978,1,15,15,702
4979,1,15,15,702
4980,1,15,15,702
4981,1,15,15,702
4982,1,15,15,702
4983,1,15,15,702
4984,1,15,15,702
4985,1,4,4,702
4986,1,15,15,702
4987,1,15,15,702
4988,1,15,15,702
4989,1,15,15,702
4990,1,15,15,702
4991,1,15,15,702
4992,1,15,15,702
4993,1,15,15,702
4994,1,15,15,702
4995,1,15,15,702
4996,1,15,15,702
4997,1,15,15,702
4998,1,15,15,702
4999,1,15,15,702
5000,1,15,15,702
5001,1,41,41,702
5002,1,15,15,702
5003,1,15,15,702
5004,1,15,15,702
5005,1,15,15,702
5006,1,15,15,702
5007,1,15,15,702
5008,1,15,15,702
5009,1,15,15,702
5010,1,15,15,702
5011,1,15,15,702
5012,1,15,15,702
5013,1,4,4,702
5014,1,15,15,702
5015,1,15,15,702
5016,1,15,15,702
5017,1,15,15,702
5018,1,15,15,702
5019,1,15,15,702
5020,1,15,15,702
5021,1,15,15,702
5022,1,15,15,702
5023,1,15,15,702
5024,1,21,15,702
5025,1,15,15,702
5026,1,15,15,702
5027,1,15,15,702
5028,1,15,15,702
5029,1,15,15,702
5030,1,15,15,702
5031,1,15,4,702
5032,1,15,15,702
5033,1,15,15,702
5034,1,15,15,702
5035,1,15,15,702
5036,1,15,15,702
5037,1,15,15,702
5038,1,15,15,702
5039,1,15,15,702
5040,1,15,15,702
5041,1,4,4,702
5042,1,15,15,702
5043,1,15,15,702
5044,1,15,15,702
5045,1,15,15,702
5046,1,15,15,702
5047,1,15,15,702
5048,1,15,15,702
5049,1,15,15,702
5050,1,15,15,702
5051,1,15,15,702
5052,1,15,15,702
5053,1,15,15,702
5054,1,15,15,702
5055,1,15,15,702
5056,1,15,15,702
5057,1,15,15,702
5058,1,15,15,702
5059,1,15,15,702
5060,1,21,15,702
5061,1,15,15,702
5062,1,15,15,702
5063,1,15,15,702
5064,1,15,15,702
5065,1,15,15,702
5066,1,15,15,702
5067,1,15,15,702
5068,1,15,15,702
5069,1,15,15,702
5070,1,15,15,702
5071,1,15,15,702
5072,1,15,15,702
5073,1,15,15,702
5074,1,21,15,702
5075,1,15,15,702
5076,1,12,12,702
5077,1,15,15,702
5078,1,21,15,702
5079,1,15,15,702
5080,1,15,15,702
5081,1,15,15,702
5082,1,21,21,702
5083,1,15,15,702
5084,1,15,15,702
5085,1,4,3,702
5086,1,41,41,702
5087,1,15,15,702
5088,1,15,15,702
5089,1,15,15,702
5090,1,15,15,702
5091,1,41,41,702
5092,1,15,15,702
5093,1,15,15,702
5094,1,15,15,702
5095,1,15,15,702
5096,1,15,15,702
5097,1,15,15,702
5098,1,15,15,702
5099,1,15,15,702
5100,1,15,15,702
5101,1,15,15,702
5102,1,41,41,702
5103,1,15,15,702
5104,1,15,15,702
5105,1,15,15,702
5106,1,15,15,702
5107,1,15,15,702
5108,1,21,21,702
5109,1,15,15,702
5110,1,15,15,702
5111,1,15,15,702
5112,1,15,15,702
5113,1,15,15,702
5114,1,15,15,702
5115,1,15,15,702
5116,1,15,15,702
5117,1,15,15,702
5118,1,15,15,702
5119,1,15,15,702
5120,1,15,15,702
5121,1,15,15,702
5122,1,15,15,702
5123,1,15,15,702
5124,1,15,15,702
5125,1,15,15,702
5126,1,15,15,702
5127,1,15,15,702
5128,1,15,15,702
5129,1,15,15,702
5130,1,15,15,702
5131,1,15,15,702
5132,1,15,15,702
5133,1,15,15,702
5134,1,15,15,702
5135,1,15,15,702
5136,1,4,4,702
5137,1,15,15,702
5138,1,15,15,702
5139,1,15,15,702
5140,1,15,15,702
5141,1,15,15,702
5142,1,15,15,702
5143,1,15,15,702
5144,1,15,15,702
5145,1,15,15,702
5146,1,15,15,702
5147,1,15,15,702
5148,1,15,15,702
5149,1,15,15,702
5150,1,15,15,702
5151,1,15,15,702
5152,1,15,15,702
5153,1,15,15,702
5154,1,15,15,702
5155,1,15,15,702
5156,1,15,15,702
5157,1,4,4,702
5158,1,15,15,702
5159,1,15,15,702
5160,1,15,15,702
5161,1,15,15,702
5162,1,4,4,702
5163,1,15,15,702
5164,1,15,15,702
5165,1,15,15,702
5166,1,15,15,702
5167,1,15,15,702
5168,1,4,4,702
5169,1,4,4,702
5170,1,15,15,702
5171,1,15,15,702
5172,1,15,15,702
5173,1,15,15,702
5174,1,15,15,702
5175,1,15,15,702
5176,1,15,15,702
5177,1,15,15,702
5178,1,15,15,702
5179,1,15,15,702
5180,1,15,15,702
5181,1,15,15,702
5182,1,15,15,702
5183,1,15,15,702
5184,1,15,15,702
5185,1,15,15,702
5186,1,15,15,702
5187,1,15,15,702
5188,1,15,15,702
5189,1,15,15,702
5190,1,15,15,702
5191,1,15,15,702
5192,1,15,15,702
5193,1,15,15,702
5194,1,41,41,702
5195,1,15,15,702
5196,1,15,15,702
5197,1,15,15,702
5198,1,15,15,702
5199,1,15,15,702
5200,1,15,15,702
5201,1,15,15,702
5202,1,15,4,702
5203,1,15,15,702
5204,1,15,15,702
5205,1,4,4,702
5206,1,15,15,702
5207,1,15,15,702
5208,1,15,15,702
5209,1,15,15,702
5210,1,15,15,702
5211,1,15,15,702
5212,1,15,15,702
5213,1,15,15,702
5214,1,15,15,702
5215,1,15,15,702
5216,1,4,4,702
5217,1,15,15,702
5218,1,15,15,702
5219,1,15,15,702
5220,1,15,15,702
5221,1,15,15,702
5222,1,15,15,702
5223,1,21,15,702
5224,1,15,15,702
5225,1,15,15,702
5226,1,4,4,702
5227,1,15,15,702
5228,1,15,15,702
5229,1,15,15,702
5230,1,15,15,702
5231,1,15,15,702
5232,1,15,15,702
5233,1,15,15,702
5234,1,15,15,702
5235,1,15,15,702
5236,1,15,15,702
5237,1,15,15,702
5238,1,15,15,702
5239,1,15,15,702
5240,1,15,15,702
5241,1,15,15,702
5242,1,15,15,702
5243,1,15,15,702
5244,1,15,15,702
5245,1,15,15,702
5246,1,15,15,702
5247,1,15,15,702
5248,1,15,15,702
5249,1,21,21,702
5250,1,15,15,702
5251,1,15,4,702
5252,1,15,11,702
5253,1,15,15,702
5254,1,15,15,702
5255,1,15,15,702
5256,1,15,15,702
5257,1,15,15,702
5258,1,15,15,702
5259,1,15,15,702
5260,1,15,15,702
5261,1,15,15,702
5262,1,15,15,702
5263,1,41,15,702
5264,1,15,15,702
5265,1,21,15,702
5266,1,15,15,702
5267,1,15,15,702
5268,1,15,15,702
5269,1,15,15,702
5270,1,4,4,702
5271,1,15,15,702
5272,1,15,15,702
5273,1,15,15,702
5274,1,15,15,702
5275,1,15,15,702
5276,1,15,15,702
5277,1,15,15,702
5278,1,15,15,702
5279,1,15,15,702
5280,1,15,4,702
5281,1,15,15,702
5282,1,15,15,702
5283,1,15,15,702
5284,1,15,15,702
5285,1,4,4,702
5286,1,15,15,702
5287,1,15,15,702
5288,1,15,15,702
5289,1,15,15,702
5290,1,15,15,702
5291,1,15,15,702
5292,1,15,15,702
5293,1,15,15,702
5294,1,15,15,702
5295,1,12,12,702
5296,1,15,15,702
5297,1,15,15,702
5298,1,15,15,702
5299,1,15,15,702
5300,1,15,15,702
5301,1,15,15,702
5302,1,15,15,702
5303,1,15,15,702
5304,1,4,4,702
5305,1,15,15,702
5306,1,15,15,702
5307,1,15,15,702
5308,1,15,15,702
5309,1,15,15,702
5310,1,15,15,702
5311,1,15,15,702
5312,1,15,15,702
5313,1,15,15,702
5314,1,15,15,702
5315,1,15,15,702
5316,1,15,15,702
5317,1,15,15,702
5318,1,15,15,702
5319,1,15,15,702
5320,1,15,15,702
5321,1,15,15,702
5322,1,15,15,702
5323,1,15,15,702
5324,1,15,15,702
5325,1,15,15,702
5326,1,15,11,702
5327,1,15,15,702
5328,1,15,15,702
5329,1,15,15,702
5330,1,4,4,702
5331,1,3,3,702
5332,1,15,15,702
5333,1,15,15,702
5334,1,15,15,702
5335,1,15,15,702
5336,1,4,4,702
5337,1,15,15,702
5338,1,15,15,702
5339,1,15,15,702
5340,1,15,15,702
5341,1,15,15,702
5342,1,15,15,702
5343,1,15,15,702
5344,1,39,39,702
5345,1,15,15,702
5346,1,15,15,702
5347,1,15,15,702
5348,1,15,15,702
5349,1,15,21,702
5350,1,15,15,702
5351,1,15,15,702
5352,1,15,15,702
5353,1,15,15,702
5354,1,15,15,702
5355,1,62,15,702
5356,1,15,15,702
5357,1,15,15,702
5358,1,15,15,702
5359,1,15,15,702
5360,1,15,15,702
5361,1,15,15,702
5362,1,15,15,702
5363,1,15,15,702
5364,1,15,15,702
5365,1,15,15,702
5366,1,15,15,702
5367,1,15,15,702
5368,1,15,15,702
5369,1,15,15,702
5370,1,15,15,702
5371,1,15,15,702
5372,1,15,15,702
5373,1,15,15,702
5374,1,15,15,702
5375,1,15,15,702
5376,1,15,15,702
5377,1,39,39,702
5378,1,15,15,702
5379,1,3,3,702
5380,1,15,15,702
5381,1,15,15,702
5382,1,15,15,702
5383,1,15,15,702
5384,1,15,15,702
5385,1,15,15,702
5386,1,15,15,702
5387,1,15,15,702
5388,1,15,15,702
5389,1,21,15,702
5390,1,15,15,702
5391,1,15,15,702
5392,1,15,15,702
5393,1,20,15,702
5394,1,15,15,702
5395,1,15,15,702
5396,1,15,15,702
5397,1,15,15,702
5398,1,41,41,702
5399,1,15,15,702
5400,1,15,15,702
5401,1,15,15,702
5402,1,15,15,702
5403,1,4,4,702
5404,1,15,15,702
5405,1,15,15,702
5406,1,15,15,702
5407,1,4,4,702
5408,1,15,15,702
5409,1,15,15,702
5410,1,15,15,702
5411,1,15,15,702
5412,1,15,15,702
5413,1,15,15,702
5414,1,15,15,702
5415,1,15,15,702
5416,1,15,15,702
5417,1,15,15,702
5418,1,15,15,702
5419,1,15,15,702
5420,1,15,15,702
5421,1,4,4,702
5422,1,15,15,702
5423,1,15,15,702
5424,1,15,15,702
5425,1,15,15,702
5426,1,15,15,702
5427,1,21,21,702
5428,1,15,15,702
5429,1,4,4,702
5430,1,15,15,702
5431,1,15,15,702
5432,1,15,15,702
5433,1,15,15,702
5434,1,15,15,702
5435,1,15,15,702
5436,1,15,15,702
5437,1,15,15,702
5438,1,15,15,702
5439,1,15,15,702
5440,1,39,39,702
5441,1,15,15,702
5442,1,39,39,702
5443,1,15,15,702
5444,1,15,15,702
5445,1,15,15,702
5446,1,15,4,702
5447,1,15,15,702
5448,1,15,15,702
5449,1,15,15,702
5450,1,15,15,702
5451,1,15,15,702
5452,1,15,15,702
5453,1,15,15,702
5454,1,15,15,702
5455,1,15,15,702
5456,1,15,15,702
5457,1,15,15,702
5458,1,15,15,702
5459,1,21,15,702
5460,1,15,15,702
5461,1,15,15,702
5462,1,15,15,702
5463,1,15,15,702
5464,1,15,15,702
5465,1,15,15,702
5466,1,4,4,702
5467,1,15,15,702
5468,1,15,15,702
5469,1,15,15,702
5470,1,15,15,702
5471,1,41,41,702
5472,1,4,4,702
5473,1,15,15,702
5474,1,15,15,702
5475,1,15,15,702
5476,1,15,15,702
5477,1,15,15,702
5478,1,15,15,702
5479,1,15,15,702
5480,1,15,15,702
5481,1,15,15,702
5482,1,15,15,702
5483,1,15,15,702
5484,1,15,15,702
5485,1,15,15,702
5486,1,15,15,702
5487,1,15,15,702
5488,1,15,15,702
5489,1,12,12,702
5490,1,15,15,702
5491,1,15,15,702
5492,1,15,15,702
5493,1,15,15,702
5494,1,15,15,702
5495,1,15,15,702
5496,1,15,15,702
5497,1,15,15,702
5498,1,15,15,702
5499,1,15,15,702
5500,1,15,15,702
5501,1,15,15,702
5502,1,15,15,702
5503,1,15,15,702
5504,1,15,15,702
5505,1,15,15,702
5506,1,15,15,702
5507,1,4,4,702
5508,1,15,15,702
5509,1,15,15,702
5510,1,21,4,702
5511,1,15,15,702
5512,1,39,39,702
5513,1,15,15,702
5514,1,15,15,702
5515,1,15,15,702
5516,1,21,15,702
5517,1,4,4,702
5518,1,15,15,702
5519,1,15,15,702
5520,1,15,15,702
5521,1,4,4,702
5522,1,15,15,702
5523,1,15,15,702
5524,1,15,15,702
5525,1,4,4,702
5526,1,15,15,702
5527,1,15,15,702
5528,1,15,15,702
5529,1,15,15,702
5530,1,15,15,702
5531,1,15,15,702
5532,1,21,15,702
5533,1,15,15,702
5534,1,15,15,702
5535,1,15,15,702
5536,1,15,15,702
5537,1,15,15,702
5538,1,15,15,702
5539,1,15,15,702
5540,1,15,15,702
5541,1,15,15,702
5542,1,15,15,702
5543,1,15,15,702
5544,1,15,15,702
5545,1,15,15,702
5546,1,15,15,702
5547,1,15,15,702
5548,1,15,15,702
5549,1,15,15,702
5550,1,4,4,702
5551,1,15,15,702
5552,1,15,15,702
5553,1,15,15,702
5554,1,15,15,702
5555,1,15,15,702
5556,1,15,15,702
5557,1,15,15,702
5558,1,15,4,702
5559,1,21,15,702
5560,1,15,15,702
5561,1,15,15,702
5562,1,15,15,702
5563,1,15,15,702
5564,1,15,15,702
5565,1,21,15,702
5566,1,15,15,702
5567,1,15,15,702
5568,1,15,15,702
5569,1,15,15,702
5570,1,15,15,702
5571,1,15,15,702
5572,1,41,41,702
5573,1,15,15,702
5574,1,15,15,702
5575,1,15,15,702
5576,1,15,15,702
5577,1,15,15,702
5578,1,15,15,702
5579,1,15,15,702
5580,1,15,15,702
5581,1,15,15,702
5582,1,15,15,702
5583,1,15,15,702
5584,1,15,15,702
5585,1,15,15,702
5586,1,15,15,702
5587,1,15,15,702
5588,1,15,15,702
5589,1,15,15,702
5590,1,15,15,702
5591,1,15,15,702
5592,1,21,15,702
5593,1,15,15,702
5594,1,15,15,702
5595,1,15,15,702
5596,1,15,15,702
5597,1,15,15,702
5598,1,15,15,702
5599,1,15,12,702
5600,1,15,15,702
5601,1,15,15,702
5602,1,15,15,702
5603,1,15,15,702
5604,1,39,41,702
5605,1,15,15,702
5606,1,15,15,702
5607,1,15,15,702
5608,1,15,15,702
5609,1,21,15,702
5610,1,15,15,702
5611,1,15,15,702
5612,1,15,15,702
5613,1,15,15,702
5614,1,15,15,702
5615,1,15,15,702
5616,1,15,15,702
5617,1,15,15,702
5618,1,15,15,702
5619,1,15,15,702
5620,1,15,15,702
5621,1,15,15,702
5622,1,15,15,702
5623,1,15,15,702
5624,1,15,15,702
5625,1,15,15,702
5626,1,15,15,702
5627,1,15,15,702
5628,1,15,15,702
5629,1,15,15,702
5630,1,15,15,702
5631,1,15,15,702
5632,1,15,15,702
5633,1,15,15,702
5634,1,15,15,702
5635,1,15,15,702
5636,1,15,15,702
5637,1,15,15,702
5638,1,21,15,702
5639,1,15,15,702
5640,1,15,15,702
5641,1,15,15,702
5642,1,15,15,702
5643,1,15,15,702
5644,1,15,15,702
5645,1,15,15,702
5646,1,15,15,702
5647,1,15,15,702
5648,1,15,15,702
5649,1,15,15,702
5650,1,15,15,702
5651,1,4,4,702
5652,1,15,15,702
5653,1,15,15,702
5654,1,15,15,702
5655,1,15,15,702
5656,1,15,15,702
5657,1,15,15,702
5658,1,15,15,702
5659,1,15,15,702
5660,1,15,15,702
5661,1,15,15,702
5662,1,15,15,702
5663,1,15,15,702
5664,1,15,15,702
5665,1,15,15,702
5666,1,15,15,702
5667,1,15,15,702
5668,1,15,15,702
5669,1,15,15,702
5670,1,15,15,702
5671,1,15,15,702
5672,1,15,15,702
5673,1,15,15,702
5674,1,15,15,702
5675,1,15,15,702
5676,1,15,15,702
5677,1,15,15,702
5678,1,24,24,702
5679,1,15,15,702
5680,1,15,15,702
5681,1,15,15,702
5682,1,15,15,702
5683,1,15,15,702
5684,1,41,41,702
5685,1,15,15,702
5686,1,15,15,702
5687,1,15,15,702
5688,1,15,15,702
5689,1,15,15,702
5690,1,39,39,702
5691,1,39,39,702
5692,1,15,15,702
5693,1,15,15,702
5694,1,15,15,702
5695,1,15,15,702
5696,1,15,15,702
5697,1,15,15,702
5698,1,21,15,702
5699,1,15,15,702
5700,1,15,15,702
5701,1,15,15,702
5702,1,15,15,702
5703,1,15,15,702
5704,1,3,3,702
5705,1,15,15,702
5706,1,15,15,702
5707,1,15,15,702
5708,1,15,15,702
5709,1,15,12,702
5710,1,15,15,702
5711,1,4,4,702
5712,1,15,15,702
5713,1,15,15,702
5714,1,41,41,702
5715,1,15,15,702
5716,1,15,15,702
5717,1,15,15,702
5718,1,4,4,702
5719,1,15,15,702
5720,1,15,15,702
5721,1,15,15,702
5722,1,15,15,702
5723,1,15,15,702
5724,1,15,15,702
5725,1,4,4,702
5726,1,15,15,702
5727,1,15,15,702
5728,1,15,15,702
5729,1,15,15,702
5730,1,15,15,702
5731,1,15,15,702
5732,1,15,15,702
5733,1,15,15,702
5734,1,15,15,702
5735,1,15,15,702
5736,1,15,15,702
5737,1,15,15,702
5738,1,4,4,702
5739,1,15,15,702
5740,1,15,15,702
5741,1,15,15,702
5742,1,4,4,702
5743,1,15,15,702
5744,1,15,15,702
5745,1,15,15,702
5746,1,21,15,702
5747,1,15,15,702
5748,1,4,4,702
5749,1,15,15,702
5750,1,15,15,702
5751,1,4,4,702
5752,1,15,15,702
5753,1,15,15,702
5754,1,15,15,702
5755,1,15,15,702
5756,1,9,9,702
5757,1,15,15,702
5758,1,15,15,702
5759,1,39,39,702
5760,1,15,15,702
5761,1,15,15,702
5762,1,15,15,702
5763,1,15,15,702
5764,1,4,4,702
5765,1,15,15,702
5766,1,15,15,702
5767,1,15,15,702
5768,1,4,4,702
5769,1,15,15,702
5770,1,15,15,702
5771,1,15,15,702
5772,1,15,15,702
5773,1,15,15,702
5774,1,15,15,702
5775,1,15,15,702
5776,1,15,15,702
5777,1,15,15,702
5778,1,15,15,702
5779,1,15,15,702
5780,1,15,15,702
5781,1,15,15,702
5782,1,15,15,702
5783,1,15,15,702
5784,1,15,15,702
5785,1,15,15,702
5786,1,15,15,702
5787,1,15,15,702
5788,1,15,15,702
5789,1,15,15,702
5790,1,15,15,702
5791,1,15,15,702
5792,1,15,15,702
5793,1,15,15,702
5794,1,15,15,702
5795,1,15,15,702
5796,1,15,15,702
5797,1,15,15,702
5798,1,15,15,702
5799,1,15,15,702
5800,1,15,15,702
5801,1,15,15,702
5802,1,15,15,702
5803,1,15,15,702
5804,1,15,15,702
5805,1,15,4,702
5806,1,15,15,702
5807,1,15,15,702
5808,1,15,15,702
5809,1,15,15,702
5810,1,15,15,702
5811,1,15,15,702
5812,1,15,15,702
5813,1,15,15,702
5814,1,15,15,702
5815,1,4,4,702
5816,1,15,15,702
5817,1,15,15,702
5818,1,15,15,702
5819,1,15,15,702
5820,1,15,15,702
5821,1,15,15,702
5822,1,15,15,702
5823,1,15,15,702
5824,1,15,15,702
5825,1,15,15,702
5826,1,15,15,702
5827,1,15,15,702
5828,1,15,15,702
5829,1,15,15,702
5830,1,15,15,702
5831,1,15,15,702
5832,1,15,15,702
5833,1,4,4,702
5834,1,15,15,702
5835,1,4,4,702
5836,1,15,15,702
5837,1,15,15,702
5838,1,15,15,702
5839,1,15,15,702
5840,1,15,15,702
5841,1,15,4,702
5842,1,15,15,702
5843,1,15,15,702
5844,1,15,15,702
5845,1,15,15,702
5846,1,15,15,702
5847,1,15,15,702
5848,1,15,15,702
5849,1,15,15,702
5850,1,15,15,702
5851,1,15,15,702
5852,1,4,4,702
5853,1,15,15,702
5854,1,15,15,702
5855,1,15,15,702
5856,1,15,15,702
5857,1,15,15,702
5858,1,15,15,702
5859,1,15,15,702
5860,1,15,15,702
5861,1,15,15,702
5862,1,15,15,702
5863,1,15,15,702
5864,1,15,15,702
5865,1,4,4,702
5866,1,15,15,702
5867,1,15,15,702
5868,1,15,15,702
5869,1,15,15,702
5870,1,15,15,702
5871,1,15,15,702
5872,1,15,15,702
5873,1,15,15,702
5874,1,15,15,702
5875,1,15,15,702
5876,1,15,15,702
5877,1,15,15,702
5878,1,15,15,702
5879,1,15,15,702
5880,1,15,15,702
5881,1,15,15,702
5882,1,15,15,702
5883,1,15,15,702
5884,1,15,15,702
5885,1,15,15,702
5886,1,39,41,702
5887,1,15,15,702
5888,1,15,15,702
5889,1,15,15,702
5890,1,15,15,702
5891,1,15,15,702
5892,1,15,15,702
5893,1,15,15,702
5894,1,15,15,702
5895,1,20,15,702
5896,1,15,15,702
5897,1,15,15,702
5898,1,15,15,702
5899,1,15,15,702
5900,1,15,15,702
5901,1,15,15,702
5902,1,15,15,702
5903,1,15,15,702
5904,1,15,15,702
5905,1,15,15,702
5906,1,15,15,702
5907,1,15,15,702
5908,1,15,15,702
5909,1,15,15,702
5910,1,4,4,702
5911,1,15,15,702
5912,1,15,15,702
5913,1,15,15,702
5914,1,15,15,702
5915,1,4,4,702
5916,1,41,41,702
5917,1,15,15,702
5918,1,15,15,702
5919,1,15,15,702
5920,1,15,15,702
5921,1,15,15,702
5922,1,15,15,702
5923,1,15,15,702
5924,1,15,15,702
5925,1,15,15,702
5926,1,15,15,702
5927,1,15,15,702
5928,1,4,4,702
5929,1,15,15,702
5930,1,15,15,702
5931,1,15,15,702
5932,1,15,15,702
5933,1,15,15,702
5934,1,15,15,702
5935,1,15,15,702
5936,1,15,15,702
5937,1,15,15,702
5938,1,15,15,702
5939,1,15,15,702
5940,1,21,21,702
5941,1,20,20,702
5942,1,15,15,702
5943,1,15,15,702
5944,1,15,15,702
5945,1,24,24,702
5946,1,15,15,702
5947,1,15,15,702
5948,1,15,15,702
5949,1,15,15,702
5950,1,4,4,702
5951,1,15,15,702
5952,1,15,15,702
5953,1,4,4,702
5954,1,15,15,702
5955,1,15,15,702
5956,1,15,15,702
5957,1,15,15,702
5958,1,4,4,702
5959,1,15,15,702
5960,1,15,15,702
5961,1,15,15,702
5962,1,4,4,702
5963,1,15,15,702
5964,1,15,15,702
5965,1,15,15,702
5966,1,15,15,702
5967,1,15,15,702
5968,1,15,15,702
5969,1,15,15,702
5970,1,15,15,702
5971,1,15,15,702
5972,1,15,15,702
5973,1,15,15,702
5974,1,15,15,702
5975,1,15,15,702
5976,1,15,15,702
5977,1,15,15,702
5978,1,15,15,702
5979,1,15,15,702
5980,1,41,41,702
5981,1,15,15,702
5982,1,15,15,702
5983,1,15,15,702
5984,1,15,15,702
5985,1,15,15,702
5986,1,15,15,702
5987,1,15,15,702
5988,1,15,15,702
5989,1,15,15,702
5990,1,15,15,702
5991,1,15,15,702
5992,1,15,15,702
5993,1,15,15,702
5994,1,15,15,702
5995,1,15,15,702
5996,1,15,15,702
5997,1,15,15,702
5998,1,15,15,702
5999,1,15,15,702
6000,1,15,15,702
6001,1,15,15,702
6002,1,15,15,702
6003,1,3,3,702
6004,1,15,15,702
6005,1,15,15,702
6006,1,15,15,702
6007,1,15,15,702
6008,1,15,4,702
6009,1,15,15,702
6010,1,15,15,702
6011,1,15,15,702
6012,1,15,15,702
6013,1,15,15,702
6014,1,15,15,702
6015,1,15,15,702
6016,1,15,15,702
6017,1,15,15,702
6018,1,15,15,702
6019,1,15,15,702
6020,1,15,15,702
6021,1,15,15,702
6022,1,15,15,702
6023,1,15,15,702
6024,1,3,3,702
6025,1,15,15,702
6026,1,15,15,702
6027,1,15,15,702
6028,1,41,41,702
6029,1,15,15,702
6030,1,15,15,702
6031,1,15,15,702
6032,1,15,15,702
6033,1,15,15,702
6034,1,15,15,702
6035,1,15,15,702
6036,1,15,15,702
6037,1,15,15,702
6038,1,15,15,702
6039,1,39,41,702
6040,1,15,15,702
6041,1,15,15,702
6042,1,15,15,702
6043,1,15,15,702
6044,1,15,15,702
6045,1,15,15,702
6046,1,15,15,702
6047,1,15,15,702
6048,1,40,40,702
6049,1,15,15,702
6050,1,15,15,702
6051,1,15,15,702
6052,1,15,15,702
6053,1,15,15,702
6054,1,15,15,702
6055,1,15,15,702
6056,1,15,15,702
6057,1,15,15,702
6058,1,15,15,702
6059,1,15,15,702
6060,1,3,3,702
6061,1,15,15,702
6062,1,15,15,702
6063,1,15,15,702
6064,1,15,15,702
6065,1,15,15,702
6066,1,15,15,702
6067,1,41,41,702
6068,1,15,15,702
6069,1,15,15,702
6070,1,15,15,702
6071,1,15,15,702
6072,1,15,15,702
6073,1,15,15,702
6074,1,41,41,702
6075,1,15,15,702
6076,1,15,15,702
6077,1,15,15,702
6078,1,39,39,702
6079,1,15,15,702
6080,1,15,15,702
6081,1,15,15,702
6082,1,15,15,702
6083,1,15,15,702
6084,1,15,15,702
6085,1,15,15,702
6086,1,15,15,702
6087,1,15,15,702
6088,1,15,15,702
6089,1,15,15,702
6090,1,15,12,702
6091,1,15,15,702
6092,1,41,41,702
6093,1,15,15,702
6094,1,15,15,702
6095,1,24,24,702
6096,1,15,15,702
6097,1,15,15,702
6098,1,15,15,702
6099,1,15,15,702
6100,1,15,15,702
6101,1,15,15,702
6102,1,15,15,702
6103,1,15,15,702
6104,1,15,15,702
6105,1,15,15,702
6106,1,15,15,702
6107,1,4,12,702
6108,1,15,15,702
6109,1,15,15,702
6110,1,15,15,702
6111,1,15,15,702
6112,1,15,15,702
6113,1,15,15,702
6114,1,15,15,702
6115,1,15,15,702
6116,1,4,4,702
6117,1,15,15,702
6118,1,15,15,702
6119,1,15,15,702
6120,1,15,15,702
6121,1,15,15,702
6122,1,15,15,702
6123,1,15,15,702
6124,1,15,15,702
6125,1,41,41,702
6126,1,15,15,702
6127,1,15,15,702
6128,1,15,15,702
6129,1,15,15,702
6130,1,15,15,702
6131,1,15,15,702
6132,1,15,15,702
6133,1,15,15,702
6134,1,15,15,702
6135,1,15,15,702
6136,1,15,15,702
6137,1,4,4,702
6138,1,15,15,702
6139,1,15,15,702
6140,1,15,15,702
6141,1,15,15,702
6142,1,15,15,702
6143,1,21,15,702
6144,1,15,15,702
6145,1,15,15,702
6146,1,15,15,702
6147,1,15,15,702
6148,1,15,15,702
6149,1,15,15,702
6150,1,15,15,702
6151,1,15,15,702
6152,1,15,15,702
6153,1,15,15,702
6154,1,15,15,702
6155,1,15,15,702
6156,1,15,15,702
6157,1,41,41,702
6158,1,15,15,702
6159,1,15,15,702
6160,1,15,15,702
6161,1,15,15,702
6162,1,15,15,702
6163,1,4,4,702
6164,1,15,12,702
6165,1,15,15,702
6166,1,15,15,702
6167,1,15,15,702
6168,1,15,15,702
6169,1,15,15,702
6170,1,15,15,702
6171,1,15,15,702
6172,1,15,15,702
6173,1,15,15,702
6174,1,15,15,702
6175,1,15,15,702
6176,1,15,15,702
6177,1,15,15,702
6178,1,15,15,702
6179,1,15,15,702
6180,1,15,15,702
6181,1,15,15,702
6182,1,15,15,702
6183,1,20,20,702
6184,1,15,15,702
6185,1,15,15,702
6186,1,15,15,702
6187,1,15,15,702
6188,1,15,15,702
6189,1,15,15,702
6190,1,15,15,702
6191,1,15,15,702
6192,1,15,15,702
6193,1,15,15,702
6194,1,15,15,702
6195,1,15,15,702
6196,1,41,41,702
6197,1,41,41,702
6198,1,15,15,702
6199,1,15,15,702
6200,1,4,4,702
6201,1,15,15,702
6202,1,21,15,702
6203,1,15,15,702
6204,1,15,15,702
6205,1,15,15,702
6206,1,15,15,702
6207,1,15,15,702
6208,1,15,15,702
6209,1,4,4,702
6210,1,15,15,702
6211,1,15,15,702
6212,1,15,15,702
6213,1,15,15,702
6214,1,15,15,702
6215,1,15,15,702
6216,1,15,15,702
6217,1,15,15,702
6218,1,15,15,702
6219,1,15,15,702
6220,1,15,15,702
6221,1,15,15,702
6222,1,4,4,702
6223,1,15,15,702
6224,1,15,15,702
6225,1,15,15,702
6226,1,15,15,702
6227,1,15,15,702
6228,1,15,15,702
6229,1,15,15,702
6230,1,15,15,702
6231,1,15,15,702
6232,1,4,4,702
6233,1,15,15,702
6234,1,15,15,702
6235,1,15,15,702
6236,1,15,15,702
6237,1,15,15,702
6238,1,15,15,702
6239,1,15,15,702
6240,1,15,15,702
6241,1,15,15,702
6242,1,15,15,702
6243,1,15,15,702
6244,1,15,15,702
6245,1,15,15,702
6246,1,15,15,702
6247,1,15,15,702
6248,1,15,15,702
6249,1,15,15,702
6250,1,15,15,702
6251,1,15,15,702
6252,1,15,15,702
6253,1,15,15,702
6254,1,15,15,702
6255,1,15,15,702
6256,1,15,15,702
6257,1,15,15,702
6258,1,15,15,702
6259,1,15,15,702
6260,1,15,15,702
6261,1,15,15,702
6262,1,15,15,702
6263,1,15,15,702
6264,1,15,15,702
6265,1,15,15,702
6266,1,15,15,702
6267,1,4,4,702
6268,1,21,15,702
6269,1,15,15,702
6270,1,15,15,702
6271,1,15,15,702
6272,1,15,15,702
6273,1,15,15,702
6274,1,15,15,702
6275,1,15,15,702
6276,1,15,15,702
6277,1,15,15,702
6278,1,15,15,702
6279,1,15,15,702
6280,1,15,15,702
6281,1,15,15,702
6282,1,15,15,702
6283,1,15,15,702
6284,1,41,41,702
6285,1,15,15,702
6286,1,15,15,702
6287,1,15,15,702
6288,1,15,15,702
6289,1,15,15,702
6290,1,15,15,702
6291,1,15,15,702
6292,1,15,15,702
6293,1,15,15,702
6294,1,15,15,702
6295,1,15,4,702
6296,1,15,15,702
6297,1,15,15,702
6298,1,15,15,702
6299,1,15,15,702
6300,1,15,15,702
6301,1,15,15,702
6302,1,15,15,702
6303,1,15,15,702
6304,1,15,15,702
6305,1,15,15,702
6306,1,15,15,702
6307,1,15,15,702
6308,1,3,3,702
6309,1,15,15,702
6310,1,15,15,702
6311,1,15,15,702
6312,1,15,15,702
6313,1,4,4,702
6314,1,15,15,702
6315,1,15,15,702
6316,1,15,15,702
6317,1,15,15,702
6318,1,15,15,702
6319,1,4,4,702
6320,1,15,15,702
6321,1,15,15,702
6322,1,15,15,702
6323,1,15,15,702
6324,1,15,15,702
6325,1,12,4,702
6326,1,21,15,702
6327,1,15,15,702
6328,1,15,15,702
6329,1,15,15,702
6330,1,15,15,702
6331,1,15,15,702
6332,1,15,15,702
6333,1,15,15,702
6334,1,15,15,702
6335,1,15,4,702
6336,1,15,15,702
6337,1,15,15,702
6338,1,15,15,702
6339,1,15,15,702
6340,1,15,15,702
6341,1,15,15,702
6342,1,15,15,702
6343,1,15,15,702
6344,1,15,15,702
6345,1,15,15,702
6346,1,15,15,702
6347,1,15,15,702
6348,1,15,15,702
6349,1,15,15,702
6350,1,4,4,702
6351,1,15,15,702
6352,1,15,15,702
6353,1,15,15,702
6354,1,21,15,702
6355,1,21,21,702
6356,1,15,15,702
6357,1,15,15,702
6358,1,15,15,702
6359,1,15,15,702
6360,1,15,15,702
6361,1,15,15,702
6362,1,15,15,702
6363,1,4,4,702
6364,1,15,15,702
6365,1,41,41,702
6366,1,15,15,702
6367,1,15,15,702
6368,1,15,15,702
6369,1,21,15,702
6370,1,15,15,702
6371,1,15,15,702
6372,1,15,15,702
6373,1,15,15,702
6374,1,15,15,702
6375,1,15,15,702
6376,1,15,15,702
6377,1,15,15,702
6378,1,15,15,702
6379,1,15,15,702
6380,1,15,15,702
6381,1,15,15,702
6382,1,15,15,702
6383,1,15,15,702
6384,1,21,15,702
6385,1,15,15,702
6386,1,15,15,702
6387,1,15,15,702
6388,1,15,15,702
6389,1,15,15,702
6390,1,15,4,702
6391,1,15,15,702
6392,1,15,15,702
6393,1,15,15,702
6394,1,15,15,702
6395,1,15,15,702
6396,1,15,15,702
6397,1,15,15,702
6398,1,15,15,702
6399,1,15,15,702
6400,1,15,15,702
6401,1,15,15,702
6402,1,15,15,702
6403,1,15,15,702
6404,1,15,15,702
6405,1,15,15,702
6406,1,15,15,702
6407,1,15,15,702
6408,1,15,15,702
6409,1,15,15,702
6410,1,15,15,702
6411,1,15,4,702
6412,1,15,15,702
6413,1,15,4,702
6414,1,15,15,702
6415,1,15,15,702
6416,1,25,25,702
6417,1,4,4,702
6418,1,15,15,702
6419,1,15,15,702
6420,1,15,15,702
6421,1,4,4,702
6422,1,15,15,702
6423,1,15,15,702
6424,1,15,15,702
6425,1,15,4,702
6426,1,15,15,702
6427,1,15,15,702
6428,1,15,15,702
6429,1,15,15,702
6430,1,15,15,702
6431,1,41,41,702
6432,1,15,15,702
6433,1,15,15,702
6434,1,15,15,702
6435,1,15,15,702
6436,1,15,15,702
6437,1,15,15,702
6438,1,4,4,702
6439,1,15,15,702
6440,1,15,15,702
6441,1,15,15,702
6442,1,15,15,702
6443,1,15,15,702
6444,1,15,15,702
6445,1,15,15,702
6446,1,4,4,702
6447,1,15,15,702
6448,1,15,15,702
6449,1,15,15,702
6450,1,15,15,702
6451,1,15,15,702
6452,1,15,15,702
6453,1,15,15,702
6454,1,15,15,702
6455,1,15,15,702
6456,1,15,15,702
6457,1,15,15,702
6458,1,4,4,702
6459,1,15,15,702
6460,1,15,15,702
6461,1,15,15,702
6462,1,15,15,702
6463,1,15,15,702
6464,1,15,15,702
6465,1,15,15,702
6466,1,11,11,702
6467,1,15,15,702
6468,1,15,15,702
6469,1,39,39,702
6470,1,15,15,702
6471,1,15,15,702
6472,1,15,15,702
6473,1,15,15,702
6474,1,15,4,702
6475,1,15,15,702
6476,1,15,15,702
6477,1,15,15,702
6478,1,15,15,702
6479,1,15,4,702
6480,1,15,15,702
6481,1,15,15,702
6482,1,15,15,702
6483,1,15,15,702
6484,1,39,39,702
6485,1,15,15,702
6486,1,15,15,702
6487,1,15,4,702
6488,1,15,15,702
6489,1,15,15,702
6490,1,15,15,702
6491,1,15,15,702
6492,1,15,15,702
6493,1,15,15,702
6494,1,15,15,702
6495,1,15,15,702
6496,1,15,15,702
6497,1,15,15,702
6498,1,15,15,702
6499,1,15,15,702
6500,1,15,15,702
6501,1,15,15,702
6502,1,15,15,702
6503,1,15,15,702
6504,1,15,15,702
6505,1,15,15,702
6506,1,15,15,702
6507,1,15,15,702
6508,1,15,15,702
6509,1,15,15,702
6510,1,15,15,702
6511,1,15,15,702
6512,1,15,15,702
6513,1,15,15,702
6514,1,15,15,702
6515,1,15,15,702
6516,1,15,15,702
6517,1,12,12,702
6518,1,15,15,702
6519,1,15,15,702
6520,1,15,15,702
6521,1,15,15,702
6522,1,15,15,702
6523,1,15,4,702
6524,1,15,15,702
6525,1,4,4,702
6526,1,15,15,702
6527,1,15,15,702
6528,1,15,15,702
6529,1,15,15,702
6530,1,15,15,702
6531,1,15,15,702
6532,1,15,15,702
6533,1,15,15,702
6534,1,3,3,702
6535,1,4,4,702
6536,1,15,15,702
6537,1,15,15,702
6538,1,15,15,702
6539,1,4,4,702
6540,1,15,15,702
6541,1,15,15,702
6542,1,15,15,702
6543,1,15,15,702
6544,1,15,15,702
6545,1,15,15,702
6546,1,15,15,702
6547,1,15,15,702
6548,1,4,4,702
6549,1,15,15,702
6550,1,15,15,702
6551,1,15,15,702
6552,1,15,15,702
6553,1,15,15,702
6554,1,15,15,702
6555,1,15,15,702
6556,1,15,15,702
6557,1,15,15,702
6558,1,15,15,702
6559,1,21,21,702
6560,1,15,15,702
6561,1,15,15,702
6562,1,15,15,702
6563,1,4,4,702
6564,1,15,15,702
6565,1,15,15,702
6566,1,15,15,702
6567,1,15,15,702
6568,1,15,15,702
6569,1,15,15,702
6570,1,15,15,702
6571,1,4,4,702
6572,1,15,15,702
6573,1,15,15,702
6574,1,15,15,702
6575,1,39,39,702
6576,1,15,15,702
6577,1,15,15,702
6578,1,15,15,702
6579,1,15,4,702
6580,1,15,15,702
6581,1,15,15,702
6582,1,15,15,702
6583,1,15,15,702
6584,1,15,15,702
6585,1,15,15,702
6586,1,15,15,702
6587,1,15,15,702
6588,1,15,15,702
6589,1,15,15,702
6590,1,15,4,702
6591,1,15,15,702
6592,1,15,4,702
6593,1,15,15,702
6594,1,15,15,702
6595,1,15,15,702
6596,1,15,15,702
6597,1,15,15,702
6598,1,15,15,702
6599,1,15,15,702
6600,1,15,15,702
6601,1,15,15,702
6602,1,15,15,702
6603,1,15,15,702
6604,1,15,15,702
6605,1,15,15,702
6606,1,15,15,702
6607,1,15,15,702
6608,1,15,15,702
6609,1,15,15,702
6610,1,15,15,702
6611,1,15,15,702
6612,1,15,15,702
6613,1,15,15,702
6614,1,15,15,702
6615,1,4,4,702
6616,1,15,15,702
6617,1,15,15,702
6618,1,15,15,702
6619,1,15,15,702
6620,1,15,15,702
6621,1,21,15,702
6622,1,15,15,702
6623,1,4,4,702
6624,1,15,15,702
6625,1,15,15,702
6626,1,15,15,702
6627,1,15,15,702
6628,1,15,15,702
6629,1,15,15,702
6630,1,15,15,702
6631,1,21,15,702
6632,1,15,15,702
6633,1,15,15,702
6634,1,15,15,702
6635,1,15,15,702
6636,1,15,15,702
6637,1,15,15,702
6638,1,15,15,702
6639,1,15,15,702
6640,1,15,15,702
6641,1,15,15,702
6642,1,15,15,702
6643,1,15,4,702
6644,1,15,15,702
6645,1,15,15,702
6646,1,15,15,702
6647,1,15,15,702
6648,1,15,15,702
6649,1,15,15,702
6650,1,15,15,702
6651,1,15,15,702
6652,1,15,15,702
6653,1,21,15,702
6654,1,15,15,702
6655,1,39,39,702
6656,1,15,15,702
6657,1,15,15,702
6658,1,15,15,702
6659,1,15,15,702
6660,1,15,15,702
6661,1,15,15,702
6662,1,15,15,702
6663,1,15,15,702
6664,1,15,15,702
6665,1,15,15,702
6666,1,4,4,702
6667,1,21,15,702
6668,1,15,15,702
6669,1,15,15,702
6670,1,15,15,702
6671,1,15,15,702
6672,1,15,15,702
6673,1,15,15,702
6674,1,15,15,702
6675,1,15,15,702
6676,1,4,4,702
6677,1,15,15,702
6678,1,15,15,702
6679,1,15,15,702
6680,1,15,15,702
6681,1,15,15,702
6682,1,15,15,702
6683,1,15,15,702
6684,1,15,15,702
6685,1,15,15,702
6686,1,15,15,702
6687,1,15,15,702
6688,1,15,15,702
6689,1,15,15,702
6690,1,15,15,702
6691,1,15,15,702
6692,1,15,15,702
6693,1,15,15,702
6694,1,15,15,702
6695,1,15,15,702
6696,1,4,4,702
6697,1,12,12,702
6698,1,4,4,702
6699,1,15,15,702
6700,1,15,15,702
6701,1,15,15,702
6702,1,15,15,702
6703,1,15,15,702
6704,1,15,15,702
6705,1,4,4,702
6706,1,15,15,702
6707,1,15,15,702
6708,1,15,15,702
6709,1,15,15,702
6710,1,15,15,702
6711,1,15,15,702
6712,1,15,15,702
6713,1,15,15,702
6714,1,15,15,702
6715,1,15,15,702
6716,1,15,15,702
6717,1,15,4,702
6718,1,15,15,702
6719,1,15,15,702
6720,1,21,15,702
6721,1,15,15,702
6722,1,15,15,702
6723,1,15,15,702
6724,1,15,15,702
6725,1,15,15,702
6726,1,15,15,702
6727,1,15,15,702
6728,1,15,15,702
6729,1,15,15,702
6730,1,15,15,702
6731,1,15,15,702
6732,1,15,15,702
6733,1,15,15,702
6734,1,15,15,702
6735,1,15,15,702
6736,1,15,15,702
6737,1,15,15,702
6738,1,15,15,702
6739,1,15,15,702
6740,1,15,15,702
6741,1,15,15,702
6742,1,15,15,702
6743,1,15,15,702
6744,1,15,15,702
6745,1,15,15,702
6746,1,15,15,702
6747,1,15,15,702
6748,1,15,15,702
6749,1,15,15,702
6750,1,15,15,702
6751,1,15,15,702
6752,1,15,15,702
6753,1,15,15,702
6754,1,15,15,702
6755,1,15,15,702
6756,1,4,4,702
6757,1,15,15,702
6758,1,15,15,702
6759,1,15,15,702
6760,1,15,15,702
6761,1,15,15,702
6762,1,15,15,702
6763,1,15,15,702
6764,1,24,24,702
6765,1,15,15,702
6766,1,15,15,702
6767,1,15,15,702
6768,1,15,15,702
6769,1,15,15,702
6770,1,15,15,702
6771,1,15,15,702
6772,1,15,15,702
6773,1,15,15,702
6774,1,15,15,702
6775,1,15,15,702
6776,1,15,15,702
6777,1,15,15,702
6778,1,15,15,702
6779,1,15,15,702
6780,1,15,15,702
6781,1,15,15,702
6782,1,15,15,702
6783,1,15,15,702
6784,1,15,15,702
6785,1,15,15,702
6786,1,15,15,702
6787,1,39,39,702
6788,1,4,4,702
6789,1,4,4,702
6790,1,15,15,702
6791,1,15,15,702
6792,1,15,15,702
6793,1,15,15,702
6794,1,15,15,702
6795,1,15,15,702
6796,1,15,15,702
6797,1,15,15,702
6798,1,15,15,702
6799,1,15,15,702
6800,1,4,4,702
6801,1,15,15,702
6802,1,15,15,702
6803,1,15,15,702
6804,1,15,15,702
6805,1,15,15,702
6806,1,15,15,702
6807,1,15,15,702
6808,1,15,15,702
6809,1,15,15,702
6810,1,4,4,702
6811,1,15,15,702
6812,1,15,15,702
6813,1,15,15,702
6814,1,15,15,702
6815,1,15,15,702
6816,1,15,15,702
6817,1,15,15,702
6818,1,15,15,702
6819,1,41,41,702
6820,1,15,15,702
6821,1,15,15,702
6822,1,15,15,702
6823,1,15,15,702
6824,1,15,15,702
6825,1,15,15,702
6826,1,15,15,702
6827,1,15,15,702
6828,1,15,15,702
6829,1,39,39,702
6830,1,15,15,702
6831,1,15,15,702
6832,1,15,15,702
6833,1,15,15,702
6834,1,15,15,702
6835,1,4,4,702
6836,1,15,15,702
6837,1,15,15,702
6838,1,15,15,702
6839,1,15,15,702
6840,1,15,15,702
6841,1,15,15,702
6842,1,15,15,702
6843,1,15,15,702
6844,1,9,9,702
6845,1,15,15,702
6846,1,15,15,702
6847,1,15,15,702
6848,1,15,15,702
6849,1,15,15,702
6850,1,15,15,702
6851,1,15,15,702
6852,1,15,15,702
6853,1,15,15,702
6854,1,15,15,702
6855,1,39,39,702
6856,1,15,15,702
6857,1,15,15,702
6858,1,15,15,702
6859,1,15,15,702
6860,1,15,15,702
6861,1,15,15,702
6862,1,15,15,702
6863,1,15,15,702
6864,1,12,12,702
6865,1,15,15,702
6866,1,15,15,702
6867,1,15,15,702
6868,1,15,15,702
6869,1,15,15,702
6870,1,15,15,702
6871,1,3,3,702
6872,1,15,15,702
6873,1,15,15,702
6874,1,15,15,702
6875,1,21,15,702
6876,1,15,15,702
6877,1,15,15,702
6878,1,15,15,702
6879,1,15,15,702
6880,1,15,15,702
6881,1,15,15,702
6882,1,15,15,702
6883,1,15,15,702
6884,1,15,4,702
6885,1,15,15,702
6886,1,15,15,702
6887,1,15,15,702
6888,1,15,15,702
6889,1,15,15,702
6890,1,15,15,702
6891,1,15,15,702
6892,1,4,4,702
6893,1,15,15,702
6894,1,15,15,702
6895,1,15,15,702
6896,1,15,15,702
6897,1,15,15,702
6898,1,15,15,702
6899,1,15,15,702
6900,1,15,15,702
6901,1,15,15,702
6902,1,15,15,702
6903,1,15,15,702
6904,1,15,15,702
6905,1,15,15,702
6906,1,15,15,702
6907,1,15,15,702
6908,1,15,15,702
6909,1,15,15,702
6910,1,15,15,702
6911,1,15,15,702
6912,1,15,15,702
6913,1,15,15,702
6914,1,15,15,702
6915,1,15,15,702
6916,1,15,15,702
6917,1,15,15,702
6918,1,15,15,702
6919,1,15,15,702
6920,1,15,15,702
6921,1,15,15,702
6922,1,15,15,702
6923,1,15,15,702
6924,1,15,15,702
6925,1,15,15,702
6926,1,15,15,702
6927,1,15,15,702
6928,1,15,15,702
6929,1,15,15,702
6930,1,4,4,702
6931,1,15,15,702
6932,1,15,15,702
6933,1,15,15,702
6934,1,9,9,702
6935,1,15,15,702
6936,1,15,15,702
6937,1,15,15,702
6938,1,15,15,702
6939,1,15,15,702
6940,1,15,15,702
6941,1,15,15,702
6942,1,15,15,702
6943,1,15,15,702
6944,1,15,15,702
6945,1,15,15,702
6946,1,15,15,702
6947,1,15,15,702
6948,1,15,15,702
6949,1,21,15,702
6950,1,4,4,702
6951,1,15,15,702
6952,1,15,15,702
6953,1,15,15,702
6954,1,15,15,702
6955,1,15,15,702
6956,1,15,15,702
6957,1,15,4,702
6958,1,15,15,702
6959,1,15,15,702
6960,1,15,15,702
6961,1,41,41,702
6962,1,15,15,702
6963,1,15,15,702
6964,1,15,15,702
6965,1,15,15,702
6966,1,15,15,702
6967,1,15,15,702
6968,1,4,4,702
6969,1,15,15,702
6970,1,15,15,702
6971,1,15,15,702
6972,1,15,15,702
6973,1,15,15,702
6974,1,15,15,702
6975,1,15,15,702
6976,1,15,15,702
6977,1,15,15,702
6978,1,15,15,702
6979,1,15,15,702
6980,1,15,15,702
6981,1,15,15,702
6982,1,15,15,702
6983,1,15,15,702
6984,1,15,15,702
6985,1,15,15,702
6986,1,15,15,702
6987,1,15,15,702
6988,1,41,41,702
6989,1,4,4,702
6990,1,15,15,702
6991,1,15,15,702
6992,1,15,15,702
6993,1,15,15,702
6994,1,15,15,702
6995,1,15,15,702
6996,1,15,15,702
6997,1,15,15,702
6998,1,15,15,702
6999,1,4,4,702
7000,1,41,41,702
7001,1,15,15,702
7002,1,15,15,702
7003,1,15,15,702
7004,1,15,15,702
7005,1,15,15,702
7006,1,15,15,702
7007,1,15,15,702
7008,1,15,15,702
7009,1,41,15,702
7010,1,15,15,702
7011,1,15,15,702
7012,1,15,15,702
7013,1,15,15,702
7014,1,15,15,702
7015,1,15,15,702
7016,1,15,15,702
7017,1,15,15,702
7018,1,15,15,702
7019,1,15,15,702
7020,1,39,39,702
7021,1,15,15,702
7022,1,15,15,702
7023,1,15,15,702
7024,1,15,15,702
7025,1,15,15,702
7026,1,15,15,702
7027,1,15,15,702
7028,1,39,39,702
7029,1,41,41,702
7030,1,15,15,702
7031,1,4,4,702
7032,1,15,15,702
7033,1,15,15,702
7034,1,21,15,702
7035,1,15,3,702
7036,1,15,15,702
7037,1,15,15,702
7038,1,15,15,702
7039,1,15,15,702
7040,1,15,15,702
7041,1,15,15,702
7042,1,15,15,702
7043,1,15,15,702
7044,1,15,15,702
7045,1,4,4,702
7046,1,15,15,702
7047,1,15,15,702
7048,1,15,15,702
7049,1,15,15,702
7050,1,15,15,702
7051,1,15,15,702
7052,1,15,15,702
7053,1,15,15,702
7054,1,41,41,702
7055,1,15,15,702
7056,1,15,15,702
7057,1,15,15,702
7058,1,15,15,702
7059,1,15,15,702
7060,1,9,9,702
7061,1,21,15,702
7062,1,15,15,702
7063,1,15,15,702
7064,1,15,15,702
7065,1,15,15,702
7066,1,15,15,702
7067,1,15,15,702
7068,1,15,15,702
7069,1,15,15,702
7070,1,15,15,702
7071,1,21,15,702
7072,1,15,15,702
7073,1,15,15,702
7074,1,15,41,702
7075,1,15,15,702
7076,1,41,41,702
7077,1,15,15,702
7078,1,15,15,702
7079,1,15,15,702
7080,1,15,15,702
7081,1,15,15,702
7082,1,15,15,702
7083,1,15,15,702
7084,1,15,15,702
7085,1,15,15,702
7086,1,15,15,702
7087,1,15,15,702
7088,1,15,15,702
7089,1,15,15,702
7090,1,39,39,702
7091,1,15,15,702
7092,1,15,15,702
7093,1,39,15,702
7094,1,15,15,702
7095,1,15,15,702
7096,1,15,15,702
7097,1,15,15,702
7098,1,15,15,702
7099,1,15,15,702
7100,1,21,15,702
7101,1,15,15,702
7102,1,15,15,702
7103,1,15,15,702
7104,1,15,15,702
7105,1,15,15,702
7106,1,15,15,702
7107,1,15,15,702
7108,1,15,15,702
7109,1,15,15,702
7110,1,15,15,702
7111,1,15,15,702
7112,1,15,15,702
7113,1,15,15,702
7114,1,15,15,702
7115,1,15,15,702
7116,1,15,15,702
7117,1,15,15,702
7118,1,24,24,702
7119,1,15,15,702
7120,1,15,15,702
7121,1,9,9,702
7122,1,15,15,702
7123,1,15,15,702
7124,1,15,15,702
7125,1,15,15,702
7126,1,15,15,702
7127,1,15,15,702
7128,1,15,15,702
7129,1,15,15,702
7130,1,41,41,702
7131,1,15,15,702
7132,1,15,15,702
7133,1,15,15,702
7134,1,15,15,702
7135,1,15,15,702
7136,1,15,15,702
7137,1,15,15,702
7138,1,15,12,702
7139,1,15,15,702
7140,1,15,15,702
7141,1,15,15,702
7142,1,15,15,702
7143,1,15,15,702
7144,1,15,15,702
7145,1,15,15,702
7146,1,15,15,702
7147,1,15,15,702
7148,1,15,15,702
7149,1,4,4,702
7150,1,15,15,702
7151,1,15,15,702
7152,1,15,15,702
7153,1,15,15,702
7154,1,15,15,702
7155,1,15,15,702
7156,1,15,15,702
7157,1,15,15,702
7158,1,15,15,702
7159,1,15,15,702
7160,1,15,15,702
7161,1,15,15,702
7162,1,15,4,702
7163,1,15,15,702
7164,1,15,15,702
7165,1,15,15,702
7166,1,15,15,702
7167,1,15,15,702
7168,1,15,15,702
7169,1,15,15,702
7170,1,15,15,702
7171,1,15,15,702
7172,1,15,15,702
7173,1,15,15,702
7174,1,15,15,702
7175,1,15,15,702
7176,1,15,15,702
7177,1,15,3,702
7178,1,15,15,702
7179,1,15,15,702
7180,1,15,15,702
7181,1,15,15,702
7182,1,21,15,702
7183,1,15,15,702
7184,1,15,15,702
7185,1,15,15,702
7186,1,15,15,702
7187,1,15,15,702
7188,1,15,15,702
7189,1,15,15,702
7190,1,15,15,702
7191,1,15,15,702
7192,1,15,15,702
7193,1,15,15,702
7194,1,15,15,702
7195,1,15,15,702
7196,1,15,15,702
7197,1,15,15,702
7198,1,15,15,702
7199,1,15,15,702
7200,1,15,4,702
7201,1,15,15,702
7202,1,15,15,702
7203,1,15,15,702
7204,1,15,15,702
7205,1,15,15,702
7206,1,12,12,702
7207,1,15,15,702
7208,1,15,15,702
7209,1,15,15,702
7210,1,15,12,702
7211,1,15,15,702
7212,1,15,15,702
7213,1,15,15,702
7214,1,15,15,702
7215,1,15,15,702
7216,1,15,15,702
7217,1,15,15,702
7218,1,15,15,702
7219,1,15,15,702
7220,1,15,15,702
7221,1,15,15,702
7222,1,15,15,702
7223,1,15,15,702
7224,1,15,15,702
7225,1,15,15,702
7226,1,15,15,702
7227,1,15,15,702
7228,1,15,15,702
7229,1,15,15,702
7230,1,15,15,702
7231,1,15,15,702
7232,1,15,15,702
7233,1,15,15,702
7234,1,3,3,702
7235,1,15,15,702
7236,1,15,15,702
7237,1,15,15,702
7238,1,15,15,702
7239,1,15,15,702
7240,1,15,15,702
7241,1,15,15,702
7242,1,4,4,702
7243,1,15,15,702
7244,1,41,41,702
7245,1,15,15,702
7246,1,15,15,702
7247,1,15,15,702
7248,1,15,15,702
7249,1,15,15,702
7250,1,15,15,702
7251,1,21,15,702
7252,1,9,9,702
7253,1,15,15,702
7254,1,15,15,702
7255,1,15,15,702
7256,1,15,15,702
7257,1,12,12,702
7258,1,15,15,702
7259,1,15,15,702
7260,1,15,15,702
7261,1,15,15,702
7262,1,15,15,702
7263,1,15,15,702
7264,1,15,15,702
7265,1,15,15,702
7266,1,39,39,702
7267,1,15,15,702
7268,1,15,15,702
7269,1,15,15,702
7270,1,15,15,702
7271,1,15,15,702
7272,1,15,15,702
7273,1,15,15,702
7274,1,15,15,702
7275,1,15,15,702
7276,1,15,15,702
7277,1,15,15,702
7278,1,15,15,702
7279,1,15,15,702
7280,1,15,15,702
7281,1,15,15,702
7282,1,15,15,702
7283,1,20,15,702
7284,1,15,15,702
7285,1,15,15,702
7286,1,15,15,702
7287,1,15,15,702
7288,1,15,15,702
7289,1,15,15,702
7290,1,15,15,702
7291,1,4,4,702
7292,1,15,15,702
7293,1,15,15,702
7294,1,15,15,702
7295,1,15,15,702
7296,1,15,15,702
7297,1,15,15,702
7298,1,15,15,702
7299,1,15,15,702
7300,1,15,15,702
7301,1,15,15,702
7302,1,15,15,702
7303,1,15,15,702
7304,1,15,15,702
7305,1,15,15,702
7306,1,15,15,702
7307,1,15,15,702
7308,1,15,15,702
7309,1,15,15,702
7310,1,15,15,702
7311,1,15,15,702
7312,1,15,15,702
7313,1,15,15,702
7314,1,15,15,702
7315,1,15,15,702
7316,1,15,15,702
7317,1,15,15,702
7318,1,15,15,702
7319,1,15,15,702
7320,1,4,4,702
7321,1,21,21,702
7322,1,15,15,702
7323,1,15,15,702
7324,1,15,15,702
7325,1,15,15,702
7326,1,15,15,702
7327,1,15,15,702
7328,1,15,15,702
7329,1,15,15,702
7330,1,15,15,702
7331,1,15,15,702
7332,1,15,15,702
7333,1,15,15,702
7334,1,39,39,702
7335,1,15,15,702
7336,1,15,15,702
7337,1,15,15,702
7338,1,15,15,702
7339,1,4,4,702
7340,1,15,15,702
7341,1,15,15,702
7342,1,15,15,702
7343,1,15,15,702
7344,1,15,15,702
7345,1,15,15,702
7346,1,15,15,702
7347,1,15,15,702
7348,1,15,15,702
7349,1,15,15,702
7350,1,15,15,702
7351,1,15,15,702
7352,1,15,15,702
7353,1,15,15,702
7354,1,15,15,702
7355,1,15,15,702
7356,1,15,15,702
7357,1,15,15,702
7358,1,15,15,702
7359,1,15,15,702
7360,1,15,15,702
7361,1,15,4,702
7362,1,15,15,702
7363,1,15,15,702
7364,1,15,15,702
7365,1,15,15,702
7366,1,15,15,702
7367,1,15,15,702
7368,1,15,15,702
7369,1,15,15,702
7370,1,15,15,702
7371,1,15,15,702
7372,1,15,15,702
7373,1,15,15,702
7374,1,15,15,702
7375,1,15,15,702
7376,1,15,15,702
7377,1,15,15,702
7378,1,15,15,702
7379,1,15,15,702
7380,1,15,15,702
7381,1,15,15,702
7382,1,15,15,702
7383,1,15,15,702
7384,1,15,15,702
7385,1,15,15,702
7386,1,15,15,702
7387,1,15,15,702
7388,1,15,15,702
7389,1,15,15,702
7390,1,15,15,702
7391,1,15,15,702
7392,1,15,15,702
7393,1,15,15,702
7394,1,15,15,702
7395,1,15,15,702
7396,1,15,15,702
7397,1,15,15,702
7398,1,15,15,702
7399,1,15,15,702
7400,1,15,15,702
7401,1,15,15,702
7402,1,15,15,702
7403,1,15,15,702
7404,1,15,4,702
7405,1,9,9,702
7406,1,39,39,702
7407,1,15,15,702
7408,1,15,15,702
7409,1,15,15,702
7410,1,15,15,702
7411,1,15,15,702
7412,1,15,15,702
7413,1,15,15,702
7414,1,15,15,702
7415,1,15,15,702
7416,1,3,3,702
7417,1,15,15,702
7418,1,15,15,702
7419,1,15,15,702
7420,1,15,15,702
7421,1,15,15,702
7422,1,15,15,702
7423,1,15,15,702
7424,1,15,15,702
7425,1,15,15,702
7426,1,15,15,702
7427,1,15,15,702
7428,1,15,15,702
7429,1,15,15,702
7430,1,4,4,702
7431,1,15,15,702
7432,1,15,15,702
7433,1,15,15,702
7434,1,15,15,702
7435,1,15,15,702
7436,1,15,15,702
7437,1,15,15,702
7438,1,15,15,702
7439,1,4,4,702
7440,1,15,15,702
7441,1,15,15,702
7442,1,15,15,702
7443,1,15,15,702
7444,1,15,15,702
7445,1,15,15,702
7446,1,15,15,702
7447,1,15,15,702
7448,1,15,15,702
7449,1,15,15,702
7450,1,21,15,702
7451,1,15,15,702
7452,1,15,15,702
7453,1,15,15,702
7454,1,15,15,702
7455,1,15,15,702
7456,1,15,15,702
7457,1,15,15,702
7458,1,15,15,702
7459,1,15,15,702
7460,1,15,15,702
7461,1,15,15,702
7462,1,15,15,702
7463,1,15,15,702
7464,1,15,15,702
7465,1,15,15,702
7466,1,15,15,702
7467,1,15,15,702
7468,1,15,15,702
7469,1,15,15,702
7470,1,15,15,702
7471,1,15,15,702
7472,1,15,15,702
7473,1,15,15,702
7474,1,15,15,702
7475,1,15,15,702
7476,1,15,15,702
7477,1,15,15,702
7478,1,3,3,702
7479,1,15,15,702
7480,1,39,39,702
7481,1,21,15,702
7482,1,15,15,702
7483,1,15,15,702
7484,1,15,15,702
7485,1,15,15,702
7486,1,15,15,702
7487,1,12,12,702
7488,1,15,15,702
7489,1,15,15,702
7490,1,15,15,702
7491,1,15,15,702
7492,1,15,15,702
7493,1,15,15,702
7494,1,15,15,702
7495,1,24,24,702
7496,1,41,41,702
7497,1,15,15,702
7498,1,15,15,702
7499,1,15,15,702
7500,1,15,15,702
7501,1,39,39,702
7502,1,15,15,702
7503,1,15,15,702
7504,1,39,39,702
7505,1,15,15,702
7506,1,15,15,702
7507,1,15,15,702
7508,1,15,15,702
7509,1,15,15,702
7510,1,15,15,702
7511,1,15,15,702
7512,1,15,15,702
7513,1,15,15,702
7514,1,15,15,702
7515,1,15,15,702
7516,1,15,15,702
7517,1,15,15,702
7518,1,15,15,702
7519,1,15,15,702
7520,1,15,15,702
7521,1,15,15,702
7522,1,15,15,702
7523,1,15,15,702
7524,1,15,15,702
7525,1,21,15,702
7526,1,15,15,702
7527,1,15,15,702
7528,1,15,15,702
7529,1,15,15,702
7530,1,15,15,702
7531,1,15,15,702
7532,1,15,15,702
7533,1,15,15,702
7534,1,15,15,702
7535,1,15,15,702
7536,1,15,15,702
7537,1,15,15,702
7538,1,15,15,702
7539,1,15,15,702
7540,1,15,15,702
7541,1,41,41,702
7542,1,15,15,702
7543,1,15,15,702
7544,1,15,15,702
7545,1,15,15,702
7546,1,15,15,702
7547,1,15,15,702
7548,1,15,15,702
7549,1,15,15,702
7550,1,15,4,702
7551,1,15,15,702
7552,1,15,15,702
7553,1,15,15,702
7554,1,15,15,702
7555,1,15,15,702
7556,1,15,15,702
7557,1,15,15,702
7558,1,15,15,702
7559,1,15,15,702
7560,1,15,15,702
7561,1,15,15,702
7562,1,15,15,702
7563,1,15,15,702
7564,1,15,15,702
7565,1,15,15,702
7566,1,15,15,702
7567,1,4,4,702
7568,1,4,4,702
7569,1,15,15,702
7570,1,15,15,702
7571,1,15,15,702
7572,1,15,15,702
7573,1,15,15,702
7574,1,15,15,702
7575,1,15,15,702
7576,1,15,15,702
7577,1,15,15,702
7578,1,15,15,702
7579,1,15,15,702
7580,1,15,15,702
7581,1,15,15,702
7582,1,15,15,702
7583,1,15,15,702
7584,1,15,15,702
7585,1,15,15,702
7586,1,15,15,702
7587,1,15,15,702
7588,1,15,15,702
7589,1,15,15,702
7590,1,15,15,702
7591,1,15,15,702
7592,1,15,15,702
7593,1,15,15,702
7594,1,15,15,702
7595,1,15,15,702
7596,1,41,15,702
7597,1,15,15,702
7598,1,15,15,702
7599,1,15,15,702
7600,1,15,15,702
7601,1,15,15,702
7602,1,15,15,702
7603,1,15,15,702
7604,1,15,15,702
7605,1,15,15,702
7606,1,15,15,702
7607,1,15,15,702
7608,1,15,15,702
7609,1,15,15,702
7610,1,15,15,702
7611,1,15,15,702
7612,1,15,15,702
7613,1,15,15,702
7614,1,15,15,702
7615,1,15,15,702
7616,1,15,15,702
7617,1,15,15,702
7618,1,39,41,702
7619,1,15,15,702
7620,1,15,15,702
7621,1,15,15,702
7622,1,15,15,702
7623,1,15,15,702
7624,1,15,15,702
7625,1,15,15,702
7626,1,15,15,702
7627,1,15,15,702
7628,1,15,15,702
7629,1,15,15,702
7630,1,39,39,702
7631,1,15,15,702
7632,1,15,15,702
7633,1,15,15,702
7634,1,15,15,702
7635,1,15,15,702
7636,1,15,15,702
7637,1,15,15,702
7638,1,4,4,702
7639,1,15,15,702
7640,1,41,15,702
7641,1,21,15,702
7642,1,41,41,702
7643,1,15,15,702
7644,1,15,15,702
7645,1,15,15,702
7646,1,15,15,702
7647,1,15,15,702
7648,1,15,15,702
7649,1,15,15,702
7650,1,15,15,702
7651,1,15,15,702
7652,1,15,15,702
7653,1,4,4,702
7654,1,15,15,702
7655,1,15,15,702
7656,1,15,15,702
7657,1,15,15,702
7658,1,15,15,702
7659,1,15,15,702
7660,1,15,15,702
7661,1,15,15,702
7662,1,15,15,702
7663,1,15,15,702
7664,1,4,4,702
7665,1,15,15,702
7666,1,15,4,702
7667,1,15,15,702
7668,1,15,15,702
7669,1,21,15,702
7670,1,15,15,702
7671,1,15,15,702
7672,1,15,15,702
7673,1,15,15,702
7674,1,15,15,702
7675,1,15,15,702
7676,1,15,15,702
7677,1,4,4,702
7678,1,15,15,702
7679,1,15,15,702
7680,1,4,4,702
7681,1,15,15,702
7682,1,15,15,702
7683,1,11,11,702
7684,1,15,15,702
7685,1,15,15,702
7686,1,15,15,702
7687,1,15,15,702
7688,1,4,4,702
7689,1,15,15,702
7690,1,15,15,702
7691,1,15,15,702
7692,1,15,15,702
7693,1,15,15,702
7694,1,15,15,702
7695,1,15,15,702
7696,1,15,15,702
7697,1,15,15,702
7698,1,15,15,702
7699,1,15,15,702
7700,1,15,15,702
7701,1,15,15,702
7702,1,15,15,702
7703,1,15,15,702
7704,1,15,15,702
7705,1,15,15,702
7706,1,15,15,702
7707,1,15,15,702
7708,1,15,15,702
7709,1,15,15,702
7710,1,15,15,702
7711,1,15,15,702
7712,1,15,15,702
7713,1,15,15,702
7714,1,15,15,702
7715,1,15,15,702
7716,1,15,15,702
7717,1,15,15,702
7718,1,15,15,702
7719,1,15,15,702
7720,1,15,15,702
7721,1,15,15,702
7722,1,15,15,702
7723,1,15,15,702
7724,1,15,15,702
7725,1,15,15,702
7726,1,15,15,702
7727,1,15,15,702
7728,1,15,15,702
7729,1,15,15,702
7730,1,15,15,702
7731,1,15,15,702
7732,1,15,15,702
7733,1,15,15,702
7734,1,15,15,702
7735,1,15,15,702
7736,1,15,15,702
7737,1,15,15,702
7738,1,15,15,702
7739,1,15,15,702
7740,1,15,15,702
7741,1,15,15,702
7742,1,15,15,702
7743,1,15,15,702
7744,1,15,15,702
7745,1,15,15,702
7746,1,15,15,702
7747,1,15,15,702
7748,1,15,15,702
7749,1,15,15,702
7750,1,15,15,702
7751,1,15,15,702
7752,1,11,11,702
7753,1,15,15,702
7754,1,15,15,702
7755,1,15,15,702
7756,1,15,15,702
7757,1,4,4,702
7758,1,15,15,702
7759,1,15,15,702
7760,1,15,15,702
7761,1,15,15,702
7762,1,15,15,702
7763,1,15,15,702
7764,1,15,15,702
7765,1,15,15,702
7766,1,15,15,702
7767,1,15,15,702
7768,1,15,15,702
7769,1,41,41,702
7770,1,15,15,702
7771,1,15,15,702
7772,1,15,15,702
7773,1,15,15,702
7774,1,15,15,702
7775,1,15,15,702
7776,1,3,3,702
7777,1,15,15,702
7778,1,15,15,702
7779,1,15,15,702
7780,1,15,15,702
7781,1,15,15,702
7782,1,15,15,702
7783,1,15,15,702
7784,1,15,15,702
7785,1,15,15,702
7786,1,15,15,702
7787,1,15,15,702
7788,1,15,15,702
7789,1,15,15,702
7790,1,15,15,702
7791,1,15,15,702
7792,1,15,15,702
7793,1,4,4,702
7794,1,15,15,702
7795,1,15,15,702
7796,1,15,15,702
7797,1,15,15,702
7798,1,15,15,702
7799,1,15,15,702
7800,1,15,15,702
7801,1,15,15,702
7802,1,15,15,702
7803,1,15,15,702
7804,1,15,15,702
7805,1,15,15,702
7806,1,4,15,702
7807,1,15,15,702
7808,1,15,15,702
7809,1,15,15,702
7810,1,15,15,702
7811,1,4,4,702
7812,1,15,15,702
7813,1,15,15,702
7814,1,15,15,702
7815,1,15,15,702
7816,1,15,15,702
7817,1,15,15,702
7818,1,15,15,702
7819,1,15,15,702
7820,1,15,15,702
7821,1,15,15,702
7822,1,15,15,702
7823,1,15,15,702
7824,1,15,15,702
7825,1,15,15,702
7826,1,15,15,702
7827,1,15,15,702
7828,1,15,15,702
7829,1,15,4,702
7830,1,15,15,702
7831,1,15,15,702
7832,1,15,15,702
7833,1,15,15,702
7834,1,15,15,702
7835,1,21,21,702
7836,1,15,15,702
7837,1,15,15,702
7838,1,15,15,702
7839,1,15,15,702
7840,1,15,15,702
7841,1,15,15,702
7842,1,15,15,702
7843,1,15,15,702
7844,1,21,15,702
7845,1,15,15,702
7846,1,4,4,702
7847,1,15,15,702
7848,1,15,15,702
7849,1,15,15,702
7850,1,15,15,702
7851,1,15,15,702
7852,1,15,15,702
7853,1,15,15,702
7854,1,4,4,702
7855,1,15,15,702
7856,1,4,4,702
7857,1,15,4,702
7858,1,15,15,702
7859,1,15,15,702
7860,1,15,15,702
7861,1,15,15,702
7862,1,15,12,702
7863,1,15,15,702
7864,1,15,15,702
7865,1,15,15,702
7866,1,4,4,702
7867,1,15,15,702
7868,1,21,15,702
7869,1,15,15,702
7870,1,15,15,702
7871,1,15,15,702
7872,1,15,15,702
7873,1,15,15,702
7874,1,15,15,702
7875,1,15,15,702
7876,1,15,15,702
7877,1,39,39,702
7878,1,15,15,702
7879,1,15,15,702
7880,1,15,15,702
7881,1,15,15,702
7882,1,15,15,702
7883,1,15,15,702
7884,1,15,15,702
7885,1,15,15,702
7886,1,15,15,702
7887,1,15,15,702
7888,1,15,15,702
7889,1,15,15,702
7890,1,15,15,702
7891,1,15,15,702
7892,1,15,15,702
7893,1,15,15,702
7894,1,15,15,702
7895,1,15,15,702
7896,1,15,15,702
7897,1,15,15,702
7898,1,15,15,702
7899,1,15,15,702
7900,1,15,15,702
7901,1,15,15,702
7902,1,15,15,702
7903,1,15,15,702
7904,1,15,15,702
7905,1,15,15,702
7906,1,15,15,702
7907,1,4,4,702
7908,1,4,4,702
7909,1,15,15,702
7910,1,15,15,702
7911,1,15,15,702
7912,1,15,15,702
7913,1,15,15,702
7914,1,15,15,702
7915,1,15,15,702
7916,1,15,15,702
7917,1,15,15,702
7918,1,15,15,702
7919,1,15,15,702
7920,1,15,15,702
7921,1,15,15,702
7922,1,15,15,702
7923,1,15,15,702
7924,1,15,15,702
7925,1,15,15,702
7926,1,15,15,702
7927,1,15,15,702
7928,1,15,15,702
7929,1,4,4,702
7930,1,15,15,702
7931,1,15,15,702
7932,1,15,15,702
7933,1,9,9,702
7934,1,15,15,702
7935,1,15,15,702
7936,1,15,15,702
7937,1,15,15,702
7938,1,15,15,702
7939,1,15,15,702
7940,1,21,21,702
7941,1,15,15,702
7942,1,15,15,702
7943,1,15,15,702
7944,1,15,15,702
7945,1,15,15,702
7946,1,15,15,702
7947,1,15,15,702
7948,1,15,15,702
7949,1,15,15,702
7950,1,15,15,702
7951,1,15,15,702
7952,1,15,15,702
7953,1,15,15,702
7954,1,15,15,702
7955,1,15,15,702
7956,1,15,15,702
7957,1,15,15,702
7958,1,15,15,702
7959,1,15,15,702
7960,1,15,15,702
7961,1,15,15,702
7962,1,21,15,702
7963,1,15,15,702
7964,1,15,15,702
7965,1,15,15,702
7966,1,15,15,702
7967,1,15,15,702
7968,1,15,15,702
7969,1,15,15,702
7970,1,15,15,702
7971,1,15,15,702
7972,1,15,15,702
7973,1,15,15,702
7974,1,39,39,702
7975,1,15,15,702
7976,1,15,15,702
7977,1,15,15,702
7978,1,15,15,702
7979,1,15,15,702
7980,1,15,15,702
7981,1,21,15,702
7982,1,15,15,702
7983,1,15,15,702
7984,1,15,15,702
7985,1,15,15,702
7986,1,15,15,702
7987,1,15,15,702
7988,1,15,15,702
7989,1,15,15,702
7990,1,15,15,702
7991,1,15,15,702
7992,1,12,12,702
7993,1,15,15,702
7994,1,15,11,702
7995,1,15,15,702
7996,1,15,15,702
7997,1,15,15,702
7998,1,15,15,702
7999,1,15,15,702
8000,1,15,15,702
8001,1,15,15,702
8002,1,15,15,702
8003,1,15,15,702
8004,1,15,15,702
8005,1,15,15,702
8006,1,15,15,702
8007,1,15,15,702
8008,1,15,15,702
8009,1,15,15,702
8010,1,15,15,702
8011,1,15,15,702
8012,1,15,15,702
8013,1,15,15,702
8014,1,15,15,702
8015,1,4,4,702
8016,1,15,15,702
8017,1,15,15,702
8018,1,15,15,702
8019,1,15,15,702
8020,1,15,15,702
8021,1,15,15,702
8022,1,15,15,702
8023,1,15,15,702
8024,1,12,12,702
8025,1,15,15,702
8026,1,15,15,702
8027,1,15,15,702
8028,1,15,15,702
8029,1,15,15,702
8030,1,15,15,702
8031,1,15,15,702
8032,1,15,15,702
8033,1,15,15,702
8034,1,15,15,702
8035,1,15,15,702
8036,1,15,15,702
8037,1,15,15,702
8038,1,15,15,702
8039,1,15,15,702
8040,1,15,15,702
8041,1,15,15,702
8042,1,41,41,702
8043,1,15,15,702
8044,1,15,15,702
8045,1,15,15,702
8046,1,4,4,702
8047,1,15,15,702
8048,1,15,15,702
8049,1,15,15,702
8050,1,39,41,702
8051,1,15,15,702
8052,1,15,15,702
8053,1,15,15,702
8054,1,15,15,702
8055,1,15,15,702
8056,1,21,15,702
8057,1,15,15,702
8058,1,15,15,702
8059,1,15,15,702
8060,1,15,15,702
8061,1,15,15,702
8062,1,15,15,702
8063,1,15,15,702
8064,1,12,12,702
8065,1,15,15,702
8066,1,15,15,702
8067,1,15,15,702
8068,1,15,15,702
8069,1,15,15,702
8070,1,39,39,702
8071,1,15,15,702
8072,1,4,4,702
8073,1,21,15,702
8074,1,39,41,702
8075,1,15,15,702
8076,1,15,15,702
8077,1,15,15,702
8078,1,15,15,702
8079,1,15,15,702
8080,1,41,41,702
8081,1,15,15,702
8082,1,15,15,702
8083,1,15,15,702
8084,1,15,15,702
8085,1,15,15,702
8086,1,3,3,702
8087,1,15,15,702
8088,1,15,15,702
8089,1,15,15,702
8090,1,15,15,702
8091,1,15,15,702
8092,1,21,15,702
8093,1,15,15,702
8094,1,15,15,702
8095,1,15,15,702
8096,1,15,15,702
8097,1,15,15,702
8098,1,15,15,702
8099,1,15,15,702
8100,1,15,15,702
8101,1,15,15,702
8102,1,15,15,702
8103,1,15,15,702
8104,1,20,15,702
8105,1,15,15,702
8106,1,15,15,702
8107,1,4,12,702
8108,1,15,15,702
8109,1,15,15,702
8110,1,4,4,702
8111,1,21,15,702
8112,1,11,11,702
8113,1,15,15,702
8114,1,15,15,702
8115,1,15,15,702
8116,1,15,15,702
8117,1,15,15,702
8118,1,4,4,702
8119,1,15,15,702
8120,1,15,15,702
8121,1,15,15,702
8122,1,15,15,702
8123,1,15,15,702
8124,1,21,15,702
8125,1,15,15,702
8126,1,15,15,702
8127,1,15,15,702
8128,1,4,4,702
8129,1,15,15,702
8130,1,15,15,702
8131,1,15,15,702
8132,1,15,15,702
8133,1,15,15,702
8134,1,15,15,702
8135,1,15,15,702
8136,1,15,15,702
8137,1,15,15,702
8138,1,15,15,702
8139,1,15,15,702
8140,1,15,15,702
8141,1,15,15,702
8142,1,15,15,702
8143,1,15,15,702
8144,1,15,15,702
8145,1,15,15,702
8146,1,15,15,702
8147,1,15,15,702
8148,1,15,15,702
8149,1,15,15,702
8150,1,15,15,702
8151,1,15,15,702
8152,1,15,15,702
8153,1,15,15,702
8154,1,15,15,702
8155,1,15,15,702
8156,1,15,15,702
8157,1,15,15,702
8158,1,15,15,702
8159,1,4,4,702
8160,1,15,15,702
8161,1,15,15,702
8162,1,15,15,702
8163,1,15,15,702
8164,1,15,15,702
8165,1,15,15,702
8166,1,41,41,702
8167,1,15,15,702
8168,1,15,15,702
8169,1,15,15,702
8170,1,15,15,702
8171,1,15,15,702
8172,1,15,15,702
8173,1,21,15,702
8174,1,15,15,702
8175,1,15,15,702
8176,1,21,15,702
8177,1,15,15,702
8178,1,15,15,702
8179,1,15,15,702
8180,1,15,15,702
8181,1,15,15,702
8182,1,15,15,702
8183,1,15,15,702
8184,1,15,15,702
8185,1,15,15,702
8186,1,15,15,702
8187,1,15,15,702
8188,1,15,15,702
8189,1,15,15,702
8190,1,4,4,702
8191,1,15,15,702
8192,1,15,15,702
8193,1,15,15,702
8194,1,15,15,702
8195,1,15,15,702
8196,1,15,15,702
8197,1,15,15,702
8198,1,15,15,702
8199,1,15,15,702
8200,1,15,15,702
8201,1,12,12,702
8202,1,15,15,702
8203,1,15,15,702
8204,1,15,15,702
8205,1,15,15,702
8206,1,15,15,702
8207,1,15,15,702
8208,1,15,4,702
8209,1,15,15,702
8210,1,15,15,702
8211,1,15,15,702
8212,1,15,15,702
8213,1,15,15,702
8214,1,15,15,702
8215,1,15,15,702
8216,1,15,15,702
8217,1,24,24,702
8218,1,15,15,702
8219,1,15,15,702
8220,1,15,15,702
8221,1,15,15,702
8222,1,15,15,702
8223,1,15,15,702
8224,1,15,15,702
8225,1,4,4,702
8226,1,41,41,702
8227,1,15,15,702
8228,1,15,15,702
8229,1,12,12,702
8230,1,15,15,702
8231,1,15,15,702
8232,1,15,15,702
8233,1,15,15,702
8234,1,15,15,702
8235,1,15,15,702
8236,1,4,4,702
8237,1,15,15,702
8238,1,15,15,702
8239,1,15,15,702
8240,1,15,15,702
8241,1,15,15,702
8242,1,15,15,702
8243,1,15,15,702
8244,1,15,15,702
8245,1,15,15,702
8246,1,15,15,702
8247,1,15,15,702
8248,1,15,15,702
8249,1,20,15,702
8250,1,15,15,702
8251,1,15,15,702
8252,1,15,15,702
8253,1,15,15,702
8254,1,15,15,702
8255,1,15,15,702
8256,1,15,15,702
8257,1,15,15,702
8258,1,41,41,702
8259,1,15,15,702
8260,1,15,15,702
8261,1,15,15,702
8262,1,15,15,702
8263,1,3,3,702
8264,1,15,15,702
8265,1,15,15,702
8266,1,15,15,702
8267,1,15,15,702
8268,1,15,15,702
8269,1,15,15,702
8270,1,15,15,702
8271,1,15,15,702
8272,1,15,15,702
8273,1,15,15,702
8274,1,15,15,702
8275,1,15,15,702
8276,1,21,15,702
8277,1,15,15,702
8278,1,15,15,702
8279,1,15,15,702
8280,1,15,15,702
8281,1,15,15,702
8282,1,15,15,702
8283,1,15,15,702
8284,1,15,15,702
8285,1,15,15,702
8286,1,15,15,702
8287,1,15,15,702
8288,1,15,15,702
8289,1,15,15,702
8290,1,15,15,702
8291,1,15,15,702
8292,1,15,15,702
8293,1,15,15,702
8294,1,15,15,702
8295,1,15,15,702
8296,1,15,15,702
8297,1,15,15,702
8298,1,15,15,702
8299,1,15,15,702
8300,1,15,15,702
8301,1,15,15,702
8302,1,15,15,702
8303,1,15,15,702
8304,1,15,15,702
8305,1,15,15,702
8306,1,15,15,702
8307,1,15,15,702
8308,1,15,15,702
8309,1,15,15,702
8310,1,15,15,702
8311,1,15,15,702
8312,1,15,15,702
8313,1,4,4,702
8314,1,12,12,702
8315,1,15,15,702
8316,1,15,15,702
8317,1,15,15,702
8318,1,15,15,702
8319,1,15,15,702
8320,1,15,15,702
8321,1,15,15,702
8322,1,15,15,702
8323,1,15,15,702
8324,1,15,15,702
8325,1,15,15,702
8326,1,15,15,702
8327,1,15,15,702
8328,1,4,4,702
8329,1,15,15,702
8330,1,15,15,702
8331,1,15,15,702
8332,1,15,15,702
8333,1,15,15,702
8334,1,15,15,702
8335,1,15,15,702
8336,1,15,15,702
8337,1,15,15,702
8338,1,15,15,702
8339,1,15,15,702
8340,1,15,15,702
8341,1,15,15,702
8342,1,15,15,702
8343,1,15,15,702
8344,1,15,15,702
8345,1,15,15,702
8346,1,15,15,702
8347,1,15,15,702
8348,1,15,15,702
8349,1,15,15,702
8350,1,4,4,702
8351,1,15,15,702
8352,1,15,15,702
8353,1,15,15,702
8354,1,15,15,702
8355,1,15,15,702
8356,1,15,15,702
8357,1,15,4,702
8358,1,24,24,702
8359,1,15,15,702
8360,1,15,15,702
8361,1,3,3,702
8362,1,15,15,702
8363,1,15,15,702
8364,1,15,15,702
8365,1,15,15,702
8366,1,15,15,702
8367,1,15,15,702
8368,1,15,15,702
8369,1,15,15,702
8370,1,15,15,702
8371,1,15,15,702
8372,1,15,15,702
8373,1,15,15,702
8374,1,15,15,702
8375,1,15,15,702
8376,1,15,15,702
8377,1,15,15,702
8378,1,15,4,702
8379,1,15,15,702
8380,1,15,15,702
8381,1,15,15,702
8382,1,15,15,702
8383,1,15,15,702
8384,1,15,15,702
8385,1,15,15,702
8386,1,39,39,702
8387,1,15,15,702
8388,1,15,15,702
8389,1,15,15,702
8390,1,15,15,702
8391,1,15,15,702
8392,1,15,15,702
8393,1,15,15,702
8394,1,15,15,702
8395,1,15,15,702
8396,1,15,15,702
8397,1,4,4,702
8398,1,15,15,702
8399,1,15,15,702
8400,1,15,15,702
8401,1,15,15,702
8402,1,15,15,702
8403,1,15,15,702
8404,1,15,4,702
8405,1,15,15,702
8406,1,15,15,702
8407,1,15,15,702
8408,1,15,15,702
8409,1,15,15,702
8410,1,15,15,702
8411,1,12,12,702
8412,1,15,15,702
8413,1,15,15,702
8414,1,15,15,702
8415,1,15,15,702
8416,1,15,15,702
8417,1,15,15,702
8418,1,15,15,702
8419,1,15,15,702
8420,1,15,15,702
8421,1,15,15,702
8422,1,15,15,702
8423,1,15,15,702
8424,1,15,15,702
8425,1,15,15,702
8426,1,4,4,702
8427,1,15,15,702
8428,1,15,15,702
8429,1,15,15,702
8430,1,15,15,702
8431,1,15,15,702
8432,1,15,15,702
8433,1,15,15,702
8434,1,15,15,702
8435,1,15,15,702
8436,1,15,15,702
8437,1,15,15,702
8438,1,15,15,702
8439,1,15,15,702
8440,1,15,15,702
8441,1,3,3,702
8442,1,15,15,702
8443,1,15,15,702
8444,1,15,15,702
8445,1,15,15,702
8446,1,15,15,702
8447,1,39,39,702
8448,1,9,9,702
8449,1,15,15,702
8450,1,15,15,702
8451,1,15,15,702
8452,1,15,15,702
8453,1,15,15,702
8454,1,15,15,702
8455,1,15,15,702
8456,1,15,15,702
8457,1,15,15,702
8458,1,15,15,702
8459,1,15,4,702
8460,1,15,15,702
8461,1,15,15,702
8462,1,15,12,702
8463,1,15,15,702
8464,1,15,15,702
8465,1,15,15,702
8466,1,15,15,702
8467,1,15,15,702
8468,1,15,15,702
8469,1,39,39,702
8470,1,15,15,702
8471,1,15,15,702
8472,1,15,15,702
8473,1,15,15,702
8474,1,15,15,702
8475,1,15,15,702
8476,1,15,15,702
8477,1,15,15,702
8478,1,15,15,702
8479,1,4,4,702
8480,1,15,15,702
8481,1,15,15,702
8482,1,15,15,702
8483,1,15,15,702
8484,1,4,4,702
8485,1,39,39,702
8486,1,15,15,702
8487,1,15,15,702
8488,1,15,15,702
8489,1,15,15,702
8490,1,15,15,702
8491,1,15,15,702
8492,1,15,15,702
8493,1,15,15,702
8494,1,15,15,702
8495,1,15,15,702
8496,1,15,15,702
8497,1,15,15,702
8498,1,15,15,702
8499,1,15,15,702
8500,1,15,15,702
8501,1,15,15,702
8502,1,15,15,702
8503,1,15,15,702
8504,1,15,15,702
8505,1,15,15,702
8506,1,15,15,702
8507,1,15,15,702
8508,1,15,15,702
8509,1,15,15,702
8510,1,15,15,702
8511,1,15,15,702
8512,1,15,15,702
8513,1,15,15,702
8514,1,15,15,702
8515,1,15,15,702
8516,1,15,15,702
8517,1,12,12,702
8518,1,15,15,702
8519,1,15,15,702
8520,1,15,15,702
8521,1,15,15,702
8522,1,15,15,702
8523,1,15,15,702
8524,1,15,15,702
8525,1,15,15,702
8526,1,15,15,702
8527,1,15,15,702
8528,1,15,15,702
8529,1,15,15,702
8530,1,15,4,702
8531,1,15,15,702
8532,1,15,15,702
8533,1,15,15,702
8534,1,15,15,702
8535,1,15,15,702
8536,1,9,9,702
8537,1,15,15,702
8538,1,15,15,702
8539,1,15,15,702
8540,1,39,39,702
8541,1,15,15,702
8542,1,15,15,702
8543,1,15,15,702
8544,1,15,15,702
8545,1,15,15,702
8546,1,15,15,702
8547,1,15,15,702
8548,1,15,15,702
8549,1,15,15,702
8550,1,24,24,702
8551,1,15,15,702
8552,1,15,15,702
8553,1,15,15,702
8554,1,15,15,702
8555,1,15,15,702
8556,1,15,15,702
8557,1,15,15,702
8558,1,15,15,702
8559,1,15,15,702
8560,1,15,15,702
8561,1,15,15,702
8562,1,4,4,702
8563,1,15,15,702
8564,1,15,15,702
8565,1,15,4,702
8566,1,15,15,702
8567,1,15,15,702
8568,1,15,15,702
8569,1,15,15,702
8570,1,15,15,702
8571,1,15,15,702
8572,1,15,15,702
8573,1,21,15,702
8574,1,15,15,702
8575,1,15,15,702
8576,1,15,15,702
8577,1,15,15,702
8578,1,15,15,702
8579,1,15,15,702
8580,1,15,15,702
8581,1,15,15,702
8582,1,15,15,702
8583,1,15,15,702
8584,1,15,15,702
8585,1,15,15,702
8586,1,15,15,702
8587,1,15,15,702
8588,1,15,15,702
8589,1,15,15,702
8590,1,15,15,702
8591,1,15,15,702
8592,1,15,15,702
8593,1,15,15,702
8594,1,15,15,702
8595,1,15,15,702
8596,1,15,15,702
8597,1,15,15,702
8598,1,15,15,702
8599,1,15,15,702
8600,1,15,4,702
8601,1,15,15,702
8602,1,15,15,702
8603,1,15,15,702
8604,1,15,15,702
8605,1,15,15,702
8606,1,15,15,702
8607,1,21,15,702
8608,1,15,15,702
8609,1,39,21,702
8610,1,15,15,702
8611,1,15,15,702
8612,1,15,15,702
8613,1,15,15,702
8614,1,15,15,702
8615,1,15,15,702
8616,1,15,15,702
8617,1,15,15,702
8618,1,15,15,702
8619,1,15,15,702
8620,1,15,15,702
8621,1,15,15,702
8622,1,15,15,702
8623,1,15,15,702
8624,1,15,15,702
8625,1,15,15,702
8626,1,15,15,702
8627,1,15,15,702
8628,1,15,15,702
8629,1,15,15,702
8630,1,15,15,702
8631,1,48,48,702
8632,1,15,15,702
8633,1,15,15,702
8634,1,15,15,702
8635,1,15,15,702
8636,1,15,15,702
8637,1,15,15,702
8638,1,15,15,702
8639,1,15,15,702
8640,1,15,15,702
8641,1,9,9,702
8642,1,15,15,702
8643,1,15,15,702
8644,1,15,15,702
8645,1,15,15,702
8646,1,15,15,702
8647,1,15,15,702
8648,1,3,3,702
8649,1,15,15,702
8650,1,15,15,702
8651,1,15,15,702
8652,1,15,15,702
8653,1,15,15,702
8654,1,15,4,702
8655,1,15,15,702
8656,1,15,15,702
8657,1,15,15,702
8658,1,15,15,702
8659,1,3,4,702
8660,1,15,15,702
8661,1,15,15,702
8662,1,15,15,702
8663,1,15,15,702
8664,1,15,4,702
8665,1,15,15,702
8666,1,15,15,702
8667,1,15,15,702
8668,1,15,15,702
8669,1,15,15,702
8670,1,15,15,702
8671,1,15,15,702
8672,1,21,15,702
8673,1,15,15,702
8674,1,15,15,702
8675,1,15,15,702
8676,1,15,15,702
8677,1,15,15,702
8678,1,15,15,702
8679,1,15,15,702
8680,1,15,15,702
8681,1,15,15,702
8682,1,15,15,702
8683,1,15,15,702
8684,1,15,15,702
8685,1,15,15,702
8686,1,15,15,702
8687,1,15,15,702
8688,1,15,15,702
8689,1,15,15,702
8690,1,15,15,702
8691,1,15,15,702
8692,1,15,15,702
8693,1,15,15,702
8694,1,15,15,702
8695,1,15,15,702
8696,1,15,15,702
8697,1,15,15,702
8698,1,15,15,702
8699,1,15,15,702
8700,1,15,15,702
8701,1,15,15,702
8702,1,15,15,702
8703,1,15,12,702
8704,1,15,15,702
8705,1,15,15,702
8706,1,15,15,702
8707,1,15,15,702
8708,1,15,15,702
8709,1,15,15,702
8710,1,15,15,702
8711,1,15,15,702
8712,1,15,15,702
8713,1,15,15,702
8714,1,15,15,702
8715,1,15,15,702
8716,1,4,4,702
8717,1,15,15,702
8718,1,15,15,702
8719,1,15,15,702
8720,1,15,15,702
8721,1,15,15,702
8722,1,15,15,702
8723,1,15,15,702
8724,1,15,15,702
8725,1,15,15,702
8726,1,15,15,702
8727,1,15,15,702
8728,1,4,4,702
8729,1,15,15,702
8730,1,15,15,702
8731,1,15,15,702
8732,1,15,15,702
8733,1,15,15,702
8734,1,15,15,702
8735,1,15,15,702
8736,1,15,15,702
8737,1,39,39,702
8738,1,15,15,702
8739,1,12,12,702
8740,1,15,15,702
8741,1,15,15,702
8742,1,15,15,702
8743,1,15,15,702
8744,1,15,15,702
8745,1,15,15,702
8746,1,15,15,702
8747,1,39,39,702
8748,1,15,15,702
8749,1,21,15,702
8750,1,15,15,702
8751,1,15,15,702
8752,1,15,15,702
8753,1,15,15,702
8754,1,15,15,702
8755,1,15,15,702
8756,1,15,15,702
8757,1,15,15,702
8758,1,41,41,702
8759,1,4,4,702
8760,1,15,15,702
8761,1,15,15,702
8762,1,15,15,702
8763,1,15,15,702
8764,1,15,15,702
8765,1,15,15,702
8766,1,15,15,702
8767,1,21,21,702
8768,1,15,15,702
8769,1,21,15,702
8770,1,15,15,702
8771,1,15,4,702
8772,1,15,15,702
8773,1,15,15,702
8774,1,15,15,702
8775,1,15,15,702
8776,1,15,15,702
8777,1,4,4,702
8778,1,15,15,702
8779,1,15,15,702
8780,1,15,15,702
8781,1,15,15,702
8782,1,21,15,702
8783,1,15,4,702
8784,1,15,15,702
8785,1,21,15,702
8786,1,15,15,702
8787,1,15,15,702
8788,1,15,15,702
8789,1,15,15,702
8790,1,15,15,702
8791,1,15,15,702
8792,1,15,15,702
8793,1,15,15,702
8794,1,15,15,702
8795,1,15,15,702
8796,1,15,15,702
8797,1,15,15,702
8798,1,12,12,702
8799,1,15,15,702
8800,1,15,15,702
8801,1,15,15,702
8802,1,15,15,702
8803,1,15,15,702
8804,1,15,15,702
8805,1,15,15,702
8806,1,15,15,702
8807,1,15,15,702
8808,1,15,15,702
8809,1,15,15,702
8810,1,12,12,702
8811,1,15,15,702
8812,1,15,15,702
8813,1,15,15,702
8814,1,15,15,702
8815,1,15,15,702
8816,1,15,15,702
8817,1,15,15,702
8818,1,15,15,702
8819,1,15,15,702
8820,1,15,15,702
8821,1,15,15,702
8822,1,15,15,702
8823,1,15,15,702
8824,1,15,15,702
8825,1,15,15,702
8826,1,15,15,702
8827,1,15,15,702
8828,1,15,15,702
8829,1,21,15,702
8830,1,15,15,702
8831,1,15,15,702
8832,1,15,15,702
8833,1,4,4,702
8834,1,15,15,702
8835,1,15,15,702
8836,1,15,15,702
8837,1,15,15,702
8838,1,15,15,702
8839,1,15,15,702
8840,1,15,15,702
8841,1,15,15,702
8842,1,25,25,702
8843,1,15,15,702
8844,1,15,15,702
8845,1,15,15,702
8846,1,15,15,702
8847,1,15,15,702
8848,1,11,11,702
8849,1,15,15,702
8850,1,15,15,702
8851,1,15,15,702
8852,1,15,15,702
8853,1,15,15,702
8854,1,15,15,702
8855,1,15,15,702
8856,1,15,15,702
8857,1,15,15,702
8858,1,15,15,702
8859,1,15,15,702
8860,1,15,15,702
8861,1,15,15,702
8862,1,15,15,702
8863,1,15,15,702
8864,1,15,15,702
8865,1,15,15,702
8866,1,15,15,702
8867,1,15,15,702
8868,1,15,15,702
8869,1,15,15,702
8870,1,15,15,702
8871,1,15,15,702
8872,1,15,15,702
8873,1,15,15,702
8874,1,15,15,702
8875,1,15,15,702
8876,1,15,15,702
8877,1,15,15,702
8878,1,15,15,702
8879,1,15,4,702
8880,1,39,39,702
8881,1,15,15,702
8882,1,15,15,702
8883,1,15,15,702
8884,1,15,15,702
8885,1,15,15,702
8886,1,15,15,702
8887,1,15,15,702
8888,1,15,15,702
8889,1,15,15,702
8890,1,15,15,702
8891,1,15,15,702
8892,1,15,15,702
8893,1,15,15,702
8894,1,15,15,702
8895,1,15,15,702
8896,1,15,15,702
8897,1,21,15,702
8898,1,12,12,702
8899,1,15,15,702
8900,1,39,39,702
8901,1,15,15,702
8902,1,15,15,702
8903,1,15,15,702
8904,1,15,15,702
8905,1,15,15,702
8906,1,15,15,702
8907,1,15,15,702
8908,1,15,15,702
8909,1,15,15,702
8910,1,15,15,702
8911,1,15,15,702
8912,1,15,15,702
8913,1,15,15,702
8914,1,15,15,702
8915,1,15,15,702
8916,1,15,15,702
8917,1,15,15,702
8918,1,15,15,702
8919,1,21,15,702
8920,1,15,15,702
8921,1,15,15,702
8922,1,15,15,702
8923,1,15,15,702
8924,1,15,15,702
8925,1,15,15,702
8926,1,15,15,702
8927,1,15,15,702
8928,1,12,12,702
8929,1,15,15,702
8930,1,15,15,702
8931,1,15,15,702
8932,1,15,15,702
8933,1,15,15,702
8934,1,4,4,702
8935,1,15,15,702
8936,1,15,15,702
8937,1,15,15,702
8938,1,15,15,702
8939,1,15,15,702
8940,1,15,15,702
8941,1,15,15,702
8942,1,15,15,702
8943,1,15,15,702
8944,1,15,15,702
8945,1,15,15,702
8946,1,15,15,702
8947,1,15,15,702
8948,1,15,15,702
8949,1,15,15,702
8950,1,21,15,702
8951,1,15,15,702
8952,1,21,15,702
8953,1,15,15,702
8954,1,15,15,702
8955,1,15,15,702
8956,1,15,15,702
8957,1,15,15,702
8958,1,15,15,702
8959,1,15,15,702
8960,1,15,15,702
8961,1,15,15,702
8962,1,15,15,702
8963,1,15,15,702
8964,1,39,39,702
8965,1,15,15,702
8966,1,15,15,702
8967,1,15,15,702
8968,1,15,15,702
8969,1,15,15,702
8970,1,15,15,702
8971,1,15,15,702
8972,1,15,15,702
8973,1,15,15,702
8974,1,15,15,702
8975,1,15,15,702
8976,1,15,15,702
8977,1,15,15,702
8978,1,15,15,702
8979,1,15,15,702
8980,1,4,4,702
8981,1,15,15,702
8982,1,4,4,702
8983,1,15,15,702
8984,1,15,15,702
8985,1,15,15,702
8986,1,4,4,702
8987,1,21,15,702
8988,1,15,15,702
8989,1,15,15,702
8990,1,15,15,702
8991,1,9,9,702
8992,1,15,15,702
8993,1,25,15,702
8994,1,15,15,702
8995,1,15,15,702
8996,1,15,15,702
8997,1,15,15,702
8998,1,15,15,702
8999,1,15,15,702
9000,1,4,4,702
9001,1,15,15,702
9002,1,39,39,702
9003,1,15,15,702
9004,1,15,15,702
9005,1,15,15,702
9006,1,15,15,702
9007,1,15,15,702
9008,1,4,4,702
9009,1,15,15,702
9010,1,15,15,702
9011,1,15,15,702
9012,1,15,15,702
9013,1,15,15,702
9014,1,15,15,702
9015,1,15,15,702
9016,1,15,15,702
9017,1,15,15,702
9018,1,15,15,702
9019,1,15,15,702
9020,1,15,15,702
9021,1,15,15,702
9022,1,15,15,702
9023,1,15,15,702
9024,1,15,15,702
9025,1,15,15,702
9026,1,15,15,702
9027,1,15,15,702
9028,1,15,15,702
9029,1,15,15,702
9030,1,15,15,702
9031,1,15,15,702
9032,1,15,15,702
9033,1,15,15,702
9034,1,15,15,702
9035,1,15,15,702
9036,1,15,15,702
9037,1,15,15,702
9038,1,15,15,702
9039,1,21,15,702
9040,1,15,15,702
9041,1,15,15,702
9042,1,15,15,702
9043,1,15,15,702
9044,1,15,15,702
9045,1,21,15,702
9046,1,15,15,702
9047,1,15,15,702
9048,1,4,4,702
9049,1,15,15,702
9050,1,15,15,702
9051,1,15,15,702
9052,1,39,15,702
9053,1,15,15,702
9054,1,15,15,702
9055,1,15,15,702
9056,1,21,15,702
9057,1,15,15,702
9058,1,15,15,702
9059,1,15,15,702
9060,1,15,15,702
9061,1,15,15,702
9062,1,15,15,702
9063,1,15,15,702
9064,1,15,15,702
9065,1,15,15,702
9066,1,4,4,702
9067,1,15,15,702
9068,1,15,15,702
9069,1,15,15,702
9070,1,15,15,702
9071,1,15,15,702
9072,1,15,15,702
9073,1,15,15,702
9074,1,15,15,702
9075,1,15,15,702
9076,1,15,15,702
9077,1,15,15,702
9078,1,15,15,702
9079,1,15,15,702
9080,1,15,15,702
9081,1,15,15,702
9082,1,15,15,702
9083,1,15,15,702
9084,1,15,15,702
9085,1,15,15,702
9086,1,15,15,702
9087,1,39,39,702
9088,1,41,41,702
9089,1,15,15,702
9090,1,3,3,702
9091,1,15,15,702
9092,1,4,4,702
9093,1,15,15,702
9094,1,21,15,702
9095,1,15,15,702
9096,1,15,15,702
9097,1,15,15,702
9098,1,15,15,702
9099,1,15,15,702
9100,1,15,15,702
9101,1,4,4,702
9102,1,15,15,702
9103,1,15,15,702
9104,1,15,15,702
9105,1,15,15,702
9106,1,15,15,702
9107,1,4,12,702
9108,1,15,15,702
9109,1,15,15,702
9110,1,15,15,702
9111,1,15,15,702
9112,1,15,15,702
9113,1,15,15,702
9114,1,15,15,702
9115,1,15,15,702
9116,1,15,15,702
9117,1,15,15,702
9118,1,15,15,702
9119,1,15,15,702
9120,1,12,12,702
9121,1,15,15,702
9122,1,15,15,702
9123,1,15,15,702
9124,1,21,15,702
9125,1,15,15,702
9126,1,15,15,702
9127,1,15,15,702
9128,1,15,15,702
9129,1,15,15,702
9130,1,15,15,702
9131,1,15,15,702
9132,1,15,15,702
9133,1,15,15,702
9134,1,15,15,702
9135,1,15,15,702
9136,1,15,15,702
9137,1,15,15,702
9138,1,15,15,702
9139,1,15,15,702
9140,1,15,15,702
9141,1,15,15,702
9142,1,15,15,702
9143,1,15,15,702
9144,1,15,15,702
9145,1,41,41,702
9146,1,15,15,702
9147,1,15,15,702
9148,1,15,15,702
9149,1,15,15,702
9150,1,15,15,702
9151,1,15,15,702
9152,1,15,15,702
9153,1,15,15,702
9154,1,15,15,702
9155,1,15,15,702
9156,1,15,15,702
9157,1,15,15,702
9158,1,15,15,702
9159,1,15,15,702
9160,1,9,9,702
9161,1,15,15,702
9162,1,15,15,702
9163,1,4,4,702
9164,1,15,15,702
9165,1,15,15,702
9166,1,9,9,702
9167,1,15,15,702
9168,1,15,15,702
9169,1,15,15,702
9170,1,15,15,702
9171,1,15,15,702
9172,1,15,21,702
9173,1,4,4,702
9174,1,15,15,702
9175,1,39,39,702
9176,1,4,4,702
9177,1,15,15,702
9178,1,15,15,702
9179,1,15,15,702
9180,1,15,15,702
9181,1,15,15,702
9182,1,15,15,702
9183,1,41,41,702
9184,1,15,15,702
9185,1,15,15,702
9186,1,15,15,702
9187,1,15,15,702
9188,1,15,15,702
9189,1,4,4,702
9190,1,15,15,702
9191,1,15,15,702
9192,1,15,15,702
9193,1,15,15,702
9194,1,15,15,702
9195,1,15,15,702
9196,1,15,15,702
9197,1,15,15,702
9198,1,15,15,702
9199,1,15,15,702
9200,1,15,15,702
9201,1,15,15,702
9202,1,15,15,702
9203,1,15,15,702
9204,1,15,15,702
9205,1,15,15,702
9206,1,15,15,702
9207,1,15,15,702
9208,1,9,9,702
9209,1,15,15,702
9210,1,15,15,702
9211,1,15,15,702
9212,1,15,15,702
9213,1,15,15,702
9214,1,15,15,702
9215,1,15,15,702
9216,1,15,15,702
9217,1,15,15,702
9218,1,15,15,702
9219,1,15,15,702
9220,1,15,15,702
9221,1,15,15,702
9222,1,15,15,702
9223,1,15,15,702
9224,1,15,15,702
9225,1,15,15,702
9226,1,15,15,702
9227,1,15,4,702
9228,1,41,41,702
9229,1,15,15,702
9230,1,15,15,702
9231,1,15,15,702
9232,1,15,15,702
9233,1,15,15,702
9234,1,39,39,702
9235,1,15,15,702
9236,1,15,15,702
9237,1,15,15,702
9238,1,15,15,702
9239,1,15,15,702
9240,1,15,15,702
9241,1,15,15,702
9242,1,15,15,702
9243,1,15,15,702
9244,1,15,15,702
9245,1,15,15,702
9246,1,15,15,702
9247,1,4,4,702
9248,1,15,15,702
9249,1,15,15,702
9250,1,15,15,702
9251,1,15,15,702
9252,1,15,15,702
9253,1,15,15,702
9254,1,15,15,702
9255,1,15,15,702
9256,1,41,41,702
9257,1,15,15,702
9258,1,15,15,702
9259,1,15,15,702
9260,1,21,15,702
9261,1,15,15,702
9262,1,15,15,702
9263,1,15,15,702
9264,1,15,15,702
9265,1,15,15,702
9266,1,15,15,702
9267,1,15,15,702
9268,1,15,15,702
9269,1,15,15,702
9270,1,15,15,702
9271,1,15,15,702
9272,1,15,15,702
9273,1,12,12,702
9274,1,15,15,702
9275,1,15,15,702
9276,1,15,15,702
9277,1,15,15,702
9278,1,15,15,702
9279,1,15,15,702
9280,1,15,15,702
9281,1,15,15,702
9282,1,15,15,702
9283,1,15,15,702
9284,1,15,15,702
9285,1,15,15,702
9286,1,15,15,702
9287,1,15,15,702
9288,1,15,15,702
9289,1,15,4,702
9290,1,15,15,702
9291,1,15,15,702
9292,1,15,15,702
9293,1,21,15,702
9294,1,15,15,702
9295,1,15,15,702
9296,1,15,15,702
9297,1,15,15,702
9298,1,15,15,702
9299,1,4,4,702
9300,1,15,15,702
9301,1,15,15,702
9302,1,15,15,702
9303,1,15,15,702
9304,1,15,15,702
9305,1,15,15,702
9306,1,15,15,702
9307,1,15,15,702
9308,1,15,15,702
9309,1,15,15,702
9310,1,15,15,702
9311,1,15,15,702
9312,1,15,15,702
9313,1,4,4,702
9314,1,15,15,702
9315,1,15,15,702
9316,1,15,15,702
9317,1,15,15,702
9318,1,15,15,702
9319,1,15,15,702
9320,1,15,15,702
9321,1,15,15,702
9322,1,15,15,702
9323,1,15,15,702
9324,1,15,15,702
9325,1,3,3,702
9326,1,15,15,702
9327,1,21,4,702
9328,1,15,15,702
9329,1,15,15,702
9330,1,15,15,702
9331,1,15,15,702
9332,1,15,15,702
9333,1,15,15,702
9334,1,4,4,702
9335,1,41,41,702
9336,1,15,4,702
9337,1,15,15,702
9338,1,15,15,702
9339,1,15,15,702
9340,1,15,15,702
9341,1,15,15,702
9342,1,15,15,702
9343,1,15,15,702
9344,1,4,4,702
9345,1,15,15,702
9346,1,15,15,702
9347,1,15,15,702
9348,1,15,15,702
9349,1,15,15,702
9350,1,15,15,702
9351,1,15,15,702
9352,1,15,15,702
9353,1,15,15,702
9354,1,15,15,702
9355,1,15,15,702
9356,1,15,15,702
9357,1,15,15,702
9358,1,15,15,702
9359,1,15,15,702
9360,1,15,15,702
9361,1,15,15,702
9362,1,15,15,702
9363,1,15,15,702
9364,1,15,15,702
9365,1,15,15,702
9366,1,15,15,702
9367,1,15,15,702
9368,1,15,15,702
9369,1,15,15,702
9370,1,15,15,702
9371,1,4,15,702
9372,1,4,4,702
9373,1,21,15,702
9374,1,15,15,702
9375,1,4,4,702
9376,1,12,12,702
9377,1,15,15,702
9378,1,15,15,702
9379,1,15,15,702
9380,1,15,15,702
9381,1,15,15,702
9382,1,15,15,702
9383,1,15,15,702
9384,1,15,15,702
9385,1,4,4,702
9386,1,15,15,702
9387,1,15,15,702
9388,1,15,15,702
9389,1,15,15,702
9390,1,15,15,702
9391,1,15,15,702
9392,1,15,12,702
9393,1,15,15,702
9394,1,15,15,702
9395,1,15,15,702
9396,1,15,15,702
9397,1,15,15,702
9398,1,15,15,702
9399,1,15,15,702
9400,1,4,4,702
9401,1,15,15,702
9402,1,15,15,702
9403,1,15,15,702
9404,1,15,15,702
9405,1,15,15,702
9406,1,15,15,702
9407,1,15,15,702
9408,1,15,15,702
9409,1,15,15,702
9410,1,15,15,702
9411,1,15,15,702
9412,1,15,15,702
9413,1,15,15,702
9414,1,15,15,702
9415,1,15,15,702
9416,1,15,15,702
9417,1,15,15,702
9418,1,15,15,702
9419,1,15,15,702
9420,1,15,15,702
9421,1,15,15,702
9422,1,15,15,702
9423,1,15,15,702
9424,1,15,15,702
9425,1,15,15,702
9426,1,15,15,702
9427,1,15,15,702
9428,1,4,12,702
9429,1,15,15,702
9430,1,15,15,702
9431,1,15,15,702
9432,1,15,15,702
9433,1,15,15,702
9434,1,15,15,702
9435,1,15,15,702
9436,1,15,15,702
9437,1,41,41,702
9438,1,15,15,702
9439,1,15,15,702
9440,1,15,15,702
9441,1,15,15,702
9442,1,15,15,702
9443,1,15,15,702
9444,1,15,15,702
9445,1,15,15,702
9446,1,15,15,702
9447,1,15,15,702
9448,1,15,15,702
9449,1,15,15,702
9450,1,15,15,702
9451,1,15,15,702
9452,1,15,15,702
9453,1,15,15,702
9454,1,4,4,702
9455,1,15,15,702
9456,1,4,4,702
9457,1,15,15,702
9458,1,15,15,702
9459,1,15,15,702
9460,1,15,15,702
9461,1,15,15,702
9462,1,15,15,702
9463,1,15,15,702
9464,1,15,15,702
9465,1,15,15,702
9466,1,15,15,702
9467,1,15,15,702
9468,1,15,15,702
9469,1,15,15,702
9470,1,15,15,702
9471,1,15,15,702
9472,1,4,4,702
9473,1,15,15,702
9474,1,15,15,702
9475,1,15,15,702
9476,1,15,15,702
9477,1,15,15,702
9478,1,15,15,702
9479,1,15,15,702
9480,1,15,15,702
9481,1,15,15,702
9482,1,15,15,702
9483,1,15,15,702
9484,1,15,15,702
9485,1,15,15,702
9486,1,15,15,702
9487,1,15,15,702
9488,1,15,15,702
9489,1,15,15,702
9490,1,15,15,702
9491,1,15,15,702
9492,1,15,15,702
9493,1,15,15,702
9494,1,15,15,702
9495,1,15,15,702
9496,1,15,15,702
9497,1,15,15,702
9498,1,15,15,702
9499,1,15,11,702
9500,1,15,15,702
9501,1,15,15,702
9502,1,15,15,702
9503,1,39,39,702
9504,1,15,15,702
9505,1,15,15,702
9506,1,15,15,702
9507,1,15,15,702
9508,1,15,15,702
9509,1,15,15,702
9510,1,15,15,702
9511,1,4,4,702
9512,1,15,15,702
9513,1,15,15,702
9514,1,15,15,702
9515,1,15,15,702
9516,1,15,15,702
9517,1,15,15,702
9518,1,15,15,702
9519,1,15,15,702
9520,1,15,15,702
9521,1,15,15,702
9522,1,15,15,702
9523,1,15,15,702
9524,1,15,15,702
9525,1,15,15,702
9526,1,15,15,702
9527,1,15,15,702
9528,1,15,15,702
9529,1,15,15,702
9530,1,15,15,702
9531,1,15,15,702
9532,1,15,15,702
9533,1,15,15,702
9534,1,15,15,702
9535,1,15,15,702
9536,1,4,4,702
9537,1,15,15,702
9538,1,15,15,702
9539,1,3,3,702
9540,1,15,15,702
9541,1,15,15,702
9542,1,15,15,702
9543,1,15,15,702
9544,1,15,15,702
9545,1,15,15,702
9546,1,15,15,702
9547,1,15,15,702
9548,1,15,15,702
9549,1,15,15,702
9550,1,15,15,702
9551,1,15,15,702
9552,1,15,15,702
9553,1,15,15,702
9554,1,15,15,702
9555,1,15,15,702
9556,1,15,15,702
9557,1,15,15,702
9558,1,15,15,702
9559,1,15,15,702
9560,1,15,15,702
9561,1,15,15,702
9562,1,15,15,702
9563,1,15,15,702
9564,1,15,15,702
9565,1,15,15,702
9566,1,15,15,702
9567,1,15,15,702
9568,1,15,15,702
9569,1,15,15,702
9570,1,15,15,702
9571,1,15,15,702
9572,1,41,41,702
9573,1,15,15,702
9574,1,15,15,702
9575,1,15,15,702
9576,1,15,15,702
9577,1,15,15,702
9578,1,15,15,702
9579,1,21,15,702
9580,1,4,4,702
9581,1,15,15,702
9582,1,15,15,702
9583,1,15,15,702
9584,1,15,15,702
9585,1,15,15,702
9586,1,15,15,702
9587,1,15,15,702
9588,1,4,4,702
9589,1,15,15,702
9590,1,15,15,702
9591,1,15,15,702
9592,1,15,15,702
9593,1,39,15,702
9594,1,15,15,702
9595,1,15,15,702
9596,1,15,15,702
9597,1,15,15,702
9598,1,15,15,702
9599,1,15,15,702
9600,1,15,15,702
9601,1,15,15,702
9602,1,4,4,702
9603,1,15,15,702
9604,1,21,15,702
9605,1,15,15,702
9606,1,15,15,702
9607,1,15,15,702
9608,1,15,15,702
9609,1,15,15,702
9610,1,15,15,702
9611,1,15,15,702
9612,1,15,15,702
9613,1,15,15,702
9614,1,15,15,702
9615,1,15,15,702
9616,1,15,15,702
9617,1,15,15,702
9618,1,15,15,702
9619,1,15,15,702
9620,1,15,15,702
9621,1,15,15,702
9622,1,15,15,702
9623,1,15,15,702
9624,1,15,15,702
9625,1,15,15,702
9626,1,15,15,702
9627,1,15,15,702
9628,1,15,15,702
9629,1,15,15,702
9630,1,15,15,702
9631,1,15,15,702
9632,1,15,4,702
9633,1,15,15,702
9634,1,15,15,702
9635,1,15,15,702
9636,1,15,15,702
9637,1,15,15,702
9638,1,15,15,702
9639,1,15,15,702
9640,1,15,15,702
9641,1,15,4,702
9642,1,15,15,702
9643,1,15,15,702
9644,1,15,15,702
9645,1,15,15,702
9646,1,21,15,702
9647,1,15,15,702
9648,1,15,15,702
9649,1,15,15,702
9650,1,15,15,702
9651,1,15,15,702
9652,1,15,15,702
9653,1,15,15,702
9654,1,15,15,702
9655,1,15,15,702
9656,1,15,15,702
9657,1,15,15,702
9658,1,15,15,702
9659,1,15,15,702
9660,1,15,15,702
9661,1,15,15,702
9662,1,15,15,702
9663,1,21,21,702
9664,1,15,15,702
9665,1,15,15,702
9666,1,15,15,702
9667,1,15,15,702
9668,1,39,41,702
9669,1,15,15,702
9670,1,15,15,702
9671,1,15,15,702
9672,1,15,15,702
9673,1,15,15,702
9674,1,15,15,702
9675,1,15,15,702
9676,1,15,15,702
9677,1,15,15,702
9678,1,15,15,702
9679,1,15,15,702
9680,1,15,15,702
9681,1,15,15,702
9682,1,15,15,702
9683,1,15,15,702
9684,1,15,15,702
9685,1,15,15,702
9686,1,15,15,702
9687,1,15,15,702
9688,1,4,15,702
9689,1,15,4,702
9690,1,15,15,702
9691,1,15,15,702
9692,1,15,15,702
9693,1,15,15,702
9694,1,15,15,702
9695,1,15,15,702
9696,1,15,15,702
9697,1,4,4,702
9698,1,15,15,702
9699,1,15,15,702
9700,1,15,15,702
9701,1,15,15,702
9702,1,15,15,702
9703,1,15,15,702
9704,1,15,15,702
9705,1,15,15,702
9706,1,15,15,702
9707,1,15,15,702
9708,1,15,15,702
9709,1,15,15,702
9710,1,15,15,702
9711,1,15,15,702
9712,1,15,11,702
9713,1,15,15,702
9714,1,15,15,702
9715,1,15,15,702
9716,1,15,15,702
9717,1,15,15,702
9718,1,15,15,702
9719,1,15,15,702
9720,1,15,15,702
9721,1,4,4,702
9722,1,15,15,702
9723,1,4,4,702
9724,1,15,15,702
9725,1,15,15,702
9726,1,15,15,702
9727,1,15,15,702
9728,1,15,15,702
9729,1,15,15,702
9730,1,15,15,702
9731,1,15,15,702
9732,1,15,15,702
9733,1,15,15,702
9734,1,15,15,702
9735,1,15,15,702
9736,1,15,15,702
9737,1,15,15,702
9738,1,15,15,702
9739,1,15,15,702
9740,1,15,15,702
9741,1,15,15,702
9742,1,15,15,702
9743,1,15,15,702
9744,1,15,15,702
9745,1,15,15,702
9746,1,15,15,702
9747,1,15,15,702
9748,1,15,15,702
9749,1,15,15,702
9750,1,15,15,702
9751,1,15,15,702
9752,1,15,15,702
9753,1,15,15,702
9754,1,15,15,702
9755,1,15,15,702
9756,1,15,15,702
9757,1,15,15,702
9758,1,4,15,702
9759,1,15,15,702
9760,1,9,9,702
9761,1,15,15,702
9762,1,15,15,702
9763,1,15,15,702
9764,1,4,4,702
9765,1,15,15,702
9766,1,20,15,702
9767,1,15,15,702
9768,1,15,15,702
9769,1,15,15,702
9770,1,15,15,702
9771,1,15,15,702
9772,1,15,15,702
9773,1,15,15,702
9774,1,15,15,702
9775,1,15,15,702
9776,1,15,15,702
9777,1,4,15,702
9778,1,15,15,702
9779,1,15,15,702
9780,1,4,4,702
9781,1,39,39,702
9782,1,41,41,702
9783,1,15,15,702
9784,1,15,15,702
9785,1,15,15,702
9786,1,15,15,702
9787,1,15,15,702
9788,1,15,15,702
9789,1,15,15,702
9790,1,21,15,702
9791,1,15,15,702
9792,1,15,15,702
9793,1,15,15,702
9794,1,15,15,702
9795,1,15,15,702
9796,1,15,15,702
9797,1,15,15,702
9798,1,15,15,702
9799,1,15,15,702
9800,1,15,15,702
9801,1,15,15,702
9802,1,15,15,702
9803,1,15,15,702
9804,1,15,15,702
9805,1,15,15,702
9806,1,15,15,702
9807,1,15,15,702
9808,1,15,15,702
9809,1,15,15,702
9810,1,15,15,702
9811,1,15,15,702
9812,1,15,15,702
9813,1,15,15,702
9814,1,15,15,702
9815,1,15,15,702
9816,1,15,15,702
9817,1,15,15,702
9818,1,15,15,702
9819,1,15,15,702
9820,1,15,15,702
9821,1,15,15,702
9822,1,15,15,702
9823,1,15,15,702
9824,1,15,15,702
9825,1,15,15,702
9826,1,15,15,702
9827,1,15,4,702
9828,1,15,15,702
9829,1,15,15,702
9830,1,15,15,702
9831,1,15,15,702
9832,1,15,15,702
9833,1,39,41,702
9834,1,15,15,702
9835,1,15,15,702
9836,1,15,15,702
9837,1,15,15,702
9838,1,15,15,702
9839,1,15,15,702
9840,1,9,9,702
9841,1,15,15,702
9842,1,41,41,702
9843,1,15,15,702
9844,1,15,15,702
9845,1,15,15,702
9846,1,15,15,702
9847,1,15,15,702
9848,1,15,15,702
9849,1,15,15,702
9850,1,15,15,702
9851,1,21,15,702
9852,1,15,15,702
9853,1,15,15,702
9854,1,15,15,702
9855,1,15,15,702
9856,1,15,15,702
9857,1,15,15,702
9858,1,15,15,702
9859,1,15,15,702
9860,1,15,15,702
9861,1,4,4,702
9862,1,15,15,702
9863,1,15,15,702
9864,1,15,15,702
9865,1,15,15,702
9866,1,21,21,702
9867,1,4,4,702
9868,1,15,15,702
9869,1,15,15,702
9870,1,4,4,702
9871,1,15,15,702
9872,1,15,15,702
9873,1,15,15,702
9874,1,15,15,702
9875,1,15,15,702
9876,1,15,15,702
9877,1,15,15,702
9878,1,15,15,702
9879,1,15,15,702
9880,1,15,15,702
9881,1,15,15,702
9882,1,15,15,702
9883,1,15,15,702
9884,1,15,15,702
9885,1,15,15,702
9886,1,15,15,702
9887,1,15,15,702
9888,1,15,15,702
9889,1,15,15,702
9890,1,15,15,702
9891,1,15,15,702
9892,1,15,15,702
9893,1,4,4,702
9894,1,15,15,702
9895,1,15,15,702
9896,1,15,15,702
9897,1,15,15,702
9898,1,15,15,702
9899,1,15,15,702
9900,1,15,15,702
9901,1,15,15,702
9902,1,4,4,702
9903,1,15,15,702
9904,1,15,15,702
9905,1,15,15,702
9906,1,15,15,702
9907,1,15,15,702
9908,1,15,15,702
9909,1,15,15,702
9910,1,15,15,702
9911,1,15,4,702
9912,1,15,15,702
9913,1,15,15,702
9914,1,15,15,702
9915,1,15,15,702
9916,1,15,15,702
9917,1,15,15,702
9918,1,41,41,702
9919,1,15,15,702
9920,1,15,15,702
9921,1,15,15,702
9922,1,15,15,702
9923,1,15,15,702
9924,1,15,15,702
9925,1,15,15,702
9926,1,15,15,702
9927,1,4,15,702
9928,1,15,15,702
9929,1,39,41,702
9930,1,15,15,702
9931,1,4,4,702
9932,1,15,15,702
9933,1,15,15,702
9934,1,15,15,702
9935,1,15,15,702
9936,1,15,15,702
9937,1,15,15,702
9938,1,15,15,702
9939,1,15,15,702
9940,1,15,15,702
9941,1,15,15,702
9942,1,15,15,702
9943,1,15,15,702
9944,1,15,15,702
9945,1,15,15,702
9946,1,15,15,702
9947,1,15,15,702
9948,1,15,15,702
9949,1,15,15,702
9950,1,15,15,702
9951,1,15,15,702
9952,1,15,15,702
9953,1,15,15,702
9954,1,15,15,702
9955,1,15,15,702
9956,1,15,15,702
9957,1,15,15,702
9958,1,15,15,702
9959,1,15,15,702
9960,1,4,4,702
9961,1,41,41,702
9962,1,15,15,702
9963,1,15,15,702
9964,1,15,15,702
9965,1,15,15,702
9966,1,15,15,702
9967,1,15,15,702
9968,1,15,15,702
9969,1,15,15,702
9970,1,15,15,702
9971,1,39,39,702
9972,1,15,15,702
9973,1,15,15,702
9974,1,15,15,702
9975,1,15,15,702
9976,1,15,15,702
9977,1,15,15,702
9978,1,15,15,702
9979,1,15,15,702
9980,1,15,15,702
9981,1,15,15,702
9982,1,15,15,702
9983,1,15,15,702
9984,1,4,4,702
9985,1,15,15,702
9986,1,15,15,702
9987,1,15,15,702
9988,1,15,15,702
9989,1,15,15,702
9990,1,15,15,702
9991,1,15,15,702
9992,1,15,15,702
9993,1,15,15,702
9994,1,15,15,702
9995,1,15,15,702
9996,1,15,15,702
9997,1,15,15,702
9998,1,15,15,702
9999,1,15,15,702
10000,1,15,15,702
10001,1,15,15,702
10002,1,15,15,702
10003,1,15,15,702
10004,1,15,15,702
10005,1,15,15,702
10006,1,15,15,702
10007,1,15,15,702
10008,1,15,15,702
10009,1,15,15,702
10010,1,15,15,702
10011,1,15,15,702
10012,1,15,15,702
10013,1,15,15,702
10014,1,15,15,702
10015,1,15,15,702
10016,1,15,15,702
10017,1,15,15,702
10018,1,39,39,702
10019,1,15,15,702
10020,1,15,15,702
10021,1,15,15,702
10022,1,15,15,702
10023,1,15,15,702
10024,1,15,15,702
10025,1,15,15,702
10026,1,15,15,702
10027,1,15,15,702
10028,1,15,15,702
10029,1,15,15,702
10030,1,15,15,702
10031,1,4,15,702
10032,1,15,15,702
10033,1,15,15,702
10034,1,15,15,702
10035,1,15,15,702
10036,1,15,15,702
10037,1,15,15,702
10038,1,15,15,702
10039,1,15,15,702
10040,1,21,15,702
10041,1,21,15,702
10042,1,15,15,702
10043,1,15,15,702
10044,1,15,15,702
10045,1,15,15,702
10046,1,15,15,702
10047,1,41,41,702
10048,1,15,15,702
10049,1,15,15,702
10050,1,15,15,702
10051,1,15,15,702
10052,1,15,15,702
10053,1,15,15,702
10054,1,15,15,702
10055,1,15,15,702
10056,1,15,15,702
10057,1,15,15,702
10058,1,15,15,702
10059,1,15,15,702
10060,1,12,12,702
10061,1,15,15,702
10062,1,15,15,702
10063,1,21,15,702
10064,1,15,15,702
10065,1,15,15,702
10066,1,15,15,702
10067,1,15,15,702
10068,1,15,15,702
10069,1,15,15,702
10070,1,15,15,702
10071,1,15,15,702
10072,1,15,15,702
10073,1,15,15,702
10074,1,15,15,702
10075,1,15,15,702
10076,1,15,15,702
10077,1,15,15,702
10078,1,15,15,702
10079,1,21,15,702
10080,1,15,15,702
10081,1,15,15,702
10082,1,15,15,702
10083,1,15,15,702
10084,1,15,15,702
10085,1,15,15,702
10086,1,15,15,702
10087,1,15,15,702
10088,1,15,15,702
10089,1,15,15,702
10090,1,15,15,702
10091,1,15,15,702
10092,1,12,12,702
10093,1,15,15,702
10094,1,15,15,702
10095,1,15,15,702
10096,1,15,15,702
10097,1,15,15,702
10098,1,15,15,702
10099,1,15,15,702
10100,1,15,15,702
10101,1,15,15,702
10102,1,21,15,702
10103,1,15,15,702
10104,1,15,15,702
10105,1,15,15,702
10106,1,15,15,702
10107,1,15,4,702
10108,1,15,15,702
10109,1,15,15,702
10110,1,15,15,702
10111,1,39,39,702
10112,1,41,41,702
10113,1,41,15,702
10114,1,15,15,702
10115,1,15,15,702
10116,1,15,15,702
10117,1,15,15,702
10118,1,15,15,702
10119,1,15,15,702
10120,1,15,15,702
10121,1,15,15,702
10122,1,15,15,702
10123,1,39,41,702
10124,1,15,15,702
10125,1,15,15,702
10126,1,15,15,702
10127,1,15,15,702
10128,1,15,15,702
10129,1,15,15,702
10130,1,39,39,702
10131,1,15,15,702
10132,1,15,15,702
10133,1,15,15,702
10134,1,15,15,702
10135,1,15,15,702
10136,1,15,15,702
10137,1,15,15,702
10138,1,15,15,702
10139,1,15,15,702
10140,1,15,15,702
10141,1,15,15,702
10142,1,15,15,702
10143,1,12,12,702
10144,1,15,15,702
10145,1,12,12,702
10146,1,15,15,702
10147,1,41,41,702
10148,1,15,15,702
10149,1,15,15,702
10150,1,15,15,702
10151,1,15,15,702
10152,1,15,15,702
10153,1,15,15,702
10154,1,15,15,702
10155,1,15,15,702
10156,1,15,15,702
10157,1,15,15,702
10158,1,15,15,702
10159,1,3,3,702
10160,1,15,15,702
10161,1,12,12,702
10162,1,15,15,702
10163,1,4,4,702
10164,1,15,15,702
10165,1,15,15,702
10166,1,15,15,702
10167,1,15,15,702
10168,1,15,15,702
10169,1,15,15,702
10170,1,15,15,702
10171,1,15,15,702
10172,1,15,15,702
10173,1,15,15,702
10174,1,15,15,702
10175,1,39,39,702
10176,1,4,4,702
10177,1,15,15,702
10178,1,15,15,702
10179,1,15,15,702
10180,1,15,15,702
10181,1,15,15,702
10182,1,15,15,702
10183,1,15,15,702
10184,1,39,41,702
10185,1,21,15,702
10186,1,15,15,702
10187,1,15,15,702
10188,1,15,15,702
10189,1,15,15,702
10190,1,15,15,702
10191,1,15,15,702
10192,1,15,15,702
10193,1,15,15,702
10194,1,15,15,702
10195,1,15,15,702
10196,1,15,15,702
10197,1,15,15,702
10198,1,15,15,702
10199,1,15,15,702
10200,1,15,15,702
10201,1,15,15,702
10202,1,15,15,702
10203,1,15,15,702
10204,1,15,15,702
10205,1,15,15,702
10206,1,15,15,702
10207,1,15,15,702
10208,1,15,15,702
10209,1,15,15,702
10210,1,15,15,702
10211,1,15,15,702
10212,1,15,15,702
10213,1,15,15,702
10214,1,15,15,702
10215,1,15,15,702
10216,1,15,15,702
10217,1,15,15,702
10218,1,15,15,702
10219,1,15,15,702
10220,1,15,15,702
10221,1,15,15,702
10222,1,15,15,702
10223,1,15,15,702
10224,1,15,15,702
10225,1,15,15,702
10226,1,15,15,702
10227,1,4,4,702
10228,1,15,15,702
10229,1,15,3,702
10230,1,15,15,702
10231,1,15,15,702
10232,1,15,15,702
10233,1,15,15,702
10234,1,15,15,702
10235,1,15,15,702
10236,1,15,15,702
10237,1,4,4,702
10238,1,15,15,702
10239,1,15,15,702
10240,1,15,15,702
10241,1,15,15,702
10242,1,15,15,702
10243,1,15,15,702
10244,1,15,15,702
10245,1,15,15,702
10246,1,15,15,702
10247,1,15,15,702
10248,1,15,15,702
10249,1,15,15,702
10250,1,15,15,702
10251,1,41,15,702
10252,1,15,15,702
10253,1,15,15,702
10254,1,15,15,702
10255,1,15,15,702
10256,1,15,15,702
10257,1,15,15,702
10258,1,15,15,702
10259,1,15,15,702
10260,1,15,15,702
10261,1,15,15,702
10262,1,4,4,702
10263,1,15,15,702
10264,1,15,15,702
10265,1,15,15,702
10266,1,15,15,702
10267,1,15,15,702
10268,1,15,15,702
10269,1,15,15,702
10270,1,4,4,702
10271,1,15,15,702
10272,1,15,15,702
10273,1,15,15,702
10274,1,15,15,702
10275,1,11,11,702
10276,1,15,15,702
10277,1,15,15,702
10278,1,15,15,702
10279,1,15,15,702
10280,1,15,15,702
10281,1,15,15,702
10282,1,15,15,702
10283,1,15,15,702
10284,1,15,15,702
10285,1,15,15,702
10286,1,15,15,702
10287,1,15,15,702
10288,1,4,4,702
10289,1,15,15,702
10290,1,15,15,702
10291,1,15,15,702
10292,1,15,15,702
10293,1,15,15,702
10294,1,15,15,702
10295,1,15,15,702
10296,1,15,15,702
10297,1,15,15,702
10298,1,15,15,702
10299,1,15,15,702
10300,1,15,15,702
10301,1,15,15,702
10302,1,15,15,702
10303,1,15,15,702
10304,1,15,15,702
10305,1,15,4,702
10306,1,15,15,702
10307,1,15,15,702
10308,1,15,15,702
10309,1,15,15,702
10310,1,15,15,702
10311,1,15,15,702
10312,1,21,21,702
10313,1,15,15,702
10314,1,15,15,702
10315,1,15,15,702
10316,1,15,15,702
10317,1,15,15,702
10318,1,15,15,702
10319,1,15,15,702
10320,1,15,15,702
10321,1,15,15,702
10322,1,15,15,702
10323,1,15,15,702
10324,1,15,15,702
10325,1,4,4,702
10326,1,15,15,702
10327,1,15,15,702
10328,1,41,41,702
10329,1,15,15,702
10330,1,4,4,702
10331,1,4,4,702
10332,1,15,15,702
10333,1,15,15,702
10334,1,15,15,702
10335,1,15,15,702
10336,1,15,15,702
10337,1,15,15,702
10338,1,15,15,702
10339,1,15,15,702
10340,1,15,15,702
10341,1,15,15,702
10342,1,39,15,702
10343,1,15,15,702
10344,1,21,15,702
10345,1,15,15,702
10346,1,15,15,702
10347,1,15,15,702
10348,1,15,15,702
10349,1,15,15,702
10350,1,15,15,702
10351,1,15,15,702
10352,1,15,15,702
10353,1,15,15,702
10354,1,15,15,702
10355,1,15,15,702
10356,1,39,39,702
10357,1,15,15,702
10358,1,15,15,702
10359,1,15,15,702
10360,1,15,15,702
10361,1,15,15,702
10362,1,15,15,702
10363,1,15,15,702
10364,1,15,15,702
10365,1,15,15,702
10366,1,39,39,702
10367,1,15,15,702
10368,1,41,41,702
10369,1,15,15,702
10370,1,15,15,702
10371,1,15,15,702
10372,1,15,15,702
10373,1,15,15,702
10374,1,15,15,702
10375,1,15,15,702
10376,1,15,15,702
10377,1,15,12,702
10378,1,15,15,702
10379,1,15,15,702
10380,1,15,15,702
10381,1,15,15,702
10382,1,15,15,702
10383,1,15,15,702
10384,1,15,15,702
10385,1,15,15,702
10386,1,15,15,702
10387,1,15,15,702
10388,1,15,15,702
10389,1,15,15,702
10390,1,15,15,702
10391,1,15,15,702
10392,1,15,15,702
10393,1,4,15,702
10394,1,3,3,702
10395,1,15,15,702
10396,1,15,15,702
10397,1,15,15,702
10398,1,41,41,702
10399,1,15,15,702
10400,1,15,15,702
10401,1,15,15,702
10402,1,15,15,702
10403,1,15,15,702
10404,1,15,15,702
10405,1,15,15,702
10406,1,15,15,702
10407,1,15,15,702
10408,1,15,15,702
10409,1,15,15,702
10410,1,15,15,702
10411,1,15,15,702
10412,1,15,15,702
10413,1,15,15,702
10414,1,15,15,702
10415,1,15,15,702
10416,1,15,15,702
10417,1,15,15,702
10418,1,15,15,702
10419,1,15,15,702
10420,1,15,15,702
10421,1,15,15,702
10422,1,15,4,702
10423,1,15,15,702
10424,1,15,15,702
10425,1,15,15,702
10426,1,15,15,702
10427,1,15,15,702
10428,1,15,15,702
10429,1,15,15,702
10430,1,15,15,702
10431,1,15,15,702
10432,1,15,15,702
10433,1,15,15,702
10434,1,15,15,702
10435,1,15,15,702
10436,1,15,15,702
10437,1,15,15,702
10438,1,15,15,702
10439,1,15,15,702
10440,1,15,15,702
10441,1,15,15,702
10442,1,15,15,702
10443,1,15,15,702
10444,1,15,15,702
10445,1,15,15,702
10446,1,15,15,702
10447,1,15,15,702
10448,1,15,4,702
10449,1,15,15,702
10450,1,15,15,702
10451,1,15,15,702
10452,1,15,15,702
10453,1,15,15,702
10454,1,15,15,702
10455,1,15,15,702
10456,1,15,15,702
10457,1,15,15,702
10458,1,15,15,702
10459,1,15,15,702
10460,1,39,39,702
10461,1,15,15,702
10462,1,15,15,702
10463,1,15,15,702
10464,1,15,15,702
10465,1,15,15,702
10466,1,15,15,702
10467,1,4,4,702
10468,1,15,15,702
10469,1,39,39,702
10470,1,15,15,702
10471,1,15,15,702
10472,1,15,15,702
10473,1,15,15,702
10474,1,15,15,702
10475,1,15,15,702
10476,1,15,15,702
10477,1,15,15,702
10478,1,15,15,702
10479,1,15,15,702
10480,1,15,15,702
10481,1,15,15,702
10482,1,4,4,702
10483,1,15,15,702
10484,1,15,15,702
10485,1,15,15,702
10486,1,15,15,702
10487,1,41,41,702
10488,1,15,15,702
10489,1,15,15,702
10490,1,15,15,702
10491,1,15,15,702
10492,1,15,15,702
10493,1,15,15,702
10494,1,15,15,702
10495,1,15,15,702
10496,1,39,39,702
10497,1,15,15,702
10498,1,15,15,702
10499,1,15,15,702
10500,1,15,15,702
10501,1,15,15,702
10502,1,15,15,702
10503,1,15,15,702
10504,1,15,15,702
10505,1,15,15,702
10506,1,4,4,702
10507,1,12,12,702
10508,1,15,15,702
10509,1,15,15,702
10510,1,15,15,702
10511,1,15,15,702
10512,1,15,15,702
10513,1,15,15,702
10514,1,15,15,702
10515,1,15,15,702
10516,1,15,15,702
10517,1,15,15,702
10518,1,15,15,702
10519,1,15,15,702
10520,1,15,15,702
10521,1,15,15,702
10522,1,15,15,702
10523,1,15,15,702
10524,1,15,15,702
10525,1,15,15,702
10526,1,15,15,702
10527,1,15,15,702
10528,1,15,15,702
10529,1,15,15,702
10530,1,15,15,702
10531,1,41,41,702
10532,1,15,15,702
10533,1,15,15,702
10534,1,4,4,702
10535,1,15,15,702
10536,1,15,15,702
10537,1,15,15,702
10538,1,15,15,702
10539,1,15,15,702
10540,1,15,15,702
10541,1,15,15,702
10542,1,15,15,702
10543,1,15,15,702
10544,1,15,15,702
10545,1,15,15,702
10546,1,15,15,702
10547,1,21,15,702
10548,1,41,41,702
10549,1,15,15,702
10550,1,15,15,702
10551,1,4,4,702
10552,1,15,15,702
10553,1,15,15,702
10554,1,15,15,702
10555,1,15,15,702
10556,1,15,15,702
10557,1,15,15,702
10558,1,15,15,702
10559,1,15,15,702
10560,1,15,15,702
10561,1,15,15,702
10562,1,15,15,702
10563,1,15,15,702
10564,1,15,15,702
10565,1,15,15,702
10566,1,15,15,702
10567,1,15,15,702
10568,1,15,15,702
10569,1,15,15,702
10570,1,15,15,702
10571,1,15,4,702
10572,1,15,15,702
10573,1,15,15,702
10574,1,15,4,702
10575,1,15,15,702
10576,1,41,41,702
10577,1,15,15,702
10578,1,15,15,702
10579,1,15,15,702
10580,1,15,15,702
10581,1,15,15,702
10582,1,15,15,702
10583,1,15,15,702
10584,1,15,15,702
10585,1,15,15,702
10586,1,15,15,702
10587,1,15,15,702
10588,1,15,15,702
10589,1,15,15,702
10590,1,15,15,702
10591,1,15,15,702
10592,1,15,15,702
10593,1,15,15,702
10594,1,15,15,702
10595,1,15,15,702
10596,1,15,15,702
10597,1,15,15,702
10598,1,15,15,702
10599,1,15,15,702
10600,1,15,15,702
10601,1,15,15,702
10602,1,15,15,702
10603,1,15,15,702
10604,1,15,15,702
10605,1,15,15,702
10606,1,15,15,702
10607,1,15,15,702
10608,1,15,15,702
10609,1,4,4,702
10610,1,15,15,702
10611,1,15,15,702
10612,1,15,15,702
10613,1,15,15,702
10614,1,15,15,702
10615,1,15,15,702
10616,1,15,15,702
10617,1,21,15,702
10618,1,15,15,702
10619,1,15,15,702
10620,1,15,15,702
10621,1,15,15,702
10622,1,15,15,702
10623,1,15,15,702
10624,1,15,15,702
10625,1,15,15,702
10626,1,15,15,702
10627,1,15,15,702
10628,1,15,15,702
10629,1,15,12,702
10630,1,15,15,702
10631,1,15,15,702
10632,1,15,15,702
10633,1,15,15,702
10634,1,15,15,702
10635,1,15,15,702
10636,1,15,15,702
10637,1,15,15,702
10638,1,15,15,702
10639,1,15,15,702
10640,1,15,15,702
10641,1,15,15,702
10642,1,15,15,702
10643,1,15,15,702
10644,1,15,15,702
10645,1,15,15,702
10646,1,15,15,702
10647,1,15,15,702
10648,1,15,15,702
10649,1,15,15,702
10650,1,15,15,702
10651,1,15,15,702
10652,1,15,15,702
10653,1,15,15,702
10654,1,41,41,702
10655,1,15,15,702
10656,1,15,15,702
10657,1,15,15,702
10658,1,15,15,702
10659,1,15,15,702
10660,1,15,15,702
10661,1,15,15,702
10662,1,15,15,702
10663,1,15,15,702
10664,1,15,15,702
10665,1,15,15,702
10666,1,15,15,702
10667,1,15,15,702
10668,1,15,15,702
10669,1,15,15,702
10670,1,4,4,702
10671,1,15,15,702
10672,1,12,12,702
10673,1,15,15,702
10674,1,15,15,702
10675,1,15,15,702
10676,1,15,15,702
10677,1,15,15,702
10678,1,15,15,702
10679,1,15,15,702
10680,1,15,15,702
10681,1,12,12,702
10682,1,15,15,702
10683,1,15,15,702
10684,1,15,15,702
10685,1,15,15,702
10686,1,21,15,702
10687,1,15,15,702
10688,1,15,15,702
10689,1,15,4,702
10690,1,15,15,702
10691,1,15,15,702
10692,1,15,15,702
10693,1,15,15,702
10694,1,15,15,702
10695,1,15,15,702
10696,1,15,15,702
10697,1,15,15,702
10698,1,15,15,702
10699,1,39,39,702
10700,1,15,15,702
10701,1,4,4,702
10702,1,15,15,702
10703,1,15,15,702
10704,1,15,15,702
10705,1,15,15,702
10706,1,15,15,702
10707,1,15,15,702
10708,1,15,15,702
10709,1,15,15,702
10710,1,15,15,702
10711,1,15,15,702
10712,1,15,15,702
10713,1,4,4,702
10714,1,15,15,702
10715,1,15,15,702
10716,1,15,15,702
10717,1,21,15,702
10718,1,15,15,702
10719,1,15,15,702
10720,1,15,15,702
10721,1,15,15,702
10722,1,15,15,702
10723,1,15,15,702
10724,1,15,15,702
10725,1,15,15,702
10726,1,39,39,702
10727,1,15,15,702
10728,1,15,15,702
10729,1,15,15,702
10730,1,15,15,702
10731,1,15,15,702
10732,1,15,15,702
10733,1,15,15,702
10734,1,15,15,702
10735,1,15,4,702
10736,1,15,15,702
10737,1,15,15,702
10738,1,15,15,702
10739,1,15,15,702
10740,1,15,15,702
10741,1,15,15,702
10742,1,15,15,702
10743,1,15,15,702
10744,1,15,15,702
10745,1,15,15,702
10746,1,15,15,702
10747,1,15,15,702
10748,1,15,15,702
10749,1,15,15,702
10750,1,15,15,702
10751,1,15,15,702
10752,1,15,15,702
10753,1,15,15,702
10754,1,15,15,702
10755,1,15,15,702
10756,1,15,15,702
10757,1,15,15,702
10758,1,15,15,702
10759,1,15,15,702
10760,1,15,15,702
10761,1,15,15,702
10762,1,15,15,702
10763,1,15,15,702
10764,1,15,15,702
10765,1,15,15,702
10766,1,15,15,702
10767,1,15,15,702
10768,1,15,15,702
10769,1,15,15,702
10770,1,21,15,702
10771,1,15,15,702
10772,1,15,15,702
10773,1,15,15,702
10774,1,15,15,702
10775,1,15,15,702
10776,1,15,15,702
10777,1,15,15,702
10778,1,15,15,702
10779,1,15,15,702
10780,1,24,24,702
10781,1,15,15,702
10782,1,15,15,702
10783,1,39,39,702
10784,1,15,15,702
10785,1,15,15,702
10786,1,15,15,702
10787,1,15,15,702
10788,1,15,3,702
10789,1,15,15,702
10790,1,15,15,702
10791,1,15,15,702
10792,1,15,15,702
10793,1,15,15,702
10794,1,15,15,702
10795,1,15,15,702
10796,1,4,15,702
10797,1,15,15,702
10798,1,15,15,702
10799,1,4,4,702
10800,1,15,4,702
10801,1,15,15,702
10802,1,15,15,702
10803,1,21,15,702
10804,1,15,15,702
10805,1,39,39,702
10806,1,15,15,702
10807,1,15,15,702
10808,1,15,15,702
10809,1,15,15,702
10810,1,4,4,702
10811,1,15,15,702
10812,1,15,15,702
10813,1,15,15,702
10814,1,15,15,702
10815,1,15,15,702
10816,1,15,15,702
10817,1,15,15,702
10818,1,15,15,702
10819,1,4,4,702
10820,1,15,15,702
10821,1,4,4,702
10822,1,15,15,702
10823,1,15,15,702
10824,1,15,15,702
10825,1,15,15,702
10826,1,15,15,702
10827,1,15,15,702
10828,1,4,4,702
10829,1,15,15,702
10830,1,15,15,702
10831,1,15,15,702
10832,1,15,4,702
10833,1,15,15,702
10834,1,15,15,702
10835,1,15,15,702
10836,1,15,15,702
10837,1,15,15,702
10838,1,15,15,702
10839,1,15,15,702
10840,1,15,15,702
10841,1,15,15,702
10842,1,15,15,702
10843,1,15,15,702
10844,1,15,15,702
10845,1,15,15,702
10846,1,15,15,702
10847,1,15,15,702
10848,1,15,15,702
10849,1,15,15,702
10850,1,15,15,702
10851,1,15,15,702
10852,1,15,15,702
10853,1,3,3,702
10854,1,15,15,702
10855,1,15,15,702
10856,1,15,15,702
10857,1,15,15,702
10858,1,15,15,702
10859,1,15,15,702
10860,1,15,15,702
10861,1,15,15,702
10862,1,15,15,702
10863,1,15,15,702
10864,1,15,15,702
10865,1,15,15,702
10866,1,15,15,702
10867,1,15,15,702
10868,1,15,15,702
10869,1,15,15,702
10870,1,15,15,702
10871,1,15,15,702
10872,1,21,15,702
10873,1,15,15,702
10874,1,15,15,702
10875,1,15,15,702
10876,1,15,15,702
10877,1,15,15,702
10878,1,15,15,702
10879,1,15,15,702
10880,1,15,15,702
10881,1,15,15,702
10882,1,15,15,702
10883,1,15,15,702
10884,1,15,15,702
10885,1,15,15,702
10886,1,41,41,702
10887,1,15,15,702
10888,1,15,15,702
10889,1,15,15,702
10890,1,15,15,702
10891,1,15,15,702
10892,1,15,15,702
10893,1,15,15,702
10894,1,15,15,702
10895,1,15,15,702
10896,1,15,15,702
10897,1,15,15,702
10898,1,15,15,702
10899,1,15,15,702
10900,1,15,15,702
10901,1,41,41,702
10902,1,15,15,702
10903,1,15,15,702
10904,1,21,21,702
10905,1,15,15,702
10906,1,15,15,702
10907,1,15,15,702
10908,1,15,15,702
10909,1,15,15,702
10910,1,15,15,702
10911,1,15,15,702
10912,1,15,15,702
10913,1,15,15,702
10914,1,15,15,702
10915,1,15,15,702
10916,1,4,4,702
10917,1,15,15,702
10918,1,15,15,702
10919,1,15,15,702
10920,1,15,15,702
10921,1,15,15,702
10922,1,15,15,702
10923,1,15,15,702
10924,1,15,15,702
10925,1,15,15,702
10926,1,15,15,702
10927,1,15,15,702
10928,1,15,15,702
10929,1,15,15,702
10930,1,15,15,702
10931,1,15,15,702
10932,1,15,15,702
10933,1,15,15,702
10934,1,15,15,702
10935,1,15,15,702
10936,1,15,15,702
10937,1,15,15,702
10938,1,15,15,702
10939,1,15,15,702
10940,1,15,15,702
10941,1,15,15,702
10942,1,15,15,702
10943,1,15,15,702
10944,1,15,15,702
10945,1,15,15,702
10946,1,15,15,702
10947,1,15,15,702
10948,1,4,4,702
10949,1,15,15,702
10950,1,15,15,702
10951,1,15,15,702
10952,1,15,15,702
10953,1,15,15,702
10954,1,15,15,702
10955,1,15,15,702
10956,1,15,15,702
10957,1,15,15,702
10958,1,15,15,702
10959,1,15,15,702
10960,1,15,15,702
10961,1,15,15,702
10962,1,15,15,702
10963,1,15,15,702
10964,1,15,15,702
10965,1,15,15,702
10966,1,15,15,702
10967,1,15,15,702
10968,1,12,12,702
10969,1,15,15,702
10970,1,15,15,702
10971,1,15,15,702
10972,1,15,15,702
10973,1,15,15,702
10974,1,15,15,702
10975,1,15,15,702
10976,1,15,15,702
10977,1,15,15,702
10978,1,15,15,702
10979,1,4,4,702
10980,1,15,15,702
10981,1,15,15,702
10982,1,15,15,702
10983,1,15,15,702
10984,1,15,15,702
10985,1,15,15,702
10986,1,15,15,702
10987,1,15,15,702
10988,1,15,15,702
10989,1,15,15,702
10990,1,15,15,702
10991,1,15,15,702
10992,1,15,15,702
10993,1,15,15,702
10994,1,15,15,702
10995,1,15,15,702
10996,1,15,15,702
10997,1,15,15,702
10998,1,15,15,702
10999,1,15,15,702
11000,1,15,15,702
11001,1,15,15,702
11002,1,15,15,702
11003,1,15,15,702
11004,1,39,39,702
11005,1,15,15,702
11006,1,15,15,702
11007,1,4,4,702
11008,1,15,15,702
11009,1,15,15,702
11010,1,15,4,702
11011,1,15,15,702
11012,1,15,15,702
11013,1,15,15,702
11014,1,15,15,702
11015,1,15,15,702
11016,1,15,4,702
11017,1,15,15,702
11018,1,15,15,702
11019,1,15,15,702
11020,1,15,4,702
11021,1,15,15,702
11022,1,15,15,702
11023,1,15,15,702
11024,1,15,15,702
11025,1,15,15,702
11026,1,4,4,702
11027,1,15,15,702
11028,1,15,15,702
11029,1,15,15,702
11030,1,15,15,702
11031,1,15,4,702
11032,1,15,15,702
11033,1,15,15,702
11034,1,15,15,702
11035,1,15,15,702
11036,1,15,15,702
11037,1,15,15,702
11038,1,41,20,702
11039,1,15,15,702
11040,1,15,15,702
11041,1,15,15,702
11042,1,15,15,702
11043,1,15,15,702
11044,1,15,15,702
11045,1,15,15,702
11046,1,15,15,702
11047,1,15,15,702
11048,1,15,15,702
11049,1,15,15,702
11050,1,15,15,702
11051,1,15,15,702
11052,1,15,15,702
11053,1,15,15,702
11054,1,15,15,702
11055,1,15,15,702
11056,1,15,15,702
11057,1,15,15,702
11058,1,15,15,702
11059,1,15,15,702
11060,1,15,15,702
11061,1,15,15,702
11062,1,15,15,702
11063,1,15,15,702
11064,1,15,15,702
11065,1,4,15,702
11066,1,15,15,702
11067,1,15,15,702
11068,1,15,15,702
11069,1,15,15,702
11070,1,15,15,702
11071,1,12,12,702
11072,1,15,15,702
11073,1,15,15,702
11074,1,15,15,702
11075,1,15,15,702
11076,1,15,15,702
11077,1,15,15,702
11078,1,15,15,702
11079,1,15,15,702
11080,1,15,15,702
11081,1,21,15,702
11082,1,12,12,702
11083,1,15,4,702
11084,1,15,15,702
11085,1,4,4,702
11086,1,15,15,702
11087,1,15,15,702
11088,1,15,15,702
11089,1,41,15,702
11090,1,15,15,702
11091,1,15,15,702
11092,1,15,15,702
11093,1,15,15,702
11094,1,4,4,702
11095,1,15,15,702
11096,1,41,41,702
11097,1,15,15,702
11098,1,15,15,702
11099,1,15,15,702
11100,1,15,15,702
11101,1,15,15,702
11102,1,15,15,702
11103,1,15,15,702
11104,1,15,15,702
11105,1,15,15,702
11106,1,15,15,702
11107,1,15,15,702
11108,1,15,15,702
11109,1,15,15,702
11110,1,15,15,702
11111,1,15,15,702
11112,1,15,15,702
11113,1,15,15,702
11114,1,15,15,702
11115,1,15,15,702
11116,1,21,15,702
11117,1,15,15,702
11118,1,15,15,702
11119,1,15,15,702
11120,1,15,15,702
11121,1,15,15,702
11122,1,15,15,702
11123,1,15,15,702
11124,1,15,15,702
11125,1,15,15,702
11126,1,15,15,702
11127,1,15,15,702
11128,1,15,15,702
11129,1,15,15,702
11130,1,4,4,702
11131,1,15,15,702
11132,1,15,15,702
11133,1,15,15,702
11134,1,15,15,702
11135,1,15,15,702
11136,1,15,15,702
11137,1,15,15,702
11138,1,15,15,702
11139,1,15,15,702
11140,1,33,15,702
11141,1,4,4,702
11142,1,15,15,702
11143,1,15,15,702
11144,1,15,15,702
11145,1,15,15,702
11146,1,15,4,702
11147,1,15,15,702
11148,1,15,15,702
11149,1,15,15,702
11150,1,15,15,702
11151,1,15,15,702
11152,1,15,15,702
11153,1,15,15,702
11154,1,15,15,702
11155,1,15,15,702
11156,1,15,15,702
11157,1,15,15,702
11158,1,15,15,702
11159,1,15,15,702
11160,1,15,15,702
11161,1,15,15,702
11162,1,15,15,702
11163,1,4,4,702
11164,1,15,15,702
11165,1,15,15,702
11166,1,12,12,702
11167,1,15,15,702
11168,1,21,15,702
11169,1,15,15,702
11170,1,15,15,702
11171,1,15,15,702
11172,1,21,15,702
11173,1,41,41,702
11174,1,15,15,702
11175,1,15,15,702
11176,1,15,15,702
11177,1,15,15,702
11178,1,15,15,702
11179,1,15,15,702
11180,1,15,15,702
11181,1,15,15,702
11182,1,15,15,702
11183,1,15,15,702
11184,1,15,15,702
11185,1,15,15,702
11186,1,4,4,702
11187,1,15,15,702
11188,1,15,15,702
11189,1,15,15,702
11190,1,15,15,702
11191,1,15,15,702
11192,1,15,15,702
11193,1,15,15,702
11194,1,15,15,702
11195,1,15,15,702
11196,1,15,15,702
11197,1,4,4,702
11198,1,15,15,702
11199,1,15,15,702
11200,1,15,15,702
11201,1,15,15,702
11202,1,15,15,702
11203,1,15,15,702
11204,1,15,15,702
11205,1,15,15,702
11206,1,3,3,702
11207,1,15,15,702
11208,1,15,15,702
11209,1,15,15,702
11210,1,15,15,702
11211,1,15,15,702
11212,1,15,15,702
11213,1,15,15,702
11214,1,15,15,702
11215,1,15,15,702
11216,1,15,15,702
11217,1,15,15,702
11218,1,15,15,702
11219,1,15,15,702
11220,1,15,15,702
11221,1,15,4,702
11222,1,15,15,702
11223,1,15,15,702
11224,1,15,15,702
11225,1,15,15,702
11226,1,15,15,702
11227,1,15,15,702
11228,1,41,41,702
11229,1,15,15,702
11230,1,4,4,702
11231,1,15,15,702
11232,1,15,15,702
11233,1,15,15,702
11234,1,21,15,702
11235,1,15,15,702
11236,1,15,15,702
11237,1,15,15,702
11238,1,21,15,702
11239,1,15,15,702
11240,1,21,15,702
11241,1,15,15,702
11242,1,15,15,702
11243,1,15,15,702
11244,1,15,15,702
11245,1,15,15,702
11246,1,15,15,702
11247,1,15,15,702
11248,1,15,15,702
11249,1,15,15,702
11250,1,15,15,702
11251,1,15,15,702
11252,1,15,15,702
11253,1,15,15,702
11254,1,15,15,702
11255,1,15,15,702
11256,1,15,15,702
11257,1,15,15,702
11258,1,3,3,702
11259,1,15,15,702
11260,1,15,15,702
11261,1,15,15,702
11262,1,15,15,702
11263,1,15,15,702
11264,1,41,41,702
11265,1,15,15,702
11266,1,15,15,702
11267,1,15,15,702
11268,1,21,21,702
11269,1,15,15,702
11270,1,20,15,702
11271,1,4,4,702
11272,1,15,15,702
11273,1,15,15,702
11274,1,15,15,702
11275,1,15,15,702
11276,1,15,15,702
11277,1,15,15,702
11278,1,15,15,702
11279,1,15,15,702
11280,1,15,15,702
11281,1,15,15,702
11282,1,15,15,702
11283,1,15,15,702
11284,1,15,15,702
11285,1,15,15,702
11286,1,15,15,702
11287,1,15,15,702
11288,1,15,15,702
11289,1,15,15,702
11290,1,15,15,702
11291,1,15,15,702
11292,1,15,15,702
11293,1,15,15,702
11294,1,15,15,702
11295,1,21,21,702
11296,1,15,15,702
11297,1,15,15,702
11298,1,15,15,702
11299,1,15,15,702
11300,1,15,15,702
11301,1,15,15,702
11302,1,15,15,702
11303,1,15,15,702
11304,1,15,15,702
11305,1,15,15,702
11306,1,41,41,702
11307,1,15,15,702
11308,1,15,15,702
11309,1,15,15,702
11310,1,41,41,702
11311,1,15,15,702
11312,1,15,15,702
11313,1,15,15,702
11314,1,15,15,702
11315,1,15,15,702
11316,1,15,15,702
11317,1,15,15,702
11318,1,15,15,702
11319,1,15,15,702
11320,1,15,15,702
11321,1,15,15,702
11322,1,15,15,702
11323,1,4,4,702
11324,1,4,4,702
11325,1,15,15,702
11326,1,15,15,702
11327,1,15,15,702
11328,1,15,15,702
11329,1,15,15,702
11330,1,15,15,702
11331,1,15,15,702
11332,1,15,15,702
11333,1,15,15,702
11334,1,15,15,702
11335,1,15,15,702
11336,1,15,15,702
11337,1,15,15,702
11338,1,15,15,702
11339,1,15,15,702
11340,1,15,15,702
11341,1,15,15,702
11342,1,15,15,702
11343,1,15,15,702
11344,1,15,15,702
11345,1,15,15,702
11346,1,15,15,702
11347,1,15,15,702
11348,1,15,15,702
11349,1,15,15,702
11350,1,15,15,702
11351,1,15,15,702
11352,1,15,15,702
11353,1,15,15,702
11354,1,15,15,702
11355,1,15,15,702
11356,1,20,15,702
11357,1,15,15,702
11358,1,15,15,702
11359,1,15,15,702
11360,1,15,15,702
11361,1,15,15,702
11362,1,4,4,702
11363,1,15,15,702
11364,1,15,15,702
11365,1,15,15,702
11366,1,15,15,702
11367,1,12,12,702
11368,1,15,15,702
11369,1,41,41,702
11370,1,15,15,702
11371,1,15,15,702
11372,1,15,15,702
11373,1,15,4,702
11374,1,15,15,702
11375,1,4,15,702
11376,1,15,15,702
11377,1,15,15,702
11378,1,15,15,702
11379,1,15,15,702
11380,1,15,15,702
11381,1,15,15,702
11382,1,15,15,702
11383,1,15,4,702
11384,1,15,15,702
11385,1,15,15,702
11386,1,15,15,702
11387,1,15,15,702
11388,1,15,15,702
11389,1,15,15,702
11390,1,15,15,702
11391,1,15,15,702
11392,1,15,15,702
11393,1,15,15,702
11394,1,15,15,702
11395,1,15,15,702
11396,1,15,15,702
11397,1,15,15,702
11398,1,15,15,702
11399,1,15,15,702
11400,1,15,15,702
11401,1,15,15,702
11402,1,15,15,702
11403,1,15,15,702
11404,1,15,15,702
11405,1,4,4,702
11406,1,15,15,702
11407,1,15,15,702
11408,1,15,15,702
11409,1,15,15,702
11410,1,15,15,702
11411,1,21,15,702
11412,1,4,4,702
11413,1,15,15,702
11414,1,15,15,702
11415,1,15,15,702
11416,1,15,15,702
11417,1,15,15,702
11418,1,15,15,702
11419,1,15,15,702
11420,1,15,15,702
11421,1,15,15,702
11422,1,15,15,702
11423,1,15,15,702
11424,1,15,15,702
11425,1,15,15,702
11426,1,15,15,702
11427,1,15,15,702
11428,1,15,15,702
11429,1,15,15,702
11430,1,41,41,702
11431,1,15,15,702
11432,1,15,15,702
11433,1,39,39,702
11434,1,15,15,702
11435,1,15,15,702
11436,1,15,15,702
11437,1,4,15,702
11438,1,15,15,702
11439,1,15,15,702
11440,1,15,15,702
11441,1,15,15,702
11442,1,15,15,702
11443,1,15,15,702
11444,1,21,15,702
11445,1,15,15,702
11446,1,15,15,702
11447,1,15,15,702
11448,1,15,15,702
11449,1,15,15,702
11450,1,15,15,702
11451,1,15,15,702
11452,1,15,15,702
11453,1,21,15,702
11454,1,15,15,702
11455,1,15,15,702
11456,1,15,15,702
11457,1,15,15,702
11458,1,15,15,702
11459,1,15,15,702
11460,1,4,4,702
11461,1,15,15,702
11462,1,15,15,702
11463,1,15,15,702
11464,1,15,15,702
11465,1,15,15,702
11466,1,15,15,702
11467,1,41,41,702
11468,1,15,15,702
11469,1,15,15,702
11470,1,3,3,702
11471,1,15,15,702
11472,1,15,15,702
11473,1,15,15,702
11474,1,15,15,702
11475,1,15,15,702
11476,1,15,15,702
11477,1,15,15,702
11478,1,15,15,702
11479,1,15,15,702
11480,1,15,15,702
11481,1,15,15,702
11482,1,15,15,702
11483,1,15,15,702
11484,1,15,15,702
11485,1,15,15,702
11486,1,15,15,702
11487,1,15,15,702
11488,1,15,15,702
11489,1,15,15,702
11490,1,15,15,702
11491,1,15,15,702
11492,1,15,15,702
11493,1,15,15,702
11494,1,15,15,702
11495,1,15,15,702
11496,1,15,15,702
11497,1,15,15,702
11498,1,15,15,702
11499,1,3,3,702
11500,1,15,15,702
11501,1,15,15,702
11502,1,15,15,702
11503,1,15,15,702
11504,1,15,15,702
11505,1,15,15,702
11506,1,15,15,702
11507,1,3,3,702
11508,1,15,15,702
11509,1,15,15,702
11510,1,15,15,702
11511,1,15,15,702
11512,1,15,15,702
11513,1,15,15,702
11514,1,15,15,702
11515,1,15,4,702
11516,1,41,41,702
11517,1,41,41,702
11518,1,15,15,702
11519,1,15,15,702
11520,1,15,15,702
11521,1,15,15,702
11522,1,15,15,702
11523,1,15,15,702
11524,1,15,15,702
11525,1,15,15,702
11526,1,15,4,702
11527,1,15,15,702
11528,1,4,4,702
11529,1,21,15,702
11530,1,15,15,702
11531,1,15,15,702
11532,1,15,15,702
11533,1,15,15,702
11534,1,15,15,702
11535,1,15,15,702
11536,1,4,4,702
11537,1,15,15,702
11538,1,15,15,702
11539,1,15,15,702
11540,1,15,15,702
11541,1,15,15,702
11542,1,15,15,702
11543,1,15,15,702
11544,1,15,15,702
11545,1,15,15,702
11546,1,15,15,702
11547,1,15,15,702
11548,1,15,15,702
11549,1,15,15,702
11550,1,15,15,702
11551,1,15,15,702
11552,1,15,15,702
11553,1,15,15,702
11554,1,15,15,702
11555,1,15,15,702
11556,1,15,15,702
11557,1,15,15,702
11558,1,21,15,702
11559,1,15,15,702
11560,1,4,4,702
11561,1,15,15,702
11562,1,15,15,702
11563,1,4,4,702
11564,1,15,15,702
11565,1,15,15,702
11566,1,15,15,702
11567,1,15,15,702
11568,1,15,15,702
11569,1,15,15,702
11570,1,15,15,702
11571,1,15,15,702
11572,1,15,15,702
11573,1,15,15,702
11574,1,15,15,702
11575,1,15,15,702
11576,1,15,15,702
11577,1,15,15,702
11578,1,4,4,702
11579,1,15,15,702
11580,1,15,15,702
11581,1,15,15,702
11582,1,15,15,702
11583,1,15,15,702
11584,1,39,39,702
11585,1,15,12,702
11586,1,15,15,702
11587,1,4,4,702
11588,1,15,15,702
11589,1,15,15,702
11590,1,15,15,702
11591,1,15,15,702
11592,1,15,15,702
11593,1,15,15,702
11594,1,15,15,702
11595,1,15,15,702
11596,1,15,15,702
11597,1,21,15,702
11598,1,15,15,702
11599,1,15,15,702
11600,1,15,15,702
11601,1,15,15,702
11602,1,15,15,702
11603,1,15,15,702
11604,1,15,15,702
11605,1,15,15,702
11606,1,15,15,702
11607,1,15,15,702
11608,1,15,4,702
11609,1,15,15,702
11610,1,15,15,702
11611,1,15,15,702
11612,1,15,15,702
11613,1,15,15,702
11614,1,15,15,702
11615,1,15,15,702
11616,1,15,15,702
11617,1,41,41,702
11618,1,15,15,702
11619,1,15,15,702
11620,1,15,15,702
11621,1,15,15,702
11622,1,15,15,702
11623,1,15,15,702
11624,1,15,15,702
11625,1,41,41,702
11626,1,15,15,702
11627,1,15,15,702
11628,1,15,15,702
11629,1,15,15,702
11630,1,15,15,702
11631,1,15,15,702
11632,1,15,15,702
11633,1,15,15,702
11634,1,15,15,702
11635,1,15,15,702
11636,1,15,15,702
11637,1,21,15,702
11638,1,15,15,702
11639,1,15,15,702
11640,1,4,4,702
11641,1,21,15,702
11642,1,15,15,702
11643,1,21,15,702
11644,1,15,15,702
11645,1,4,4,702
11646,1,15,15,702
11647,1,15,15,702
11648,1,15,15,702
11649,1,15,15,702
11650,1,15,15,702
11651,1,15,15,702
11652,1,15,15,702
11653,1,15,15,702
11654,1,41,41,702
11655,1,15,15,702
11656,1,12,12,702
11657,1,15,15,702
11658,1,15,15,702
11659,1,15,15,702
11660,1,15,15,702
11661,1,15,15,702
11662,1,15,15,702
11663,1,3,15,702
11664,1,15,15,702
11665,1,15,15,702
11666,1,15,15,702
11667,1,15,15,702
11668,1,15,15,702
11669,1,15,4,702
11670,1,15,15,702
11671,1,15,15,702
11672,1,4,4,702
11673,1,15,15,702
11674,1,15,15,702
11675,1,15,15,702
11676,1,15,15,702
11677,1,39,39,702
11678,1,15,15,702
11679,1,15,15,702
11680,1,15,15,702
11681,1,15,15,702
11682,1,15,15,702
11683,1,15,15,702
11684,1,15,15,702
11685,1,15,15,702
11686,1,15,15,702
11687,1,15,15,702
11688,1,15,15,702
11689,1,15,15,702
11690,1,15,15,702
11691,1,15,15,702
11692,1,15,15,702
11693,1,15,15,702
11694,1,15,15,702
11695,1,15,15,702
11696,1,15,15,702
11697,1,15,15,702
11698,1,15,15,702
11699,1,21,15,702
11700,1,15,15,702
11701,1,4,4,702
11702,1,15,15,702
11703,1,15,15,702
11704,1,15,15,702
11705,1,15,15,702
11706,1,15,15,702
11707,1,15,15,702
11708,1,15,15,702
11709,1,15,15,702
11710,1,15,15,702
11711,1,15,15,702
11712,1,15,15,702
11713,1,15,15,702
11714,1,15,15,702
11715,1,15,15,702
11716,1,15,15,702
11717,1,15,15,702
11718,1,15,4,702
11719,1,15,15,702
11720,1,15,15,702
11721,1,21,15,702
11722,1,15,15,702
11723,1,15,15,702
11724,1,15,15,702
11725,1,21,15,702
11726,1,4,4,702
11727,1,15,15,702
11728,1,15,15,702
11729,1,15,15,702
11730,1,15,15,702
11731,1,15,15,702
11732,1,15,15,702
11733,1,4,4,702
11734,1,15,15,702
11735,1,39,39,702
11736,1,15,15,702
11737,1,15,15,702
11738,1,41,15,702
11739,1,15,15,702
11740,1,15,15,702
11741,1,15,15,702
11742,1,15,15,702
11743,1,15,15,702
11744,1,39,39,702
11745,1,15,15,702
11746,1,15,15,702
11747,1,15,15,702
11748,1,15,15,702
11749,1,15,15,702
11750,1,15,15,702
11751,1,15,15,702
11752,1,15,15,702
11753,1,15,15,702
11754,1,15,15,702
11755,1,15,15,702
11756,1,15,15,702
11757,1,15,15,702
11758,1,15,15,702
11759,1,15,15,702
11760,1,15,15,702
11761,1,15,15,702
11762,1,15,15,702
11763,1,15,15,702
11764,1,15,15,702
11765,1,15,15,702
11766,1,4,4,702
11767,1,15,15,702
11768,1,15,15,702
11769,1,15,15,702
11770,1,15,15,702
11771,1,15,15,702
11772,1,12,12,702
11773,1,15,15,702
11774,1,15,15,702
11775,1,15,15,702
11776,1,15,15,702
11777,1,15,15,702
11778,1,15,15,702
11779,1,15,15,702
11780,1,15,15,702
11781,1,15,15,702
11782,1,15,15,702
11783,1,3,3,702
11784,1,15,15,702
11785,1,15,15,702
11786,1,15,15,702
11787,1,15,15,702
11788,1,15,4,702
11789,1,21,4,702
11790,1,15,15,702
11791,1,15,15,702
11792,1,39,39,702
11793,1,15,15,702
11794,1,15,15,702
11795,1,15,15,702
11796,1,15,15,702
11797,1,15,15,702
11798,1,15,15,702
11799,1,15,15,702
11800,1,21,15,702
11801,1,15,15,702
11802,1,4,4,702
11803,1,15,15,702
11804,1,15,15,702
11805,1,15,15,702
11806,1,15,15,702
11807,1,15,15,702
11808,1,15,15,702
11809,1,15,15,702
11810,1,15,15,702
11811,1,15,15,702
11812,1,15,15,702
11813,1,15,15,702
11814,1,15,15,702
11815,1,15,15,702
11816,1,15,15,702
11817,1,15,15,702
11818,1,15,15,702
11819,1,15,15,702
11820,1,15,15,702
11821,1,15,15,702
11822,1,15,15,702
11823,1,15,15,702
11824,1,15,15,702
11825,1,15,15,702
11826,1,15,15,702
11827,1,15,15,702
11828,1,15,15,702
11829,1,15,15,702
11830,1,15,15,702
11831,1,15,15,702
11832,1,21,15,702
11833,1,15,15,702
11834,1,15,15,702
11835,1,15,15,702
11836,1,15,15,702
11837,1,15,15,702
11838,1,15,15,702
11839,1,15,15,702
11840,1,15,15,702
11841,1,15,15,702
11842,1,15,15,702
11843,1,15,15,702
11844,1,15,15,702
11845,1,15,15,702
11846,1,15,15,702
11847,1,15,15,702
11848,1,15,15,702
11849,1,15,15,702
11850,1,15,15,702
11851,1,15,15,702
11852,1,15,15,702
11853,1,15,15,702
11854,1,15,15,702
11855,1,15,15,702
11856,1,4,4,702
11857,1,15,15,702
11858,1,15,15,702
11859,1,15,15,702
11860,1,15,15,702
11861,1,15,15,702
11862,1,15,15,702
11863,1,15,15,702
11864,1,15,15,702
11865,1,15,15,702
11866,1,15,15,702
11867,1,39,39,702
11868,1,15,15,702
11869,1,4,4,702
11870,1,15,15,702
11871,1,41,41,702
11872,1,15,15,702
11873,1,15,15,702
11874,1,15,15,702
11875,1,15,15,702
11876,1,15,21,702
11877,1,15,15,702
11878,1,15,15,702
11879,1,15,15,702
11880,1,15,15,702
11881,1,15,15,702
11882,1,15,15,702
11883,1,15,11,702
11884,1,15,15,702
11885,1,15,4,702
11886,1,15,15,702
11887,1,15,15,702
11888,1,9,15,702
11889,1,15,15,702
11890,1,15,15,702
11891,1,15,15,702
11892,1,15,15,702
11893,1,15,15,702
11894,1,15,4,702
11895,1,15,15,702
11896,1,15,15,702
11897,1,15,15,702
11898,1,15,15,702
11899,1,15,15,702
11900,1,15,15,702
11901,1,15,15,702
11902,1,15,15,702
11903,1,15,15,702
11904,1,15,15,702
11905,1,15,15,702
11906,1,15,15,702
11907,1,15,15,702
11908,1,15,15,702
11909,1,15,21,702
11910,1,15,15,702
11911,1,15,15,702
11912,1,15,15,702
11913,1,15,15,702
11914,1,15,15,702
11915,1,15,15,702
11916,1,15,15,702
11917,1,15,15,702
11918,1,3,3,702
11919,1,4,4,702
11920,1,15,15,702
11921,1,15,15,702
11922,1,4,4,702
11923,1,15,15,702
11924,1,15,15,702
11925,1,15,15,702
11926,1,15,15,702
11927,1,15,15,702
11928,1,15,15,702
11929,1,15,15,702
11930,1,15,15,702
11931,1,15,15,702
11932,1,15,15,702
11933,1,15,15,702
11934,1,15,15,702
11935,1,15,15,702
11936,1,15,15,702
11937,1,15,15,702
11938,1,15,15,702
11939,1,15,15,702
11940,1,15,15,702
11941,1,15,15,702
11942,1,15,15,702
11943,1,15,15,702
11944,1,15,15,702
11945,1,15,15,702
11946,1,15,15,702
11947,1,15,15,702
11948,1,15,15,702
11949,1,15,15,702
11950,1,15,15,702
11951,1,15,15,702
11952,1,15,15,702
11953,1,15,15,702
11954,1,15,15,702
11955,1,15,15,702
11956,1,15,15,702
11957,1,41,41,702
11958,1,15,15,702
11959,1,15,15,702
11960,1,15,15,702
11961,1,15,15,702
11962,1,15,15,702
11963,1,15,15,702
11964,1,15,15,702
11965,1,4,4,702
11966,1,15,15,702
11967,1,15,12,702
11968,1,15,15,702
11969,1,15,15,702
11970,1,15,15,702
11971,1,15,15,702
11972,1,15,15,702
11973,1,15,15,702
11974,1,15,15,702
11975,1,15,15,702
11976,1,15,15,702
11977,1,15,15,702
11978,1,15,15,702
11979,1,15,15,702
11980,1,15,15,702
11981,1,15,15,702
11982,1,15,15,702
11983,1,15,15,702
11984,1,4,4,702
11985,1,15,15,702
11986,1,15,15,702
11987,1,41,41,702
11988,1,15,15,702
11989,1,15,15,702
11990,1,15,15,702
11991,1,15,15,702
11992,1,15,15,702
11993,1,15,15,702
11994,1,15,15,702
11995,1,15,15,702
11996,1,15,15,702
11997,1,39,39,702
11998,1,15,15,702
11999,1,15,15,702
12000,1,15,15,702
12001,1,15,15,702
12002,1,15,15,702
12003,1,15,15,702
12004,1,21,15,702
12005,1,39,39,702
12006,1,15,15,702
12007,1,15,15,702
12008,1,15,15,702
12009,1,15,15,702
12010,1,15,15,702
12011,1,15,15,702
12012,1,15,15,702
12013,1,15,15,702
12014,1,15,15,702
12015,1,15,15,702
12016,1,15,15,702
12017,1,15,15,702
12018,1,15,15,702
12019,1,15,15,702
12020,1,15,15,702
12021,1,15,4,702
12022,1,15,15,702
12023,1,15,15,702
12024,1,15,15,702
12025,1,15,15,702
12026,1,15,15,702
12027,1,15,15,702
12028,1,15,15,702
12029,1,15,15,702
12030,1,15,15,702
12031,1,24,24,702
12032,1,15,15,702
12033,1,15,15,702
12034,1,15,15,702
12035,1,15,15,702
12036,1,4,4,702
12037,1,15,15,702
12038,1,15,15,702
12039,1,15,15,702
12040,1,15,15,702
12041,1,15,15,702
12042,1,15,15,702
12043,1,21,15,702
12044,1,15,15,702
12045,1,15,15,702
12046,1,15,15,702
12047,1,15,15,702
12048,1,15,15,702
12049,1,15,15,702
12050,1,21,15,702
12051,1,15,15,702
12052,1,15,15,702
12053,1,15,15,702
12054,1,15,15,702
12055,1,15,15,702
12056,1,15,15,702
12057,1,15,15,702
12058,1,15,15,702
12059,1,15,15,702
12060,1,15,15,702
12061,1,21,15,702
12062,1,15,15,702
12063,1,15,15,702
12064,1,15,15,702
12065,1,15,15,702
12066,1,15,15,702
12067,1,15,15,702
12068,1,15,15,702
12069,1,15,15,702
12070,1,15,15,702
12071,1,4,4,702
12072,1,15,15,702
12073,1,15,15,702
12074,1,15,15,702
12075,1,21,15,702
12076,1,15,15,702
12077,1,15,15,702
12078,1,15,15,702
12079,1,15,15,702
12080,1,15,15,702
12081,1,21,15,702
12082,1,15,15,702
12083,1,15,15,702
12084,1,41,41,702
12085,1,15,15,702
12086,1,15,15,702
12087,1,15,15,702
12088,1,15,15,702
12089,1,15,15,702
12090,1,15,15,702
12091,1,15,15,702
12092,1,15,15,702
12093,1,15,15,702
12094,1,15,15,702
12095,1,15,15,702
12096,1,15,15,702
12097,1,15,15,702
12098,1,15,15,702
12099,1,15,15,702
12100,1,15,15,702
12101,1,15,15,702
12102,1,15,15,702
12103,1,15,15,702
12104,1,15,15,702
12105,1,15,15,702
12106,1,15,15,702
12107,1,15,15,702
12108,1,15,15,702
12109,1,15,15,702
12110,1,15,15,702
12111,1,24,24,702
12112,1,15,15,702
12113,1,15,15,702
12114,1,15,15,702
12115,1,15,15,702
12116,1,4,4,702
12117,1,15,15,702
12118,1,39,39,702
12119,1,15,15,702
12120,1,15,15,702
12121,1,15,15,702
12122,1,15,15,702
12123,1,15,15,702
12124,1,15,15,702
12125,1,15,15,702
12126,1,15,15,702
12127,1,15,15,702
12128,1,15,15,702
12129,1,15,15,702
12130,1,15,15,702
12131,1,15,15,702
12132,1,15,15,702
12133,1,15,15,702
12134,1,15,15,702
12135,1,15,15,702
12136,1,15,15,702
12137,1,15,15,702
12138,1,15,15,702
12139,1,15,15,702
12140,1,4,4,702
12141,1,15,15,702
12142,1,15,15,702
12143,1,15,15,702
12144,1,15,15,702
12145,1,15,15,702
12146,1,15,15,702
12147,1,15,15,702
12148,1,15,15,702
12149,1,15,15,702
12150,1,15,15,702
12151,1,15,15,702
12152,1,4,4,702
12153,1,15,15,702
12154,1,15,15,702
12155,1,12,12,702
12156,1,15,15,702
12157,1,21,15,702
12158,1,15,15,702
12159,1,15,15,702
12160,1,15,15,702
12161,1,15,15,702
12162,1,15,15,702
12163,1,15,15,702
12164,1,21,15,702
12165,1,15,15,702
12166,1,15,15,702
12167,1,15,15,702
12168,1,15,11,702
12169,1,15,15,702
12170,1,41,41,702
12171,1,15,15,702
12172,1,15,15,702
12173,1,15,15,702
12174,1,15,15,702
12175,1,15,15,702
12176,1,15,15,702
12177,1,15,15,702
12178,1,15,15,702
12179,1,15,15,702
12180,1,15,15,702
12181,1,15,15,702
12182,1,4,4,702
12183,1,15,15,702
12184,1,15,15,702
12185,1,15,15,702
12186,1,15,15,702
12187,1,15,15,702
12188,1,15,15,702
12189,1,15,15,702
12190,1,15,15,702
12191,1,15,15,702
12192,1,15,15,702
12193,1,15,15,702
12194,1,15,15,702
12195,1,15,15,702
12196,1,39,41,702
12197,1,15,15,702
12198,1,15,15,702
12199,1,15,15,702
12200,1,15,15,702
12201,1,15,15,702
12202,1,15,15,702
12203,1,15,15,702
12204,1,15,15,702
12205,1,15,15,702
12206,1,15,15,702
12207,1,15,15,702
12208,1,15,15,702
12209,1,15,15,702
12210,1,15,15,702
12211,1,15,15,702
12212,1,15,15,702
12213,1,15,15,702
12214,1,15,15,702
12215,1,21,15,702
12216,1,15,15,702
12217,1,15,15,702
12218,1,15,15,702
12219,1,15,15,702
12220,1,15,15,702
12221,1,15,15,702
12222,1,15,15,702
12223,1,15,15,702
12224,1,15,15,702
12225,1,15,15,702
12226,1,15,15,702
12227,1,15,15,702
12228,1,15,15,702
12229,1,15,15,702
12230,1,15,15,702
12231,1,15,15,702
12232,1,15,15,702
12233,1,41,41,702
12234,1,15,15,702
12235,1,15,15,702
12236,1,15,15,702
12237,1,15,15,702
12238,1,15,15,702
12239,1,15,15,702
12240,1,15,15,702
12241,1,39,39,702
12242,1,15,15,702
12243,1,15,15,702
12244,1,15,15,702
12245,1,4,4,702
12246,1,15,15,702
12247,1,15,15,702
12248,1,15,15,702
12249,1,15,15,702
12250,1,4,4,702
12251,1,15,15,702
12252,1,15,15,702
12253,1,15,15,702
12254,1,15,15,702
12255,1,15,15,702
12256,1,15,15,702
12257,1,4,4,702
12258,1,15,15,702
12259,1,15,15,702
12260,1,15,15,702
12261,1,15,15,702
12262,1,15,15,702
12263,1,15,15,702
12264,1,15,15,702
12265,1,4,4,702
12266,1,15,15,702
12267,1,15,15,702
12268,1,4,4,702
12269,1,15,15,702
12270,1,15,15,702
12271,1,15,15,702
12272,1,15,15,702
12273,1,15,15,702
12274,1,15,15,702
12275,1,15,15,702
12276,1,15,15,702
12277,1,15,15,702
12278,1,41,41,702
12279,1,15,15,702
12280,1,15,15,702
12281,1,15,15,702
12282,1,15,15,702
12283,1,15,15,702
12284,1,15,4,702
12285,1,15,15,702
12286,1,15,15,702
12287,1,21,15,702
12288,1,15,15,702
12289,1,15,15,702
12290,1,15,15,702
12291,1,15,15,702
12292,1,15,15,702
12293,1,15,15,702
12294,1,4,4,702
12295,1,15,15,702
12296,1,15,15,702
12297,1,15,15,702
12298,1,15,15,702
12299,1,15,15,702
12300,1,15,15,702
12301,1,4,4,702
12302,1,15,15,702
12303,1,15,15,702
12304,1,15,15,702
12305,1,15,15,702
12306,1,15,15,702
12307,1,15,15,702
12308,1,15,15,702
12309,1,15,15,702
12310,1,21,15,702
12311,1,15,15,702
12312,1,4,4,702
12313,1,15,15,702
12314,1,15,15,702
12315,1,15,15,702
12316,1,15,15,702
12317,1,41,41,702
12318,1,15,15,702
12319,1,15,15,702
12320,1,15,15,702
12321,1,15,15,702
12322,1,15,15,702
12323,1,4,4,702
12324,1,15,15,702
12325,1,15,15,702
12326,1,12,12,702
12327,1,15,15,702
12328,1,15,15,702
12329,1,4,4,702
12330,1,15,15,702
12331,1,15,15,702
12332,1,15,15,702
12333,1,15,15,702
12334,1,15,15,702
12335,1,15,15,702
12336,1,15,15,702
12337,1,15,15,702
12338,1,15,15,702
12339,1,15,15,702
12340,1,15,15,702
12341,1,15,15,702
12342,1,15,15,702
12343,1,15,15,702
12344,1,15,15,702
12345,1,15,15,702
12346,1,15,15,702
12347,1,15,15,702
12348,1,15,15,702
12349,1,15,15,702
12350,1,15,15,702
12351,1,15,15,702
12352,1,15,15,702
12353,1,15,15,702
12354,1,15,15,702
12355,1,21,15,702
12356,1,15,15,702
12357,1,15,15,702
12358,1,15,15,702
12359,1,15,15,702
12360,1,15,15,702
12361,1,15,15,702
12362,1,15,15,702
12363,1,15,15,702
12364,1,15,15,702
12365,1,15,15,702
12366,1,15,15,702
12367,1,15,15,702
12368,1,15,15,702
12369,1,15,15,702
12370,1,15,15,702
12371,1,21,15,702
12372,1,39,39,702
12373,1,15,15,702
12374,1,15,15,702
12375,1,15,15,702
12376,1,15,15,702
12377,1,15,15,702
12378,1,15,15,702
12379,1,15,15,702
12380,1,15,15,702
12381,1,15,15,702
12382,1,15,4,702
12383,1,15,15,702
12384,1,15,15,702
12385,1,15,15,702
12386,1,15,15,702
12387,1,15,15,702
12388,1,41,41,702
12389,1,15,15,702
12390,1,15,3,702
12391,1,15,15,702
12392,1,15,15,702
12393,1,15,15,702
12394,1,15,15,702
12395,1,15,15,702
12396,1,15,15,702
12397,1,15,15,702
12398,1,15,15,702
12399,1,15,15,702
12400,1,15,15,702
12401,1,15,15,702
12402,1,15,15,702
12403,1,15,15,702
12404,1,15,15,702
12405,1,15,15,702
12406,1,15,15,702
12407,1,15,15,702
12408,1,15,15,702
12409,1,15,15,702
12410,1,15,15,702
12411,1,15,15,702
12412,1,15,15,702
12413,1,15,15,702
12414,1,15,15,702
12415,1,15,15,702
12416,1,4,4,702
12417,1,15,15,702
12418,1,15,15,702
12419,1,15,15,702
12420,1,15,15,702
12421,1,15,15,702
12422,1,15,15,702
12423,1,15,15,702
12424,1,15,15,702
12425,1,15,15,702
12426,1,15,15,702
12427,1,15,15,702
12428,1,15,15,702
12429,1,41,41,702
12430,1,12,12,702
12431,1,15,15,702
12432,1,15,15,702
12433,1,15,15,702
12434,1,15,15,702
12435,1,15,15,702
12436,1,15,15,702
12437,1,15,15,702
12438,1,12,12,702
12439,1,15,15,702
12440,1,15,15,702
12441,1,15,15,702
12442,1,15,15,702
12443,1,4,4,702
12444,1,15,15,702
12445,1,15,15,702
12446,1,15,15,702
12447,1,15,4,702
12448,1,15,15,702
12449,1,15,15,702
12450,1,15,15,702
12451,1,4,4,702
12452,1,15,15,702
12453,1,15,15,702
12454,1,12,12,702
12455,1,15,15,702
12456,1,15,15,702
12457,1,15,15,702
12458,1,15,15,702
12459,1,15,15,702
12460,1,15,15,702
12461,1,21,15,702
12462,1,15,15,702
12463,1,15,15,702
12464,1,15,15,702
12465,1,15,15,702
12466,1,15,15,702
12467,1,15,15,702
12468,1,15,15,702
12469,1,15,15,702
12470,1,15,15,702
12471,1,15,15,702
12472,1,15,15,702
12473,1,15,15,702
12474,1,15,15,702
12475,1,15,15,702
12476,1,15,15,702
12477,1,15,15,702
12478,1,15,15,702
12479,1,15,15,702
12480,1,15,15,702
12481,1,15,15,702
12482,1,15,15,702
12483,1,15,15,702
12484,1,15,15,702
12485,1,15,15,702
12486,1,15,15,702
12487,1,15,15,702
12488,1,15,15,702
12489,1,15,15,702
12490,1,15,15,702
12491,1,15,15,702
12492,1,15,15,702
12493,1,15,15,702
12494,1,15,15,702
12495,1,15,15,702
12496,1,41,41,702
12497,1,15,15,702
12498,1,15,3,702
12499,1,15,15,702
12500,1,15,15,702
12501,1,15,15,702
12502,1,15,15,702
12503,1,4,4,702
12504,1,15,15,702
12505,1,15,15,702
12506,1,21,15,702
12507,1,15,15,702
12508,1,15,15,702
12509,1,15,15,702
12510,1,4,4,702
12511,1,24,24,702
12512,1,41,41,702
12513,1,15,15,702
12514,1,15,15,702
12515,1,15,15,702
12516,1,15,15,702
12517,1,15,15,702
12518,1,15,15,702
12519,1,15,12,702
12520,1,15,15,702
12521,1,15,15,702
12522,1,15,15,702
12523,1,15,15,702
12524,1,15,15,702
12525,1,15,15,702
12526,1,15,15,702
12527,1,15,15,702
12528,1,15,15,702
12529,1,4,4,702
12530,1,15,15,702
12531,1,15,15,702
12532,1,15,15,702
12533,1,15,15,702
12534,1,15,15,702
12535,1,15,15,702
12536,1,15,15,702
12537,1,15,15,702
12538,1,15,15,702
12539,1,15,15,702
12540,1,15,15,702
12541,1,15,15,702
12542,1,15,15,702
12543,1,15,15,702
12544,1,15,15,702
12545,1,21,15,702
12546,1,15,15,702
12547,1,15,15,702
12548,1,4,4,702
12549,1,15,15,702
12550,1,15,15,702
12551,1,15,15,702
12552,1,15,15,702
12553,1,15,15,702
12554,1,15,15,702
12555,1,15,15,702
12556,1,15,15,702
12557,1,15,15,702
12558,1,4,15,702
12559,1,21,15,702
12560,1,15,15,702
12561,1,15,15,702
12562,1,21,21,702
12563,1,15,15,702
12564,1,15,15,702
12565,1,15,15,702
12566,1,15,15,702
12567,1,15,15,702
12568,1,4,4,702
12569,1,15,15,702
12570,1,15,15,702
12571,1,15,15,702
12572,1,15,15,702
12573,1,15,15,702
12574,1,15,15,702
12575,1,15,15,702
12576,1,15,15,702
12577,1,15,15,702
12578,1,15,15,702
12579,1,15,15,702
12580,1,15,15,702
12581,1,15,15,702
12582,1,15,15,702
12583,1,15,15,702
12584,1,15,15,702
12585,1,15,15,702
12586,1,15,15,702
12587,1,15,15,702
12588,1,15,15,702
12589,1,15,15,702
12590,1,21,15,702
12591,1,4,4,702
12592,1,15,15,702
12593,1,15,15,702
12594,1,15,15,702
12595,1,15,15,702
12596,1,15,15,702
12597,1,15,15,702
12598,1,15,15,702
12599,1,15,15,702
12600,1,15,15,702
12601,1,15,15,702
12602,1,15,15,702
12603,1,15,15,702
12604,1,15,15,702
12605,1,15,15,702
12606,1,15,15,702
12607,1,15,15,702
12608,1,15,15,702
12609,1,15,15,702
12610,1,15,15,702
12611,1,15,15,702
12612,1,15,15,702
12613,1,15,15,702
12614,1,15,15,702
12615,1,25,15,702
12616,1,15,15,702
12617,1,15,15,702
12618,1,15,15,702
12619,1,15,15,702
12620,1,15,15,702
12621,1,15,15,702
12622,1,15,15,702
12623,1,3,3,702
12624,1,15,15,702
12625,1,15,15,702
12626,1,15,15,702
12627,1,15,15,702
12628,1,15,15,702
12629,1,15,15,702
12630,1,15,15,702
12631,1,15,15,702
12632,1,15,4,702
12633,1,15,15,702
12634,1,15,15,702
12635,1,15,15,702
12636,1,15,15,702
12637,1,15,15,702
12638,1,15,15,702
12639,1,15,15,702
12640,1,15,15,702
12641,1,15,15,702
12642,1,15,15,702
12643,1,15,15,702
12644,1,15,15,702
12645,1,15,15,702
12646,1,15,15,702
12647,1,15,15,702
12648,1,15,15,702
12649,1,15,15,702
12650,1,15,15,702
12651,1,15,15,702
12652,1,15,15,702
12653,1,15,15,702
12654,1,41,15,702
12655,1,15,15,702
12656,1,15,15,702
12657,1,21,15,702
12658,1,15,15,702
12659,1,15,15,702
12660,1,15,15,702
12661,1,15,15,702
12662,1,15,15,702
12663,1,15,15,702
12664,1,15,15,702
12665,1,15,15,702
12666,1,15,15,702
12667,1,15,15,702
12668,1,15,15,702
12669,1,15,15,702
12670,1,15,15,702
12671,1,15,15,702
12672,1,15,15,702
12673,1,15,15,702
12674,1,15,15,702
12675,1,15,15,702
12676,1,15,15,702
12677,1,15,15,702
12678,1,15,15,702
12679,1,15,15,702
12680,1,15,15,702
12681,1,15,15,702
12682,1,21,15,702
12683,1,15,15,702
12684,1,15,15,702
12685,1,15,15,702
12686,1,15,15,702
12687,1,15,15,702
12688,1,15,15,702
12689,1,15,15,702
12690,1,15,15,702
12691,1,15,15,702
12692,1,15,15,702
12693,1,15,15,702
12694,1,15,15,702
12695,1,15,15,702
12696,1,15,15,702
12697,1,15,15,702
12698,1,15,15,702
12699,1,15,15,702
12700,1,15,15,702
12701,1,15,15,702
12702,1,39,39,702
12703,1,15,15,702
12704,1,15,15,702
12705,1,15,15,702
12706,1,15,15,702
12707,1,15,15,702
12708,1,15,15,702
12709,1,15,15,702
12710,1,15,15,702
12711,1,15,15,702
12712,1,15,15,702
12713,1,15,15,702
12714,1,15,15,702
12715,1,15,15,702
12716,1,41,41,702
12717,1,15,15,702
12718,1,15,15,702
12719,1,4,4,702
12720,1,15,15,702
12721,1,15,15,702
12722,1,15,15,702
12723,1,15,15,702
12724,1,15,15,702
12725,1,15,15,702
12726,1,15,15,702
12727,1,15,15,702
12728,1,41,41,702
12729,1,15,15,702
12730,1,15,15,702
12731,1,15,15,702
12732,1,15,15,702
12733,1,15,15,702
12734,1,15,15,702
12735,1,15,15,702
12736,1,15,15,702
12737,1,15,15,702
12738,1,15,15,702
12739,1,15,15,702
12740,1,15,15,702
12741,1,15,15,702
12742,1,15,15,702
12743,1,41,41,702
12744,1,15,15,702
12745,1,15,15,702
12746,1,15,15,702
12747,1,15,15,702
12748,1,15,15,702
12749,1,15,15,702
12750,1,15,15,702
12751,1,15,15,702
12752,1,15,15,702
12753,1,15,15,702
12754,1,15,15,702
12755,1,15,15,702
12756,1,15,15,702
12757,1,15,15,702
12758,1,15,15,702
12759,1,15,15,702
12760,1,15,15,702
12761,1,15,15,702
12762,1,15,15,702
12763,1,15,15,702
12764,1,15,15,702
12765,1,15,15,702
12766,1,15,15,702
12767,1,15,15,702
12768,1,15,15,702
12769,1,15,15,702
12770,1,4,4,702
12771,1,15,15,702
12772,1,15,15,702
12773,1,15,15,702
12774,1,21,15,702
12775,1,15,15,702
12776,1,15,15,702
12777,1,15,15,702
12778,1,15,15,702
12779,1,15,15,702
12780,1,15,15,702
12781,1,12,12,702
12782,1,15,15,702
12783,1,15,15,702
12784,1,15,15,702
12785,1,15,15,702
12786,1,15,15,702
12787,1,15,15,702
12788,1,15,15,702
12789,1,15,15,702
12790,1,15,15,702
12791,1,15,15,702
12792,1,15,15,702
12793,1,15,15,702
12794,1,15,15,702
12795,1,15,15,702
12796,1,15,15,702
12797,1,15,15,702
12798,1,15,15,702
12799,1,15,15,702
12800,1,15,15,702
12801,1,15,15,702
12802,1,15,15,702
12803,1,15,15,702
12804,1,15,15,702
12805,1,15,15,702
12806,1,15,15,702
12807,1,15,15,702
12808,1,15,15,702
12809,1,15,15,702
12810,1,15,15,702
12811,1,15,15,702
12812,1,15,15,702
12813,1,15,15,702
12814,1,15,15,702
12815,1,15,15,702
12816,1,15,15,702
12817,1,15,15,702
12818,1,15,15,702
12819,1,15,15,702
12820,1,15,15,702
12821,1,15,15,702
12822,1,15,15,702
12823,1,15,15,702
12824,1,15,15,702
12825,1,15,15,702
12826,1,15,15,702
12827,1,15,15,702
12828,1,15,15,702
12829,1,15,15,702
12830,1,15,4,702
12831,1,15,15,702
12832,1,15,15,702
12833,1,15,15,702
12834,1,15,15,702
12835,1,21,15,702
12836,1,15,15,702
12837,1,15,15,702
12838,1,15,15,702
12839,1,15,15,702
12840,1,15,15,702
12841,1,15,15,702
12842,1,21,15,702
12843,1,15,15,702
12844,1,15,15,702
12845,1,15,15,702
12846,1,15,15,702
12847,1,21,15,702
12848,1,15,15,702
12849,1,15,15,702
12850,1,15,15,702
12851,1,15,15,702
12852,1,15,15,702
12853,1,15,15,702
12854,1,15,15,702
12855,1,15,15,702
12856,1,15,15,702
12857,1,15,15,702
12858,1,15,15,702
12859,1,15,4,702
12860,1,15,15,702
12861,1,15,15,702
12862,1,15,15,702
12863,1,15,15,702
12864,1,15,15,702
12865,1,15,15,702
12866,1,15,15,702
12867,1,15,15,702
12868,1,15,15,702
12869,1,15,15,702
12870,1,15,15,702
12871,1,15,15,702
12872,1,39,39,702
12873,1,15,15,702
12874,1,15,15,702
12875,1,15,15,702
12876,1,15,15,702
12877,1,15,15,702
12878,1,15,15,702
12879,1,15,15,702
12880,1,15,15,702
12881,1,4,4,702
12882,1,15,15,702
12883,1,12,12,702
12884,1,15,15,702
12885,1,15,15,702
12886,1,39,39,702
12887,1,15,15,702
12888,1,15,15,702
12889,1,15,15,702
12890,1,15,15,702
12891,1,15,15,702
12892,1,15,15,702
12893,1,15,15,702
12894,1,15,15,702
12895,1,15,15,702
12896,1,15,15,702
12897,1,15,15,702
12898,1,15,15,702
12899,1,15,15,702
12900,1,15,15,702
12901,1,41,15,702
12902,1,15,15,702
12903,1,15,15,702
12904,1,15,15,702
12905,1,15,15,702
12906,1,15,15,702
12907,1,15,15,702
12908,1,15,15,702
12909,1,4,4,702
12910,1,15,15,702
12911,1,15,15,702
12912,1,21,15,702
12913,1,4,4,702
12914,1,15,15,702
12915,1,15,15,702
12916,1,15,15,702
12917,1,15,15,702
12918,1,15,15,702
12919,1,15,15,702
12920,1,15,15,702
12921,1,15,15,702
12922,1,15,15,702
12923,1,15,15,702
12924,1,15,15,702
12925,1,15,15,702
12926,1,15,15,702
12927,1,15,15,702
12928,1,15,15,702
12929,1,15,15,702
12930,1,15,15,702
12931,1,15,15,702
12932,1,15,15,702
12933,1,15,15,702
12934,1,15,15,702
12935,1,15,15,702
12936,1,15,15,702
12937,1,15,15,702
12938,1,15,15,702
12939,1,15,15,702
12940,1,21,15,702
12941,1,15,15,702
12942,1,15,15,702
12943,1,15,4,702
12944,1,15,15,702
12945,1,15,15,702
12946,1,15,15,702
12947,1,15,15,702
12948,1,15,15,702
12949,1,15,15,702
12950,1,15,15,702
12951,1,15,15,702
12952,1,21,15,702
12953,1,15,15,702
12954,1,15,15,702
12955,1,15,15,702
12956,1,15,15,702
12957,1,15,15,702
12958,1,15,15,702
12959,1,15,15,702
12960,1,15,15,702
12961,1,15,15,702
12962,1,15,15,702
12963,1,15,15,702
12964,1,15,15,702
12965,1,15,15,702
12966,1,15,15,702
12967,1,15,15,702
12968,1,15,15,702
12969,1,15,15,702
12970,1,15,15,702
12971,1,15,15,702
12972,1,15,15,702
12973,1,15,15,702
12974,1,15,15,702
12975,1,15,15,702
12976,1,15,15,702
12977,1,21,15,702
12978,1,15,15,702
12979,1,15,15,702
12980,1,15,15,702
12981,1,12,12,702
12982,1,15,15,702
12983,1,15,15,702
12984,1,15,15,702
12985,1,15,15,702
12986,1,15,15,702
12987,1,15,15,702
12988,1,15,15,702
12989,1,15,15,702
12990,1,15,15,702
12991,1,15,15,702
12992,1,15,15,702
12993,1,15,15,702
12994,1,15,15,702
12995,1,15,15,702
12996,1,4,4,702
12997,1,15,15,702
12998,1,15,15,702
12999,1,15,15,702
13000,1,15,15,702
13001,1,15,15,702
13002,1,15,15,702
13003,1,15,15,702
13004,1,15,15,702
13005,1,15,15,702
13006,1,15,15,702
13007,1,15,15,702
13008,1,15,15,702
13009,1,15,15,702
13010,1,15,15,702
13011,1,15,15,702
13012,1,15,15,702
13013,1,15,15,702
13014,1,15,15,702
13015,1,15,15,702
13016,1,15,15,702
13017,1,15,15,702
13018,1,15,15,702
13019,1,15,4,702
13020,1,15,15,702
13021,1,15,15,702
13022,1,15,15,702
13023,1,15,15,702
13024,1,15,15,702
13025,1,15,15,702
13026,1,15,15,702
13027,1,15,15,702
13028,1,15,15,702
13029,1,15,15,702
13030,1,15,15,702
13031,1,15,15,702
13032,1,15,15,702
13033,1,15,15,702
13034,1,15,15,702
13035,1,15,15,702
13036,1,15,15,702
13037,1,15,15,702
13038,1,15,15,702
13039,1,15,15,702
13040,1,15,15,702
13041,1,15,15,702
13042,1,15,15,702
13043,1,15,15,702
13044,1,15,15,702
13045,1,15,12,702
13046,1,4,4,702
13047,1,15,15,702
13048,1,15,15,702
13049,1,15,15,702
13050,1,15,15,702
13051,1,15,15,702
13052,1,15,15,702
13053,1,15,15,702
13054,1,15,15,702
13055,1,15,15,702
13056,1,15,15,702
13057,1,15,15,702
13058,1,4,4,702
13059,1,15,15,702
13060,1,15,15,702
13061,1,15,15,702
13062,1,15,15,702
13063,1,15,15,702
13064,1,15,15,702
13065,1,15,15,702
13066,1,15,15,702
13067,1,15,15,702
13068,1,4,4,702
13069,1,15,15,702
13070,1,12,12,702
13071,1,15,15,702
13072,1,15,15,702
13073,1,4,4,702
13074,1,15,15,702
13075,1,15,15,702
13076,1,15,15,702
13077,1,15,15,702
13078,1,15,15,702
13079,1,15,15,702
13080,1,21,15,702
13081,1,15,15,702
13082,1,15,15,702
13083,1,15,15,702
13084,1,15,15,702
13085,1,15,15,702
13086,1,30,30,702
13087,1,15,15,702
13088,1,15,15,702
13089,1,15,15,702
13090,1,15,15,702
13091,1,15,15,702
13092,1,15,15,702
13093,1,15,15,702
13094,1,15,15,702
13095,1,15,15,702
13096,1,15,15,702
13097,1,15,15,702
13098,1,15,15,702
13099,1,15,15,702
13100,1,15,15,702
13101,1,15,15,702
13102,1,15,15,702
13103,1,15,15,702
13104,1,15,15,702
13105,1,15,15,702
13106,1,15,4,702
13107,1,15,15,702
13108,1,15,15,702
13109,1,15,15,702
13110,1,15,15,702
13111,1,15,15,702
13112,1,4,4,702
13113,1,15,15,702
13114,1,15,15,702
13115,1,15,15,702
13116,1,15,15,702
13117,1,15,15,702
13118,1,15,15,702
13119,1,15,15,702
13120,1,15,15,702
13121,1,15,15,702
13122,1,15,15,702
13123,1,15,15,702
13124,1,39,41,702
13125,1,15,15,702
13126,1,15,15,702
13127,1,15,15,702
13128,1,12,12,702
13129,1,15,15,702
13130,1,15,4,702
13131,1,15,15,702
13132,1,15,15,702
13133,1,15,15,702
13134,1,15,15,702
13135,1,15,15,702
13136,1,15,15,702
13137,1,15,15,702
13138,1,15,15,702
13139,1,15,15,702
13140,1,15,15,702
13141,1,15,15,702
13142,1,15,15,702
13143,1,15,15,702
13144,1,15,15,702
13145,1,15,15,702
13146,1,15,15,702
13147,1,15,15,702
13148,1,15,15,702
13149,1,15,15,702
13150,1,15,15,702
13151,1,15,15,702
13152,1,15,4,702
13153,1,4,4,702
13154,1,15,15,702
13155,1,15,15,702
13156,1,15,15,702
13157,1,15,15,702
13158,1,15,15,702
13159,1,15,15,702
13160,1,15,15,702
13161,1,15,15,702
13162,1,4,4,702
13163,1,15,15,702
13164,1,41,41,702
13165,1,15,15,702
13166,1,9,9,702
13167,1,15,15,702
13168,1,15,15,702
13169,1,15,15,702
13170,1,15,15,702
13171,1,15,15,702
13172,1,15,15,702
13173,1,15,15,702
13174,1,15,15,702
13175,1,15,15,702
13176,1,15,15,702
13177,1,4,4,702
13178,1,15,15,702
13179,1,15,15,702
13180,1,15,15,702
13181,1,15,15,702
13182,1,15,15,702
13183,1,15,15,702
13184,1,15,15,702
13185,1,15,15,702
13186,1,15,15,702
13187,1,15,15,702
13188,1,15,15,702
13189,1,15,15,702
13190,1,15,15,702
13191,1,15,15,702
13192,1,15,15,702
13193,1,15,15,702
13194,1,15,15,702
13195,1,15,15,702
13196,1,15,15,702
13197,1,15,15,702
13198,1,15,15,702
13199,1,4,4,702
13200,1,15,15,702
13201,1,15,15,702
13202,1,15,15,702
13203,1,15,15,702
13204,1,15,15,702
13205,1,15,15,702
13206,1,15,15,702
13207,1,15,15,702
13208,1,15,15,702
13209,1,15,15,702
13210,1,15,15,702
13211,1,15,15,702
13212,1,4,4,702
13213,1,15,15,702
13214,1,21,21,702
13215,1,15,15,702
13216,1,4,4,702
13217,1,9,9,702
13218,1,41,41,702
13219,1,15,15,702
13220,1,15,15,702
13221,1,15,15,702
13222,1,15,15,702
13223,1,15,15,702
13224,1,15,15,702
13225,1,15,15,702
13226,1,15,15,702
13227,1,15,15,702
13228,1,15,15,702
13229,1,15,15,702
13230,1,15,15,702
13231,1,15,15,702
13232,1,21,15,702
13233,1,15,15,702
13234,1,15,15,702
13235,1,15,15,702
13236,1,12,12,702
13237,1,15,15,702
13238,1,15,15,702
13239,1,15,15,702
13240,1,21,15,702
13241,1,15,15,702
13242,1,15,15,702
13243,1,15,15,702
13244,1,4,4,702
13245,1,15,15,702
13246,1,15,15,702
13247,1,15,15,702
13248,1,15,15,702
13249,1,15,15,702
13250,1,15,15,702
13251,1,15,4,702
13252,1,3,3,702
13253,1,15,15,702
13254,1,15,15,702
13255,1,15,15,702
13256,1,15,15,702
13257,1,21,15,702
13258,1,15,15,702
13259,1,15,15,702
13260,1,15,15,702
13261,1,15,15,702
13262,1,15,15,702
13263,1,15,15,702
13264,1,15,15,702
13265,1,15,15,702
13266,1,15,15,702
13267,1,15,15,702
13268,1,15,15,702
13269,1,15,15,702
13270,1,15,15,702
13271,1,15,15,702
13272,1,15,15,702
13273,1,15,15,702
13274,1,15,15,702
13275,1,15,15,702
13276,1,15,15,702
13277,1,46,46,702
13278,1,15,15,702
13279,1,15,15,702
13280,1,15,15,702
13281,1,15,15,702
13282,1,15,15,702
13283,1,15,15,702
13284,1,15,12,702
13285,1,15,15,702
13286,1,15,15,702
13287,1,12,12,702
13288,1,15,15,702
13289,1,4,4,702
13290,1,15,15,702
13291,1,15,15,702
13292,1,15,15,702
13293,1,15,15,702
13294,1,15,15,702
13295,1,15,15,702
13296,1,21,15,702
13297,1,20,15,702
13298,1,15,15,702
13299,1,15,15,702
13300,1,15,15,702
13301,1,15,4,702
13302,1,15,15,702
13303,1,15,15,702
13304,1,15,15,702
13305,1,15,15,702
13306,1,24,24,702
13307,1,15,15,702
13308,1,15,15,702
13309,1,21,15,702
13310,1,15,15,702
13311,1,15,15,702
13312,1,15,15,702
13313,1,15,15,702
13314,1,15,15,702
13315,1,15,15,702
13316,1,15,15,702
13317,1,41,41,702
13318,1,15,15,702
13319,1,15,15,702
13320,1,21,15,702
13321,1,4,4,702
13322,1,15,15,702
13323,1,21,15,702
13324,1,15,15,702
13325,1,15,15,702
13326,1,15,15,702
13327,1,15,15,702
13328,1,15,15,702
13329,1,15,15,702
13330,1,15,15,702
13331,1,15,15,702
13332,1,15,15,702
13333,1,15,15,702
13334,1,15,15,702
13335,1,15,15,702
13336,1,15,15,702
13337,1,15,15,702
13338,1,39,39,702
13339,1,15,15,702
13340,1,15,15,702
13341,1,15,15,702
13342,1,9,9,702
13343,1,15,15,702
13344,1,15,15,702
13345,1,15,15,702
13346,1,15,15,702
13347,1,15,15,702
13348,1,15,15,702
13349,1,15,15,702
13350,1,15,15,702
13351,1,15,15,702
13352,1,15,15,702
13353,1,4,4,702
13354,1,15,15,702
13355,1,24,24,702
13356,1,15,15,702
13357,1,15,15,702
13358,1,15,15,702
13359,1,15,15,702
13360,1,15,12,702
13361,1,15,15,702
13362,1,15,15,702
13363,1,15,15,702
13364,1,15,15,702
13365,1,15,15,702
13366,1,15,15,702
13367,1,15,15,702
13368,1,39,39,702
13369,1,15,15,702
13370,1,15,15,702
13371,1,15,15,702
13372,1,15,15,702
13373,1,15,15,702
13374,1,15,15,702
13375,1,15,15,702
13376,1,15,15,702
13377,1,15,15,702
13378,1,15,15,702
13379,1,15,15,702
13380,1,15,15,702
13381,1,15,15,702
13382,1,15,15,702
13383,1,15,15,702
13384,1,15,15,702
13385,1,15,15,702
13386,1,15,15,702
13387,1,15,15,702
13388,1,15,15,702
13389,1,15,15,702
13390,1,15,15,702
13391,1,15,15,702
13392,1,15,15,702
13393,1,15,15,702
13394,1,15,15,702
13395,1,15,15,702
13396,1,15,15,702
13397,1,15,15,702
13398,1,15,15,702
13399,1,15,15,702
13400,1,41,41,702
13401,1,15,15,702
13402,1,15,15,702
13403,1,15,15,702
13404,1,15,15,702
13405,1,15,15,702
13406,1,15,15,702
13407,1,15,15,702
13408,1,15,15,702
13409,1,15,15,702
13410,1,15,15,702
13411,1,15,15,702
13412,1,39,39,702
13413,1,15,15,702
13414,1,15,15,702
13415,1,15,15,702
13416,1,15,15,702
13417,1,15,15,702
13418,1,15,15,702
13419,1,15,15,702
13420,1,15,15,702
13421,1,15,15,702
13422,1,15,15,702
13423,1,15,15,702
13424,1,15,15,702
13425,1,15,15,702
13426,1,15,15,702
13427,1,15,15,702
13428,1,15,15,702
13429,1,15,15,702
13430,1,15,15,702
13431,1,15,15,702
13432,1,15,15,702
13433,1,15,15,702
13434,1,15,15,702
13435,1,15,15,702
13436,1,15,15,702
13437,1,15,15,702
13438,1,15,15,702
13439,1,15,15,702
13440,1,15,15,702
13441,1,15,15,702
13442,1,15,15,702
13443,1,15,15,702
13444,1,15,15,702
13445,1,15,15,702
13446,1,15,15,702
13447,1,15,15,702
13448,1,15,15,702
13449,1,15,15,702
13450,1,15,15,702
13451,1,15,15,702
13452,1,15,15,702
13453,1,15,15,702
13454,1,15,15,702
13455,1,15,12,702
13456,1,15,15,702
13457,1,15,15,702
13458,1,15,15,702
13459,1,15,15,702
13460,1,15,15,702
13461,1,15,15,702
13462,1,4,4,702
13463,1,39,39,702
13464,1,15,4,702
13465,1,15,15,702
13466,1,15,15,702
13467,1,15,15,702
13468,1,15,15,702
13469,1,15,15,702
13470,1,15,15,702
13471,1,3,3,702
13472,1,15,15,702
13473,1,15,15,702
13474,1,15,15,702
13475,1,15,15,702
13476,1,15,12,702
13477,1,15,15,702
13478,1,15,15,702
13479,1,15,15,702
13480,1,15,15,702
13481,1,15,15,702
13482,1,15,15,702
13483,1,15,15,702
13484,1,15,15,702
13485,1,15,15,702
13486,1,15,15,702
13487,1,15,4,702
13488,1,15,15,702
13489,1,15,15,702
13490,1,15,15,702
13491,1,4,4,702
13492,1,15,15,702
13493,1,15,15,702
13494,1,15,15,702
13495,1,4,4,702
13496,1,15,15,702
13497,1,15,15,702
13498,1,15,15,702
13499,1,15,15,702
13500,1,15,15,702
13501,1,15,15,702
13502,1,15,15,702
13503,1,4,4,702
13504,1,15,15,702
13505,1,15,15,702
13506,1,15,15,702
13507,1,15,15,702
13508,1,15,15,702
13509,1,15,15,702
13510,1,15,15,702
13511,1,15,15,702
13512,1,15,15,702
13513,1,15,15,702
13514,1,15,15,702
13515,1,15,15,702
13516,1,4,4,702
13517,1,15,15,702
13518,1,15,15,702
13519,1,15,15,702
13520,1,15,15,702
13521,1,39,39,702
13522,1,15,15,702
13523,1,15,15,702
13524,1,15,15,702
13525,1,15,15,702
13526,1,4,4,702
13527,1,15,15,702
13528,1,15,15,702
13529,1,15,15,702
13530,1,15,15,702
13531,1,15,15,702
13532,1,15,15,702
13533,1,15,15,702
13534,1,15,15,702
13535,1,15,15,702
13536,1,15,15,702
13537,1,15,15,702
13538,1,15,15,702
13539,1,15,15,702
13540,1,15,15,702
13541,1,15,15,702
13542,1,15,15,702
13543,1,15,15,702
13544,1,15,4,702
13545,1,15,15,702
13546,1,15,15,702
13547,1,15,15,702
13548,1,15,15,702
13549,1,15,15,702
13550,1,15,15,702
13551,1,4,4,702
13552,1,15,15,702
13553,1,15,15,702
13554,1,15,15,702
13555,1,15,15,702
13556,1,15,15,702
13557,1,15,15,702
13558,1,15,15,702
13559,1,15,15,702
13560,1,15,15,702
13561,1,15,15,702
13562,1,15,15,702
13563,1,15,15,702
13564,1,15,15,702
13565,1,15,15,702
13566,1,15,15,702
13567,1,39,39,702
13568,1,15,15,702
13569,1,15,15,702
13570,1,15,15,702
13571,1,15,15,702
13572,1,15,15,702
13573,1,15,15,702
13574,1,15,15,702
13575,1,15,15,702
13576,1,15,15,702
13577,1,15,15,702
13578,1,15,15,702
13579,1,15,15,702
13580,1,15,15,702
13581,1,15,15,702
13582,1,15,15,702
13583,1,41,41,702
13584,1,15,15,702
13585,1,15,15,702
13586,1,15,15,702
13587,1,15,12,702
13588,1,15,15,702
13589,1,15,15,702
13590,1,15,15,702
13591,1,15,15,702
13592,1,15,15,702
13593,1,15,15,702
13594,1,39,39,702
13595,1,15,15,702
13596,1,15,15,702
13597,1,4,4,702
13598,1,15,15,702
13599,1,4,4,702
13600,1,15,15,702
13601,1,15,15,702
13602,1,15,15,702
13603,1,15,15,702
13604,1,15,15,702
13605,1,15,15,702
13606,1,15,15,702
13607,1,15,15,702
13608,1,15,15,702
13609,1,41,41,702
13610,1,15,15,702
13611,1,15,15,702
13612,1,15,15,702
13613,1,15,15,702
13614,1,4,4,702
13615,1,15,15,702
13616,1,15,15,702
13617,1,15,15,702
13618,1,15,15,702
13619,1,15,15,702
13620,1,15,15,702
13621,1,15,15,702
13622,1,15,15,702
13623,1,15,15,702
13624,1,15,15,702
13625,1,15,15,702
13626,1,15,15,702
13627,1,15,15,702
13628,1,15,15,702
13629,1,15,15,702
13630,1,15,15,702
13631,1,15,15,702
13632,1,15,15,702
13633,1,15,15,702
13634,1,15,15,702
13635,1,15,15,702
13636,1,15,15,702
13637,1,15,15,702
13638,1,15,15,702
13639,1,15,15,702
13640,1,15,15,702
13641,1,15,15,702
13642,1,15,15,702
13643,1,15,15,702
13644,1,41,41,702
13645,1,15,15,702
13646,1,15,15,702
13647,1,15,15,702
13648,1,15,15,702
13649,1,15,15,702
13650,1,15,15,702
13651,1,15,15,702
13652,1,15,15,702
13653,1,15,15,702
13654,1,15,15,702
13655,1,21,15,702
13656,1,15,15,702
13657,1,15,15,702
13658,1,15,15,702
13659,1,15,15,702
13660,1,15,15,702
13661,1,15,15,702
13662,1,15,15,702
13663,1,15,15,702
13664,1,15,15,702
13665,1,15,15,702
13666,1,15,15,702
13667,1,15,15,702
13668,1,15,15,702
13669,1,15,15,702
13670,1,21,15,702
13671,1,15,15,702
13672,1,15,15,702
13673,1,15,15,702
13674,1,15,15,702
13675,1,15,15,702
13676,1,15,15,702
13677,1,15,15,702
13678,1,15,15,702
13679,1,12,12,702
13680,1,15,15,702
13681,1,15,15,702
13682,1,15,15,702
13683,1,15,15,702
13684,1,15,15,702
13685,1,15,15,702
13686,1,15,15,702
13687,1,15,15,702
13688,1,15,4,702
13689,1,15,15,702
13690,1,15,15,702
13691,1,15,15,702
13692,1,15,15,702
13693,1,15,15,702
13694,1,15,15,702
13695,1,15,15,702
13696,1,15,15,702
13697,1,15,15,702
13698,1,15,15,702
13699,1,15,15,702
13700,1,15,15,702
13701,1,15,15,702
13702,1,15,15,702
13703,1,15,15,702
13704,1,15,15,702
13705,1,15,15,702
13706,1,15,15,702
13707,1,15,15,702
13708,1,15,15,702
13709,1,15,15,702
13710,1,15,15,702
13711,1,15,15,702
13712,1,4,4,702
13713,1,15,15,702
13714,1,15,15,702
13715,1,15,15,702
13716,1,15,15,702
13717,1,15,15,702
13718,1,15,15,702
13719,1,39,39,702
13720,1,15,15,702
13721,1,15,15,702
13722,1,15,15,702
13723,1,15,15,702
13724,1,15,15,702
13725,1,15,15,702
13726,1,15,15,702
13727,1,15,15,702
13728,1,15,15,702
13729,1,15,15,702
13730,1,15,15,702
13731,1,15,4,702
13732,1,15,15,702
13733,1,15,15,702
13734,1,15,15,702
13735,1,15,15,702
13736,1,39,39,702
13737,1,15,15,702
13738,1,15,15,702
13739,1,15,15,702
13740,1,15,15,702
13741,1,15,15,702
13742,1,15,15,702
13743,1,15,15,702
13744,1,15,15,702
13745,1,15,15,702
13746,1,15,15,702
13747,1,15,15,702
13748,1,15,15,702
13749,1,15,15,702
13750,1,15,15,702
13751,1,15,15,702
13752,1,15,15,702
13753,1,15,15,702
13754,1,15,15,702
13755,1,15,15,702
13756,1,15,15,702
13757,1,15,15,702
13758,1,39,15,702
13759,1,15,15,702
13760,1,15,15,702
13761,1,15,15,702
13762,1,15,15,702
13763,1,4,4,702
13764,1,15,15,702
13765,1,15,15,702
13766,1,4,15,702
13767,1,12,12,702
13768,1,15,15,702
13769,1,15,15,702
13770,1,15,15,702
13771,1,15,15,702
13772,1,15,15,702
13773,1,15,15,702
13774,1,15,15,702
13775,1,15,15,702
13776,1,15,15,702
13777,1,15,15,702
13778,1,15,15,702
13779,1,15,15,702
13780,1,15,15,702
13781,1,15,15,702
13782,1,15,15,702
13783,1,15,15,702
13784,1,15,15,702
13785,1,15,15,702
13786,1,15,15,702
13787,1,15,15,702
13788,1,15,15,702
13789,1,15,15,702
13790,1,15,15,702
13791,1,15,15,702
13792,1,15,15,702
13793,1,15,15,702
13794,1,15,15,702
13795,1,15,15,702
13796,1,15,15,702
13797,1,15,15,702
13798,1,15,15,702
13799,1,15,15,702
13800,1,15,15,702
13801,1,15,15,702
13802,1,15,15,702
13803,1,15,15,702
13804,1,15,15,702
13805,1,15,15,702
13806,1,15,15,702
13807,1,15,15,702
13808,1,15,15,702
13809,1,15,15,702
13810,1,15,15,702
13811,1,15,15,702
13812,1,15,15,702
13813,1,15,15,702
13814,1,15,15,702
13815,1,15,15,702
13816,1,15,15,702
13817,1,15,15,702
13818,1,15,15,702
13819,1,15,15,702
13820,1,15,15,702
13821,1,15,15,702
13822,1,15,15,702
13823,1,15,15,702
13824,1,15,15,702
13825,1,11,11,702
13826,1,15,15,702
13827,1,15,15,702
13828,1,15,15,702
13829,1,15,15,702
13830,1,15,15,702
13831,1,15,15,702
13832,1,15,15,702
13833,1,15,15,702
13834,1,15,15,702
13835,1,21,15,702
13836,1,15,15,702
13837,1,15,15,702
13838,1,15,15,702
13839,1,9,9,702
13840,1,15,15,702
13841,1,4,4,702
13842,1,15,15,702
13843,1,15,15,702
13844,1,15,15,702
13845,1,15,15,702
13846,1,15,15,702
13847,1,15,15,702
13848,1,15,15,702
13849,1,15,15,702
13850,1,15,15,702
13851,1,15,15,702
13852,1,15,15,702
13853,1,15,15,702
13854,1,15,15,702
13855,1,15,15,702
13856,1,15,15,702
13857,1,15,15,702
13858,1,15,15,702
13859,1,15,15,702
13860,1,15,15,702
13861,1,15,4,702
13862,1,4,4,702
13863,1,15,15,702
13864,1,15,15,702
13865,1,15,15,702
13866,1,15,15,702
13867,1,15,15,702
13868,1,15,15,702
13869,1,15,15,702
13870,1,15,15,702
13871,1,15,15,702
13872,1,4,15,702
13873,1,15,15,702
13874,1,15,15,702
13875,1,15,15,702
13876,1,15,15,702
13877,1,15,15,702
13878,1,15,15,702
13879,1,15,15,702
13880,1,15,15,702
13881,1,15,15,702
13882,1,15,15,702
13883,1,15,15,702
13884,1,15,15,702
13885,1,15,15,702
13886,1,15,15,702
13887,1,15,15,702
13888,1,15,15,702
13889,1,15,15,702
13890,1,15,15,702
13891,1,15,15,702
13892,1,15,15,702
13893,1,15,15,702
13894,1,15,15,702
13895,1,15,15,702
13896,1,15,15,702
13897,1,15,15,702
13898,1,15,15,702
13899,1,15,15,702
13900,1,15,15,702
13901,1,15,15,702
13902,1,15,15,702
13903,1,15,15,702
13904,1,15,15,702
13905,1,15,15,702
13906,1,15,15,702
13907,1,15,15,702
13908,1,15,15,702
13909,1,15,3,702
13910,1,15,12,702
13911,1,15,15,702
13912,1,4,4,702
13913,1,15,12,702
13914,1,15,15,702
13915,1,15,15,702
13916,1,15,15,702
13917,1,15,15,702
13918,1,15,15,702
13919,1,15,15,702
13920,1,15,15,702
13921,1,21,15,702
13922,1,15,15,702
13923,1,15,15,702
13924,1,15,15,702
13925,1,15,15,702
13926,1,15,15,702
13927,1,15,15,702
13928,1,15,15,702
13929,1,41,41,702
13930,1,15,15,702
13931,1,15,15,702
13932,1,15,15,702
13933,1,15,15,702
13934,1,15,15,702
13935,1,15,15,702
13936,1,15,15,702
13937,1,15,15,702
13938,1,39,15,702
13939,1,15,15,702
13940,1,15,15,702
13941,1,15,15,702
13942,1,4,4,702
13943,1,15,15,702
13944,1,15,15,702
13945,1,15,15,702
13946,1,15,15,702
13947,1,15,15,702
13948,1,15,15,702
13949,1,15,15,702
13950,1,15,15,702
13951,1,15,15,702
13952,1,15,15,702
13953,1,15,15,702
13954,1,15,15,702
13955,1,15,15,702
13956,1,15,15,702
13957,1,15,15,702
13958,1,15,15,702
13959,1,15,15,702
13960,1,15,15,702
13961,1,15,15,702
13962,1,15,15,702
13963,1,15,15,702
13964,1,15,15,702
13965,1,15,15,702
13966,1,15,15,702
13967,1,15,15,702
13968,1,15,15,702
13969,1,15,15,702
13970,1,4,4,702
13971,1,15,15,702
13972,1,39,39,702
13973,1,15,15,702
13974,1,4,4,702
13975,1,15,15,702
13976,1,15,15,702
13977,1,15,15,702
13978,1,15,15,702
13979,1,15,15,702
13980,1,15,15,702
13981,1,15,15,702
13982,1,15,15,702
13983,1,15,15,702
13984,1,15,15,702
13985,1,15,15,702
13986,1,15,15,702
13987,1,15,15,702
13988,1,15,15,702
13989,1,15,15,702
13990,1,15,15,702
13991,1,15,15,702
13992,1,15,15,702
13993,1,15,15,702
13994,1,15,15,702
13995,1,15,15,702
13996,1,15,15,702
13997,1,15,15,702
13998,1,15,15,702
13999,1,15,15,702
14000,1,15,15,702
14001,1,15,15,702
14002,1,15,15,702
14003,1,15,15,702
14004,1,15,15,702
14005,1,15,15,702
14006,1,4,4,702
14007,1,15,15,702
14008,1,15,15,702
14009,1,15,15,702
14010,1,15,15,702
14011,1,15,15,702
14012,1,15,15,702
14013,1,15,15,702
14014,1,15,15,702
14015,1,15,15,702
14016,1,15,15,702
14017,1,15,15,702
14018,1,15,15,702
14019,1,15,15,702
14020,1,15,15,702
14021,1,15,15,702
14022,1,15,15,702
14023,1,15,15,702
14024,1,15,15,702
14025,1,15,15,702
14026,1,15,15,702
14027,1,15,15,702
14028,1,4,4,702
14029,1,15,15,702
14030,1,15,15,702
14031,1,4,4,702
14032,1,4,4,702
14033,1,15,15,702
14034,1,15,15,702
14035,1,15,15,702
14036,1,15,15,702
14037,1,15,15,702
14038,1,15,15,702
14039,1,15,15,702
14040,1,15,15,702
14041,1,15,15,702
14042,1,15,15,702
14043,1,15,15,702
14044,1,15,15,702
14045,1,15,15,702
14046,1,15,15,702
14047,1,15,15,702
14048,1,15,15,702
14049,1,15,15,702
14050,1,15,15,702
14051,1,15,15,702
14052,1,15,15,702
14053,1,21,15,702
14054,1,15,15,702
14055,1,15,15,702
14056,1,15,15,702
14057,1,15,15,702
14058,1,15,15,702
14059,1,15,15,702
14060,1,15,15,702
14061,1,15,15,702
14062,1,15,15,702
14063,1,15,15,702
14064,1,15,15,702
14065,1,15,15,702
14066,1,4,4,702
14067,1,15,15,702
14068,1,15,15,702
14069,1,15,15,702
14070,1,15,15,702
14071,1,15,15,702
14072,1,15,15,702
14073,1,15,15,702
14074,1,12,12,702
14075,1,15,15,702
14076,1,9,9,702
14077,1,15,15,702
14078,1,15,15,702
14079,1,15,15,702
14080,1,15,12,702
14081,1,21,15,702
14082,1,39,39,702
14083,1,15,15,702
14084,1,15,15,702
14085,1,15,15,702
14086,1,15,15,702
14087,1,15,15,702
14088,1,15,15,702
14089,1,15,15,702
14090,1,15,15,702
14091,1,15,15,702
14092,1,24,24,702
14093,1,15,15,702
14094,1,15,15,702
14095,1,15,15,702
14096,1,15,15,702
14097,1,15,15,702
14098,1,15,15,702
14099,1,15,15,702
14100,1,15,15,702
14101,1,15,15,702
14102,1,15,15,702
14103,1,15,15,702
14104,1,15,15,702
14105,1,15,15,702
14106,1,15,15,702
14107,1,15,15,702
14108,1,15,15,702
14109,1,15,15,702
14110,1,20,20,702
14111,1,15,15,702
14112,1,15,15,702
14113,1,15,15,702
14114,1,15,15,702
14115,1,15,15,702
14116,1,15,15,702
14117,1,15,15,702
14118,1,15,15,702
14119,1,15,15,702
14120,1,15,15,702
14121,1,15,15,702
14122,1,15,15,702
14123,1,12,12,702
14124,1,15,15,702
14125,1,15,15,702
14126,1,15,15,702
14127,1,15,15,702
14128,1,15,15,702
14129,1,15,15,702
14130,1,15,15,702
14131,1,15,15,702
14132,1,15,15,702
14133,1,15,15,702
14134,1,15,15,702
14135,1,15,15,702
14136,1,15,15,702
14137,1,4,4,702
14138,1,15,15,702
14139,1,15,15,702
14140,1,15,15,702
14141,1,15,15,702
14142,1,15,15,702
14143,1,15,15,702
14144,1,15,15,702
14145,1,15,15,702
14146,1,15,15,702
14147,1,21,15,702
14148,1,15,15,702
14149,1,15,15,702
14150,1,15,15,702
14151,1,15,15,702
14152,1,15,15,702
14153,1,15,4,702
14154,1,12,12,702
14155,1,15,15,702
14156,1,15,15,702
14157,1,39,41,702
14158,1,15,15,702
14159,1,15,15,702
14160,1,15,15,702
14161,1,15,15,702
14162,1,15,4,702
14163,1,21,15,702
14164,1,15,15,702
14165,1,15,15,702
14166,1,39,39,702
14167,1,15,15,702
14168,1,15,15,702
14169,1,15,15,702
14170,1,15,15,702
14171,1,15,15,702
14172,1,15,15,702
14173,1,15,15,702
14174,1,4,4,702
14175,1,15,15,702
14176,1,15,15,702
14177,1,15,15,702
14178,1,15,15,702
14179,1,15,15,702
14180,1,15,15,702
14181,1,15,15,702
14182,1,15,15,702
14183,1,15,15,702
14184,1,15,15,702
14185,1,15,15,702
14186,1,15,15,702
14187,1,15,15,702
14188,1,4,4,702
14189,1,15,15,702
14190,1,15,15,702
14191,1,15,15,702
14192,1,15,15,702
14193,1,15,15,702
14194,1,15,15,702
14195,1,15,15,702
14196,1,15,15,702
14197,1,21,15,702
14198,1,15,15,702
14199,1,15,15,702
14200,1,15,15,702
14201,1,30,30,702
14202,1,15,15,702
14203,1,15,15,702
14204,1,15,15,702
14205,1,21,15,702
14206,1,15,15,702
14207,1,15,15,702
14208,1,15,15,702
14209,1,15,15,702
14210,1,15,15,702
14211,1,15,15,702
14212,1,15,15,702
14213,1,15,15,702
14214,1,15,15,702
14215,1,15,15,702
14216,1,21,4,702
14217,1,15,15,702
14218,1,15,15,702
14219,1,15,15,702
14220,1,15,15,702
14221,1,15,15,702
14222,1,15,4,702
14223,1,15,15,702
14224,1,15,15,702
14225,1,15,15,702
14226,1,15,15,702
14227,1,15,15,702
14228,1,15,15,702
14229,1,15,15,702
14230,1,15,15,702
14231,1,15,15,702
14232,1,15,15,702
14233,1,15,15,702
14234,1,15,15,702
14235,1,15,15,702
14236,1,15,15,702
14237,1,15,15,702
14238,1,15,15,702
14239,1,15,15,702
14240,1,15,15,702
14241,1,12,12,702
14242,1,15,15,702
14243,1,41,41,702
14244,1,21,15,702
14245,1,15,15,702
14246,1,15,15,702
14247,1,15,15,702
14248,1,15,15,702
14249,1,15,15,702
14250,1,15,15,702
14251,1,15,15,702
14252,1,15,15,702
14253,1,15,15,702
14254,1,15,15,702
14255,1,15,15,702
14256,1,15,15,702
14257,1,15,15,702
14258,1,15,15,702
14259,1,15,15,702
14260,1,15,15,702
14261,1,41,41,702
14262,1,15,15,702
14263,1,15,15,702
14264,1,15,15,702
14265,1,15,15,702
14266,1,15,15,702
14267,1,15,15,702
14268,1,15,15,702
14269,1,15,15,702
14270,1,15,4,702
14271,1,12,12,702
14272,1,15,15,702
14273,1,15,15,702
14274,1,15,15,702
14275,1,15,15,702
14276,1,15,15,702
14277,1,15,15,702
14278,1,15,15,702
14279,1,15,15,702
14280,1,15,15,702
14281,1,15,15,702
14282,1,15,15,702
14283,1,15,15,702
14284,1,15,15,702
14285,1,15,15,702
14286,1,15,15,702
14287,1,15,15,702
14288,1,15,15,702
14289,1,15,15,702
14290,1,15,15,702
14291,1,15,15,702
14292,1,15,15,702
14293,1,15,15,702
14294,1,15,15,702
14295,1,15,15,702
14296,1,41,41,702
14297,1,15,15,702
14298,1,15,15,702
14299,1,15,15,702
14300,1,21,15,702
14301,1,15,15,702
14302,1,15,15,702
14303,1,15,15,702
14304,1,15,15,702
14305,1,15,15,702
14306,1,15,15,702
14307,1,15,15,702
14308,1,4,4,702
14309,1,15,15,702
14310,1,15,15,702
14311,1,15,15,702
14312,1,15,15,702
14313,1,15,15,702
14314,1,15,15,702
14315,1,15,15,702
14316,1,15,15,702
14317,1,15,15,702
14318,1,15,15,702
14319,1,15,15,702
14320,1,15,15,702
14321,1,15,15,702
14322,1,15,15,702
14323,1,15,15,702
14324,1,15,15,702
14325,1,15,15,702
14326,1,15,15,702
14327,1,15,15,702
14328,1,4,15,702
14329,1,15,15,702
14330,1,15,15,702
14331,1,15,15,702
14332,1,15,15,702
14333,1,15,15,702
14334,1,4,4,702
14335,1,15,15,702
14336,1,15,15,702
14337,1,15,15,702
14338,1,15,15,702
14339,1,15,15,702
14340,1,15,15,702
14341,1,15,15,702
14342,1,15,15,702
14343,1,15,15,702
14344,1,15,15,702
14345,1,15,15,702
14346,1,15,15,702
14347,1,15,15,702
14348,1,15,15,702
14349,1,39,39,702
14350,1,15,15,702
14351,1,4,4,702
14352,1,15,15,702
14353,1,15,15,702
14354,1,12,12,702
14355,1,15,15,702
14356,1,15,15,702
14357,1,15,15,702
14358,1,15,15,702
14359,1,15,15,702
14360,1,15,4,702
14361,1,15,15,702
14362,1,15,12,702
14363,1,15,15,702
14364,1,15,15,702
14365,1,39,39,702
14366,1,15,15,702
14367,1,15,15,702
14368,1,20,20,702
14369,1,15,15,702
14370,1,15,15,702
14371,1,15,15,702
14372,1,15,15,702
14373,1,9,9,702
14374,1,15,15,702
14375,1,15,15,702
14376,1,15,15,702
14377,1,15,15,702
14378,1,15,15,702
14379,1,15,15,702
14380,1,15,15,702
14381,1,15,15,702
14382,1,15,15,702
14383,1,15,15,702
14384,1,15,15,702
14385,1,15,15,702
14386,1,15,15,702
14387,1,15,15,702
14388,1,15,15,702
14389,1,15,15,702
14390,1,15,15,702
14391,1,15,15,702
14392,1,15,15,702
14393,1,15,15,702
14394,1,15,15,702
14395,1,15,15,702
14396,1,15,15,702
14397,1,15,15,702
14398,1,15,15,702
14399,1,15,15,702
14400,1,15,15,702
14401,1,15,15,702
14402,1,15,15,702
14403,1,15,15,702
14404,1,15,15,702
14405,1,15,15,702
14406,1,15,15,702
14407,1,15,15,702
14408,1,15,15,702
14409,1,15,15,702
14410,1,15,15,702
14411,1,15,15,702
14412,1,15,15,702
14413,1,21,21,702
14414,1,15,15,702
14415,1,15,15,702
14416,1,15,15,702
14417,1,15,15,702
14418,1,15,15,702
14419,1,15,15,702
14420,1,15,15,702
14421,1,15,15,702
14422,1,15,15,702
14423,1,15,15,702
14424,1,15,15,702
14425,1,15,15,702
14426,1,15,15,702
14427,1,15,15,702
14428,1,15,15,702
14429,1,15,15,702
14430,1,15,15,702
14431,1,15,15,702
14432,1,15,15,702
14433,1,15,15,702
14434,1,15,15,702
14435,1,15,15,702
14436,1,15,15,702
14437,1,41,41,702
14438,1,15,15,702
14439,1,15,15,702
14440,1,15,15,702
14441,1,15,15,702
14442,1,15,15,702
14443,1,15,15,702
14444,1,15,15,702
14445,1,15,15,702
14446,1,15,15,702
14447,1,15,15,702
14448,1,15,15,702
14449,1,4,4,702
14450,1,15,15,702
14451,1,15,15,702
14452,1,15,15,702
14453,1,15,15,702
14454,1,15,15,702
14455,1,15,15,702
14456,1,15,15,702
14457,1,15,15,702
14458,1,15,15,702
14459,1,15,15,702
14460,1,15,15,702
14461,1,15,15,702
14462,1,15,15,702
14463,1,15,15,702
14464,1,15,15,702
14465,1,15,15,702
14466,1,15,15,702
14467,1,15,15,702
14468,1,15,15,702
14469,1,15,15,702
14470,1,15,15,702
14471,1,15,15,702
14472,1,15,15,702
14473,1,15,15,702
14474,1,41,41,702
14475,1,39,39,702
14476,1,15,15,702
14477,1,15,15,702
14478,1,15,15,702
14479,1,21,15,702
14480,1,15,15,702
14481,1,15,15,702
14482,1,15,15,702
14483,1,15,4,702
14484,1,15,15,702
14485,1,15,15,702
14486,1,15,15,702
14487,1,15,15,702
14488,1,15,15,702
14489,1,15,15,702
14490,1,15,15,702
14491,1,15,15,702
14492,1,15,15,702
14493,1,15,15,702
14494,1,15,15,702
14495,1,15,15,702
14496,1,15,15,702
14497,1,15,15,702
14498,1,15,15,702
14499,1,15,15,702
14500,1,15,15,702
14501,1,15,15,702
14502,1,15,15,702
14503,1,15,15,702
14504,1,15,15,702
14505,1,15,15,702
14506,1,15,15,702
14507,1,15,15,702
14508,1,15,15,702
14509,1,15,15,702
14510,1,15,15,702
14511,1,15,15,702
14512,1,15,15,702
14513,1,15,15,702
14514,1,15,15,702
14515,1,15,15,702
14516,1,15,15,702
14517,1,15,15,702
14518,1,15,15,702
14519,1,15,15,702
14520,1,15,15,702
14521,1,39,39,702
14522,1,15,15,702
14523,1,15,15,702
14524,1,41,41,702
14525,1,15,15,702
14526,1,15,15,702
14527,1,15,15,702
14528,1,15,15,702
14529,1,4,4,702
14530,1,15,15,702
14531,1,15,15,702
14532,1,15,15,702
14533,1,15,15,702
14534,1,15,15,702
14535,1,15,15,702
14536,1,15,15,702
14537,1,15,15,702
14538,1,15,15,702
14539,1,15,15,702
14540,1,15,15,702
14541,1,3,3,702
14542,1,4,4,702
14543,1,15,15,702
14544,1,15,15,702
14545,1,15,15,702
14546,1,15,15,702
14547,1,15,15,702
14548,1,15,15,702
14549,1,15,15,702
14550,1,15,15,702
14551,1,15,15,702
14552,1,15,15,702
14553,1,15,15,702
14554,1,15,15,702
14555,1,15,15,702
14556,1,15,15,702
14557,1,15,15,702
14558,1,15,15,702
14559,1,15,15,702
14560,1,15,15,702
14561,1,15,15,702
14562,1,15,15,702
14563,1,4,4,702
14564,1,15,15,702
14565,1,41,41,702
14566,1,15,15,702
14567,1,15,15,702
14568,1,15,15,702
14569,1,15,15,702
14570,1,15,15,702
14571,1,15,15,702
14572,1,15,15,702
14573,1,15,15,702
14574,1,15,15,702
14575,1,15,15,702
14576,1,15,15,702
14577,1,15,15,702
14578,1,15,15,702
14579,1,15,15,702
14580,1,15,15,702
14581,1,15,15,702
14582,1,15,15,702
14583,1,15,15,702
14584,1,15,15,702
14585,1,15,15,702
14586,1,15,15,702
14587,1,15,15,702
14588,1,15,15,702
14589,1,15,15,702
14590,1,15,15,702
14591,1,15,15,702
14592,1,15,15,702
14593,1,15,15,702
14594,1,15,15,702
14595,1,15,15,702
14596,1,15,15,702
14597,1,15,15,702
14598,1,39,15,702
14599,1,15,15,702
14600,1,15,15,702
14601,1,15,15,702
14602,1,15,15,702
14603,1,15,15,702
14604,1,15,15,702
14605,1,15,15,702
14606,1,15,15,702
14607,1,15,15,702
14608,1,4,15,702
14609,1,4,4,702
14610,1,15,15,702
14611,1,39,39,702
14612,1,15,15,702
14613,1,15,15,702
14614,1,15,15,702
14615,1,15,15,702
14616,1,15,15,702
14617,1,4,4,702
14618,1,15,15,702
14619,1,15,15,702
14620,1,15,15,702
14621,1,15,15,702
14622,1,15,15,702
14623,1,15,15,702
14624,1,15,15,702
14625,1,4,4,702
14626,1,15,15,702
14627,1,12,12,702
14628,1,15,15,702
14629,1,15,15,702
14630,1,15,15,702
14631,1,15,15,702
14632,1,15,15,702
14633,1,15,15,702
14634,1,15,15,702
14635,1,15,15,702
14636,1,21,15,702
14637,1,12,12,702
14638,1,12,12,702
14639,1,15,15,702
14640,1,15,15,702
14641,1,15,15,702
14642,1,15,15,702
14643,1,15,15,702
14644,1,15,15,702
14645,1,15,15,702
14646,1,15,15,702
14647,1,15,15,702
14648,1,15,15,702
14649,1,15,15,702
14650,1,15,15,702
14651,1,15,15,702
14652,1,15,15,702
14653,1,15,4,702
14654,1,15,15,702
14655,1,15,15,702
14656,1,15,15,702
14657,1,15,15,702
14658,1,15,15,702
14659,1,15,15,702
14660,1,4,4,702
14661,1,15,15,702
14662,1,15,15,702
14663,1,4,4,702
14664,1,15,15,702
14665,1,15,15,702
14666,1,15,15,702
14667,1,15,15,702
14668,1,15,15,702
14669,1,15,15,702
14670,1,21,15,702
14671,1,15,15,702
14672,1,15,15,702
14673,1,15,15,702
14674,1,15,15,702
14675,1,15,15,702
14676,1,15,15,702
14677,1,39,39,702
14678,1,15,15,702
14679,1,15,15,702
14680,1,15,15,702
14681,1,15,15,702
14682,1,15,15,702
14683,1,15,15,702
14684,1,15,15,702
14685,1,15,15,702
14686,1,15,15,702
14687,1,15,15,702
14688,1,15,15,702
14689,1,15,15,702
14690,1,15,15,702
14691,1,15,15,702
14692,1,15,15,702
14693,1,3,3,702
14694,1,15,15,702
14695,1,15,15,702
14696,1,15,15,702
14697,1,15,15,702
14698,1,15,15,702
14699,1,39,39,702
14700,1,15,15,702
14701,1,15,15,702
14702,1,15,15,702
14703,1,15,15,702
14704,1,15,15,702
14705,1,24,24,702
14706,1,15,15,702
14707,1,15,15,702
14708,1,15,15,702
14709,1,15,15,702
14710,1,15,15,702
14711,1,15,15,702
14712,1,47,47,702
14713,1,15,15,702
14714,1,15,15,702
14715,1,15,15,702
14716,1,15,15,702
14717,1,15,4,702
14718,1,4,4,702
14719,1,15,15,702
14720,1,15,15,702
14721,1,15,15,702
14722,1,15,15,702
14723,1,15,15,702
14724,1,15,15,702
14725,1,15,15,702
14726,1,15,15,702
14727,1,15,15,702
14728,1,15,15,702
14729,1,15,15,702
14730,1,15,15,702
14731,1,15,15,702
14732,1,15,15,702
14733,1,15,15,702
14734,1,15,15,702
14735,1,15,15,702
14736,1,15,15,702
14737,1,15,15,702
14738,1,15,15,702
14739,1,15,15,702
14740,1,15,15,702
14741,1,15,15,702
14742,1,15,15,702
14743,1,15,15,702
14744,1,15,15,702
14745,1,15,15,702
14746,1,15,15,702
14747,1,15,15,702
14748,1,15,15,702
14749,1,21,15,702
14750,1,15,15,702
14751,1,15,15,702
14752,1,15,15,702
14753,1,15,15,702
14754,1,15,15,702
14755,1,15,15,702
14756,1,15,15,702
14757,1,15,15,702
14758,1,15,15,702
14759,1,15,15,702
14760,1,15,15,702
14761,1,15,15,702
14762,1,15,15,702
14763,1,15,15,702
14764,1,15,15,702
14765,1,15,15,702
14766,1,15,15,702
14767,1,15,15,702
14768,1,15,15,702
14769,1,15,15,702
14770,1,15,15,702
14771,1,15,15,702
14772,1,15,15,702
14773,1,15,15,702
14774,1,15,15,702
14775,1,41,41,702
14776,1,21,3,702
14777,1,15,15,702
14778,1,15,15,702
14779,1,15,15,702
14780,1,15,15,702
14781,1,15,15,702
14782,1,4,4,702
14783,1,15,15,702
14784,1,15,15,702
14785,1,15,15,702
14786,1,15,15,702
14787,1,15,15,702
14788,1,15,15,702
14789,1,15,15,702
14790,1,15,4,702
14791,1,15,15,702
14792,1,15,15,702
14793,1,15,15,702
14794,1,21,3,702
14795,1,15,15,702
14796,1,15,15,702
14797,1,39,39,702
14798,1,15,15,702
14799,1,15,15,702
14800,1,15,15,702
14801,1,15,15,702
14802,1,46,46,702
14803,1,15,15,702
14804,1,15,15,702
14805,1,15,15,702
14806,1,15,15,702
14807,1,15,15,702
14808,1,15,15,702
14809,1,15,15,702
14810,1,15,15,702
14811,1,15,15,702
14812,1,15,15,702
14813,1,15,15,702
14814,1,15,15,702
14815,1,15,15,702
14816,1,15,15,702
14817,1,15,15,702
14818,1,15,15,702
14819,1,15,15,702
14820,1,15,15,702
14821,1,15,15,702
14822,1,15,15,702
14823,1,15,15,702
14824,1,15,15,702
14825,1,15,15,702
14826,1,15,15,702
14827,1,15,15,702
14828,1,15,15,702
14829,1,21,15,702
14830,1,15,15,702
14831,1,15,15,702
14832,1,3,3,702
14833,1,15,15,702
14834,1,15,15,702
14835,1,15,15,702
14836,1,15,15,702
14837,1,15,15,702
14838,1,15,15,702
14839,1,15,15,702
14840,1,15,15,702
14841,1,15,15,702
14842,1,15,15,702
14843,1,15,15,702
14844,1,15,15,702
14845,1,15,15,702
14846,1,15,15,702
14847,1,15,15,702
14848,1,21,15,702
14849,1,15,15,702
14850,1,15,15,702
14851,1,15,15,702
14852,1,41,41,702
14853,1,15,15,702
14854,1,3,3,702
14855,1,15,15,702
14856,1,15,15,702
14857,1,15,15,702
14858,1,15,15,702
14859,1,15,15,702
14860,1,15,15,702
14861,1,15,15,702
14862,1,15,15,702
14863,1,15,15,702
14864,1,15,15,702
14865,1,15,15,702
14866,1,15,15,702
14867,1,21,15,702
14868,1,15,15,702
14869,1,15,15,702
14870,1,4,4,702
14871,1,15,15,702
14872,1,15,15,702
14873,1,15,15,702
14874,1,15,15,702
14875,1,15,15,702
14876,1,15,15,702
14877,1,15,15,702
14878,1,15,15,702
14879,1,15,15,702
14880,1,15,15,702
14881,1,15,15,702
14882,1,15,15,702
14883,1,15,15,702
14884,1,4,4,702
14885,1,15,15,702
14886,1,15,15,702
14887,1,15,15,702
14888,1,15,15,702
14889,1,15,15,702
14890,1,15,15,702
14891,1,15,15,702
14892,1,15,15,702
14893,1,15,15,702
14894,1,15,15,702
14895,1,39,39,702
14896,1,15,15,702
14897,1,15,15,702
14898,1,4,4,702
14899,1,15,15,702
14900,1,15,15,702
14901,1,15,15,702
14902,1,15,15,702
14903,1,15,15,702
14904,1,4,4,702
14905,1,15,15,702
14906,1,15,15,702
14907,1,15,15,702
14908,1,15,15,702
14909,1,15,15,702
14910,1,15,15,702
14911,1,15,15,702
14912,1,15,15,702
14913,1,15,15,702
14914,1,15,15,702
14915,1,15,15,702
14916,1,15,15,702
14917,1,15,15,702
14918,1,41,41,702
14919,1,15,15,702
14920,1,15,15,702
14921,1,15,15,702
14922,1,15,15,702
14923,1,3,3,702
14924,1,15,15,702
14925,1,15,15,702
14926,1,4,4,702
14927,1,15,15,702
14928,1,15,15,702
14929,1,15,15,702
14930,1,15,15,702
14931,1,15,15,702
14932,1,15,15,702
14933,1,15,15,702
14934,1,15,15,702
14935,1,15,15,702
14936,1,15,12,702
14937,1,15,15,702
14938,1,15,15,702
14939,1,15,15,702
14940,1,15,15,702
14941,1,15,12,702
14942,1,15,15,702
14943,1,15,15,702
14944,1,15,15,702
14945,1,15,15,702
14946,1,15,15,702
14947,1,15,15,702
14948,1,15,15,702
14949,1,15,15,702
14950,1,15,15,702
14951,1,15,15,702
14952,1,15,15,702
14953,1,15,15,702
14954,1,15,15,702
14955,1,15,15,702
14956,1,15,15,702
14957,1,15,15,702
14958,1,15,15,702
14959,1,15,15,702
14960,1,15,15,702
14961,1,15,15,702
14962,1,15,15,702
14963,1,15,15,702
14964,1,15,15,702
14965,1,15,15,702
14966,1,15,15,702
14967,1,15,15,702
14968,1,15,15,702
14969,1,15,15,702
14970,1,15,15,702
14971,1,15,15,702
14972,1,15,15,702
14973,1,15,15,702
14974,1,15,15,702
14975,1,15,15,702
14976,1,15,15,702
14977,1,15,15,702
14978,1,15,15,702
14979,1,15,15,702
14980,1,15,15,702
14981,1,15,15,702
14982,1,15,15,702
14983,1,15,15,702
14984,1,15,15,702
14985,1,15,15,702
14986,1,15,15,702
14987,1,15,15,702
14988,1,15,15,702
14989,1,15,15,702
14990,1,15,15,702
14991,1,15,15,702
14992,1,15,15,702
14993,1,15,15,702
14994,1,15,15,702
14995,1,15,15,702
14996,1,15,15,702
14997,1,15,15,702
14998,1,15,15,702
14999,1,15,15,702
15000,1,15,15,702
15001,1,15,15,702
15002,1,15,15,702
15003,1,15,15,702
15004,1,15,15,702
15005,1,15,15,702
15006,1,15,15,702
15007,1,15,15,702
15008,1,15,15,702
15009,1,15,15,702
15010,1,15,15,702
15011,1,15,15,702
15012,1,15,15,702
15013,1,15,15,702
15014,1,15,15,702
15015,1,15,15,702
15016,1,15,15,702
15017,1,15,15,702
15018,1,15,15,702
15019,1,4,4,702
15020,1,15,15,702
15021,1,15,15,702
15022,1,15,15,702
15023,1,15,15,702
15024,1,15,15,702
15025,1,15,15,702
15026,1,15,15,702
15027,1,15,15,702
15028,1,12,12,702
15029,1,15,15,702
15030,1,15,15,702
15031,1,4,4,702
15032,1,4,4,702
15033,1,15,15,702
15034,1,15,15,702
15035,1,15,15,702
15036,1,15,15,702
15037,1,15,15,702
15038,1,15,15,702
15039,1,15,15,702
15040,1,15,15,702
15041,1,15,15,702
15042,1,15,15,702
15043,1,15,15,702
15044,1,15,4,702
15045,1,15,15,702
15046,1,15,15,702
15047,1,15,15,702
15048,1,15,15,702
15049,1,15,15,702
15050,1,15,15,702
15051,1,15,15,702
15052,1,15,15,702
15053,1,4,4,702
15054,1,4,4,702
15055,1,15,15,702
15056,1,4,4,702
15057,1,15,15,702
15058,1,15,15,702
15059,1,15,15,702
15060,1,15,15,702
15061,1,15,15,702
15062,1,15,15,702
15063,1,15,15,702
15064,1,15,15,702
15065,1,15,15,702
15066,1,15,15,702
15067,1,15,15,702
15068,1,15,15,702
15069,1,15,15,702
15070,1,15,15,702
15071,1,15,15,702
15072,1,4,4,702
15073,1,15,15,702
15074,1,15,15,702
15075,1,15,15,702
15076,1,4,4,702
15077,1,15,15,702
15078,1,15,15,702
15079,1,15,15,702
15080,1,15,15,702
15081,1,15,15,702
15082,1,15,15,702
15083,1,15,15,702
15084,1,15,15,702
15085,1,21,15,702
15086,1,15,15,702
15087,1,15,15,702
15088,1,4,4,702
15089,1,15,15,702
15090,1,15,15,702
15091,1,15,15,702
15092,1,15,15,702
15093,1,15,15,702
15094,1,15,15,702
15095,1,15,15,702
15096,1,15,15,702
15097,1,15,15,702
15098,1,15,15,702
15099,1,15,15,702
15100,1,15,15,702
15101,1,15,15,702
15102,1,15,15,702
15103,1,15,15,702
15104,1,15,15,702
15105,1,11,11,702
15106,1,15,15,702
15107,1,21,15,702
15108,1,15,15,702
15109,1,15,15,702
15110,1,15,15,702
15111,1,15,15,702
15112,1,15,15,702
15113,1,15,15,702
15114,1,15,15,702
15115,1,15,15,702
15116,1,15,15,702
15117,1,15,15,702
15118,1,4,4,702
15119,1,15,15,702
15120,1,15,15,702
15121,1,15,15,702
15122,1,15,15,702
15123,1,15,15,702
15124,1,15,15,702
15125,1,15,15,702
15126,1,15,15,702
15127,1,15,15,702
15128,1,15,15,702
15129,1,15,15,702
15130,1,15,15,702
15131,1,15,15,702
15132,1,15,15,702
15133,1,15,15,702
15134,1,15,15,702
15135,1,15,15,702
15136,1,15,15,702
15137,1,15,15,702
15138,1,15,15,702
15139,1,21,15,702
15140,1,15,15,702
15141,1,15,15,702
15142,1,15,15,702
15143,1,15,15,702
15144,1,15,15,702
15145,1,15,12,702
15146,1,15,15,702
15147,1,15,15,702
15148,1,15,15,702
15149,1,15,15,702
15150,1,15,15,702
15151,1,15,15,702
15152,1,41,41,702
15153,1,15,15,702
15154,1,15,15,702
15155,1,15,15,702
15156,1,15,15,702
15157,1,15,15,702
15158,1,15,15,702
15159,1,15,15,702
15160,1,15,15,702
15161,1,15,15,702
15162,1,15,15,702
15163,1,15,15,702
15164,1,15,15,702
15165,1,15,15,702
15166,1,15,15,702
15167,1,15,15,702
15168,1,15,15,702
15169,1,15,15,702
15170,1,15,15,702
15171,1,15,15,702
15172,1,15,15,702
15173,1,15,15,702
15174,1,39,39,702
15175,1,15,12,702
15176,1,15,15,702
15177,1,15,15,702
15178,1,15,15,702
15179,1,15,15,702
15180,1,15,15,702
15181,1,4,4,702
15182,1,15,15,702
15183,1,15,15,702
15184,1,15,15,702
15185,1,15,15,702
15186,1,15,15,702
15187,1,9,9,702
15188,1,15,15,702
15189,1,15,15,702
15190,1,15,15,702
15191,1,15,15,702
15192,1,15,15,702
15193,1,15,15,702
15194,1,15,15,702
15195,1,4,4,702
15196,1,15,15,702
15197,1,4,4,702
15198,1,15,15,702
15199,1,15,15,702
15200,1,15,15,702
15201,1,15,15,702
15202,1,15,4,702
15203,1,15,15,702
15204,1,15,15,702
15205,1,15,15,702
15206,1,15,15,702
15207,1,15,15,702
15208,1,4,4,702
15209,1,21,21,702
15210,1,15,15,702
15211,1,15,15,702
15212,1,15,15,702
15213,1,15,15,702
15214,1,15,15,702
15215,1,4,4,702
15216,1,15,15,702
15217,1,15,15,702
15218,1,15,15,702
15219,1,15,15,702
15220,1,15,15,702
15221,1,15,15,702
15222,1,15,15,702
15223,1,15,15,702
15224,1,15,15,702
15225,1,15,15,702
15226,1,15,15,702
15227,1,4,4,702
15228,1,15,15,702
15229,1,15,15,702
15230,1,15,15,702
15231,1,15,15,702
15232,1,15,15,702
15233,1,15,15,702
15234,1,15,15,702
15235,1,15,15,702
15236,1,12,12,702
15237,1,15,15,702
15238,1,15,15,702
15239,1,15,15,702
15240,1,4,4,702
15241,1,15,15,702
15242,1,15,15,702
15243,1,15,15,702
15244,1,15,15,702
15245,1,15,15,702
15246,1,15,15,702
15247,1,15,15,702
15248,1,15,15,702
15249,1,15,15,702
15250,1,15,15,702
15251,1,15,15,702
15252,1,15,15,702
15253,1,15,15,702
15254,1,15,15,702
15255,1,21,21,702
15256,1,15,15,702
15257,1,15,15,702
15258,1,15,15,702
15259,1,15,15,702
15260,1,15,15,702
15261,1,21,15,702
15262,1,15,15,702
15263,1,15,15,702
15264,1,15,15,702
15265,1,4,4,702
15266,1,15,15,702
15267,1,15,15,702
15268,1,15,15,702
15269,1,15,15,702
15270,1,15,15,702
15271,1,15,15,702
15272,1,15,15,702
15273,1,15,15,702
15274,1,15,15,702
15275,1,15,15,702
15276,1,4,4,702
15277,1,15,15,702
15278,1,15,15,702
15279,1,15,15,702
15280,1,15,15,702
15281,1,15,15,702
15282,1,15,15,702
15283,1,15,15,702
15284,1,15,15,702
15285,1,15,15,702
15286,1,15,15,702
15287,1,15,15,702
15288,1,15,15,702
15289,1,15,15,702
15290,1,15,15,702
15291,1,15,15,702
15292,1,15,15,702
15293,1,15,15,702
15294,1,15,15,702
15295,1,15,4,702
15296,1,15,15,702
15297,1,15,4,702
15298,1,15,15,702
15299,1,15,15,702
15300,1,15,15,702
15301,1,15,15,702
15302,1,15,15,702
15303,1,15,15,702
15304,1,15,15,702
15305,1,15,15,702
15306,1,15,15,702
15307,1,15,15,702
15308,1,15,15,702
15309,1,15,15,702
15310,1,4,4,702
15311,1,15,15,702
15312,1,15,15,702
15313,1,15,15,702
15314,1,15,15,702
15315,1,15,15,702
15316,1,15,15,702
15317,1,15,15,702
15318,1,15,15,702
15319,1,15,15,702
15320,1,15,15,702
15321,1,15,15,702
15322,1,15,15,702
15323,1,15,15,702
15324,1,15,15,702
15325,1,15,15,702
15326,1,15,15,702
15327,1,15,15,702
15328,1,4,4,702
15329,1,15,15,702
15330,1,15,15,702
15331,1,15,15,702
15332,1,4,4,702
15333,1,15,15,702
15334,1,15,15,702
15335,1,15,15,702
15336,1,15,15,702
15337,1,15,15,702
15338,1,41,41,702
15339,1,15,15,702
15340,1,15,15,702
15341,1,15,15,702
15342,1,15,15,702
15343,1,15,15,702
15344,1,21,15,702
15345,1,15,15,702
15346,1,15,15,702
15347,1,15,15,702
15348,1,15,15,702
15349,1,15,15,702
15350,1,15,15,702
15351,1,15,15,702
15352,1,21,4,702
15353,1,15,15,702
15354,1,15,15,702
15355,1,4,4,702
15356,1,15,15,702
15357,1,15,15,702
15358,1,15,15,702
15359,1,15,15,702
15360,1,48,48,702
15361,1,15,15,702
15362,1,15,15,702
15363,1,15,15,702
15364,1,15,15,702
15365,1,15,15,702
15366,1,15,15,702
15367,1,15,15,702
15368,1,39,39,702
15369,1,15,15,702
15370,1,15,15,702
15371,1,15,15,702
15372,1,15,15,702
15373,1,15,15,702
15374,1,15,15,702
15375,1,4,4,702
15376,1,15,15,702
15377,1,15,15,702
15378,1,15,15,702
15379,1,15,15,702
15380,1,15,15,702
15381,1,15,4,702
15382,1,15,15,702
15383,1,15,3,702
15384,1,39,39,702
15385,1,15,15,702
15386,1,15,15,702
15387,1,15,15,702
15388,1,15,15,702
15389,1,15,15,702
15390,1,15,15,702
15391,1,15,15,702
15392,1,15,15,702
15393,1,15,15,702
15394,1,15,15,702
15395,1,15,15,702
15396,1,15,15,702
15397,1,15,15,702
15398,1,15,15,702
15399,1,15,15,702
15400,1,15,15,702
15401,1,15,15,702
15402,1,15,15,702
15403,1,15,15,702
15404,1,4,4,702
15405,1,15,15,702
15406,1,15,15,702
15407,1,15,15,702
15408,1,15,15,702
15409,1,15,15,702
15410,1,15,15,702
15411,1,15,15,702
15412,1,15,15,702
15413,1,15,15,702
15414,1,15,15,702
15415,1,15,15,702
15416,1,15,15,702
15417,1,15,15,702
15418,1,15,15,702
15419,1,15,15,702
15420,1,21,15,702
15421,1,15,15,702
15422,1,15,15,702
15423,1,9,9,702
15424,1,15,15,702
15425,1,15,15,702
15426,1,15,15,702
15427,1,15,15,702
15428,1,15,15,702
15429,1,15,15,702
15430,1,15,15,702
15431,1,15,15,702
15432,1,15,15,702
15433,1,15,15,702
15434,1,15,15,702
15435,1,39,39,702
15436,1,4,4,702
15437,1,21,4,702
15438,1,15,15,702
15439,1,15,15,702
15440,1,15,15,702
15441,1,4,4,702
15442,1,15,15,702
15443,1,15,15,702
15444,1,15,15,702
15445,1,15,15,702
15446,1,15,15,702
15447,1,15,15,702
15448,1,15,15,702
15449,1,15,15,702
15450,1,41,41,702
15451,1,15,15,702
15452,1,15,15,702
15453,1,15,15,702
15454,1,4,4,702
15455,1,15,15,702
15456,1,15,15,702
15457,1,15,15,702
15458,1,15,15,702
15459,1,15,15,702
15460,1,15,15,702
15461,1,15,15,702
15462,1,15,15,702
15463,1,12,12,702
15464,1,15,15,702
15465,1,39,39,702
15466,1,15,15,702
15467,1,15,15,702
15468,1,15,15,702
15469,1,21,15,702
15470,1,15,15,702
15471,1,15,15,702
15472,1,15,15,702
15473,1,15,15,702
15474,1,15,15,702
15475,1,15,15,702
15476,1,15,15,702
15477,1,15,15,702
15478,1,15,15,702
15479,1,9,15,702
15480,1,15,15,702
15481,1,15,15,702
15482,1,15,15,702
15483,1,15,15,702
15484,1,15,15,702
15485,1,15,15,702
15486,1,15,15,702
15487,1,15,15,702
15488,1,15,15,702
15489,1,15,15,702
15490,1,39,41,702
15491,1,15,15,702
15492,1,15,15,702
15493,1,15,15,702
15494,1,15,15,702
15495,1,15,15,702
15496,1,15,15,702
15497,1,15,15,702
15498,1,15,15,702
15499,1,15,15,702
15500,1,15,15,702
15501,1,15,15,702
15502,1,15,15,702
15503,1,15,15,702
15504,1,15,15,702
15505,1,15,15,702
15506,1,15,15,702
15507,1,15,15,702
15508,1,15,15,702
15509,1,15,15,702
15510,1,15,15,702
15511,1,15,15,702
15512,1,15,15,702
15513,1,15,15,702
15514,1,15,15,702
15515,1,15,15,702
15516,1,15,15,702
15517,1,15,15,702
15518,1,15,15,702
15519,1,15,15,702
15520,1,21,15,702
15521,1,4,4,702
15522,1,15,15,702
15523,1,15,15,702
15524,1,15,15,702
15525,1,15,15,702
15526,1,15,15,702
15527,1,15,15,702
15528,1,15,15,702
15529,1,15,15,702
15530,1,15,15,702
15531,1,15,15,702
15532,1,15,15,702
15533,1,15,15,702
15534,1,15,15,702
15535,1,15,15,702
15536,1,15,15,702
15537,1,21,15,702
15538,1,15,15,702
15539,1,15,15,702
15540,1,15,15,702
15541,1,15,15,702
15542,1,15,15,702
15543,1,15,15,702
15544,1,15,15,702
15545,1,15,15,702
15546,1,15,15,702
15547,1,15,15,702
15548,1,15,15,702
15549,1,39,39,702
15550,1,39,15,702
15551,1,15,15,702
15552,1,4,4,702
15553,1,15,15,702
15554,1,15,15,702
15555,1,15,15,702
15556,1,15,15,702
15557,1,15,15,702
15558,1,15,15,702
15559,1,15,15,702
15560,1,15,15,702
15561,1,15,15,702
15562,1,15,15,702
15563,1,41,41,702
15564,1,15,15,702
15565,1,15,41,702
15566,1,15,15,702
15567,1,15,15,702
15568,1,15,15,702
15569,1,15,15,702
15570,1,15,15,702
15571,1,15,15,702
15572,1,15,15,702
15573,1,15,15,702
15574,1,15,15,702
15575,1,15,15,702
15576,1,15,15,702
15577,1,15,15,702
15578,1,15,15,702
15579,1,15,15,702
15580,1,15,15,702
15581,1,15,15,702
15582,1,15,15,702
15583,1,15,15,702
15584,1,15,15,702
15585,1,15,15,702
15586,1,15,15,702
15587,1,21,15,702
15588,1,15,15,702
15589,1,15,15,702
15590,1,15,15,702
15591,1,15,15,702
15592,1,15,15,702
15593,1,15,15,702
15594,1,15,15,702
15595,1,15,15,702
15596,1,15,15,702
15597,1,15,15,702
15598,1,15,15,702
15599,1,15,15,702
15600,1,15,15,702
15601,1,21,15,702
15602,1,15,15,702
15603,1,15,15,702
15604,1,15,15,702
15605,1,15,15,702
15606,1,15,15,702
15607,1,15,15,702
15608,1,15,15,702
15609,1,15,15,702
15610,1,15,15,702
15611,1,15,15,702
15612,1,15,15,702
15613,1,4,4,702
15614,1,15,15,702
15615,1,15,15,702
15616,1,15,15,702
15617,1,15,15,702
15618,1,15,4,702
15619,1,15,15,702
15620,1,15,15,702
15621,1,15,4,702
15622,1,15,15,702
15623,1,15,15,702
15624,1,15,15,702
15625,1,15,15,702
15626,1,4,4,702
15627,1,15,15,702
15628,1,15,15,702
15629,1,15,15,702
15630,1,15,15,702
15631,1,15,15,702
15632,1,15,15,702
15633,1,15,15,702
15634,1,15,15,702
15635,1,15,15,702
15636,1,15,15,702
15637,1,15,15,702
15638,1,15,15,702
15639,1,15,15,702
15640,1,15,15,702
15641,1,15,4,702
15642,1,15,15,702
15643,1,15,15,702
15644,1,15,15,702
15645,1,15,15,702
15646,1,15,15,702
15647,1,15,15,702
15648,1,15,15,702
15649,1,21,21,702
15650,1,15,15,702
15651,1,15,15,702
15652,1,15,15,702
15653,1,15,15,702
15654,1,15,15,702
15655,1,15,15,702
15656,1,15,15,702
15657,1,15,15,702
15658,1,4,4,702
15659,1,15,15,702
15660,1,15,15,702
15661,1,15,15,702
15662,1,15,15,702
15663,1,15,15,702
15664,1,15,15,702
15665,1,15,15,702
15666,1,15,4,702
15667,1,15,15,702
15668,1,15,15,702
15669,1,15,15,702
15670,1,15,15,702
15671,1,15,15,702
15672,1,9,9,702
15673,1,39,39,702
15674,1,15,15,702
15675,1,15,15,702
15676,1,15,15,702
15677,1,15,15,702
15678,1,4,15,702
15679,1,15,15,702
15680,1,15,15,702
15681,1,15,15,702
15682,1,21,15,702
15683,1,15,15,702
15684,1,15,15,702
15685,1,15,15,702
15686,1,15,15,702
15687,1,15,15,702
15688,1,15,15,702
15689,1,15,15,702
15690,1,15,15,702
15691,1,15,15,702
15692,1,15,15,702
15693,1,15,4,702
15694,1,15,15,702
15695,1,15,15,702
15696,1,15,15,702
15697,1,15,15,702
15698,1,15,15,702
15699,1,15,15,702
15700,1,15,15,702
15701,1,15,15,702
15702,1,39,39,702
15703,1,15,4,702
15704,1,15,15,702
15705,1,15,15,702
15706,1,15,15,702
15707,1,15,15,702
15708,1,15,15,702
15709,1,15,15,702
15710,1,15,15,702
15711,1,15,15,702
15712,1,15,15,702
15713,1,15,15,702
15714,1,15,15,702
15715,1,15,15,702
15716,1,15,15,702
15717,1,15,15,702
15718,1,15,15,702
15719,1,15,15,702
15720,1,15,15,702
15721,1,15,15,702
15722,1,4,4,702
15723,1,15,15,702
15724,1,15,15,702
15725,1,21,15,702
15726,1,15,15,702
15727,1,21,15,702
15728,1,15,15,702
15729,1,15,15,702
15730,1,15,15,702
15731,1,15,15,702
15732,1,21,15,702
15733,1,15,15,702
15734,1,15,15,702
15735,1,12,12,702
15736,1,15,15,702
15737,1,15,15,702
15738,1,15,15,702
15739,1,15,15,702
15740,1,15,15,702
15741,1,12,12,702
15742,1,15,15,702
15743,1,15,15,702
15744,1,15,15,702
15745,1,15,15,702
15746,1,15,15,702
15747,1,15,15,702
15748,1,39,39,702
15749,1,15,15,702
15750,1,15,15,702
15751,1,15,15,702
15752,1,15,15,702
15753,1,15,15,702
15754,1,15,15,702
15755,1,15,15,702
15756,1,15,15,702
15757,1,4,4,702
15758,1,15,15,702
15759,1,15,15,702
15760,1,15,15,702
15761,1,15,15,702
15762,1,15,15,702
15763,1,15,15,702
15764,1,15,15,702
15765,1,15,15,702
15766,1,15,15,702
15767,1,15,15,702
15768,1,15,15,702
15769,1,15,15,702
15770,1,39,15,702
15771,1,15,15,702
15772,1,15,15,702
15773,1,15,15,702
15774,1,12,12,702
15775,1,15,15,702
15776,1,4,4,702
15777,1,21,15,702
15778,1,15,15,702
15779,1,15,15,702
15780,1,15,15,702
15781,1,15,15,702
15782,1,15,15,702
15783,1,15,15,702
15784,1,15,15,702
15785,1,15,15,702
15786,1,15,15,702
15787,1,15,15,702
15788,1,15,4,702
15789,1,15,15,702
15790,1,15,15,702
15791,1,15,15,702
15792,1,15,15,702
15793,1,15,15,702
15794,1,15,15,702
15795,1,15,15,702
15796,1,15,15,702
15797,1,15,15,702
15798,1,15,15,702
15799,1,15,15,702
15800,1,4,4,702
15801,1,15,15,702
15802,1,15,15,702
15803,1,15,15,702
15804,1,15,15,702
15805,1,15,15,702
15806,1,15,15,702
15807,1,15,15,702
15808,1,15,15,702
15809,1,15,4,702
15810,1,4,4,702
15811,1,15,15,702
15812,1,15,15,702
15813,1,15,15,702
15814,1,15,15,702
15815,1,15,15,702
15816,1,15,15,702
15817,1,15,15,702
15818,1,15,15,702
15819,1,15,15,702
15820,1,15,15,702
15821,1,15,15,702
15822,1,15,15,702
15823,1,15,15,702
15824,1,15,15,702
15825,1,15,15,702
15826,1,15,15,702
15827,1,4,4,702
15828,1,15,15,702
15829,1,4,4,702
15830,1,15,15,702
15831,1,15,15,702
15832,1,15,15,702
15833,1,15,15,702
15834,1,15,15,702
15835,1,15,15,702
15836,1,15,15,702
15837,1,15,15,702
15838,1,15,15,702
15839,1,15,15,702
15840,1,15,15,702
15841,1,15,15,702
15842,1,15,15,702
15843,1,15,15,702
15844,1,15,15,702
15845,1,15,4,702
15846,1,21,15,702
15847,1,21,15,702
15848,1,15,15,702
15849,1,15,15,702
15850,1,15,15,702
15851,1,15,15,702
15852,1,15,15,702
15853,1,15,15,702
15854,1,15,15,702
15855,1,15,15,702
15856,1,15,15,702
15857,1,15,15,702
15858,1,15,15,702
15859,1,15,15,702
15860,1,15,15,702
15861,1,15,15,702
15862,1,15,15,702
15863,1,15,15,702
15864,1,15,15,702
15865,1,15,15,702
15866,1,15,15,702
15867,1,15,15,702
15868,1,15,15,702
15869,1,15,15,702
15870,1,15,15,702
15871,1,15,15,702
15872,1,15,15,702
15873,1,15,15,702
15874,1,4,4,702
15875,1,39,39,702
15876,1,15,15,702
15877,1,15,15,702
15878,1,15,15,702
15879,1,15,15,702
15880,1,15,15,702
15881,1,41,41,702
15882,1,4,4,702
15883,1,15,15,702
15884,1,15,15,702
15885,1,15,15,702
15886,1,20,15,702
15887,1,15,15,702
15888,1,15,15,702
15889,1,15,15,702
15890,1,15,15,702
15891,1,15,15,702
15892,1,15,15,702
15893,1,15,15,702
15894,1,15,15,702
15895,1,15,15,702
15896,1,15,15,702
15897,1,15,15,702
15898,1,15,15,702
15899,1,15,15,702
15900,1,15,4,702
15901,1,15,15,702
15902,1,15,15,702
15903,1,15,15,702
15904,1,15,15,702
15905,1,15,15,702
15906,1,21,15,702
15907,1,15,15,702
15908,1,15,15,702
15909,1,15,15,702
15910,1,15,15,702
15911,1,15,15,702
15912,1,15,15,702
15913,1,15,15,702
15914,1,15,15,702
15915,1,15,15,702
15916,1,15,15,702
15917,1,15,15,702
15918,1,15,15,702
15919,1,21,15,702
15920,1,15,15,702
15921,1,15,15,702
15922,1,15,15,702
15923,1,4,4,702
15924,1,15,15,702
15925,1,15,15,702
15926,1,15,15,702
15927,1,15,15,702
15928,1,15,15,702
15929,1,15,15,702
15930,1,15,15,702
15931,1,15,15,702
15932,1,15,15,702
15933,1,15,4,702
15934,1,15,15,702
15935,1,15,15,702
15936,1,15,15,702
15937,1,15,15,702
15938,1,15,15,702
15939,1,15,15,702
15940,1,15,15,702
15941,1,15,15,702
15942,1,15,15,702
15943,1,15,15,702
15944,1,15,15,702
15945,1,15,15,702
15946,1,15,15,702
15947,1,15,15,702
15948,1,15,15,702
15949,1,15,15,702
15950,1,15,15,702
15951,1,15,15,702
15952,1,15,15,702
15953,1,15,15,702
15954,1,15,15,702
15955,1,15,15,702
15956,1,15,15,702
15957,1,15,15,702
15958,1,15,15,702
15959,1,15,15,702
15960,1,15,15,702
15961,1,15,15,702
15962,1,15,15,702
15963,1,39,39,702
15964,1,15,15,702
15965,1,15,15,702
15966,1,4,4,702
15967,1,15,15,702
15968,1,15,15,702
15969,1,15,15,702
15970,1,15,15,702
15971,1,15,15,702
15972,1,11,4,702
15973,1,15,15,702
15974,1,15,15,702
15975,1,15,15,702
15976,1,15,15,702
15977,1,15,15,702
15978,1,15,15,702
15979,1,15,15,702
15980,1,15,15,702
15981,1,15,15,702
15982,1,15,15,702
15983,1,15,15,702
15984,1,15,15,702
15985,1,15,15,702
15986,1,4,4,702
15987,1,15,15,702
15988,1,15,15,702
15989,1,15,15,702
15990,1,15,15,702
15991,1,15,15,702
15992,1,15,15,702
15993,1,15,15,702
15994,1,15,15,702
15995,1,15,15,702
15996,1,15,15,702
15997,1,15,15,702
15998,1,15,15,702
15999,1,15,15,702
16000,1,15,15,702
16001,1,15,15,702
16002,1,4,4,702
16003,1,15,15,702
16004,1,15,15,702
16005,1,12,12,702
16006,1,15,15,702
16007,1,15,15,702
16008,1,15,15,702
16009,1,15,15,702
16010,1,4,4,702
16011,1,15,15,702
16012,1,15,15,702
16013,1,15,15,702
16014,1,3,3,702
16015,1,15,15,702
16016,1,15,15,702
16017,1,15,15,702
16018,1,15,15,702
16019,1,15,15,702
16020,1,15,15,702
16021,1,15,15,702
16022,1,15,15,702
16023,1,15,15,702
16024,1,4,4,702
16025,1,15,15,702
16026,1,15,15,702
16027,1,15,15,702
16028,1,15,15,702
16029,1,15,15,702
16030,1,15,15,702
16031,1,15,15,702
16032,1,15,15,702
16033,1,15,15,702
16034,1,15,15,702
16035,1,15,15,702
16036,1,15,15,702
16037,1,15,15,702
16038,1,15,15,702
16039,1,15,15,702
16040,1,15,15,702
16041,1,15,15,702
16042,1,15,15,702
16043,1,15,15,702
16044,1,15,15,702
16045,1,15,15,702
16046,1,15,15,702
16047,1,15,15,702
16048,1,15,15,702
16049,1,15,15,702
16050,1,15,15,702
16051,1,15,15,702
16052,1,15,15,702
16053,1,15,15,702
16054,1,15,15,702
16055,1,15,15,702
16056,1,15,15,702
16057,1,24,24,702
16058,1,15,15,702
16059,1,15,15,702
16060,1,4,15,702
16061,1,15,15,702
16062,1,41,41,702
16063,1,15,15,702
16064,1,15,15,702
16065,1,15,15,702
16066,1,15,15,702
16067,1,15,15,702
16068,1,15,15,702
16069,1,15,15,702
16070,1,15,15,702
16071,1,15,15,702
16072,1,15,15,702
16073,1,15,15,702
16074,1,15,4,702
16075,1,15,15,702
16076,1,15,4,702
16077,1,15,15,702
16078,1,15,15,702
16079,1,15,15,702
16080,1,15,15,702
16081,1,4,4,702
16082,1,15,15,702
16083,1,15,15,702
16084,1,15,15,702
16085,1,15,15,702
16086,1,15,15,702
16087,1,15,4,702
16088,1,15,15,702
16089,1,15,15,702
16090,1,15,15,702
16091,1,41,41,702
16092,1,15,15,702
16093,1,15,15,702
16094,1,15,15,702
16095,1,15,15,702
16096,1,15,15,702
16097,1,4,4,702
16098,1,15,15,702
16099,1,15,15,702
16100,1,15,15,702
16101,1,15,15,702
16102,1,15,15,702
16103,1,15,15,702
16104,1,15,15,702
16105,1,21,15,702
16106,1,15,15,702
16107,1,15,15,702
16108,1,15,15,702
16109,1,15,15,702
16110,1,15,15,702
16111,1,4,4,702
16112,1,15,15,702
16113,1,4,4,702
16114,1,15,15,702
16115,1,15,15,702
16116,1,15,15,702
16117,1,15,15,702
16118,1,15,15,702
16119,1,15,15,702
16120,1,15,15,702
16121,1,15,15,702
16122,1,15,15,702
16123,1,15,15,702
16124,1,15,15,702
16125,1,15,15,702
16126,1,15,15,702
16127,1,24,15,702
16128,1,4,4,702
16129,1,15,15,702
16130,1,15,15,702
16131,1,15,15,702
16132,1,15,15,702
16133,1,15,15,702
16134,1,15,15,702
16135,1,15,15,702
16136,1,11,11,702
16137,1,15,15,702
16138,1,15,15,702
16139,1,15,15,702
16140,1,15,15,702
16141,1,15,15,702
16142,1,15,15,702
16143,1,15,15,702
16144,1,15,15,702
16145,1,15,15,702
16146,1,15,15,702
16147,1,4,4,702
16148,1,15,4,702
16149,1,15,15,702
16150,1,9,9,702
16151,1,15,15,702
16152,1,15,15,702
16153,1,15,15,702
16154,1,15,15,702
16155,1,15,15,702
16156,1,15,15,702
16157,1,15,15,702
16158,1,15,15,702
16159,1,15,15,702
16160,1,15,15,702
16161,1,15,15,702
16162,1,4,4,702
16163,1,15,15,702
16164,1,15,15,702
16165,1,15,15,702
16166,1,15,15,702
16167,1,15,15,702
16168,1,15,15,702
16169,1,15,15,702
16170,1,41,41,702
16171,1,41,41,702
16172,1,15,15,702
16173,1,15,15,702
16174,1,15,15,702
16175,1,15,15,702
16176,1,15,15,702
16177,1,15,15,702
16178,1,15,15,702
16179,1,15,15,702
16180,1,15,15,702
16181,1,15,15,702
16182,1,15,15,702
16183,1,9,9,702
16184,1,3,3,702
16185,1,15,15,702
16186,1,15,15,702
16187,1,15,15,702
16188,1,15,15,702
16189,1,15,15,702
16190,1,15,15,702
16191,1,15,15,702
16192,1,15,15,702
16193,1,15,15,702
16194,1,15,15,702
16195,1,15,15,702
16196,1,15,15,702
16197,1,15,15,702
16198,1,15,15,702
16199,1,15,15,702
16200,1,15,15,702
16201,1,15,15,702
16202,1,15,15,702
16203,1,15,15,702
16204,1,15,15,702
16205,1,15,15,702
16206,1,30,30,702
16207,1,15,15,702
16208,1,15,15,702
16209,1,15,15,702
16210,1,4,4,702
16211,1,11,11,702
16212,1,15,15,702
16213,1,15,15,702
16214,1,15,15,702
16215,1,15,15,702
16216,1,15,15,702
16217,1,15,15,702
16218,1,15,15,702
16219,1,15,15,702
16220,1,15,15,702
16221,1,15,15,702
16222,1,15,15,702
16223,1,15,15,702
16224,1,15,15,702
16225,1,15,15,702
16226,1,15,15,702
16227,1,15,15,702
16228,1,15,15,702
16229,1,15,15,702
16230,1,15,15,702
16231,1,15,15,702
16232,1,15,15,702
16233,1,15,15,702
16234,1,15,15,702
16235,1,15,15,702
16236,1,15,15,702
16237,1,41,41,702
16238,1,15,15,702
16239,1,15,15,702
16240,1,15,15,702
16241,1,4,4,702
16242,1,15,15,702
16243,1,15,15,702
16244,1,15,15,702
16245,1,15,15,702
16246,1,15,15,702
16247,1,15,15,702
16248,1,15,15,702
16249,1,15,15,702
16250,1,15,15,702
16251,1,15,12,702
16252,1,41,41,702
16253,1,15,15,702
16254,1,15,15,702
16255,1,15,15,702
16256,1,15,15,702
16257,1,15,15,702
16258,1,15,15,702
16259,1,15,15,702
16260,1,15,15,702
16261,1,15,15,702
16262,1,15,15,702
16263,1,15,15,702
16264,1,15,15,702
16265,1,15,15,702
16266,1,15,15,702
16267,1,15,15,702
16268,1,15,15,702
16269,1,15,15,702
16270,1,15,15,702
16271,1,15,15,702
16272,1,15,15,702
16273,1,15,15,702
16274,1,15,15,702
16275,1,39,39,702
16276,1,15,15,702
16277,1,15,15,702
16278,1,15,15,702
16279,1,15,15,702
16280,1,15,15,702
16281,1,15,15,702
16282,1,15,15,702
16283,1,15,15,702
16284,1,15,15,702
16285,1,15,15,702
16286,1,15,15,702
16287,1,4,4,702
16288,1,39,41,702
16289,1,15,15,702
16290,1,15,15,702
16291,1,15,15,702
16292,1,15,15,702
16293,1,15,15,702
16294,1,15,15,702
16295,1,15,15,702
16296,1,15,15,702
16297,1,15,4,702
16298,1,15,15,702
16299,1,15,15,702
16300,1,15,15,702
16301,1,15,15,702
16302,1,15,15,702
16303,1,15,15,702
16304,1,15,15,702
16305,1,15,15,702
16306,1,15,15,702
16307,1,39,39,702
16308,1,15,15,702
16309,1,15,15,702
16310,1,15,15,702
16311,1,21,21,702
16312,1,15,15,702
16313,1,15,15,702
16314,1,15,15,702
16315,1,15,15,702
16316,1,15,15,702
16317,1,39,39,702
16318,1,15,15,702
16319,1,15,15,702
16320,1,15,15,702
16321,1,15,15,702
16322,1,15,15,702
16323,1,15,15,702
16324,1,15,15,702
16325,1,15,15,702
16326,1,15,15,702
16327,1,4,4,702
16328,1,15,15,702
16329,1,15,15,702
16330,1,39,39,702
16331,1,20,20,702
16332,1,15,15,702
16333,1,15,15,702
16334,1,15,15,702
16335,1,15,15,702
16336,1,15,15,702
16337,1,15,15,702
16338,1,15,15,702
16339,1,15,15,702
16340,1,15,15,702
16341,1,15,15,702
16342,1,15,15,702
16343,1,15,4,702
16344,1,15,15,702
16345,1,15,15,702
16346,1,15,15,702
16347,1,15,15,702
16348,1,15,15,702
16349,1,15,15,702
16350,1,15,15,702
16351,1,15,15,702
16352,1,15,15,702
16353,1,15,15,702
16354,1,15,15,702
16355,1,21,15,702
16356,1,15,15,702
16357,1,15,15,702
16358,1,15,11,702
16359,1,15,15,702
16360,1,15,15,702
16361,1,15,15,702
16362,1,15,15,702
16363,1,15,15,702
16364,1,15,15,702
16365,1,15,15,702
16366,1,15,15,702
16367,1,15,15,702
16368,1,15,15,702
16369,1,15,15,702
16370,1,15,15,702
16371,1,15,15,702
16372,1,15,15,702
16373,1,15,15,702
16374,1,4,4,702
16375,1,15,15,702
16376,1,15,15,702
16377,1,15,15,702
16378,1,15,15,702
16379,1,15,15,702
16380,1,15,15,702
16381,1,15,15,702
16382,1,15,15,702
16383,1,15,15,702
16384,1,15,15,702
16385,1,15,15,702
16386,1,15,15,702
16387,1,15,15,702
16388,1,15,15,702
16389,1,15,15,702
16390,1,15,15,702
16391,1,15,15,702
16392,1,15,15,702
16393,1,41,15,702
16394,1,15,15,702
16395,1,15,15,702
16396,1,15,15,702
16397,1,15,15,702
16398,1,15,15,702
16399,1,15,15,702
16400,1,15,15,702
16401,1,15,15,702
16402,1,39,39,702
16403,1,15,15,702
16404,1,15,15,702
16405,1,15,15,702
16406,1,15,15,702
16407,1,15,15,702
16408,1,15,15,702
16409,1,15,15,702
16410,1,21,15,702
16411,1,15,15,702
16412,1,15,15,702
16413,1,15,15,702
16414,1,21,15,702
16415,1,15,15,702
16416,1,4,4,702
16417,1,15,15,702
16418,1,15,15,702
16419,1,15,15,702
16420,1,4,15,702
16421,1,15,15,702
16422,1,46,46,702
16423,1,15,15,702
16424,1,15,15,702
16425,1,15,15,702
16426,1,15,15,702
16427,1,15,15,702
16428,1,15,15,702
16429,1,15,15,702
16430,1,15,15,702
16431,1,15,15,702
16432,1,15,15,702
16433,1,41,41,702
16434,1,15,15,702
16435,1,41,41,702
16436,1,15,15,702
16437,1,15,15,702
16438,1,15,15,702
16439,1,15,15,702
16440,1,15,15,702
16441,1,15,15,702
16442,1,15,15,702
16443,1,15,15,702
16444,1,15,15,702
16445,1,39,4,702
16446,1,15,15,702
16447,1,15,15,702
16448,1,15,15,702
16449,1,15,4,702
16450,1,15,15,702
16451,1,4,4,702
16452,1,41,41,702
16453,1,15,15,702
16454,1,15,15,702
16455,1,15,15,702
16456,1,15,15,702
16457,1,15,15,702
16458,1,15,15,702
16459,1,15,15,702
16460,1,4,4,702
16461,1,15,15,702
16462,1,15,15,702
16463,1,4,4,702
16464,1,15,15,702
16465,1,15,15,702
16466,1,15,15,702
16467,1,4,4,702
16468,1,3,3,702
16469,1,15,15,702
16470,1,15,15,702
16471,1,15,15,702
16472,1,15,15,702
16473,1,15,15,702
16474,1,15,15,702
16475,1,15,15,702
16476,1,15,15,702
16477,1,15,15,702
16478,1,15,15,702
16479,1,15,15,702
16480,1,15,15,702
16481,1,15,15,702
16482,1,15,15,702
16483,1,15,15,702
16484,1,15,15,702
16485,1,15,15,702
16486,1,15,15,702
16487,1,15,15,702
16488,1,15,15,702
16489,1,21,21,702
16490,1,15,15,702
16491,1,15,15,702
16492,1,4,4,702
16493,1,21,15,702
16494,1,15,15,702
16495,1,15,15,702
16496,1,15,15,702
16497,1,15,15,702
16498,1,15,15,702
16499,1,21,15,702
16500,1,15,15,702
16501,1,15,15,702
16502,1,15,15,702
16503,1,15,15,702
16504,1,15,15,702
16505,1,15,15,702
16506,1,15,15,702
16507,1,15,15,702
16508,1,15,15,702
16509,1,15,15,702
16510,1,15,15,702
16511,1,15,15,702
16512,1,15,15,702
16513,1,15,15,702
16514,1,15,15,702
16515,1,15,15,702
16516,1,15,15,702
16517,1,21,15,702
16518,1,15,15,702
16519,1,15,15,702
16520,1,15,15,702
16521,1,4,4,702
16522,1,15,15,702
16523,1,15,15,702
16524,1,15,15,702
16525,1,21,15,702
16526,1,15,15,702
16527,1,15,15,702
16528,1,15,15,702
16529,1,15,15,702
16530,1,15,15,702
16531,1,15,15,702
16532,1,15,15,702
16533,1,15,15,702
16534,1,15,15,702
16535,1,15,15,702
16536,1,15,15,702
16537,1,15,15,702
16538,1,15,15,702
16539,1,15,15,702
16540,1,15,15,702
16541,1,15,15,702
16542,1,15,15,702
16543,1,15,15,702
16544,1,15,15,702
16545,1,15,15,702
16546,1,15,15,702
16547,1,15,15,702
16548,1,15,15,702
16549,1,15,15,702
16550,1,15,15,702
16551,1,15,15,702
16552,1,15,15,702
16553,1,15,15,702
16554,1,15,15,702
16555,1,15,15,702
16556,1,15,15,702
16557,1,15,15,702
16558,1,15,15,702
16559,1,15,15,702
16560,1,15,15,702
16561,1,15,15,702
16562,1,15,15,702
16563,1,15,15,702
16564,1,15,15,702
16565,1,15,15,702
16566,1,15,15,702
16567,1,15,15,702
16568,1,4,4,702
16569,1,15,15,702
16570,1,39,15,702
16571,1,15,15,702
16572,1,15,15,702
16573,1,15,15,702
16574,1,15,15,702
16575,1,15,15,702
16576,1,15,15,702
16577,1,21,15,702
16578,1,15,15,702
16579,1,15,15,702
16580,1,15,15,702
16581,1,15,15,702
16582,1,15,15,702
16583,1,15,15,702
16584,1,15,15,702
16585,1,15,15,702
16586,1,15,15,702
16587,1,15,15,702
16588,1,15,15,702
16589,1,15,15,702
16590,1,15,15,702
16591,1,15,15,702
16592,1,15,15,702
16593,1,21,15,702
16594,1,15,15,702
16595,1,15,15,702
16596,1,15,15,702
16597,1,15,15,702
16598,1,15,15,702
16599,1,15,15,702
16600,1,15,15,702
16601,1,15,15,702
16602,1,15,15,702
16603,1,21,4,702
16604,1,15,15,702
16605,1,15,15,702
16606,1,15,15,702
16607,1,15,15,702
16608,1,15,15,702
16609,1,15,15,702
16610,1,15,15,702
16611,1,15,15,702
16612,1,15,15,702
16613,1,15,15,702
16614,1,15,15,702
16615,1,15,15,702
16616,1,15,15,702
16617,1,15,15,702
16618,1,15,15,702
16619,1,39,39,702
16620,1,4,4,702
16621,1,11,4,702
16622,1,15,15,702
16623,1,15,15,702
16624,1,15,15,702
16625,1,4,4,702
16626,1,15,15,702
16627,1,15,15,702
16628,1,15,15,702
16629,1,15,15,702
16630,1,15,15,702
16631,1,15,15,702
16632,1,15,15,702
16633,1,15,15,702
16634,1,15,15,702
16635,1,15,15,702
16636,1,15,15,702
16637,1,15,15,702
16638,1,15,15,702
16639,1,15,15,702
16640,1,9,9,702
16641,1,15,15,702
16642,1,15,15,702
16643,1,15,15,702
16644,1,15,15,702
16645,1,21,21,702
16646,1,15,15,702
16647,1,15,15,702
16648,1,15,15,702
16649,1,15,15,702
16650,1,15,15,702
16651,1,15,15,702
16652,1,15,15,702
16653,1,41,15,702
16654,1,15,15,702
16655,1,15,15,702
16656,1,4,4,702
16657,1,15,15,702
16658,1,15,15,702
16659,1,24,24,702
16660,1,39,39,702
16661,1,15,15,702
16662,1,15,15,702
16663,1,15,15,702
16664,1,15,15,702
16665,1,15,41,702
16666,1,15,15,702
16667,1,39,39,702
16668,1,15,15,702
16669,1,12,12,702
16670,1,15,15,702
16671,1,15,15,702
16672,1,15,15,702
16673,1,15,15,702
16674,1,15,15,702
16675,1,15,4,702
16676,1,15,15,702
16677,1,15,15,702
16678,1,15,15,702
16679,1,4,4,702
16680,1,15,15,702
16681,1,15,15,702
16682,1,15,15,702
16683,1,15,15,702
16684,1,15,15,702
16685,1,21,21,702
16686,1,15,15,702
16687,1,15,15,702
16688,1,15,15,702
16689,1,15,15,702
16690,1,15,15,702
16691,1,39,41,702
16692,1,15,15,702
16693,1,15,15,702
16694,1,15,15,702
16695,1,15,15,702
16696,1,15,15,702
16697,1,15,15,702
16698,1,15,15,702
16699,1,15,15,702
16700,1,15,15,702
16701,1,15,15,702
16702,1,15,15,702
16703,1,15,15,702
16704,1,15,15,702
16705,1,15,15,702
16706,1,15,15,702
16707,1,15,15,702
16708,1,15,15,702
16709,1,15,15,702
16710,1,15,15,702
16711,1,15,15,702
16712,1,15,15,702
16713,1,4,15,702
16714,1,15,15,702
16715,1,21,15,702
16716,1,15,15,702
16717,1,21,15,702
16718,1,15,15,702
16719,1,15,15,702
16720,1,15,15,702
16721,1,15,15,702
16722,1,15,15,702
16723,1,15,15,702
16724,1,15,15,702
16725,1,4,4,702
16726,1,15,15,702
16727,1,15,15,702
16728,1,15,15,702
16729,1,15,15,702
16730,1,15,15,702
16731,1,15,15,702
16732,1,15,15,702
16733,1,15,15,702
16734,1,15,15,702
16735,1,15,15,702
16736,1,15,15,702
16737,1,15,15,702
16738,1,15,4,702
16739,1,15,15,702
16740,1,15,15,702
16741,1,15,15,702
16742,1,15,15,702
16743,1,15,15,702
16744,1,15,15,702
16745,1,21,15,702
16746,1,15,15,702
16747,1,15,15,702
16748,1,15,15,702
16749,1,15,15,702
16750,1,15,15,702
16751,1,15,15,702
16752,1,15,4,702
16753,1,15,15,702
16754,1,15,15,702
16755,1,15,15,702
16756,1,12,12,702
16757,1,15,15,702
16758,1,15,15,702
16759,1,15,15,702
16760,1,15,15,702
16761,1,15,15,702
16762,1,15,15,702
16763,1,15,15,702
16764,1,15,15,702
16765,1,15,15,702
16766,1,15,15,702
16767,1,15,15,702
16768,1,15,15,702
16769,1,15,15,702
16770,1,15,15,702
16771,1,4,4,702
16772,1,15,15,702
16773,1,15,15,702
16774,1,3,3,702
16775,1,15,15,702
16776,1,15,15,702
16777,1,15,15,702
16778,1,15,15,702
16779,1,15,15,702
16780,1,15,15,702
16781,1,15,15,702
16782,1,15,15,702
16783,1,21,15,702
16784,1,15,15,702
16785,1,15,15,702
16786,1,15,15,702
16787,1,15,15,702
16788,1,15,15,702
16789,1,15,15,702
16790,1,15,15,702
16791,1,39,39,702
16792,1,15,15,702
16793,1,15,15,702
16794,1,15,15,702
16795,1,15,15,702
16796,1,15,15,702
16797,1,15,15,702
16798,1,15,15,702
16799,1,15,15,702
16800,1,15,15,702
16801,1,15,15,702
16802,1,41,41,702
16803,1,15,15,702
16804,1,15,15,702
16805,1,15,15,702
16806,1,15,15,702
16807,1,15,15,702
16808,1,15,15,702
16809,1,4,4,702
16810,1,15,15,702
16811,1,15,15,702
16812,1,15,15,702
16813,1,15,15,702
16814,1,15,15,702
16815,1,15,15,702
16816,1,4,4,702
16817,1,15,15,702
16818,1,15,15,702
16819,1,15,15,702
16820,1,15,15,702
16821,1,15,15,702
16822,1,15,15,702
16823,1,15,15,702
16824,1,15,15,702
16825,1,15,15,702
16826,1,15,15,702
16827,1,15,15,702
16828,1,15,15,702
16829,1,4,4,702
16830,1,15,15,702
16831,1,15,15,702
16832,1,15,15,702
16833,1,15,15,702
16834,1,15,15,702
16835,1,15,15,702
16836,1,20,20,702
16837,1,15,15,702
16838,1,15,15,702
16839,1,15,15,702
16840,1,15,15,702
16841,1,15,15,702
16842,1,15,15,702
16843,1,15,15,702
16844,1,15,15,702
16845,1,15,15,702
16846,1,15,15,702
16847,1,15,15,702
16848,1,15,15,702
16849,1,4,4,702
16850,1,15,15,702
16851,1,15,15,702
16852,1,15,15,702
16853,1,15,15,702
16854,1,15,15,702
16855,1,15,15,702
16856,1,15,15,702
16857,1,15,15,702
16858,1,15,15,702
16859,1,15,15,702
16860,1,15,15,702
16861,1,15,15,702
16862,1,15,15,702
16863,1,15,15,702
16864,1,15,15,702
16865,1,15,15,702
16866,1,15,15,702
16867,1,15,15,702
16868,1,15,15,702
16869,1,15,15,702
16870,1,15,15,702
16871,1,15,15,702
16872,1,15,15,702
16873,1,15,15,702
16874,1,15,15,702
16875,1,15,15,702
16876,1,15,15,702
16877,1,15,15,702
16878,1,15,15,702
16879,1,15,15,702
16880,1,15,15,702
16881,1,15,15,702
16882,1,4,4,702
16883,1,15,15,702
16884,1,15,15,702
16885,1,15,15,702
16886,1,15,15,702
16887,1,15,15,702
16888,1,15,15,702
16889,1,4,4,702
16890,1,15,15,702
16891,1,39,39,702
16892,1,15,15,702
16893,1,15,15,702
16894,1,15,15,702
16895,1,15,15,702
16896,1,3,3,702
16897,1,15,15,702
16898,1,15,15,702
16899,1,15,15,702
16900,1,15,15,702
16901,1,15,15,702
16902,1,21,15,702
16903,1,15,15,702
16904,1,15,4,702
16905,1,15,15,702
16906,1,15,15,702
16907,1,15,15,702
16908,1,15,15,702
16909,1,15,15,702
16910,1,15,15,702
16911,1,15,15,702
16912,1,3,3,702
16913,1,21,15,702
16914,1,15,15,702
16915,1,4,4,702
16916,1,15,15,702
16917,1,15,15,702
16918,1,15,4,702
16919,1,15,15,702
16920,1,15,15,702
16921,1,21,15,702
16922,1,15,15,702
16923,1,15,15,702
16924,1,15,15,702
16925,1,15,15,702
16926,1,12,12,702
16927,1,15,15,702
16928,1,15,15,702
16929,1,15,15,702
16930,1,15,15,702
16931,1,15,15,702
16932,1,15,15,702
16933,1,15,15,702
16934,1,15,15,702
16935,1,15,15,702
16936,1,15,15,702
16937,1,15,15,702
16938,1,15,15,702
16939,1,15,15,702
16940,1,15,15,702
16941,1,15,15,702
16942,1,15,15,702
16943,1,15,15,702
16944,1,4,4,702
16945,1,15,15,702
16946,1,15,15,702
16947,1,15,15,702
16948,1,15,15,702
16949,1,15,15,702
16950,1,15,15,702
16951,1,15,15,702
16952,1,39,39,702
16953,1,15,15,702
16954,1,15,15,702
16955,1,15,15,702
16956,1,15,15,702
16957,1,15,15,702
16958,1,15,15,702
16959,1,15,15,702
16960,1,20,15,702
16961,1,15,15,702
16962,1,15,15,702
16963,1,15,15,702
16964,1,15,15,702
16965,1,15,15,702
16966,1,15,15,702
16967,1,15,15,702
16968,1,15,15,702
16969,1,15,15,702
16970,1,15,15,702
16971,1,15,15,702
16972,1,15,15,702
16973,1,15,15,702
16974,1,15,15,702
16975,1,15,15,702
16976,1,15,15,702
16977,1,15,15,702
16978,1,15,15,702
16979,1,15,15,702
16980,1,15,15,702
16981,1,15,15,702
16982,1,15,15,702
16983,1,15,15,702
16984,1,15,15,702
16985,1,4,15,702
16986,1,15,15,702
16987,1,4,4,702
16988,1,15,15,702
16989,1,15,15,702
16990,1,15,15,702
16991,1,4,4,702
16992,1,15,15,702
16993,1,15,15,702
16994,1,15,15,702
16995,1,15,15,702
16996,1,15,15,702
16997,1,15,15,702
16998,1,15,15,702
16999,1,15,15,702
17000,1,41,41,702
17001,1,15,15,702
17002,1,15,15,702
17003,1,15,15,702
17004,1,15,15,702
17005,1,15,15,702
17006,1,15,15,702
17007,1,15,15,702
17008,1,15,15,702
17009,1,15,15,702
17010,1,15,15,702
17011,1,41,41,702
17012,1,15,15,702
17013,1,15,15,702
17014,1,15,15,702
17015,1,41,41,702
17016,1,4,4,702
17017,1,15,15,702
17018,1,15,15,702
17019,1,15,15,702
17020,1,15,15,702
17021,1,15,15,702
17022,1,25,25,702
17023,1,4,4,702
17024,1,15,15,702
17025,1,15,15,702
17026,1,15,15,702
17027,1,15,15,702
17028,1,15,15,702
17029,1,15,15,702
17030,1,15,15,702
17031,1,15,15,702
17032,1,15,15,702
17033,1,15,15,702
17034,1,15,15,702
17035,1,15,15,702
17036,1,15,15,702
17037,1,15,15,702
17038,1,15,15,702
17039,1,15,15,702
17040,1,3,3,702
17041,1,15,15,702
17042,1,15,15,702
17043,1,15,15,702
17044,1,15,15,702
17045,1,15,15,702
17046,1,15,15,702
17047,1,15,15,702
17048,1,21,15,702
17049,1,15,15,702
17050,1,21,15,702
17051,1,15,15,702
17052,1,41,41,702
17053,1,15,15,702
17054,1,15,15,702
17055,1,4,4,702
17056,1,15,15,702
17057,1,15,15,702
17058,1,4,4,702
17059,1,15,15,702
17060,1,15,15,702
17061,1,15,15,702
17062,1,15,15,702
17063,1,15,15,702
17064,1,15,15,702
17065,1,15,15,702
17066,1,15,15,702
17067,1,15,15,702
17068,1,15,15,702
17069,1,15,15,702
17070,1,15,15,702
17071,1,15,15,702
17072,1,15,15,702
17073,1,15,15,702
17074,1,15,15,702
17075,1,15,15,702
17076,1,15,15,702
17077,1,15,15,702
17078,1,4,4,702
17079,1,15,15,702
17080,1,15,15,702
17081,1,15,15,702
17082,1,15,15,702
17083,1,15,15,702
17084,1,15,15,702
17085,1,4,4,702
17086,1,15,15,702
17087,1,15,15,702
17088,1,15,15,702
17089,1,15,15,702
17090,1,15,15,702
17091,1,15,4,702
17092,1,15,15,702
17093,1,15,15,702
17094,1,15,15,702
17095,1,15,15,702
17096,1,15,15,702
17097,1,15,15,702
17098,1,15,15,702
17099,1,15,15,702
17100,1,15,15,702
17101,1,15,15,702
17102,1,15,4,702
17103,1,15,15,702
17104,1,15,15,702
17105,1,15,15,702
17106,1,15,15,702
17107,1,15,15,702
17108,1,4,4,702
17109,1,15,15,702
17110,1,15,15,702
17111,1,15,15,702
17112,1,15,15,702
17113,1,39,4,702
17114,1,15,15,702
17115,1,15,15,702
17116,1,4,4,702
17117,1,15,15,702
17118,1,15,15,702
17119,1,15,15,702
17120,1,15,15,702
17121,1,15,15,702
17122,1,15,15,702
17123,1,15,15,702
17124,1,4,4,702
17125,1,15,15,702
17126,1,15,15,702
17127,1,15,15,702
17128,1,15,15,702
17129,1,15,15,702
17130,1,15,15,702
17131,1,15,15,702
17132,1,15,15,702
17133,1,15,15,702
17134,1,15,15,702
17135,1,15,15,702
17136,1,15,15,702
17137,1,15,15,702
17138,1,15,15,702
17139,1,15,15,702
17140,1,4,4,702
17141,1,4,4,702
17142,1,15,15,702
17143,1,15,4,702
17144,1,15,15,702
17145,1,15,15,702
17146,1,15,15,702
17147,1,15,15,702
17148,1,15,15,702
17149,1,15,15,702
17150,1,15,15,702
17151,1,15,15,702
17152,1,39,39,702
17153,1,15,15,702
17154,1,15,15,702
17155,1,15,15,702
17156,1,15,15,702
17157,1,15,15,702
17158,1,15,15,702
17159,1,15,15,702
17160,1,15,15,702
17161,1,15,15,702
17162,1,15,15,702
17163,1,15,15,702
17164,1,15,15,702
17165,1,15,15,702
17166,1,39,39,702
17167,1,15,15,702
17168,1,15,15,702
17169,1,15,15,702
17170,1,15,15,702
17171,1,15,15,702
17172,1,15,15,702
17173,1,39,39,702
17174,1,15,15,702
17175,1,15,15,702
17176,1,15,15,702
17177,1,4,4,702
17178,1,39,39,702
17179,1,15,15,702
17180,1,15,15,702
17181,1,15,15,702
17182,1,15,15,702
17183,1,15,15,702
17184,1,15,15,702
17185,1,15,15,702
17186,1,15,15,702
17187,1,15,15,702
17188,1,15,15,702
17189,1,15,15,702
17190,1,15,15,702
17191,1,15,15,702
17192,1,15,15,702
17193,1,15,15,702
17194,1,15,15,702
17195,1,15,15,702
17196,1,15,15,702
17197,1,15,15,702
17198,1,15,15,702
17199,1,15,15,702
17200,1,15,15,702
17201,1,15,15,702
17202,1,15,15,702
17203,1,15,4,702
17204,1,15,15,702
17205,1,15,15,702
17206,1,15,15,702
17207,1,39,39,702
17208,1,15,15,702
17209,1,15,15,702
17210,1,15,15,702
17211,1,15,4,702
17212,1,15,15,702
17213,1,15,15,702
17214,1,15,15,702
17215,1,15,15,702
17216,1,4,4,702
17217,1,15,15,702
17218,1,15,15,702
17219,1,15,15,702
17220,1,15,15,702
17221,1,15,15,702
17222,1,15,15,702
17223,1,15,15,702
17224,1,15,15,702
17225,1,41,41,702
17226,1,15,15,702
17227,1,15,15,702
17228,1,15,15,702
17229,1,15,15,702
17230,1,15,15,702
17231,1,15,15,702
17232,1,15,15,702
17233,1,15,15,702
17234,1,24,24,702
17235,1,15,15,702
17236,1,15,15,702
17237,1,15,15,702
17238,1,15,15,702
17239,1,15,15,702
17240,1,15,15,702
17241,1,15,15,702
17242,1,15,15,702
17243,1,15,15,702
17244,1,15,15,702
17245,1,15,15,702
17246,1,15,15,702
17247,1,15,15,702
17248,1,15,15,702
17249,1,15,15,702
17250,1,15,15,702
17251,1,15,15,702
17252,1,15,15,702
17253,1,15,15,702
17254,1,15,15,702
17255,1,15,15,702
17256,1,15,15,702
17257,1,15,15,702
17258,1,15,15,702
17259,1,15,15,702
17260,1,15,15,702
17261,1,15,15,702
17262,1,15,15,702
17263,1,15,15,702
17264,1,15,15,702
17265,1,15,15,702
17266,1,15,15,702
17267,1,15,15,702
17268,1,15,15,702
17269,1,15,15,702
17270,1,15,15,702
17271,1,15,15,702
17272,1,15,15,702
17273,1,12,12,702
17274,1,15,15,702
17275,1,15,15,702
17276,1,15,15,702
17277,1,15,15,702
17278,1,15,15,702
17279,1,15,15,702
17280,1,21,15,702
17281,1,15,15,702
17282,1,15,15,702
17283,1,15,15,702
17284,1,15,15,702
17285,1,15,15,702
17286,1,15,15,702
17287,1,15,15,702
17288,1,15,15,702
17289,1,21,21,702
17290,1,12,12,702
17291,1,4,4,702
17292,1,15,15,702
17293,1,15,15,702
17294,1,15,15,702
17295,1,15,15,702
17296,1,15,15,702
17297,1,15,15,702
17298,1,15,15,702
17299,1,15,15,702
17300,1,15,15,702
17301,1,15,15,702
17302,1,4,4,702
17303,1,15,15,702
17304,1,15,15,702
17305,1,15,15,702
17306,1,41,41,702
17307,1,15,15,702
17308,1,15,15,702
17309,1,15,15,702
17310,1,15,15,702
17311,1,15,15,702
17312,1,15,15,702
17313,1,15,15,702
17314,1,15,15,702
17315,1,15,15,702
17316,1,15,15,702
17317,1,15,15,702
17318,1,15,15,702
17319,1,15,15,702
17320,1,15,15,702
17321,1,15,15,702
17322,1,15,15,702
17323,1,15,15,702
17324,1,15,15,702
17325,1,15,15,702
17326,1,15,15,702
17327,1,15,15,702
17328,1,15,15,702
17329,1,15,15,702
17330,1,15,15,702
17331,1,15,15,702
17332,1,15,15,702
17333,1,15,15,702
17334,1,15,15,702
17335,1,15,15,702
17336,1,15,15,702
17337,1,15,15,702
17338,1,15,15,702
17339,1,15,15,702
17340,1,15,15,702
17341,1,15,15,702
17342,1,15,15,702
17343,1,15,15,702
17344,1,15,15,702
17345,1,15,15,702
17346,1,15,15,702
17347,1,21,15,702
17348,1,15,15,702
17349,1,15,15,702
17350,1,15,15,702
17351,1,15,15,702
17352,1,15,15,702
17353,1,15,15,702
17354,1,15,15,702
17355,1,15,15,702
17356,1,15,15,702
17357,1,15,15,702
17358,1,15,15,702
17359,1,15,15,702
17360,1,15,15,702
17361,1,15,15,702
17362,1,15,15,702
17363,1,39,39,702
17364,1,15,15,702
17365,1,15,15,702
17366,1,15,15,702
17367,1,15,15,702
17368,1,15,15,702
17369,1,15,15,702
17370,1,15,15,702
17371,1,15,15,702
17372,1,12,15,702
17373,1,15,15,702
17374,1,4,4,702
17375,1,15,15,702
17376,1,15,15,702
17377,1,15,15,702
17378,1,15,15,702
17379,1,15,15,702
17380,1,15,15,702
17381,1,15,15,702
17382,1,15,15,702
17383,1,21,15,702
17384,1,15,15,702
17385,1,15,15,702
17386,1,15,15,702
17387,1,15,15,702
17388,1,15,15,702
17389,1,15,4,702
17390,1,21,15,702
17391,1,15,15,702
17392,1,4,4,702
17393,1,15,15,702
17394,1,15,15,702
17395,1,15,15,702
17396,1,15,15,702
17397,1,15,15,702
17398,1,15,15,702
17399,1,15,15,702
17400,1,15,15,702
17401,1,15,15,702
17402,1,15,15,702
17403,1,15,15,702
17404,1,15,15,702
17405,1,15,15,702
17406,1,15,15,702
17407,1,15,15,702
17408,1,15,15,702
17409,1,15,15,702
17410,1,15,15,702
17411,1,15,15,702
17412,1,15,15,702
17413,1,15,15,702
17414,1,4,4,702
17415,1,4,4,702
17416,1,15,15,702
17417,1,15,15,702
17418,1,15,15,702
17419,1,15,4,702
17420,1,15,15,702
17421,1,15,15,702
17422,1,15,15,702
17423,1,15,15,702
17424,1,21,15,702
17425,1,15,15,702
17426,1,15,15,702
17427,1,15,15,702
17428,1,15,15,702
17429,1,15,15,702
17430,1,15,15,702
17431,1,15,15,702
17432,1,39,39,702
17433,1,15,15,702
17434,1,15,15,702
17435,1,15,15,702
17436,1,15,15,702
17437,1,15,15,702
17438,1,15,15,702
17439,1,39,39,702
17440,1,15,15,702
17441,1,15,15,702
17442,1,15,15,702
17443,1,15,15,702
17444,1,15,15,702
17445,1,15,15,702
17446,1,15,15,702
17447,1,15,15,702
17448,1,15,15,702
17449,1,15,15,702
17450,1,15,15,702
17451,1,15,15,702
17452,1,4,4,702
17453,1,15,15,702
17454,1,15,15,702
17455,1,15,15,702
17456,1,15,15,702
17457,1,21,3,702
17458,1,15,15,702
17459,1,15,15,702
17460,1,15,15,702
17461,1,15,15,702
17462,1,15,15,702
17463,1,15,15,702
17464,1,9,9,702
17465,1,15,15,702
17466,1,15,15,702
17467,1,41,41,702
17468,1,15,15,702
17469,1,15,15,702
17470,1,15,15,702
17471,1,15,15,702
17472,1,15,15,702
17473,1,15,15,702
17474,1,15,15,702
17475,1,15,15,702
17476,1,15,15,702
17477,1,4,4,702
17478,1,15,15,702
17479,1,15,15,702
17480,1,15,15,702
17481,1,15,15,702
17482,1,15,15,702
17483,1,15,15,702
17484,1,15,15,702
17485,1,15,15,702
17486,1,15,15,702
17487,1,15,15,702
17488,1,15,15,702
17489,1,15,15,702
17490,1,15,15,702
17491,1,15,15,702
17492,1,15,15,702
17493,1,15,15,702
17494,1,15,15,702
17495,1,15,15,702
17496,1,15,15,702
17497,1,15,15,702
17498,1,15,15,702
17499,1,15,15,702
17500,1,15,15,702
17501,1,15,15,702
17502,1,15,15,702
17503,1,15,15,702
17504,1,15,15,702
17505,1,15,15,702
17506,1,15,15,702
17507,1,15,15,702
17508,1,15,15,702
17509,1,15,15,702
17510,1,15,15,702
17511,1,41,41,702
17512,1,15,15,702
17513,1,15,15,702
17514,1,15,15,702
17515,1,15,15,702
17516,1,15,15,702
17517,1,15,15,702
17518,1,15,15,702
17519,1,15,15,702
17520,1,15,15,702
17521,1,15,15,702
17522,1,15,15,702
17523,1,12,12,702
17524,1,15,15,702
17525,1,15,15,702
17526,1,15,15,702
17527,1,15,15,702
17528,1,3,3,702
17529,1,15,15,702
17530,1,15,15,702
17531,1,15,15,702
17532,1,15,15,702
17533,1,15,15,702
17534,1,15,15,702
17535,1,15,15,702
17536,1,15,15,702
17537,1,21,21,702
17538,1,4,4,702
17539,1,15,15,702
17540,1,4,4,702
17541,1,15,15,702
17542,1,15,15,702
17543,1,15,15,702
17544,1,15,15,702
17545,1,15,15,702
17546,1,15,15,702
17547,1,15,15,702
17548,1,15,15,702
17549,1,15,15,702
17550,1,15,15,702
17551,1,15,15,702
17552,1,15,15,702
17553,1,15,15,702
17554,1,15,15,702
17555,1,15,15,702
17556,1,15,15,702
17557,1,15,15,702
17558,1,15,15,702
17559,1,24,24,702
17560,1,15,15,702
17561,1,15,15,702
17562,1,15,15,702
17563,1,15,15,702
17564,1,15,15,702
17565,1,15,4,702
17566,1,15,15,702
17567,1,15,15,702
17568,1,15,15,702
17569,1,15,15,702
17570,1,15,15,702
17571,1,20,15,702
17572,1,15,15,702
17573,1,15,15,702
17574,1,15,15,702
17575,1,15,15,702
17576,1,15,15,702
17577,1,15,15,702
17578,1,15,15,702
17579,1,15,15,702
17580,1,15,15,702
17581,1,15,15,702
17582,1,15,15,702
17583,1,15,3,702
17584,1,15,15,702
17585,1,15,15,702
17586,1,15,15,702
17587,1,15,15,702
17588,1,15,15,702
17589,1,15,15,702
17590,1,15,15,702
17591,1,15,15,702
17592,1,15,15,702
17593,1,15,15,702
17594,1,15,15,702
17595,1,15,15,702
17596,1,15,15,702
17597,1,15,15,702
17598,1,15,15,702
17599,1,15,15,702
17600,1,15,15,702
17601,1,15,15,702
17602,1,15,15,702
17603,1,15,15,702
17604,1,15,15,702
17605,1,15,15,702
17606,1,12,12,702
17607,1,15,15,702
17608,1,15,15,702
17609,1,15,15,702
17610,1,15,15,702
17611,1,15,15,702
17612,1,15,15,702
17613,1,15,15,702
17614,1,21,15,702
17615,1,15,15,702
17616,1,15,15,702
17617,1,15,15,702
17618,1,15,15,702
17619,1,15,15,702
17620,1,15,15,702
17621,1,15,15,702
17622,1,15,11,702
17623,1,15,15,702
17624,1,4,4,702
17625,1,15,15,702
17626,1,15,15,702
17627,1,15,15,702
17628,1,15,15,702
17629,1,15,15,702
17630,1,15,15,702
17631,1,15,15,702
17632,1,15,15,702
17633,1,15,15,702
17634,1,41,41,702
17635,1,15,15,702
17636,1,15,15,702
17637,1,15,15,702
17638,1,15,15,702
17639,1,39,39,702
17640,1,15,15,702
17641,1,15,15,702
17642,1,15,15,702
17643,1,15,15,702
17644,1,15,15,702
17645,1,15,15,702
17646,1,15,15,702
17647,1,15,15,702
17648,1,15,15,702
17649,1,15,15,702
17650,1,4,4,702
17651,1,15,15,702
17652,1,15,15,702
17653,1,15,15,702
17654,1,15,15,702
17655,1,15,15,702
17656,1,15,15,702
17657,1,15,15,702
17658,1,15,15,702
17659,1,15,15,702
17660,1,15,15,702
17661,1,15,15,702
17662,1,15,15,702
17663,1,15,15,702
17664,1,15,15,702
17665,1,4,4,702
17666,1,15,15,702
17667,1,15,15,702
17668,1,15,15,702
17669,1,15,15,702
17670,1,15,15,702
17671,1,4,4,702
17672,1,15,15,702
17673,1,15,15,702
17674,1,15,15,702
17675,1,15,15,702
17676,1,15,15,702
17677,1,15,15,702
17678,1,15,15,702
17679,1,15,15,702
17680,1,15,15,702
17681,1,15,15,702
17682,1,15,15,702
17683,1,15,15,702
17684,1,15,15,702
17685,1,15,15,702
17686,1,15,15,702
17687,1,39,39,702
17688,1,15,15,702
17689,1,15,15,702
17690,1,15,15,702
17691,1,4,4,702
17692,1,15,15,702
17693,1,15,15,702
17694,1,15,15,702
17695,1,15,15,702
17696,1,15,15,702
17697,1,15,15,702
17698,1,15,15,702
17699,1,15,15,702
17700,1,15,15,702
17701,1,15,15,702
17702,1,15,15,702
17703,1,15,15,702
17704,1,15,15,702
17705,1,15,15,702
17706,1,15,15,702
17707,1,15,15,702
17708,1,15,15,702
17709,1,15,15,702
17710,1,15,15,702
17711,1,15,15,702
17712,1,15,15,702
17713,1,15,15,702
17714,1,15,15,702
17715,1,15,15,702
17716,1,15,15,702
17717,1,15,15,702
17718,2,15,15,702
17719,2,15,15,702
17720,2,15,15,702
17721,2,4,4,702
17722,2,15,15,702
17723,2,15,15,702
17724,2,15,15,702
17725,2,15,15,702
17726,2,15,15,702
17727,2,15,15,702
17728,2,41,41,702
17729,2,15,15,702
17730,2,15,15,702
17731,2,15,15,702
17732,2,15,15,702
17733,2,15,15,702
17734,2,3,3,702
17735,2,15,15,702
17736,2,4,4,702
17737,2,4,4,702
17738,2,41,15,702
17739,2,15,15,702
17740,2,15,15,702
17741,2,15,15,702
17742,2,15,15,702
17743,2,3,3,702
17744,2,15,15,702
17745,2,15,15,702
17746,2,15,15,702
17747,2,15,15,702
17748,2,15,15,702
17749,2,15,15,702
17750,2,15,15,702
17751,2,12,12,702
17752,2,15,15,702
17753,2,15,15,702
17754,2,4,4,702
17755,2,15,15,702
17756,2,15,15,702
17757,2,15,15,702
17758,2,15,15,702
17759,2,15,15,702
17760,2,15,15,702
17761,2,15,15,702
17762,2,15,15,702
17763,2,15,15,702
17764,2,15,15,702
17765,2,15,15,702
17766,2,15,15,702
17767,2,11,11,702
17768,2,15,15,702
17769,2,15,15,702
17770,2,15,15,702
17771,2,15,15,702
17772,2,15,15,702
17773,2,15,15,702
17774,2,3,3,702
17775,2,15,15,702
17776,2,15,15,702
17777,2,15,15,702
17778,2,15,15,702
17779,2,15,15,702
17780,2,15,15,702
17781,2,15,15,702
17782,2,15,15,702
17783,2,15,15,702
17784,2,15,15,702
17785,2,15,15,702
17786,2,15,15,702
17787,2,15,15,702
17788,2,15,15,702
17789,2,15,15,702
17790,2,41,41,702
17791,2,15,15,702
17792,2,15,15,702
17793,2,15,15,702
17794,2,4,4,702
17795,2,15,15,702
17796,2,15,15,702
17797,2,3,3,702
17798,2,15,15,702
17799,2,15,15,702
17800,2,15,15,702
17801,2,15,15,702
17802,2,15,15,702
17803,2,15,15,702
17804,2,15,15,702
17805,2,15,15,702
17806,2,15,15,702
17807,2,15,15,702
17808,2,15,15,702
17809,2,15,15,702
17810,2,15,15,702
17811,2,15,15,702
17812,2,15,15,702
17813,2,15,15,702
17814,2,15,15,702
17815,2,15,15,702
17816,2,15,15,702
17817,2,15,15,702
17818,2,15,15,702
17819,2,15,9,702
17820,2,15,15,702
17821,2,15,15,702
17822,2,15,15,702
17823,2,15,15,702
17824,2,15,15,702
17825,2,15,15,702
17826,2,15,3,702
17827,2,15,15,702
17828,2,15,15,702
17829,2,15,15,702
17830,2,15,3,702
17831,2,15,15,702
17832,2,15,15,702
17833,2,15,15,702
17834,2,15,15,702
17835,2,15,15,702
17836,2,15,15,702
17837,2,15,15,702
17838,2,15,15,702
17839,2,21,15,702
17840,2,15,15,702
17841,2,15,15,702
17842,2,15,15,702
17843,2,15,15,702
17844,2,15,15,702
17845,2,15,15,702
17846,2,12,12,702
17847,2,4,4,702
17848,2,15,15,702
17849,2,15,15,702
17850,2,15,15,702
17851,2,15,15,702
17852,2,15,15,702
17853,2,15,15,702
17854,2,15,15,702
17855,2,15,15,702
17856,2,15,15,702
17857,2,15,15,702
17858,2,15,15,702
17859,2,15,15,702
17860,2,4,4,702
17861,2,15,15,702
17862,2,4,4,702
17863,2,15,15,702
17864,2,15,15,702
17865,2,15,15,702
17866,2,15,15,702
17867,2,15,4,702
17868,2,15,15,702
17869,2,15,15,702
17870,2,15,15,702
17871,2,15,15,702
17872,2,15,15,702
17873,2,41,41,702
17874,2,15,15,702
17875,2,15,15,702
17876,2,15,15,702
17877,2,4,4,702
17878,2,15,15,702
17879,2,15,15,702
17880,2,15,15,702
17881,2,15,15,702
17882,2,15,15,702
17883,2,15,15,702
17884,2,15,15,702
17885,2,15,15,702
17886,2,15,15,702
17887,2,15,15,702
17888,2,15,15,702
17889,2,15,15,702
17890,2,15,15,702
17891,2,15,15,702
17892,2,15,15,702
17893,2,15,15,702
17894,2,15,15,702
17895,2,15,15,702
17896,2,15,15,702
17897,2,15,15,702
17898,2,15,15,702
17899,2,15,15,702
17900,2,15,15,702
17901,2,15,15,702
17902,2,15,15,702
17903,2,15,15,702
17904,2,15,15,702
17905,2,15,15,702
17906,2,15,15,702
17907,2,15,15,702
17908,2,15,15,702
17909,2,15,15,702
17910,2,15,15,702
17911,2,15,15,702
17912,2,15,15,702
17913,2,15,15,702
17914,2,15,15,702
17915,2,15,15,702
17916,2,15,15,702
17917,2,15,15,702
17918,2,15,15,702
17919,2,15,15,702
17920,2,15,15,702
17921,2,15,15,702
17922,2,15,15,702
17923,2,15,15,702
17924,2,15,15,702
17925,2,21,4,702
17926,2,15,15,702
17927,2,15,15,702
17928,2,15,15,702
17929,2,15,15,702
17930,2,15,15,702
17931,2,15,15,702
17932,2,15,15,702
17933,2,15,15,702
17934,2,15,15,702
17935,2,15,15,702
17936,2,15,15,702
17937,2,15,15,702
17938,2,15,15,702
17939,2,15,15,702
17940,2,15,15,702
17941,2,15,15,702
17942,2,15,15,702
17943,2,15,15,702
17944,2,15,15,702
17945,2,15,15,702
17946,2,4,4,702
17947,2,15,15,702
17948,2,15,15,702
17949,2,15,15,702
17950,2,15,15,702
17951,2,15,15,702
17952,2,15,15,702
17953,2,15,15,702
17954,2,15,15,702
17955,2,3,3,702
17956,2,15,15,702
17957,2,15,15,702
17958,2,15,15,702
17959,2,3,3,702
17960,2,15,15,702
17961,2,41,41,702
17962,2,21,21,702
17963,2,15,15,702
17964,2,3,3,702
17965,2,15,15,702
17966,2,21,21,702
17967,2,15,15,702
17968,2,15,15,702
17969,2,15,15,702
17970,2,4,4,702
17971,2,15,15,702
17972,2,15,15,702
17973,2,15,15,702
17974,2,15,15,702
17975,2,15,15,702
17976,2,41,41,702
17977,2,15,15,702
17978,2,15,15,702
17979,2,15,15,702
17980,2,15,15,702
17981,2,15,15,702
17982,2,3,3,702
17983,2,15,15,702
17984,2,39,39,702
17985,2,15,15,702
17986,2,15,15,702
17987,2,15,15,702
17988,2,15,15,702
17989,2,15,15,702
17990,2,15,15,702
17991,2,15,15,702
17992,2,15,15,702
17993,2,15,15,702
17994,2,15,15,702
17995,2,15,15,702
17996,2,15,15,702
17997,2,15,15,702
17998,2,15,15,702
17999,2,15,15,702
18000,2,15,15,702
18001,2,15,15,702
18002,2,15,15,702
18003,2,15,15,702
18004,2,15,15,702
18005,2,15,15,702
18006,2,4,4,702
18007,2,15,15,702
18008,2,15,15,702
18009,2,15,15,702
18010,2,15,15,702
18011,2,15,15,702
18012,2,15,15,702
18013,2,15,15,702
18014,2,15,15,702
18015,2,15,15,702
18016,2,15,15,702
18017,2,15,15,702
18018,2,15,15,702
18019,2,15,15,702
18020,2,15,15,702
18021,2,15,15,702
18022,2,15,15,702
18023,2,15,15,702
18024,2,15,15,702
18025,2,15,15,702
18026,2,15,15,702
18027,2,15,15,702
18028,2,15,15,702
18029,2,15,15,702
18030,2,15,15,702
18031,2,15,15,702
18032,2,15,15,702
18033,2,15,15,702
18034,2,15,15,702
18035,2,15,15,702
18036,2,15,15,702
18037,2,15,15,702
18038,2,15,15,702
18039,2,15,15,702
18040,2,15,15,702
18041,2,15,15,702
18042,2,15,15,702
18043,2,15,15,702
18044,2,15,15,702
18045,2,15,15,702
18046,2,15,15,702
18047,2,15,15,702
18048,2,15,15,702
18049,2,15,15,702
18050,2,15,15,702
18051,2,9,9,702
18052,2,15,15,702
18053,2,15,15,702
18054,2,15,15,702
18055,2,15,15,702
18056,2,4,4,702
18057,2,15,15,702
18058,2,15,15,702
18059,2,15,15,702
18060,2,15,15,702
18061,2,21,15,702
18062,2,15,15,702
18063,2,15,15,702
18064,2,15,15,702
18065,2,15,15,702
18066,2,15,15,702
18067,2,15,15,702
18068,2,15,15,702
18069,2,15,15,702
18070,2,15,15,702
18071,2,15,15,702
18072,2,15,15,702
18073,2,15,15,702
18074,2,15,15,702
18075,2,15,15,702
18076,2,15,15,702
18077,2,15,15,702
18078,2,15,15,702
18079,2,15,15,702
18080,2,15,15,702
18081,2,15,15,702
18082,2,15,15,702
18083,2,4,15,702
18084,2,15,15,702
18085,2,15,15,702
18086,2,15,15,702
18087,2,39,41,702
18088,2,15,15,702
18089,2,15,15,702
18090,2,15,15,702
18091,2,15,15,702
18092,2,15,15,702
18093,2,21,15,702
18094,2,21,15,702
18095,2,15,15,702
18096,2,15,15,702
18097,2,15,15,702
18098,2,15,15,702
18099,2,15,15,702
18100,2,15,15,702
18101,2,15,15,702
18102,2,4,4,702
18103,2,15,15,702
18104,2,15,15,702
18105,2,15,15,702
18106,2,15,15,702
18107,2,15,15,702
18108,2,15,15,702
18109,2,15,15,702
18110,2,15,15,702
18111,2,15,15,702
18112,2,15,15,702
18113,2,15,15,702
18114,2,15,15,702
18115,2,15,15,702
18116,2,15,15,702
18117,2,15,15,702
18118,2,15,15,702
18119,2,15,15,702
18120,2,15,15,702
18121,2,15,15,702
18122,2,15,15,702
18123,2,15,15,702
18124,2,15,15,702
18125,2,15,15,702
18126,2,15,15,702
18127,2,15,15,702
18128,2,15,15,702
18129,2,15,15,702
18130,2,15,15,702
18131,2,15,15,702
18132,2,15,15,702
18133,2,15,15,702
18134,2,39,39,702
18135,2,9,9,702
18136,2,15,15,702
18137,2,15,15,702
18138,2,41,41,702
18139,2,15,15,702
18140,2,15,15,702
18141,2,15,15,702
18142,2,15,15,702
18143,2,15,15,702
18144,2,15,15,702
18145,2,15,15,702
18146,2,15,15,702
18147,2,15,15,702
18148,2,15,15,702
18149,2,15,15,702
18150,2,15,15,702
18151,2,15,15,702
18152,2,15,15,702
18153,2,15,15,702
18154,2,15,15,702
18155,2,15,15,702
18156,2,15,15,702
18157,2,4,4,702
18158,2,15,15,702
18159,2,15,15,702
18160,2,15,15,702
18161,2,3,3,702
18162,2,15,15,702
18163,2,15,15,702
18164,2,15,15,702
18165,2,15,15,702
18166,2,15,15,702
18167,2,15,15,702
18168,2,15,15,702
18169,2,15,15,702
18170,2,15,15,702
18171,2,15,15,702
18172,2,15,15,702
18173,2,15,15,702
18174,2,15,15,702
18175,2,15,15,702
18176,2,15,15,702
18177,2,15,15,702
18178,2,15,15,702
18179,2,15,15,702
18180,2,15,15,702
18181,2,15,15,702
18182,2,15,15,702
18183,2,15,15,702
18184,2,15,15,702
18185,2,15,15,702
18186,2,15,15,702
18187,2,15,15,702
18188,2,15,4,702
18189,2,15,15,702
18190,2,15,15,702
18191,2,15,15,702
18192,2,41,41,702
18193,2,15,15,702
18194,2,15,15,702
18195,2,15,15,702
18196,2,15,15,702
18197,2,15,15,702
18198,2,15,15,702
18199,2,15,15,702
18200,2,15,15,702
18201,2,15,15,702
18202,2,15,15,702
18203,2,15,15,702
18204,2,15,15,702
18205,2,15,3,702
18206,2,15,15,702
18207,2,15,15,702
18208,2,15,15,702
18209,2,15,15,702
18210,2,15,15,702
18211,2,15,15,702
18212,2,15,15,702
18213,2,15,15,702
18214,2,15,4,702
18215,2,15,15,702
18216,2,15,15,702
18217,2,15,15,702
18218,2,15,15,702
18219,2,15,15,702
18220,2,15,15,702
18221,2,15,15,702
18222,2,15,15,702
18223,2,15,15,702
18224,2,15,15,702
18225,2,15,15,702
18226,2,15,15,702
18227,2,15,15,702
18228,2,15,15,702
18229,2,15,15,702
18230,2,15,15,702
18231,2,15,15,702
18232,2,15,15,702
18233,2,4,4,702
18234,2,15,15,702
18235,2,15,15,702
18236,2,15,15,702
18237,2,15,15,702
18238,2,15,15,702
18239,2,15,15,702
18240,2,15,15,702
18241,2,15,15,702
18242,2,15,15,702
18243,2,15,15,702
18244,2,15,15,702
18245,2,15,15,702
18246,2,15,15,702
18247,2,15,15,702
18248,2,4,4,702
18249,2,15,15,702
18250,2,15,15,702
18251,2,15,15,702
18252,2,15,15,702
18253,2,15,15,702
18254,2,15,15,702
18255,2,3,3,702
18256,2,15,15,702
18257,2,15,15,702
18258,2,15,15,702
18259,2,15,15,702
18260,2,4,4,702
18261,2,15,15,702
18262,2,15,15,702
18263,2,15,15,702
18264,2,15,15,702
18265,2,15,15,702
18266,2,15,15,702
18267,2,15,15,702
18268,2,15,15,702
18269,2,15,15,702
18270,2,15,4,702
18271,2,15,15,702
18272,2,15,15,702
18273,2,15,15,702
18274,2,15,15,702
18275,2,15,15,702
18276,2,15,15,702
18277,2,12,12,702
18278,2,15,15,702
18279,2,3,3,702
18280,2,15,15,702
18281,2,15,15,702
18282,2,15,15,702
18283,2,15,15,702
18284,2,15,15,702
18285,2,15,15,702
18286,2,4,4,702
18287,2,15,15,702
18288,2,15,15,702
18289,2,4,4,702
18290,2,15,15,702
18291,2,15,15,702
18292,2,15,15,702
18293,2,4,4,702
18294,2,15,15,702
18295,2,15,15,702
18296,2,15,15,702
18297,2,15,15,702
18298,2,15,15,702
18299,2,15,15,702
18300,2,15,15,702
18301,2,4,4,702
18302,2,15,15,702
18303,2,15,15,702
18304,2,15,15,702
18305,2,15,15,702
18306,2,15,15,702
18307,2,15,15,702
18308,2,4,4,702
18309,2,15,15,702
18310,2,15,15,702
18311,2,15,15,702
18312,2,15,15,702
18313,2,12,12,702
18314,2,15,15,702
18315,2,15,15,702
18316,2,15,15,702
18317,2,15,15,702
18318,2,15,15,702
18319,2,15,15,702
18320,2,15,15,702
18321,2,15,15,702
18322,2,15,15,702
18323,2,3,3,702
18324,2,15,15,702
18325,2,15,15,702
18326,2,21,21,702
18327,2,15,15,702
18328,2,15,15,702
18329,2,15,15,702
18330,2,15,15,702
18331,2,15,15,702
18332,2,15,15,702
18333,2,15,15,702
18334,2,41,41,702
18335,2,15,15,702
18336,2,15,15,702
18337,2,15,15,702
18338,2,15,15,702
18339,2,3,3,702
18340,2,15,15,702
18341,2,21,15,702
18342,2,15,15,702
18343,2,15,15,702
18344,2,15,15,702
18345,2,15,15,702
18346,2,15,15,702
18347,2,15,15,702
18348,2,15,15,702
18349,2,15,15,702
18350,2,15,15,702
18351,2,15,15,702
18352,2,15,15,702
18353,2,15,15,702
18354,2,15,15,702
18355,2,15,15,702
18356,2,15,15,702
18357,2,15,15,702
18358,2,15,15,702
18359,2,39,39,702
18360,2,15,15,702
18361,2,15,4,702
18362,2,15,15,702
18363,2,15,15,702
18364,2,4,15,702
18365,2,15,15,702
18366,2,15,15,702
18367,2,15,15,702
18368,2,15,15,702
18369,2,4,4,702
18370,2,15,15,702
18371,2,15,15,702
18372,2,15,15,702
18373,2,15,15,702
18374,2,15,15,702
18375,2,15,15,702
18376,2,4,4,702
18377,2,15,15,702
18378,2,15,15,702
18379,2,15,15,702
18380,2,15,15,702
18381,2,15,15,702
18382,2,15,15,702
18383,2,15,15,702
18384,2,15,15,702
18385,2,15,15,702
18386,2,15,15,702
18387,2,15,15,702
18388,2,15,15,702
18389,2,15,15,702
18390,2,21,4,702
18391,2,15,15,702
18392,2,15,15,702
18393,2,15,15,702
18394,2,15,15,702
18395,2,15,15,702
18396,2,15,15,702
18397,2,4,4,702
18398,2,15,15,702
18399,2,15,15,702
18400,2,15,15,702
18401,2,15,15,702
18402,2,15,15,702
18403,2,15,15,702
18404,2,15,15,702
18405,2,15,15,702
18406,2,15,15,702
18407,2,15,15,702
18408,2,15,15,702
18409,2,4,4,702
18410,2,15,12,702
18411,2,15,15,702
18412,2,15,15,702
18413,2,15,15,702
18414,2,15,15,702
18415,2,15,15,702
18416,2,15,15,702
18417,2,15,15,702
18418,2,15,15,702
18419,2,15,15,702
18420,2,15,15,702
18421,2,15,15,702
18422,2,15,15,702
18423,2,15,15,702
18424,2,15,15,702
18425,2,15,15,702
18426,2,15,15,702
18427,2,15,15,702
18428,2,15,15,702
18429,2,15,15,702
18430,2,15,15,702
18431,2,15,15,702
18432,2,4,4,702
18433,2,15,15,702
18434,2,15,15,702
18435,2,15,15,702
18436,2,15,15,702
18437,2,15,3,702
18438,2,15,15,702
18439,2,15,15,702
18440,2,15,15,702
18441,2,21,4,702
18442,2,15,15,702
18443,2,15,15,702
18444,2,15,15,702
18445,2,15,15,702
18446,2,15,15,702
18447,2,15,15,702
18448,2,15,15,702
18449,2,15,15,702
18450,2,15,15,702
18451,2,15,15,702
18452,2,15,15,702
18453,2,15,15,702
18454,2,15,15,702
18455,2,15,15,702
18456,2,15,15,702
18457,2,15,15,702
18458,2,15,15,702
18459,2,15,15,702
18460,2,15,15,702
18461,2,15,15,702
18462,2,15,4,702
18463,2,15,15,702
18464,2,15,15,702
18465,2,15,15,702
18466,2,15,15,702
18467,2,3,3,702
18468,2,15,15,702
18469,2,4,4,702
18470,2,15,15,702
18471,2,15,15,702
18472,2,15,15,702
18473,2,15,15,702
18474,2,15,15,702
18475,2,15,15,702
18476,2,41,41,702
18477,2,15,15,702
18478,2,15,15,702
18479,2,15,15,702
18480,2,4,15,702
18481,2,15,15,702
18482,2,15,15,702
18483,2,15,15,702
18484,2,15,15,702
18485,2,15,15,702
18486,2,15,15,702
18487,2,15,15,702
18488,2,15,15,702
18489,2,15,15,702
18490,2,15,15,702
18491,2,15,15,702
18492,2,15,15,702
18493,2,15,15,702
18494,2,15,15,702
18495,2,15,15,702
18496,2,15,15,702
18497,2,15,15,702
18498,2,15,15,702
18499,2,15,15,702
18500,2,15,15,702
18501,2,15,15,702
18502,2,15,15,702
18503,2,15,15,702
18504,2,15,15,702
18505,2,15,15,702
18506,2,15,15,702
18507,2,15,15,702
18508,2,15,15,702
18509,2,15,15,702
18510,2,15,15,702
18511,2,39,39,702
18512,2,15,15,702
18513,2,15,15,702
18514,2,15,15,702
18515,2,15,15,702
18516,2,21,15,702
18517,2,15,15,702
18518,2,15,15,702
18519,2,39,15,702
18520,2,15,15,702
18521,2,15,15,702
18522,2,15,15,702
18523,2,15,15,702
18524,2,15,15,702
18525,2,15,15,702
18526,2,15,15,702
18527,2,15,15,702
18528,2,15,15,702
18529,2,15,15,702
18530,2,15,15,702
18531,2,15,15,702
18532,2,15,15,702
18533,2,15,15,702
18534,2,15,15,702
18535,2,15,15,702
18536,2,15,15,702
18537,2,39,39,702
18538,2,15,15,702
18539,2,15,15,702
18540,2,15,15,702
18541,2,15,15,702
18542,2,3,3,702
18543,2,15,15,702
18544,2,21,21,702
18545,2,15,15,702
18546,2,15,15,702
18547,2,15,15,702
18548,2,15,15,702
18549,2,15,15,702
18550,2,15,15,702
18551,2,15,15,702
18552,2,15,21,702
18553,2,15,15,702
18554,2,15,15,702
18555,2,4,4,702
18556,2,15,15,702
18557,2,15,15,702
18558,2,15,15,702
18559,2,15,4,702
18560,2,4,4,702
18561,2,15,15,702
18562,2,15,15,702
18563,2,15,15,702
18564,2,4,4,702
18565,2,21,4,702
18566,2,15,15,702
18567,2,15,15,702
18568,2,15,4,702
18569,2,15,15,702
18570,2,15,15,702
18571,2,15,4,702
18572,2,15,15,702
18573,2,15,15,702
18574,2,15,15,702
18575,2,15,15,702
18576,2,15,15,702
18577,2,15,15,702
18578,2,15,15,702
18579,2,15,15,702
18580,2,15,15,702
18581,2,15,15,702
18582,2,39,39,702
18583,2,15,15,702
18584,2,15,15,702
18585,2,15,15,702
18586,2,41,41,702
18587,2,15,15,702
18588,2,15,15,702
18589,2,15,15,702
18590,2,41,41,702
18591,2,15,15,702
18592,2,15,15,702
18593,2,15,15,702
18594,2,15,15,702
18595,2,21,15,702
18596,2,15,15,702
18597,2,4,4,702
18598,2,15,15,702
18599,2,15,15,702
18600,2,15,15,702
18601,2,4,4,702
18602,2,15,15,702
18603,2,15,15,702
18604,2,15,15,702
18605,2,15,15,702
18606,2,15,15,702
18607,2,15,15,702
18608,2,15,15,702
18609,2,15,15,702
18610,2,15,15,702
18611,2,15,15,702
18612,2,15,15,702
18613,2,15,15,702
18614,2,15,15,702
18615,2,15,15,702
18616,2,15,15,702
18617,2,15,15,702
18618,2,15,15,702
18619,2,4,4,702
18620,2,15,15,702
18621,2,21,15,702
18622,2,15,15,702
18623,2,15,15,702
18624,2,15,15,702
18625,2,15,15,702
18626,2,15,15,702
18627,2,15,15,702
18628,2,15,15,702
18629,2,15,15,702
18630,2,39,41,702
18631,2,15,15,702
18632,2,15,15,702
18633,2,15,15,702
18634,2,15,15,702
18635,2,4,4,702
18636,2,15,15,702
18637,2,15,15,702
18638,2,15,15,702
18639,2,15,15,702
18640,2,15,15,702
18641,2,15,15,702
18642,2,15,15,702
18643,2,15,15,702
18644,2,15,15,702
18645,2,15,15,702
18646,2,15,15,702
18647,2,15,15,702
18648,2,15,15,702
18649,2,15,15,702
18650,2,15,15,702
18651,2,15,15,702
18652,2,15,15,702
18653,2,15,15,702
18654,2,15,15,702
18655,2,15,15,702
18656,2,15,15,702
18657,2,15,15,702
18658,2,15,15,702
18659,2,15,15,702
18660,2,15,15,702
18661,2,15,15,702
18662,2,4,15,702
18663,2,15,15,702
18664,2,4,4,702
18665,2,15,15,702
18666,2,15,15,702
18667,2,15,15,702
18668,2,15,15,702
18669,2,21,21,702
18670,2,15,15,702
18671,2,15,15,702
18672,2,15,15,702
18673,2,33,33,702
18674,2,15,15,702
18675,2,15,4,702
18676,2,4,4,702
18677,2,15,15,702
18678,2,15,3,702
18679,2,15,15,702
18680,2,15,15,702
18681,2,15,15,702
18682,2,15,15,702
18683,2,15,15,702
18684,2,15,15,702
18685,2,15,15,702
18686,2,15,15,702
18687,2,15,15,702
18688,2,15,15,702
18689,2,15,15,702
18690,2,15,15,702
18691,2,15,15,702
18692,2,15,15,702
18693,2,4,4,702
18694,2,15,15,702
18695,2,39,41,702
18696,2,15,15,702
18697,2,15,15,702
18698,2,4,4,702
18699,2,15,15,702
18700,2,15,15,702
18701,2,15,15,702
18702,2,15,15,702
18703,2,15,15,702
18704,2,15,15,702
18705,2,15,15,702
18706,2,15,4,702
18707,2,15,15,702
18708,2,4,4,702
18709,2,4,4,702
18710,2,15,15,702
18711,2,39,41,702
18712,2,15,15,702
18713,2,15,15,702
18714,2,15,15,702
18715,2,39,39,702
18716,2,15,15,702
18717,2,15,15,702
18718,2,15,15,702
18719,2,15,15,702
18720,2,15,15,702
18721,2,15,15,702
18722,2,15,15,702
18723,2,21,15,702
18724,2,15,15,702
18725,2,15,15,702
18726,2,15,15,702
18727,2,15,15,702
18728,2,15,15,702
18729,2,15,15,702
18730,2,15,15,702
18731,2,15,15,702
18732,2,15,15,702
18733,2,15,15,702
18734,2,15,15,702
18735,2,15,15,702
18736,2,15,15,702
18737,2,15,15,702
18738,2,15,15,702
18739,2,3,3,702
18740,2,15,15,702
18741,2,15,15,702
18742,2,15,15,702
18743,2,15,15,702
18744,2,15,15,702
18745,2,15,15,702
18746,2,15,15,702
18747,2,4,4,702
18748,2,15,15,702
18749,2,15,15,702
18750,2,15,15,702
18751,2,15,15,702
18752,2,15,15,702
18753,2,15,15,702
18754,2,15,15,702
18755,2,15,15,702
18756,2,15,15,702
18757,2,15,15,702
18758,2,15,15,702
18759,2,15,15,702
18760,2,15,15,702
18761,2,15,15,702
18762,2,15,15,702
18763,2,15,15,702
18764,2,15,15,702
18765,2,15,15,702
18766,2,15,15,702
18767,2,15,15,702
18768,2,15,15,702
18769,2,15,15,702
18770,2,15,15,702
18771,2,15,15,702
18772,2,15,15,702
18773,2,15,15,702
18774,2,15,15,702
18775,2,15,15,702
18776,2,15,15,702
18777,2,15,15,702
18778,2,21,4,702
18779,2,15,15,702
18780,2,15,15,702
18781,2,15,15,702
18782,2,15,15,702
18783,2,15,15,702
18784,2,21,21,702
18785,2,15,15,702
18786,2,15,15,702
18787,2,15,15,702
18788,2,15,15,702
18789,2,15,15,702
18790,2,15,15,702
18791,2,15,15,702
18792,2,15,15,702
18793,2,15,15,702
18794,2,15,15,702
18795,2,15,15,702
18796,2,15,15,702
18797,2,15,15,702
18798,2,15,15,702
18799,2,15,15,702
18800,2,15,15,702
18801,2,15,15,702
18802,2,15,15,702
18803,2,15,15,702
18804,2,15,15,702
18805,2,15,15,702
18806,2,15,15,702
18807,2,15,15,702
18808,2,15,15,702
18809,2,15,15,702
18810,2,15,15,702
18811,2,4,4,702
18812,2,15,15,702
18813,2,15,15,702
18814,2,15,15,702
18815,2,15,15,702
18816,2,15,15,702
18817,2,15,4,702
18818,2,15,15,702
18819,2,15,15,702
18820,2,15,15,702
18821,2,15,15,702
18822,2,15,15,702
18823,2,15,15,702
18824,2,4,4,702
18825,2,33,33,702
18826,2,15,15,702
18827,2,15,15,702
18828,2,15,15,702
18829,2,15,15,702
18830,2,15,15,702
18831,2,15,15,702
18832,2,15,15,702
18833,2,15,15,702
18834,2,15,15,702
18835,2,15,15,702
18836,2,15,15,702
18837,2,15,15,702
18838,2,4,4,702
18839,2,15,15,702
18840,2,15,15,702
18841,2,15,15,702
18842,2,41,41,702
18843,2,15,15,702
18844,2,15,15,702
18845,2,15,15,702
18846,2,15,15,702
18847,2,15,15,702
18848,2,15,15,702
18849,2,15,15,702
18850,2,15,15,702
18851,2,15,15,702
18852,2,15,15,702
18853,2,21,21,702
18854,2,15,15,702
18855,2,15,15,702
18856,2,15,15,702
18857,2,15,15,702
18858,2,15,15,702
18859,2,15,15,702
18860,2,15,15,702
18861,2,15,15,702
18862,2,15,15,702
18863,2,15,15,702
18864,2,15,15,702
18865,2,41,41,702
18866,2,15,15,702
18867,2,15,15,702
18868,2,15,15,702
18869,2,15,15,702
18870,2,15,15,702
18871,2,15,15,702
18872,2,15,15,702
18873,2,15,4,702
18874,2,15,15,702
18875,2,15,15,702
18876,2,15,15,702
18877,2,15,15,702
18878,2,15,15,702
18879,2,15,15,702
18880,2,15,15,702
18881,2,15,15,702
18882,2,15,15,702
18883,2,15,15,702
18884,2,15,15,702
18885,2,15,15,702
18886,2,15,15,702
18887,2,15,15,702
18888,2,15,15,702
18889,2,15,15,702
18890,2,15,15,702
18891,2,15,15,702
18892,2,15,15,702
18893,2,15,15,702
18894,2,15,15,702
18895,2,4,4,702
18896,2,15,15,702
18897,2,15,15,702
18898,2,15,15,702
18899,2,15,15,702
18900,2,15,15,702
18901,2,15,15,702
18902,2,15,15,702
18903,2,15,15,702
18904,2,15,15,702
18905,2,15,15,702
18906,2,15,15,702
18907,2,15,15,702
18908,2,15,15,702
18909,2,4,4,702
18910,2,15,15,702
18911,2,15,15,702
18912,2,15,15,702
18913,2,15,15,702
18914,2,15,15,702
18915,2,15,15,702
18916,2,15,15,702
18917,2,15,15,702
18918,2,15,15,702
18919,2,15,15,702
18920,2,15,15,702
18921,2,21,21,702
18922,2,15,15,702
18923,2,15,15,702
18924,2,15,15,702
18925,2,15,3,702
18926,2,15,15,702
18927,2,15,15,702
18928,2,15,15,702
18929,2,15,15,702
18930,2,12,12,702
18931,2,15,15,702
18932,2,15,15,702
18933,2,15,15,702
18934,2,15,15,702
18935,2,15,15,702
18936,2,15,15,702
18937,2,15,15,702
18938,2,15,15,702
18939,2,15,15,702
18940,2,15,15,702
18941,2,4,4,702
18942,2,15,15,702
18943,2,15,15,702
18944,2,4,4,702
18945,2,15,15,702
18946,2,15,15,702
18947,2,15,15,702
18948,2,15,15,702
18949,2,15,15,702
18950,2,15,15,702
18951,2,12,12,702
18952,2,15,15,702
18953,2,15,15,702
18954,2,15,15,702
18955,2,15,15,702
18956,2,15,15,702
18957,2,15,15,702
18958,2,15,15,702
18959,2,15,15,702
18960,2,15,15,702
18961,2,21,15,702
18962,2,4,4,702
18963,2,15,15,702
18964,2,15,15,702
18965,2,15,15,702
18966,2,15,15,702
18967,2,15,15,702
18968,2,15,15,702
18969,2,15,15,702
18970,2,15,15,702
18971,2,15,15,702
18972,2,21,21,702
18973,2,15,15,702
18974,2,15,15,702
18975,2,15,15,702
18976,2,15,15,702
18977,2,15,15,702
18978,2,15,15,702
18979,2,15,15,702
18980,2,15,15,702
18981,2,15,15,702
18982,2,15,15,702
18983,2,15,15,702
18984,2,15,15,702
18985,2,15,15,702
18986,2,15,15,702
18987,2,15,15,702
18988,2,15,15,702
18989,2,15,15,702
18990,2,15,15,702
18991,2,15,15,702
18992,2,15,15,702
18993,2,15,15,702
18994,2,15,15,702
18995,2,15,15,702
18996,2,3,4,702
18997,2,15,15,702
18998,2,15,15,702
18999,2,15,15,702
19000,2,15,15,702
19001,2,15,15,702
19002,2,15,15,702
19003,2,15,15,702
19004,2,15,15,702
19005,2,15,15,702
19006,2,15,15,702
19007,2,15,15,702
19008,2,15,15,702
19009,2,15,15,702
19010,2,15,15,702
19011,2,15,15,702
19012,2,15,15,702
19013,2,15,15,702
19014,2,15,15,702
19015,2,15,15,702
19016,2,12,12,702
19017,2,15,15,702
19018,2,15,15,702
19019,2,15,15,702
19020,2,15,15,702
19021,2,15,15,702
19022,2,15,15,702
19023,2,15,15,702
19024,2,15,15,702
19025,2,15,15,702
19026,2,15,15,702
19027,2,15,15,702
19028,2,15,15,702
19029,2,15,15,702
19030,2,15,4,702
19031,2,15,15,702
19032,2,15,15,702
19033,2,15,15,702
19034,2,15,15,702
19035,2,15,15,702
19036,2,15,15,702
19037,2,15,15,702
19038,2,15,15,702
19039,2,15,15,702
19040,2,4,4,702
19041,2,15,15,702
19042,2,15,15,702
19043,2,15,15,702
19044,2,15,15,702
19045,2,15,15,702
19046,2,3,3,702
19047,2,15,15,702
19048,2,15,15,702
19049,2,41,41,702
19050,2,15,15,702
19051,2,21,4,702
19052,2,15,15,702
19053,2,15,15,702
19054,2,15,15,702
19055,2,15,15,702
19056,2,15,15,702
19057,2,15,15,702
19058,2,15,15,702
19059,2,15,15,702
19060,2,21,15,702
19061,2,15,15,702
19062,2,15,15,702
19063,2,15,15,702
19064,2,15,15,702
19065,2,15,15,702
19066,2,15,15,702
19067,2,15,15,702
19068,2,15,15,702
19069,2,15,15,702
19070,2,15,15,702
19071,2,24,24,702
19072,2,15,15,702
19073,2,15,15,702
19074,2,15,4,702
19075,2,15,15,702
19076,2,15,15,702
19077,2,15,15,702
19078,2,15,15,702
19079,2,15,15,702
19080,2,4,15,702
19081,2,15,15,702
19082,2,15,15,702
19083,2,15,15,702
19084,2,11,11,702
19085,2,11,11,702
19086,2,15,15,702
19087,2,15,15,702
19088,2,15,15,702
19089,2,15,15,702
19090,2,15,15,702
19091,2,15,15,702
19092,2,15,15,702
19093,2,15,15,702
19094,2,15,15,702
19095,2,15,15,702
19096,2,15,15,702
19097,2,15,15,702
19098,2,15,15,702
19099,2,15,15,702
19100,2,15,15,702
19101,2,15,15,702
19102,2,15,15,702
19103,2,15,15,702
19104,2,15,15,702
19105,2,15,15,702
19106,2,15,15,702
19107,2,15,15,702
19108,2,15,15,702
19109,2,15,15,702
19110,2,15,15,702
19111,2,15,15,702
19112,2,15,15,702
19113,2,15,15,702
19114,2,15,15,702
19115,2,15,15,702
19116,2,15,15,702
19117,2,15,15,702
19118,2,15,15,702
19119,2,15,15,702
19120,2,41,3,702
19121,2,4,4,702
19122,2,15,15,702
19123,2,15,15,702
19124,2,15,15,702
19125,2,4,4,702
19126,2,15,15,702
19127,2,15,15,702
19128,2,15,15,702
19129,2,15,15,702
19130,2,15,15,702
19131,2,15,15,702
19132,2,15,15,702
19133,2,15,15,702
19134,2,15,15,702
19135,2,15,15,702
19136,2,15,15,702
19137,2,15,15,702
19138,2,15,15,702
19139,2,15,15,702
19140,2,15,15,702
19141,2,15,15,702
19142,2,15,15,702
19143,2,15,15,702
19144,2,15,15,702
19145,2,15,15,702
19146,2,15,15,702
19147,2,15,15,702
19148,2,15,15,702
19149,2,39,15,702
19150,2,15,15,702
19151,2,15,15,702
19152,2,15,15,702
19153,2,15,15,702
19154,2,15,15,702
19155,2,15,15,702
19156,2,15,15,702
19157,2,15,15,702
19158,2,15,15,702
19159,2,15,15,702
19160,2,15,15,702
19161,2,15,15,702
19162,2,15,15,702
19163,2,15,15,702
19164,2,4,4,702
19165,2,15,15,702
19166,2,15,15,702
19167,2,15,15,702
19168,2,15,15,702
19169,2,15,15,702
19170,2,15,15,702
19171,2,15,15,702
19172,2,15,15,702
19173,2,15,15,702
19174,2,15,15,702
19175,2,15,15,702
19176,2,15,15,702
19177,2,15,15,702
19178,2,15,15,702
19179,2,15,15,702
19180,2,15,15,702
19181,2,15,15,702
19182,2,15,15,702
19183,2,15,15,702
19184,2,15,15,702
19185,2,15,15,702
19186,2,15,15,702
19187,2,15,15,702
19188,2,15,15,702
19189,2,15,15,702
19190,2,15,15,702
19191,2,15,15,702
19192,2,15,15,702
19193,2,15,15,702
19194,2,15,15,702
19195,2,15,15,702
19196,2,15,15,702
19197,2,15,15,702
19198,2,3,3,702
19199,2,15,15,702
19200,2,15,15,702
19201,2,15,15,702
19202,2,15,15,702
19203,2,15,15,702
19204,2,15,15,702
19205,2,15,15,702
19206,2,15,15,702
19207,2,4,15,702
19208,2,15,15,702
19209,2,15,15,702
19210,2,15,15,702
19211,2,15,15,702
19212,2,15,15,702
19213,2,15,15,702
19214,2,15,15,702
19215,2,3,3,702
19216,2,15,15,702
19217,2,15,15,702
19218,2,15,15,702
19219,2,15,15,702
19220,2,15,15,702
19221,2,21,15,702
19222,2,15,15,702
19223,2,15,15,702
19224,2,15,15,702
19225,2,15,15,702
19226,2,15,15,702
19227,2,15,15,702
19228,2,15,15,702
19229,2,15,15,702
19230,2,15,15,702
19231,2,15,15,702
19232,2,15,15,702
19233,2,15,15,702
19234,2,15,15,702
19235,2,15,15,702
19236,2,15,15,702
19237,2,15,15,702
19238,2,15,15,702
19239,2,15,15,702
19240,2,41,41,702
19241,2,15,15,702
19242,2,15,15,702
19243,2,4,15,702
19244,2,15,4,702
19245,2,15,15,702
19246,2,15,15,702
19247,2,15,15,702
19248,2,15,15,702
19249,2,15,15,702
19250,2,15,15,702
19251,2,15,15,702
19252,2,15,15,702
19253,2,15,15,702
19254,2,4,4,702
19255,2,15,15,702
19256,2,15,15,702
19257,2,15,15,702
19258,2,15,15,702
19259,2,15,15,702
19260,2,15,15,702
19261,2,15,15,702
19262,2,15,15,702
19263,2,15,15,702
19264,2,15,15,702
19265,2,21,15,702
19266,2,15,15,702
19267,2,15,15,702
19268,2,15,15,702
19269,2,15,15,702
19270,2,15,15,702
19271,2,15,15,702
19272,2,15,15,702
19273,2,15,15,702
19274,2,15,15,702
19275,2,41,41,702
19276,2,15,15,702
19277,2,15,15,702
19278,2,15,15,702
19279,2,15,15,702
19280,2,15,15,702
19281,2,15,15,702
19282,2,15,15,702
19283,2,15,15,702
19284,2,15,15,702
19285,2,15,15,702
19286,2,15,15,702
19287,2,15,15,702
19288,2,15,15,702
19289,2,15,15,702
19290,2,15,15,702
19291,2,15,15,702
19292,2,4,15,702
19293,2,15,15,702
19294,2,15,15,702
19295,2,15,15,702
19296,2,21,15,702
19297,2,15,15,702
19298,2,15,15,702
19299,2,15,15,702
19300,2,15,15,702
19301,2,15,15,702
19302,2,15,15,702
19303,2,15,15,702
19304,2,15,15,702
19305,2,15,15,702
19306,2,15,15,702
19307,2,15,15,702
19308,2,15,15,702
19309,2,15,15,702
19310,2,15,15,702
19311,2,15,15,702
19312,2,15,15,702
19313,2,15,15,702
19314,2,15,15,702
19315,2,39,39,702
19316,2,15,15,702
19317,2,15,15,702
19318,2,15,15,702
19319,2,41,41,702
19320,2,15,15,702
19321,2,15,15,702
19322,2,15,15,702
19323,2,15,15,702
19324,2,15,15,702
19325,2,4,4,702
19326,2,15,15,702
19327,2,15,15,702
19328,2,15,15,702
19329,2,15,15,702
19330,2,15,15,702
19331,2,15,15,702
19332,2,15,15,702
19333,2,15,15,702
19334,2,15,15,702
19335,2,15,15,702
19336,2,4,15,702
19337,2,39,39,702
19338,2,15,15,702
19339,2,4,4,702
19340,2,15,15,702
19341,2,15,15,702
19342,2,15,15,702
19343,2,15,15,702
19344,2,15,15,702
19345,2,15,15,702
19346,2,15,15,702
19347,2,15,15,702
19348,2,15,15,702
19349,2,15,15,702
19350,2,15,15,702
19351,2,15,15,702
19352,2,15,15,702
19353,2,15,15,702
19354,2,15,15,702
19355,2,15,15,702
19356,2,15,15,702
19357,2,15,15,702
19358,2,15,15,702
19359,2,15,15,702
19360,2,15,15,702
19361,2,15,15,702
19362,2,15,15,702
19363,2,15,15,702
19364,2,15,15,702
19365,2,15,15,702
19366,2,15,15,702
19367,2,15,15,702
19368,2,15,15,702
19369,2,15,15,702
19370,2,15,15,702
19371,2,4,4,702
19372,2,15,15,702
19373,2,15,15,702
19374,2,15,15,702
19375,2,15,15,702
19376,2,15,15,702
19377,2,21,21,702
19378,2,15,15,702
19379,2,15,15,702
19380,2,15,15,702
19381,2,15,15,702
19382,2,15,15,702
19383,2,15,15,702
19384,2,15,15,702
19385,2,15,11,702
19386,2,15,15,702
19387,2,15,15,702
19388,2,15,15,702
19389,2,21,4,702
19390,2,15,15,702
19391,2,15,15,702
19392,2,15,15,702
19393,2,15,15,702
19394,2,15,15,702
19395,2,21,15,702
19396,2,15,15,702
19397,2,15,15,702
19398,2,15,15,702
19399,2,15,15,702
19400,2,15,15,702
19401,2,15,15,702
19402,2,15,15,702
19403,2,15,15,702
19404,2,15,15,702
19405,2,15,15,702
19406,2,15,15,702
19407,2,3,3,702
19408,2,15,15,702
19409,2,15,15,702
19410,2,15,15,702
19411,2,15,15,702
19412,2,15,15,702
19413,2,21,4,702
19414,2,15,15,702
19415,2,15,15,702
19416,2,15,15,702
19417,2,15,15,702
19418,2,15,15,702
19419,2,15,15,702
19420,2,15,15,702
19421,2,15,15,702
19422,2,15,15,702
19423,2,15,15,702
19424,2,15,15,702
19425,2,15,15,702
19426,2,9,9,702
19427,2,15,15,702
19428,2,15,15,702
19429,2,15,15,702
19430,2,15,15,702
19431,2,15,15,702
19432,2,15,15,702
19433,2,15,15,702
19434,2,15,15,702
19435,2,15,15,702
19436,2,15,15,702
19437,2,15,15,702
19438,2,15,15,702
19439,2,15,15,702
19440,2,15,15,702
19441,2,15,15,702
19442,2,15,15,702
19443,2,15,15,702
19444,2,15,15,702
19445,2,4,4,702
19446,2,15,15,702
19447,2,15,15,702
19448,2,15,15,702
19449,2,15,15,702
19450,2,15,15,702
19451,2,15,15,702
19452,2,15,15,702
19453,2,3,15,702
19454,2,15,15,702
19455,2,15,15,702
19456,2,15,15,702
19457,2,15,15,702
19458,2,15,15,702
19459,2,15,15,702
19460,2,15,15,702
19461,2,21,21,702
19462,2,15,15,702
19463,2,15,15,702
19464,2,15,15,702
19465,2,15,15,702
19466,2,15,15,702
19467,2,15,15,702
19468,2,15,15,702
19469,2,15,15,702
19470,2,15,15,702
19471,2,15,15,702
19472,2,15,15,702
19473,2,15,15,702
19474,2,21,21,702
19475,2,15,15,702
19476,2,15,15,702
19477,2,15,15,702
19478,2,15,15,702
19479,2,15,15,702
19480,2,15,15,702
19481,2,15,15,702
19482,2,3,3,702
19483,2,15,15,702
19484,2,15,15,702
19485,2,15,15,702
19486,2,15,15,702
19487,2,15,15,702
19488,2,15,15,702
19489,2,15,15,702
19490,2,15,15,702
19491,2,15,15,702
19492,2,4,4,702
19493,2,15,15,702
19494,2,15,15,702
19495,2,4,4,702
19496,2,15,15,702
19497,2,15,15,702
19498,2,4,4,702
19499,2,15,15,702
19500,2,15,15,702
19501,2,15,15,702
19502,2,15,15,702
19503,2,15,15,702
19504,2,15,15,702
19505,2,15,15,702
19506,2,15,15,702
19507,2,15,15,702
19508,2,15,15,702
19509,2,15,15,702
19510,2,15,15,702
19511,2,15,15,702
19512,2,15,15,702
19513,2,15,15,702
19514,2,15,15,702
19515,2,15,15,702
19516,2,15,15,702
19517,2,15,15,702
19518,2,15,15,702
19519,2,15,15,702
19520,2,15,15,702
19521,2,15,15,702
19522,2,15,15,702
19523,2,15,15,702
19524,2,15,15,702
19525,2,15,15,702
19526,2,15,15,702
19527,2,15,15,702
19528,2,15,15,702
19529,2,15,15,702
19530,2,39,39,702
19531,2,15,15,702
19532,2,15,15,702
19533,2,15,15,702
19534,2,15,15,702
19535,2,15,15,702
19536,2,15,15,702
19537,2,15,15,702
19538,2,15,15,702
19539,2,15,15,702
19540,2,15,15,702
19541,2,15,15,702
19542,2,15,15,702
19543,2,15,15,702
19544,2,15,15,702
19545,2,15,15,702
19546,2,15,15,702
19547,2,15,15,702
19548,2,15,15,702
19549,2,15,15,702
19550,2,15,15,702
19551,2,15,15,702
19552,2,15,15,702
19553,2,15,15,702
19554,2,15,15,702
19555,2,15,15,702
19556,2,4,4,702
19557,2,15,15,702
19558,2,15,15,702
19559,2,15,15,702
19560,2,15,15,702
19561,2,15,15,702
19562,2,15,15,702
19563,2,15,15,702
19564,2,15,15,702
19565,2,15,15,702
19566,2,15,15,702
19567,2,15,15,702
19568,2,15,15,702
19569,2,15,15,702
19570,2,4,4,702
19571,2,15,15,702
19572,2,15,15,702
19573,2,15,15,702
19574,2,15,15,702
19575,2,15,15,702
19576,2,15,15,702
19577,2,15,15,702
19578,2,15,15,702
19579,2,15,15,702
19580,2,15,15,702
19581,2,15,15,702
19582,2,15,15,702
19583,2,15,15,702
19584,2,15,15,702
19585,2,15,15,702
19586,2,15,15,702
19587,2,15,15,702
19588,2,15,15,702
19589,2,15,15,702
19590,2,15,15,702
19591,2,15,15,702
19592,2,15,15,702
19593,2,15,15,702
19594,2,15,15,702
19595,2,15,15,702
19596,2,15,15,702
19597,2,15,15,702
19598,2,15,15,702
19599,2,15,15,702
19600,2,15,15,702
19601,2,15,4,702
19602,2,15,15,702
19603,2,15,15,702
19604,2,15,15,702
19605,2,15,15,702
19606,2,15,15,702
19607,2,15,15,702
19608,2,15,15,702
19609,2,15,15,702
19610,2,15,15,702
19611,2,15,15,702
19612,2,15,15,702
19613,2,15,15,702
19614,2,15,15,702
19615,2,4,4,702
19616,2,15,15,702
19617,2,41,41,702
19618,2,15,15,702
19619,2,15,15,702
19620,2,15,15,702
19621,2,15,15,702
19622,2,15,15,702
19623,2,15,15,702
19624,2,15,15,702
19625,2,15,15,702
19626,2,15,15,702
19627,2,15,15,702
19628,2,15,15,702
19629,2,15,15,702
19630,2,15,15,702
19631,2,15,15,702
19632,2,15,15,702
19633,2,15,15,702
19634,2,15,15,702
19635,2,4,4,702
19636,2,15,15,702
19637,2,15,15,702
19638,2,15,15,702
19639,2,15,15,702
19640,2,15,15,702
19641,2,15,15,702
19642,2,41,41,702
19643,2,15,15,702
19644,2,15,15,702
19645,2,15,15,702
19646,2,15,15,702
19647,2,15,15,702
19648,2,15,15,702
19649,2,41,41,702
19650,2,15,15,702
19651,2,15,15,702
19652,2,15,15,702
19653,2,15,15,702
19654,2,15,15,702
19655,2,15,15,702
19656,2,15,15,702
19657,2,15,15,702
19658,2,15,15,702
19659,2,15,15,702
19660,2,15,15,702
19661,2,15,15,702
19662,2,15,15,702
19663,2,15,15,702
19664,2,15,15,702
19665,2,15,15,702
19666,2,15,15,702
19667,2,15,15,702
19668,2,15,15,702
19669,2,15,15,702
19670,2,15,15,702
19671,2,15,15,702
19672,2,15,15,702
19673,2,15,15,702
19674,2,15,15,702
19675,2,15,15,702
19676,2,15,15,702
19677,2,15,15,702
19678,2,15,15,702
19679,2,15,15,702
19680,2,15,15,702
19681,2,15,15,702
19682,2,15,15,702
19683,2,15,15,702
19684,2,15,15,702
19685,2,15,15,702
19686,2,15,15,702
19687,2,15,15,702
19688,2,15,15,702
19689,2,15,15,702
19690,2,15,15,702
19691,2,15,15,702
19692,2,15,15,702
19693,2,15,15,702
19694,2,15,15,702
19695,2,15,15,702
19696,2,15,15,702
19697,2,15,15,702
19698,2,15,15,702
19699,2,15,15,702
19700,2,15,15,702
19701,2,15,15,702
19702,2,15,15,702
19703,2,15,15,702
19704,2,15,15,702
19705,2,15,15,702
19706,2,15,15,702
19707,2,15,15,702
19708,2,15,15,702
19709,2,15,15,702
19710,2,15,15,702
19711,2,15,15,702
19712,2,15,15,702
19713,2,4,4,702
19714,2,15,15,702
19715,2,15,15,702
19716,2,15,15,702
19717,2,15,15,702
19718,2,15,15,702
19719,2,15,15,702
19720,2,15,15,702
19721,2,15,15,702
19722,2,39,15,702
19723,2,15,15,702
19724,2,15,15,702
19725,2,15,15,702
19726,2,4,4,702
19727,2,15,15,702
19728,2,15,15,702
19729,2,15,15,702
19730,2,15,15,702
19731,2,4,4,702
19732,2,41,41,702
19733,2,15,15,702
19734,2,15,15,702
19735,2,15,15,702
19736,2,15,15,702
19737,2,15,15,702
19738,2,15,15,702
19739,2,15,15,702
19740,2,15,15,702
19741,2,15,15,702
19742,2,15,15,702
19743,2,15,15,702
19744,2,15,15,702
19745,2,15,15,702
19746,2,15,15,702
19747,2,15,15,702
19748,2,21,39,702
19749,2,15,15,702
19750,2,15,15,702
19751,2,15,4,702
19752,2,15,15,702
19753,2,15,15,702
19754,2,15,15,702
19755,2,15,15,702
19756,2,15,15,702
19757,2,15,15,702
19758,2,15,15,702
19759,2,15,15,702
19760,2,15,15,702
19761,2,15,15,702
19762,2,15,15,702
19763,2,15,15,702
19764,2,15,15,702
19765,2,41,15,702
19766,2,15,15,702
19767,2,15,15,702
19768,2,15,15,702
19769,2,15,15,702
19770,2,15,15,702
19771,2,15,15,702
19772,2,15,15,702
19773,2,15,15,702
19774,2,15,15,702
19775,2,15,15,702
19776,2,15,15,702
19777,2,15,15,702
19778,2,4,4,702
19779,2,4,4,702
19780,2,15,15,702
19781,2,15,15,702
19782,2,15,15,702
19783,2,15,15,702
19784,2,15,15,702
19785,2,15,15,702
19786,2,15,15,702
19787,2,15,15,702
19788,2,15,15,702
19789,2,15,15,702
19790,2,15,15,702
19791,2,15,15,702
19792,2,15,15,702
19793,2,15,15,702
19794,2,15,15,702
19795,2,15,15,702
19796,2,15,15,702
19797,2,15,15,702
19798,2,15,15,702
19799,2,15,15,702
19800,2,15,15,702
19801,2,15,15,702
19802,2,15,15,702
19803,2,15,15,702
19804,2,15,15,702
19805,2,15,15,702
19806,2,15,15,702
19807,2,15,15,702
19808,2,15,15,702
19809,2,15,15,702
19810,2,15,15,702
19811,2,15,15,702
19812,2,15,15,702
19813,2,15,15,702
19814,2,15,15,702
19815,2,15,15,702
19816,2,41,41,702
19817,2,15,15,702
19818,2,15,15,702
19819,2,15,15,702
19820,2,15,15,702
19821,2,15,15,702
19822,2,15,15,702
19823,2,15,15,702
19824,2,15,15,702
19825,2,15,15,702
19826,2,15,15,702
19827,2,15,15,702
19828,2,15,15,702
19829,2,15,15,702
19830,2,15,15,702
19831,2,15,15,702
19832,2,15,15,702
19833,2,15,15,702
19834,2,21,15,702
19835,2,15,4,702
19836,2,15,15,702
19837,2,15,15,702
19838,2,15,15,702
19839,2,15,15,702
19840,2,15,15,702
19841,2,15,3,702
19842,2,15,15,702
19843,2,15,15,702
19844,2,15,15,702
19845,2,15,15,702
19846,2,15,15,702
19847,2,15,15,702
19848,2,15,15,702
19849,2,15,15,702
19850,2,15,15,702
19851,2,15,15,702
19852,2,15,15,702
19853,2,15,15,702
19854,2,21,21,702
19855,2,15,15,702
19856,2,15,4,702
19857,2,15,15,702
19858,2,15,4,702
19859,2,15,15,702
19860,2,4,4,702
19861,2,15,15,702
19862,2,15,15,702
19863,2,15,15,702
19864,2,15,15,702
19865,2,15,15,702
19866,2,15,15,702
19867,2,15,15,702
19868,2,15,15,702
19869,2,15,15,702
19870,2,15,15,702
19871,2,15,15,702
19872,2,15,15,702
19873,2,15,15,702
19874,2,15,15,702
19875,2,15,15,702
19876,2,15,15,702
19877,2,15,15,702
19878,2,15,15,702
19879,2,15,15,702
19880,2,15,15,702
19881,2,15,15,702
19882,2,15,15,702
19883,2,15,15,702
19884,2,15,15,702
19885,2,15,15,702
19886,2,41,15,702
19887,2,21,15,702
19888,2,15,15,702
19889,2,15,15,702
19890,2,15,15,702
19891,2,15,15,702
19892,2,15,15,702
19893,2,15,15,702
19894,2,15,15,702
19895,2,15,15,702
19896,2,15,15,702
19897,2,41,41,702
19898,2,15,15,702
19899,2,15,15,702
19900,2,15,15,702
19901,2,15,15,702
19902,2,15,15,702
19903,2,15,15,702
19904,2,15,15,702
19905,2,15,15,702
19906,2,15,15,702
19907,2,15,15,702
19908,2,15,15,702
19909,2,15,15,702
19910,2,15,15,702
19911,2,15,15,702
19912,2,4,4,702
19913,2,15,15,702
19914,2,15,15,702
19915,2,15,15,702
19916,2,15,15,702
19917,2,21,15,702
19918,2,15,15,702
19919,2,15,15,702
19920,2,15,15,702
19921,2,12,12,702
19922,2,15,15,702
19923,2,3,3,702
19924,2,15,15,702
19925,2,15,15,702
19926,2,15,15,702
19927,2,15,15,702
19928,2,39,39,702
19929,2,15,15,702
19930,2,15,15,702
19931,2,15,15,702
19932,2,15,15,702
19933,2,15,15,702
19934,2,15,15,702
19935,2,15,15,702
19936,2,15,15,702
19937,2,15,15,702
19938,2,15,15,702
19939,2,15,15,702
19940,2,15,15,702
19941,2,15,4,702
19942,2,15,15,702
19943,2,15,15,702
19944,2,15,15,702
19945,2,4,4,702
19946,2,4,4,702
19947,2,15,15,702
19948,2,15,15,702
19949,2,15,15,702
19950,2,15,15,702
19951,2,15,15,702
19952,2,15,15,702
19953,2,15,15,702
19954,2,15,15,702
19955,2,21,21,702
19956,2,15,15,702
19957,2,15,15,702
19958,2,15,15,702
19959,2,15,15,702
19960,2,15,15,702
19961,2,15,15,702
19962,2,20,15,702
19963,2,15,15,702
19964,2,41,41,702
19965,2,15,15,702
19966,2,15,15,702
19967,2,15,15,702
19968,2,15,15,702
19969,2,15,15,702
19970,2,15,15,702
19971,2,15,15,702
19972,2,15,15,702
19973,2,15,15,702
19974,2,15,15,702
19975,2,15,15,702
19976,2,15,15,702
19977,2,15,15,702
19978,2,15,15,702
19979,2,15,15,702
19980,2,39,41,702
19981,2,15,15,702
19982,2,15,15,702
19983,2,15,15,702
19984,2,15,15,702
19985,2,4,15,702
19986,2,15,15,702
19987,2,15,15,702
19988,2,15,15,702
19989,2,15,15,702
19990,2,15,15,702
19991,2,15,15,702
19992,2,15,15,702
19993,2,15,15,702
19994,2,15,15,702
19995,2,15,15,702
19996,2,15,15,702
19997,2,15,15,702
19998,2,15,15,702
19999,2,15,15,702
20000,2,39,41,702
20001,2,15,15,702
20002,2,15,15,702
20003,2,15,15,702
20004,2,39,39,702
20005,2,15,15,702
20006,2,15,15,702
20007,2,15,15,702
20008,2,15,15,702
20009,2,15,15,702
20010,2,15,15,702
20011,2,15,15,702
20012,2,15,15,702
20013,2,15,15,702
20014,2,15,15,702
20015,2,15,15,702
20016,2,15,15,702
20017,2,15,15,702
20018,2,15,15,702
20019,2,15,15,702
20020,2,15,15,702
20021,2,15,15,702
20022,2,15,15,702
20023,2,15,15,702
20024,2,15,4,702
20025,2,15,15,702
20026,2,15,15,702
20027,2,15,15,702
20028,2,15,15,702
20029,2,15,15,702
20030,2,15,15,702
20031,2,15,15,702
20032,2,15,15,702
20033,2,15,15,702
20034,2,15,15,702
20035,2,15,15,702
20036,2,15,15,702
20037,2,15,15,702
20038,2,15,15,702
20039,2,15,15,702
20040,2,4,4,702
20041,2,3,3,702
20042,2,15,15,702
20043,2,15,3,702
20044,2,15,15,702
20045,2,15,15,702
20046,2,15,15,702
20047,2,15,15,702
20048,2,15,15,702
20049,2,15,15,702
20050,2,15,15,702
20051,2,15,15,702
20052,2,15,15,702
20053,2,15,15,702
20054,2,15,15,702
20055,2,15,15,702
20056,2,15,15,702
20057,2,15,15,702
20058,2,15,15,702
20059,2,15,15,702
20060,2,15,15,702
20061,2,15,15,702
20062,2,15,15,702
20063,2,15,15,702
20064,2,4,4,702
20065,2,15,15,702
20066,2,15,15,702
20067,2,21,15,702
20068,2,39,39,702
20069,2,15,15,702
20070,2,15,15,702
20071,2,15,15,702
20072,2,15,15,702
20073,2,15,15,702
20074,2,15,15,702
20075,2,15,15,702
20076,2,15,15,702
20077,2,15,15,702
20078,2,15,15,702
20079,2,15,15,702
20080,2,15,15,702
20081,2,15,15,702
20082,2,15,15,702
20083,2,15,15,702
20084,2,15,15,702
20085,2,15,15,702
20086,2,15,15,702
20087,2,15,15,702
20088,2,15,15,702
20089,2,15,15,702
20090,2,21,15,702
20091,2,39,41,702
20092,2,15,15,702
20093,2,4,4,702
20094,2,15,15,702
20095,2,15,15,702
20096,2,15,15,702
20097,2,15,15,702
20098,2,15,15,702
20099,2,15,15,702
20100,2,15,15,702
20101,2,15,15,702
20102,2,21,15,702
20103,2,15,15,702
20104,2,3,15,702
20105,2,15,15,702
20106,2,15,15,702
20107,2,15,15,702
20108,2,15,15,702
20109,2,15,15,702
20110,2,15,15,702
20111,2,15,15,702
20112,2,15,15,702
20113,2,15,15,702
20114,2,15,15,702
20115,2,15,15,702
20116,2,15,15,702
20117,2,39,39,702
20118,2,4,4,702
20119,2,15,15,702
20120,2,15,15,702
20121,2,15,15,702
20122,2,15,15,702
20123,2,15,15,702
20124,2,15,15,702
20125,2,3,3,702
20126,2,15,15,702
20127,2,15,15,702
20128,2,15,15,702
20129,2,15,15,702
20130,2,15,15,702
20131,2,15,15,702
20132,2,15,15,702
20133,2,15,15,702
20134,2,15,15,702
20135,2,15,15,702
20136,2,41,41,702
20137,2,3,3,702
20138,2,3,3,702
20139,2,15,15,702
20140,2,15,15,702
20141,2,15,15,702
20142,2,15,15,702
20143,2,15,15,702
20144,2,41,41,702
20145,2,15,15,702
20146,2,15,15,702
20147,2,15,15,702
20148,2,15,15,702
20149,2,15,15,702
20150,2,15,15,702
20151,2,15,15,702
20152,2,15,15,702
20153,2,15,3,702
20154,2,15,15,702
20155,2,15,15,702
20156,2,15,15,702
20157,2,15,15,702
20158,2,4,4,702
20159,2,15,15,702
20160,2,15,15,702
20161,2,15,15,702
20162,2,15,15,702
20163,2,15,15,702
20164,2,15,15,702
20165,2,15,15,702
20166,2,15,15,702
20167,2,15,15,702
20168,2,15,15,702
20169,2,15,15,702
20170,2,21,15,702
20171,2,15,15,702
20172,2,15,15,702
20173,2,15,15,702
20174,2,15,15,702
20175,2,4,4,702
20176,2,15,15,702
20177,2,4,4,702
20178,2,15,15,702
20179,2,15,15,702
20180,2,15,15,702
20181,2,15,15,702
20182,2,15,15,702
20183,2,15,15,702
20184,2,15,15,702
20185,2,15,15,702
20186,2,15,15,702
20187,2,15,15,702
20188,2,15,15,702
20189,2,15,15,702
20190,2,15,15,702
20191,2,15,15,702
20192,2,15,15,702
20193,2,15,15,702
20194,2,15,15,702
20195,2,15,15,702
20196,2,15,15,702
20197,2,15,15,702
20198,2,4,4,702
20199,2,15,15,702
20200,2,15,15,702
20201,2,15,15,702
20202,2,15,15,702
20203,2,15,15,702
20204,2,15,15,702
20205,2,15,15,702
20206,2,15,15,702
20207,2,15,15,702
20208,2,15,15,702
20209,2,3,3,702
20210,2,15,15,702
20211,2,15,15,702
20212,2,15,15,702
20213,2,15,15,702
20214,2,15,15,702
20215,2,15,15,702
20216,2,15,15,702
20217,2,15,15,702
20218,2,15,15,702
20219,2,15,15,702
20220,2,4,4,702
20221,2,15,15,702
20222,2,15,15,702
20223,2,15,15,702
20224,2,15,15,702
20225,2,39,39,702
20226,2,15,15,702
20227,2,15,15,702
20228,2,15,15,702
20229,2,15,15,702
20230,2,15,15,702
20231,2,15,41,702
20232,2,15,15,702
20233,2,15,15,702
20234,2,15,15,702
20235,2,15,15,702
20236,2,15,15,702
20237,2,15,15,702
20238,2,21,21,702
20239,2,15,15,702
20240,2,15,15,702
20241,2,15,15,702
20242,2,15,15,702
20243,2,15,15,702
20244,2,15,15,702
20245,2,15,15,702
20246,2,15,15,702
20247,2,15,15,702
20248,2,15,15,702
20249,2,15,15,702
20250,2,15,15,702
20251,2,15,15,702
20252,2,15,15,702
20253,2,3,15,702
20254,2,15,15,702
20255,2,15,15,702
20256,2,15,15,702
20257,2,15,15,702
20258,2,15,15,702
20259,2,15,15,702
20260,2,15,15,702
20261,2,15,15,702
20262,2,15,15,702
20263,2,15,15,702
20264,2,15,15,702
20265,2,15,15,702
20266,2,15,15,702
20267,2,15,15,702
20268,2,15,15,702
20269,2,15,15,702
20270,2,15,15,702
20271,2,15,15,702
20272,2,15,15,702
20273,2,15,15,702
20274,2,15,15,702
20275,2,15,15,702
20276,2,15,15,702
20277,2,15,15,702
20278,2,15,15,702
20279,2,15,15,702
20280,2,15,15,702
20281,2,15,15,702
20282,2,15,15,702
20283,2,15,15,702
20284,2,11,11,702
20285,2,15,15,702
20286,2,15,15,702
20287,2,15,15,702
20288,2,15,15,702
20289,2,15,15,702
20290,2,15,15,702
20291,2,15,15,702
20292,2,39,39,702
20293,2,21,15,702
20294,2,15,15,702
20295,2,15,15,702
20296,2,15,15,702
20297,2,15,15,702
20298,2,15,15,702
20299,2,15,15,702
20300,2,15,15,702
20301,2,15,15,702
20302,2,15,15,702
20303,2,15,15,702
20304,2,15,15,702
20305,2,3,3,702
20306,2,21,21,702
20307,2,15,15,702
20308,2,15,15,702
20309,2,15,15,702
20310,2,15,15,702
20311,2,15,15,702
20312,2,15,15,702
20313,2,15,15,702
20314,2,15,15,702
20315,2,15,15,702
20316,2,15,15,702
20317,2,15,15,702
20318,2,15,15,702
20319,2,15,15,702
20320,2,15,15,702
20321,2,15,15,702
20322,2,15,15,702
20323,2,21,15,702
20324,2,15,15,702
20325,2,15,15,702
20326,2,20,20,702
20327,2,15,15,702
20328,2,15,15,702
20329,2,15,15,702
20330,2,15,15,702
20331,2,15,15,702
20332,2,15,15,702
20333,2,15,15,702
20334,2,15,15,702
20335,2,15,15,702
20336,2,15,15,702
20337,2,15,15,702
20338,2,15,15,702
20339,2,15,15,702
20340,2,15,15,702
20341,2,15,15,702
20342,2,15,15,702
20343,2,15,15,702
20344,2,15,15,702
20345,2,15,15,702
20346,2,15,15,702
20347,2,15,15,702
20348,2,15,15,702
20349,2,15,15,702
20350,2,15,15,702
20351,2,15,15,702
20352,2,15,15,702
20353,2,39,39,702
20354,2,15,15,702
20355,2,39,39,702
20356,2,15,15,702
20357,2,15,15,702
20358,2,15,15,702
20359,2,15,15,702
20360,2,15,15,702
20361,2,15,15,702
20362,2,15,15,702
20363,2,15,15,702
20364,2,15,15,702
20365,2,15,15,702
20366,2,15,15,702
20367,2,4,4,702
20368,2,15,15,702
20369,2,15,15,702
20370,2,15,15,702
20371,2,15,15,702
20372,2,15,15,702
20373,2,15,15,702
20374,2,15,15,702
20375,2,15,15,702
20376,2,15,15,702
20377,2,15,15,702
20378,2,15,15,702
20379,2,15,15,702
20380,2,15,15,702
20381,2,15,15,702
20382,2,15,15,702
20383,2,4,4,702
20384,2,15,15,702
20385,2,15,15,702
20386,2,15,15,702
20387,2,15,15,702
20388,2,15,15,702
20389,2,15,15,702
20390,2,15,15,702
20391,2,15,15,702
20392,2,15,15,702
20393,2,15,15,702
20394,2,15,15,702
20395,2,15,15,702
20396,2,15,15,702
20397,2,4,4,702
20398,2,15,15,702
20399,2,15,15,702
20400,2,15,15,702
20401,2,15,15,702
20402,2,15,15,702
20403,2,21,15,702
20404,2,15,15,702
20405,2,15,15,702
20406,2,15,15,702
20407,2,15,15,702
20408,2,15,15,702
20409,2,15,15,702
20410,2,15,15,702
20411,2,15,15,702
20412,2,15,15,702
20413,2,15,15,702
20414,2,15,15,702
20415,2,15,15,702
20416,2,15,15,702
20417,2,15,15,702
20418,2,15,15,702
20419,2,15,15,702
20420,2,15,15,702
20421,2,15,15,702
20422,2,15,15,702
20423,2,15,15,702
20424,2,4,4,702
20425,2,4,4,702
20426,2,15,15,702
20427,2,15,15,702
20428,2,15,15,702
20429,2,15,15,702
20430,2,15,15,702
20431,2,15,15,702
20432,2,15,15,702
20433,2,15,15,702
20434,2,15,15,702
20435,2,15,15,702
20436,2,15,15,702
20437,2,15,15,702
20438,2,15,15,702
20439,2,15,15,702
20440,2,4,4,702
20441,2,15,15,702
20442,2,15,15,702
20443,2,15,15,702
20444,2,15,15,702
20445,2,15,15,702
20446,2,15,15,702
20447,2,15,15,702
20448,2,4,4,702
20449,2,15,15,702
20450,2,39,39,702
20451,2,15,15,702
20452,2,15,15,702
20453,2,15,15,702
20454,2,15,15,702
20455,2,15,15,702
20456,2,41,41,702
20457,2,15,15,702
20458,2,15,15,702
20459,2,15,15,702
20460,2,15,15,702
20461,2,15,15,702
20462,2,15,15,702
20463,2,15,15,702
20464,2,15,15,702
20465,2,15,15,702
20466,2,15,15,702
20467,2,15,15,702
20468,2,15,15,702
20469,2,15,15,702
20470,2,15,15,702
20471,2,15,15,702
20472,2,15,15,702
20473,2,15,15,702
20474,2,15,15,702
20475,2,39,39,702
20476,2,15,15,702
20477,2,15,15,702
20478,2,15,15,702
20479,2,15,15,702
20480,2,15,15,702
20481,2,15,15,702
20482,2,15,15,702
20483,2,15,15,702
20484,2,15,15,702
20485,2,15,15,702
20486,2,15,15,702
20487,2,15,4,702
20488,2,4,4,702
20489,2,15,15,702
20490,2,15,15,702
20491,2,15,15,702
20492,2,15,15,702
20493,2,15,15,702
20494,2,15,15,702
20495,2,15,15,702
20496,2,15,15,702
20497,2,15,15,702
20498,2,21,4,702
20499,2,15,15,702
20500,2,15,15,702
20501,2,15,15,702
20502,2,21,21,702
20503,2,15,15,702
20504,2,15,15,702
20505,2,4,15,702
20506,2,15,15,702
20507,2,15,15,702
20508,2,15,15,702
20509,2,15,15,702
20510,2,15,15,702
20511,2,15,15,702
20512,2,15,15,702
20513,2,15,15,702
20514,2,15,15,702
20515,2,15,15,702
20516,2,15,15,702
20517,2,15,15,702
20518,2,15,15,702
20519,2,15,15,702
20520,2,15,15,702
20521,2,15,15,702
20522,2,15,15,702
20523,2,15,15,702
20524,2,15,15,702
20525,2,15,15,702
20526,2,21,15,702
20527,2,15,15,702
20528,2,15,15,702
20529,2,15,15,702
20530,2,15,15,702
20531,2,15,15,702
20532,2,15,15,702
20533,2,15,15,702
20534,2,15,15,702
20535,2,15,15,702
20536,2,41,41,702
20537,2,15,15,702
20538,2,15,15,702
20539,2,15,15,702
20540,2,15,15,702
20541,2,15,15,702
20542,2,15,15,702
20543,2,15,15,702
20544,2,15,15,702
20545,2,15,15,702
20546,2,15,15,702
20547,2,15,15,702
20548,2,15,15,702
20549,2,15,15,702
20550,2,15,15,702
20551,2,15,15,702
20552,2,15,15,702
20553,2,15,15,702
20554,2,15,15,702
20555,2,15,15,702
20556,2,15,15,702
20557,2,15,15,702
20558,2,15,15,702
20559,2,12,12,702
20560,2,15,15,702
20561,2,15,15,702
20562,2,15,15,702
20563,2,15,15,702
20564,2,15,15,702
20565,2,15,15,702
20566,2,15,15,702
20567,2,15,15,702
20568,2,15,15,702
20569,2,15,15,702
20570,2,15,15,702
20571,2,15,15,702
20572,2,15,15,702
20573,2,15,15,702
20574,2,15,15,702
20575,2,15,15,702
20576,2,15,15,702
20577,2,15,15,702
20578,2,15,15,702
20579,2,15,15,702
20580,2,11,11,702
20581,2,15,15,702
20582,2,15,15,702
20583,2,15,15,702
20584,2,15,15,702
20585,2,15,15,702
20586,2,15,15,702
20587,2,15,15,702
20588,2,15,15,702
20589,2,15,15,702
20590,2,15,15,702
20591,2,15,15,702
20592,2,15,15,702
20593,2,15,15,702
20594,2,15,15,702
20595,2,15,15,702
20596,2,15,15,702
20597,2,15,15,702
20598,2,15,15,702
20599,2,15,15,702
20600,2,15,15,702
20601,2,3,3,702
20602,2,15,15,702
20603,2,15,15,702
20604,2,15,15,702
20605,2,15,15,702
20606,2,15,15,702
20607,2,15,15,702
20608,2,15,15,702
20609,2,15,15,702
20610,2,15,15,702
20611,2,15,15,702
20612,2,15,15,702
20613,2,15,15,702
20614,2,15,15,702
20615,2,15,15,702
20616,2,15,15,702
20617,2,15,15,702
20618,2,15,15,702
20619,2,4,4,702
20620,2,15,15,702
20621,2,15,15,702
20622,2,15,15,702
20623,2,39,39,702
20624,2,4,4,702
20625,2,15,15,702
20626,2,15,15,702
20627,2,15,15,702
20628,2,15,15,702
20629,2,15,15,702
20630,2,15,15,702
20631,2,15,15,702
20632,2,15,15,702
20633,2,15,15,702
20634,2,15,15,702
20635,2,15,15,702
20636,2,15,15,702
20637,2,15,15,702
20638,2,15,15,702
20639,2,15,15,702
20640,2,15,15,702
20641,2,15,15,702
20642,2,15,4,702
20643,2,15,15,702
20644,2,15,15,702
20645,2,3,21,702
20646,2,15,15,702
20647,2,15,15,702
20648,2,15,15,702
20649,2,15,15,702
20650,2,3,3,702
20651,2,15,15,702
20652,2,15,15,702
20653,2,15,15,702
20654,2,15,15,702
20655,2,15,15,702
20656,2,15,15,702
20657,2,15,15,702
20658,2,15,15,702
20659,2,15,15,702
20660,2,15,15,702
20661,2,15,15,702
20662,2,15,15,702
20663,2,41,41,702
20664,2,15,15,702
20665,2,15,15,702
20666,2,15,15,702
20667,2,15,15,702
20668,2,15,15,702
20669,2,15,15,702
20670,2,15,15,702
20671,2,4,4,702
20672,2,15,15,702
20673,2,15,15,702
20674,2,15,15,702
20675,2,15,15,702
20676,2,15,15,702
20677,2,15,15,702
20678,2,15,15,702
20679,2,15,15,702
20680,2,15,15,702
20681,2,15,15,702
20682,2,15,15,702
20683,2,15,15,702
20684,2,15,15,702
20685,2,15,15,702
20686,2,15,15,702
20687,2,15,15,702
20688,2,15,15,702
20689,2,15,15,702
20690,2,15,15,702
20691,2,15,15,702
20692,2,15,15,702
20693,2,4,4,702
20694,2,15,15,702
20695,2,4,4,702
20696,2,15,15,702
20697,2,15,15,702
20698,2,15,15,702
20699,2,15,15,702
20700,2,15,15,702
20701,2,15,15,702
20702,2,15,15,702
20703,2,15,15,702
20704,2,15,15,702
20705,2,15,15,702
20706,2,15,15,702
20707,2,15,15,702
20708,2,15,15,702
20709,2,15,15,702
20710,2,21,15,702
20711,2,15,15,702
20712,2,15,15,702
20713,2,15,15,702
20714,2,15,15,702
20715,2,15,15,702
20716,2,15,15,702
20717,2,15,15,702
20718,2,15,15,702
20719,2,15,15,702
20720,2,15,15,702
20721,2,15,15,702
20722,2,15,15,702
20723,2,15,15,702
20724,2,15,15,702
20725,2,15,15,702
20726,2,15,15,702
20727,2,15,15,702
20728,2,4,4,702
20729,2,15,15,702
20730,2,15,15,702
20731,2,15,15,702
20732,2,4,4,702
20733,2,15,15,702
20734,2,15,15,702
20735,2,15,15,702
20736,2,15,15,702
20737,2,15,15,702
20738,2,15,15,702
20739,2,15,15,702
20740,2,15,15,702
20741,2,15,15,702
20742,2,15,15,702
20743,2,15,15,702
20744,2,15,15,702
20745,2,15,15,702
20746,2,15,15,702
20747,2,15,15,702
20748,2,15,15,702
20749,2,15,15,702
20750,2,15,15,702
20751,2,15,15,702
20752,2,15,15,702
20753,2,15,15,702
20754,2,15,15,702
20755,2,15,15,702
20756,2,15,15,702
20757,2,15,15,702
20758,2,15,15,702
20759,2,15,15,702
20760,2,15,15,702
20761,2,41,41,702
20762,2,15,15,702
20763,2,15,15,702
20764,2,15,15,702
20765,2,15,15,702
20766,2,15,15,702
20767,2,15,15,702
20768,2,15,15,702
20769,2,15,15,702
20770,2,15,15,702
20771,2,15,15,702
20772,2,15,15,702
20773,2,15,15,702
20774,2,15,15,702
20775,2,15,15,702
20776,2,41,41,702
20777,2,15,15,702
20778,2,15,15,702
20779,2,15,15,702
20780,2,4,4,702
20781,2,15,15,702
20782,2,15,15,702
20783,2,4,4,702
20784,2,15,15,702
20785,2,3,4,702
20786,2,15,15,702
20787,2,15,15,702
20788,2,15,15,702
20789,2,15,15,702
20790,2,15,15,702
20791,2,15,15,702
20792,2,41,41,702
20793,2,15,15,702
20794,2,15,15,702
20795,2,15,15,702
20796,2,15,15,702
20797,2,4,4,702
20798,2,4,4,702
20799,2,15,15,702
20800,2,15,15,702
20801,2,15,15,702
20802,2,3,15,702
20803,2,41,41,702
20804,2,4,4,702
20805,2,4,4,702
20806,2,15,15,702
20807,2,15,15,702
20808,2,15,15,702
20809,2,15,15,702
20810,2,15,15,702
20811,2,15,15,702
20812,2,15,15,702
20813,2,15,15,702
20814,2,15,15,702
20815,2,15,15,702
20816,2,15,15,702
20817,2,15,15,702
20818,2,15,15,702
20819,2,15,15,702
20820,2,15,15,702
20821,2,15,15,702
20822,2,15,15,702
20823,2,15,15,702
20824,2,15,15,702
20825,2,15,15,702
20826,2,15,15,702
20827,2,15,15,702
20828,2,15,15,702
20829,2,15,15,702
20830,2,15,15,702
20831,2,15,15,702
20832,2,15,15,702
20833,2,15,15,702
20834,2,15,15,702
20835,2,15,15,702
20836,2,15,15,702
20837,2,15,15,702
20838,2,15,15,702
20839,2,15,15,702
20840,2,15,15,702
20841,2,15,15,702
20842,2,15,15,702
20843,2,15,15,702
20844,2,15,15,702
20845,2,15,15,702
20846,2,15,15,702
20847,2,15,15,702
20848,2,15,15,702
20849,2,15,15,702
20850,2,15,15,702
20851,2,15,15,702
20852,2,15,15,702
20853,2,15,15,702
20854,2,15,15,702
20855,2,15,15,702
20856,2,15,15,702
20857,2,15,15,702
20858,2,15,15,702
20859,2,15,15,702
20860,2,15,15,702
20861,2,15,15,702
20862,2,15,15,702
20863,2,15,15,702
20864,2,15,15,702
20865,2,4,4,702
20866,2,15,15,702
20867,2,39,39,702
20868,2,12,12,702
20869,2,15,15,702
20870,2,4,4,702
20871,2,4,15,702
20872,2,15,15,702
20873,2,15,15,702
20874,2,15,15,702
20875,2,15,15,702
20876,2,15,15,702
20877,2,15,15,702
20878,2,41,41,702
20879,2,3,3,702
20880,2,15,15,702
20881,2,15,15,702
20882,2,15,15,702
20883,2,15,15,702
20884,2,15,15,702
20885,2,15,15,702
20886,2,15,15,702
20887,2,21,15,702
20888,2,15,15,702
20889,2,15,15,702
20890,2,15,15,702
20891,2,15,15,702
20892,2,15,15,702
20893,2,15,15,702
20894,2,15,15,702
20895,2,15,15,702
20896,2,15,15,702
20897,2,15,15,702
20898,2,15,15,702
20899,2,15,15,702
20900,2,15,15,702
20901,2,15,15,702
20902,2,15,15,702
20903,2,15,15,702
20904,2,15,15,702
20905,2,15,15,702
20906,2,15,15,702
20907,2,15,15,702
20908,2,15,15,702
20909,2,15,15,702
20910,2,39,39,702
20911,2,15,15,702
20912,2,15,15,702
20913,2,15,15,702
20914,2,15,15,702
20915,2,15,15,702
20916,2,41,41,702
20917,2,15,15,702
20918,2,15,15,702
20919,2,15,15,702
20920,2,15,15,702
20921,2,15,15,702
20922,2,15,15,702
20923,2,15,15,702
20924,2,39,15,702
20925,2,15,15,702
20926,2,15,15,702
20927,2,15,15,702
20928,2,15,15,702
20929,2,15,15,702
20930,2,15,15,702
20931,2,15,15,702
20932,2,15,15,702
20933,2,15,15,702
20934,2,15,15,702
20935,2,15,15,702
20936,2,15,15,702
20937,2,3,3,702
20938,2,15,15,702
20939,2,15,15,702
20940,2,15,15,702
20941,2,15,15,702
20942,2,15,15,702
20943,2,15,15,702
20944,2,15,15,702
20945,2,15,15,702
20946,2,15,15,702
20947,2,15,15,702
20948,2,15,15,702
20949,2,15,15,702
20950,2,15,15,702
20951,2,15,15,702
20952,2,15,15,702
20953,2,15,15,702
20954,2,15,15,702
20955,2,15,15,702
20956,2,15,15,702
20957,2,15,15,702
20958,2,15,15,702
20959,2,15,15,702
20960,2,15,15,702
20961,2,15,15,702
20962,2,15,15,702
20963,2,15,15,702
20964,2,15,15,702
20965,2,15,15,702
20966,2,15,15,702
20967,2,4,4,702
20968,2,15,15,702
20969,2,15,15,702
20970,2,15,15,702
20971,2,15,15,702
20972,2,15,15,702
20973,2,4,15,702
20974,2,15,15,702
20975,2,15,15,702
20976,2,15,15,702
20977,2,15,15,702
20978,2,15,15,702
20979,2,15,15,702
20980,2,15,15,702
20981,2,15,15,702
20982,2,39,39,702
20983,2,15,15,702
20984,2,15,15,702
20985,2,15,15,702
20986,2,15,15,702
20987,2,15,15,702
20988,2,15,15,702
20989,2,15,15,702
20990,2,15,15,702
20991,2,15,15,702
20992,2,15,15,702
20993,2,15,15,702
20994,2,15,15,702
20995,2,15,15,702
20996,2,4,4,702
20997,2,15,15,702
20998,2,15,15,702
20999,2,15,15,702
21000,2,15,15,702
21001,2,15,15,702
21002,2,15,15,702
21003,2,15,15,702
21004,2,15,15,702
21005,2,15,15,702
21006,2,15,15,702
21007,2,41,41,702
21008,2,15,15,702
21009,2,15,15,702
21010,2,15,15,702
21011,2,15,15,702
21012,2,15,15,702
21013,2,15,15,702
21014,2,15,4,702
21015,2,15,15,702
21016,2,15,15,702
21017,2,15,15,702
21018,2,15,15,702
21019,2,15,15,702
21020,2,15,15,702
21021,2,15,15,702
21022,2,15,15,702
21023,2,15,15,702
21024,2,15,15,702
21025,2,15,15,702
21026,2,15,15,702
21027,2,15,15,702
21028,2,15,15,702
21029,2,15,15,702
21030,2,41,41,702
21031,2,15,15,702
21032,2,15,15,702
21033,2,15,15,702
21034,2,15,15,702
21035,2,15,15,702
21036,2,15,15,702
21037,2,15,15,702
21038,2,15,15,702
21039,2,15,15,702
21040,2,15,15,702
21041,2,15,15,702
21042,2,15,15,702
21043,2,15,15,702
21044,2,15,15,702
21045,2,15,15,702
21046,2,15,15,702
21047,2,15,15,702
21048,2,15,15,702
21049,2,15,15,702
21050,2,15,15,702
21051,2,15,15,702
21052,2,15,15,702
21053,2,15,15,702
21054,2,15,15,702
21055,2,15,15,702
21056,2,15,15,702
21057,2,15,15,702
21058,2,15,15,702
21059,2,15,15,702
21060,2,15,15,702
21061,2,15,15,702
21062,2,15,15,702
21063,2,15,15,702
21064,2,15,15,702
21065,2,15,15,702
21066,2,15,4,702
21067,2,41,41,702
21068,2,15,15,702
21069,2,15,15,702
21070,2,15,15,702
21071,2,15,15,702
21072,2,15,15,702
21073,2,15,15,702
21074,2,15,15,702
21075,2,15,15,702
21076,2,15,15,702
21077,2,15,15,702
21078,2,15,15,702
21079,2,15,15,702
21080,2,15,15,702
21081,2,15,15,702
21082,2,15,15,702
21083,2,15,15,702
21084,2,15,15,702
21085,2,15,15,702
21086,2,4,4,702
21087,2,15,15,702
21088,2,15,15,702
21089,2,15,15,702
21090,2,15,15,702
21091,2,15,15,702
21092,2,15,15,702
21093,2,15,15,702
21094,2,15,15,702
21095,2,15,15,702
21096,2,15,15,702
21097,2,15,15,702
21098,2,15,15,702
21099,2,15,15,702
21100,2,15,15,702
21101,2,15,15,702
21102,2,15,15,702
21103,2,15,15,702
21104,2,15,15,702
21105,2,15,15,702
21106,2,15,15,702
21107,2,15,15,702
21108,2,15,15,702
21109,2,15,15,702
21110,2,39,39,702
21111,2,15,15,702
21112,2,21,15,702
21113,2,15,15,702
21114,2,15,3,702
21115,2,15,15,702
21116,2,15,15,702
21117,2,15,15,702
21118,2,15,15,702
21119,2,15,15,702
21120,2,15,15,702
21121,2,15,15,702
21122,2,21,15,702
21123,2,15,15,702
21124,2,15,15,702
21125,2,15,15,702
21126,2,4,4,702
21127,2,15,15,702
21128,2,15,15,702
21129,2,15,15,702
21130,2,15,15,702
21131,2,15,15,702
21132,2,15,15,702
21133,2,15,15,702
21134,2,15,15,702
21135,2,15,15,702
21136,2,15,15,702
21137,2,41,41,702
21138,2,3,3,702
21139,2,15,15,702
21140,2,15,15,702
21141,2,15,15,702
21142,2,15,15,702
21143,2,15,15,702
21144,2,15,15,702
21145,2,15,15,702
21146,2,15,15,702
21147,2,15,15,702
21148,2,15,15,702
21149,2,15,15,702
21150,2,15,15,702
21151,2,15,15,702
21152,2,15,15,702
21153,2,15,15,702
21154,2,15,15,702
21155,2,15,15,702
21156,2,15,15,702
21157,2,15,15,702
21158,2,15,15,702
21159,2,15,15,702
21160,2,4,15,702
21161,2,15,15,702
21162,2,21,15,702
21163,2,4,4,702
21164,2,15,15,702
21165,2,3,3,702
21166,2,15,15,702
21167,2,15,15,702
21168,2,15,15,702
21169,2,15,15,702
21170,2,15,15,702
21171,2,15,15,702
21172,2,15,15,702
21173,2,15,15,702
21174,2,15,15,702
21175,2,15,15,702
21176,2,15,15,702
21177,2,15,15,702
21178,2,15,15,702
21179,2,4,4,702
21180,2,15,15,702
21181,2,15,15,702
21182,2,15,15,702
21183,2,15,15,702
21184,2,15,15,702
21185,2,15,15,702
21186,2,15,15,702
21187,2,15,15,702
21188,2,15,15,702
21189,2,15,15,702
21190,2,15,15,702
21191,2,15,15,702
21192,2,15,15,702
21193,2,15,15,702
21194,2,15,15,702
21195,2,15,15,702
21196,2,15,15,702
21197,2,15,15,702
21198,2,15,15,702
21199,2,15,15,702
21200,2,15,15,702
21201,2,15,15,702
21202,2,15,15,702
21203,2,15,4,702
21204,2,15,15,702
21205,2,15,15,702
21206,2,15,15,702
21207,2,15,15,702
21208,2,15,15,702
21209,2,15,15,702
21210,2,15,15,702
21211,2,15,15,702
21212,2,15,15,702
21213,2,15,15,702
21214,2,15,15,702
21215,2,15,15,702
21216,2,15,15,702
21217,2,15,15,702
21218,2,15,15,702
21219,2,15,15,702
21220,2,15,15,702
21221,2,15,15,702
21222,2,15,15,702
21223,2,15,15,702
21224,2,15,15,702
21225,2,15,15,702
21226,2,15,15,702
21227,2,15,15,702
21228,2,15,15,702
21229,2,15,15,702
21230,2,15,15,702
21231,2,15,15,702
21232,2,15,15,702
21233,2,15,15,702
21234,2,15,15,702
21235,2,15,15,702
21236,2,15,15,702
21237,2,15,15,702
21238,2,41,41,702
21239,2,15,15,702
21240,2,15,15,702
21241,2,39,39,702
21242,2,15,15,702
21243,2,15,15,702
21244,2,15,15,702
21245,2,15,15,702
21246,2,15,15,702
21247,2,15,15,702
21248,2,15,15,702
21249,2,15,15,702
21250,2,15,15,702
21251,2,15,15,702
21252,2,15,15,702
21253,2,15,15,702
21254,2,15,15,702
21255,2,15,15,702
21256,2,15,15,702
21257,2,15,15,702
21258,2,41,41,702
21259,2,15,15,702
21260,2,15,15,702
21261,2,15,15,702
21262,2,15,15,702
21263,2,15,15,702
21264,2,15,15,702
21265,2,39,39,702
21266,2,15,15,702
21267,2,15,15,702
21268,2,15,15,702
21269,2,15,15,702
21270,2,15,15,702
21271,2,15,15,702
21272,2,21,15,702
21273,2,15,15,702
21274,2,15,15,702
21275,2,15,15,702
21276,2,15,15,702
21277,2,15,15,702
21278,2,15,15,702
21279,2,15,15,702
21280,2,15,15,702
21281,2,15,4,702
21282,2,15,15,702
21283,2,15,15,702
21284,2,15,15,702
21285,2,15,15,702
21286,2,15,15,702
21287,2,15,15,702
21288,2,15,15,702
21289,2,15,15,702
21290,2,15,15,702
21291,2,15,15,702
21292,2,15,15,702
21293,2,15,15,702
21294,2,15,15,702
21295,2,15,15,702
21296,2,15,15,702
21297,2,15,15,702
21298,2,15,15,702
21299,2,15,15,702
21300,2,15,15,702
21301,2,15,15,702
21302,2,15,15,702
21303,2,15,15,702
21304,2,15,15,702
21305,2,15,15,702
21306,2,15,15,702
21307,2,15,15,702
21308,2,15,15,702
21309,2,15,15,702
21310,2,15,15,702
21311,2,15,15,702
21312,2,15,15,702
21313,2,15,15,702
21314,2,15,15,702
21315,2,4,4,702
21316,2,15,15,702
21317,2,15,4,702
21318,2,15,15,702
21319,2,15,15,702
21320,2,15,15,702
21321,2,39,39,702
21322,2,15,15,702
21323,2,15,15,702
21324,2,15,15,702
21325,2,15,15,702
21326,2,15,15,702
21327,2,15,15,702
21328,2,15,15,702
21329,2,15,15,702
21330,2,4,4,702
21331,2,15,15,702
21332,2,15,15,702
21333,2,15,15,702
21334,2,15,15,702
21335,2,15,15,702
21336,2,15,15,702
21337,2,15,15,702
21338,2,15,15,702
21339,2,15,15,702
21340,2,15,15,702
21341,2,15,15,702
21342,2,15,15,702
21343,2,15,15,702
21344,2,15,4,702
21345,2,15,15,702
21346,2,15,15,702
21347,2,21,15,702
21348,2,15,15,702
21349,2,39,39,702
21350,2,15,15,702
21351,2,15,15,702
21352,2,15,15,702
21353,2,15,15,702
21354,2,15,15,702
21355,2,15,15,702
21356,2,15,15,702
21357,2,15,15,702
21358,2,15,15,702
21359,2,15,15,702
21360,2,15,15,702
21361,2,15,15,702
21362,2,15,15,702
21363,2,3,3,702
21364,2,15,15,702
21365,2,15,15,702
21366,2,15,4,702
21367,2,15,15,702
21368,2,15,15,702
21369,2,15,15,702
21370,2,15,15,702
21371,2,15,15,702
21372,2,15,15,702
21373,2,15,15,702
21374,2,15,15,702
21375,2,15,15,702
21376,2,15,15,702
21377,2,15,15,702
21378,2,15,15,702
21379,2,15,15,702
21380,2,15,15,702
21381,2,15,15,702
21382,2,15,15,702
21383,2,15,15,702
21384,2,15,15,702
21385,2,3,3,702
21386,2,15,15,702
21387,2,15,15,702
21388,2,15,15,702
21389,2,15,15,702
21390,2,15,15,702
21391,2,15,15,702
21392,2,15,15,702
21393,2,15,15,702
21394,2,4,4,702
21395,2,15,15,702
21396,2,15,15,702
21397,2,15,15,702
21398,2,15,15,702
21399,2,15,15,702
21400,2,15,15,702
21401,2,15,15,702
21402,2,15,15,702
21403,2,15,15,702
21404,2,15,15,702
21405,2,15,15,702
21406,2,15,15,702
21407,2,15,15,702
21408,2,15,15,702
21409,2,15,15,702
21410,2,3,3,702
21411,2,15,15,702
21412,2,15,15,702
21413,2,15,15,702
21414,2,15,15,702
21415,2,15,15,702
21416,2,15,15,702
21417,2,15,15,702
21418,2,15,15,702
21419,2,15,15,702
21420,2,15,15,702
21421,2,15,15,702
21422,2,3,3,702
21423,2,15,15,702
21424,2,15,15,702
21425,2,15,15,702
21426,2,15,15,702
21427,2,21,15,702
21428,2,15,15,702
21429,2,15,15,702
21430,2,4,4,702
21431,2,15,15,702
21432,2,15,15,702
21433,2,15,15,702
21434,2,15,15,702
21435,2,15,15,702
21436,2,15,15,702
21437,2,15,15,702
21438,2,15,15,702
21439,2,15,15,702
21440,2,15,15,702
21441,2,15,15,702
21442,2,15,15,702
21443,2,15,15,702
21444,2,15,15,702
21445,2,15,15,702
21446,2,15,15,702
21447,2,15,15,702
21448,2,15,15,702
21449,2,15,15,702
21450,2,15,15,702
21451,2,15,15,702
21452,2,15,15,702
21453,2,15,15,702
21454,2,15,15,702
21455,2,15,15,702
21456,2,15,15,702
21457,2,15,15,702
21458,2,15,15,702
21459,2,15,15,702
21460,2,15,15,702
21461,2,15,15,702
21462,2,15,15,702
21463,2,15,15,702
21464,2,15,15,702
21465,2,15,15,702
21466,2,15,15,702
21467,2,15,15,702
21468,2,15,15,702
21469,2,15,15,702
21470,2,15,15,702
21471,2,15,15,702
21472,2,15,15,702
21473,2,15,15,702
21474,2,15,15,702
21475,2,15,15,702
21476,2,15,15,702
21477,2,15,15,702
21478,2,15,15,702
21479,2,15,15,702
21480,2,15,15,702
21481,2,15,15,702
21482,2,15,15,702
21483,2,15,15,702
21484,2,15,15,702
21485,2,15,15,702
21486,2,15,15,702
21487,2,15,15,702
21488,2,15,15,702
21489,2,15,15,702
21490,2,15,15,702
21491,2,30,30,702
21492,2,15,15,702
21493,2,15,15,702
21494,2,15,15,702
21495,2,15,15,702
21496,2,15,15,702
21497,2,15,15,702
21498,2,15,15,702
21499,2,15,15,702
21500,2,15,15,702
21501,2,15,15,702
21502,2,15,15,702
21503,2,15,15,702
21504,2,15,15,702
21505,2,15,15,702
21506,2,9,9,702
21507,2,15,15,702
21508,2,15,15,702
21509,2,15,15,702
21510,2,15,15,702
21511,2,15,15,702
21512,2,15,15,702
21513,2,15,15,702
21514,2,15,15,702
21515,2,15,15,702
21516,2,15,15,702
21517,2,4,4,702
21518,2,15,15,702
21519,2,15,15,702
21520,2,4,4,702
21521,2,15,15,702
21522,2,15,15,702
21523,2,11,11,702
21524,2,15,15,702
21525,2,15,15,702
21526,2,15,15,702
21527,2,15,15,702
21528,2,15,15,702
21529,2,15,15,702
21530,2,15,15,702
21531,2,15,15,702
21532,2,15,15,702
21533,2,15,15,702
21534,2,15,15,702
21535,2,15,15,702
21536,2,15,15,702
21537,2,15,15,702
21538,2,15,15,702
21539,2,15,15,702
21540,2,15,15,702
21541,2,15,15,702
21542,2,15,15,702
21543,2,15,15,702
21544,2,15,15,702
21545,2,15,15,702
21546,2,41,41,702
21547,2,15,15,702
21548,2,15,15,702
21549,2,15,15,702
21550,2,15,15,702
21551,2,15,15,702
21552,2,15,15,702
21553,2,3,3,702
21554,2,15,15,702
21555,2,4,4,702
21556,2,15,15,702
21557,2,15,15,702
21558,2,4,4,702
21559,2,15,15,702
21560,2,15,15,702
21561,2,15,15,702
21562,2,4,4,702
21563,2,15,15,702
21564,2,15,15,702
21565,2,15,15,702
21566,2,15,15,702
21567,2,15,15,702
21568,2,15,15,702
21569,2,15,15,702
21570,2,15,15,702
21571,2,15,15,702
21572,2,15,15,702
21573,2,15,15,702
21574,2,15,15,702
21575,2,15,15,702
21576,2,15,15,702
21577,2,15,15,702
21578,2,21,15,702
21579,2,15,15,702
21580,2,15,15,702
21581,2,15,15,702
21582,2,15,15,702
21583,2,15,15,702
21584,2,15,15,702
21585,2,15,15,702
21586,2,15,15,702
21587,2,15,15,702
21588,2,15,15,702
21589,2,15,15,702
21590,2,15,15,702
21591,2,21,15,702
21592,2,21,15,702
21593,2,15,15,702
21594,2,15,15,702
21595,2,15,15,702
21596,2,15,15,702
21597,2,15,15,702
21598,2,15,15,702
21599,2,15,15,702
21600,2,15,15,702
21601,2,15,15,702
21602,2,15,15,702
21603,2,15,15,702
21604,2,4,4,702
21605,2,15,15,702
21606,2,15,4,702
21607,2,3,3,702
21608,2,15,15,702
21609,2,15,15,702
21610,2,15,15,702
21611,2,15,15,702
21612,2,15,15,702
21613,2,39,39,702
21614,2,15,15,702
21615,2,15,15,702
21616,2,15,15,702
21617,2,15,15,702
21618,2,15,15,702
21619,2,15,15,702
21620,2,15,15,702
21621,2,15,15,702
21622,2,15,15,702
21623,2,15,15,702
21624,2,15,15,702
21625,2,15,15,702
21626,2,15,15,702
21627,2,15,15,702
21628,2,15,15,702
21629,2,15,15,702
21630,2,15,15,702
21631,2,15,15,702
21632,2,15,15,702
21633,2,15,15,702
21634,2,15,15,702
21635,2,3,3,702
21636,2,15,15,702
21637,2,4,4,702
21638,2,15,15,702
21639,2,15,4,702
21640,2,15,15,702
21641,2,39,39,702
21642,2,15,15,702
21643,2,15,15,702
21644,2,4,4,702
21645,2,15,15,702
21646,2,15,15,702
21647,2,15,15,702
21648,2,15,15,702
21649,2,15,15,702
21650,2,4,4,702
21651,2,4,15,702
21652,2,15,15,702
21653,2,15,15,702
21654,2,15,3,702
21655,2,15,15,702
21656,2,39,39,702
21657,2,15,15,702
21658,2,15,15,702
21659,2,15,15,702
21660,2,15,15,702
21661,2,15,15,702
21662,2,15,15,702
21663,2,15,15,702
21664,2,15,15,702
21665,2,15,15,702
21666,2,15,15,702
21667,2,15,15,702
21668,2,15,15,702
21669,2,15,15,702
21670,2,15,15,702
21671,2,15,15,702
21672,2,15,15,702
21673,2,15,15,702
21674,2,15,15,702
21675,2,15,15,702
21676,2,41,41,702
21677,2,15,15,702
21678,2,15,15,702
21679,2,15,15,702
21680,2,15,15,702
21681,2,39,39,702
21682,2,15,15,702
21683,2,15,15,702
21684,2,21,15,702
21685,2,15,15,702
21686,2,15,15,702
21687,2,15,15,702
21688,2,15,15,702
21689,2,15,15,702
21690,2,15,15,702
21691,2,15,15,702
21692,2,15,15,702
21693,2,15,15,702
21694,2,15,15,702
21695,2,15,15,702
21696,2,15,15,702
21697,2,15,15,702
21698,2,4,4,702
21699,2,15,15,702
21700,2,15,15,702
21701,2,15,15,702
21702,2,15,15,702
21703,2,39,39,702
21704,2,15,15,702
21705,2,21,15,702
21706,2,41,41,702
21707,2,15,15,702
21708,2,15,15,702
21709,2,15,15,702
21710,2,15,15,702
21711,2,15,15,702
21712,2,15,15,702
21713,2,41,15,702
21714,2,15,15,702
21715,2,15,15,702
21716,2,15,15,702
21717,2,15,15,702
21718,2,15,15,702
21719,2,15,15,702
21720,2,3,3,702
21721,2,15,15,702
21722,2,4,15,702
21723,2,15,15,702
21724,2,15,15,702
21725,2,15,15,702
21726,2,15,15,702
21727,2,15,15,702
21728,2,3,3,702
21729,2,3,3,702
21730,2,15,15,702
21731,2,15,15,702
21732,2,15,15,702
21733,2,41,41,702
21734,2,15,15,702
21735,2,21,21,702
21736,2,15,15,702
21737,2,15,15,702
21738,2,15,15,702
21739,2,15,15,702
21740,2,15,15,702
21741,2,15,15,702
21742,2,15,15,702
21743,2,15,4,702
21744,2,39,39,702
21745,2,15,15,702
21746,2,15,15,702
21747,2,15,15,702
21748,2,15,15,702
21749,2,15,15,702
21750,2,15,15,702
21751,2,15,15,702
21752,2,15,15,702
21753,2,15,15,702
21754,2,4,4,702
21755,2,15,15,702
21756,2,15,15,702
21757,2,21,21,702
21758,2,15,15,702
21759,2,15,15,702
21760,2,15,15,702
21761,2,15,15,702
21762,2,15,15,702
21763,2,15,15,702
21764,2,15,15,702
21765,2,39,39,702
21766,2,15,15,702
21767,2,15,15,702
21768,2,15,15,702
21769,2,15,15,702
21770,2,15,15,702
21771,2,15,15,702
21772,2,15,15,702
21773,2,15,15,702
21774,2,15,15,702
21775,2,15,15,702
21776,2,15,15,702
21777,2,15,15,702
21778,2,15,15,702
21779,2,15,15,702
21780,2,15,15,702
21781,2,15,15,702
21782,2,15,15,702
21783,2,15,15,702
21784,2,15,15,702
21785,2,15,15,702
21786,2,15,15,702
21787,2,15,15,702
21788,2,15,15,702
21789,2,15,15,702
21790,2,15,15,702
21791,2,15,15,702
21792,2,4,4,702
21793,2,15,15,702
21794,2,15,15,702
21795,2,15,15,702
21796,2,15,15,702
21797,2,15,15,702
21798,2,15,15,702
21799,2,15,15,702
21800,2,15,15,702
21801,2,15,15,702
21802,2,15,15,702
21803,2,15,15,702
21804,2,15,15,702
21805,2,15,15,702
21806,2,15,15,702
21807,2,15,15,702
21808,2,4,4,702
21809,2,15,15,702
21810,2,15,15,702
21811,2,15,15,702
21812,2,15,15,702
21813,2,15,15,702
21814,2,15,15,702
21815,2,15,15,702
21816,2,15,15,702
21817,2,15,15,702
21818,2,15,15,702
21819,2,15,15,702
21820,2,15,15,702
21821,2,41,15,702
21822,2,15,15,702
21823,2,15,15,702
21824,2,15,15,702
21825,2,15,15,702
21826,2,15,15,702
21827,2,15,15,702
21828,2,15,15,702
21829,2,15,15,702
21830,2,15,15,702
21831,2,15,15,702
21832,2,15,15,702
21833,2,4,4,702
21834,2,15,15,702
21835,2,15,15,702
21836,2,15,15,702
21837,2,15,15,702
21838,2,15,15,702
21839,2,15,15,702
21840,2,15,15,702
21841,2,15,15,702
21842,2,15,15,702
21843,2,15,15,702
21844,2,15,15,702
21845,2,15,15,702
21846,2,15,15,702
21847,2,15,15,702
21848,2,15,15,702
21849,2,4,4,702
21850,2,15,15,702
21851,2,15,15,702
21852,2,15,15,702
21853,2,15,15,702
21854,2,15,15,702
21855,2,15,15,702
21856,2,15,15,702
21857,2,15,15,702
21858,2,15,15,702
21859,2,15,15,702
21860,2,15,15,702
21861,2,21,21,702
21862,2,15,15,702
21863,2,15,15,702
21864,2,15,15,702
21865,2,15,15,702
21866,2,4,4,702
21867,2,15,15,702
21868,2,15,15,702
21869,2,15,15,702
21870,2,15,15,702
21871,2,15,15,702
21872,2,15,15,702
21873,2,15,15,702
21874,2,15,15,702
21875,2,39,39,702
21876,2,15,15,702
21877,2,15,15,702
21878,2,21,15,702
21879,2,15,15,702
21880,2,15,15,702
21881,2,15,15,702
21882,2,15,3,702
21883,2,15,15,702
21884,2,15,15,702
21885,2,15,15,702
21886,2,15,15,702
21887,2,15,15,702
21888,2,15,15,702
21889,2,15,15,702
21890,2,4,4,702
21891,2,15,15,702
21892,2,15,15,702
21893,2,15,15,702
21894,2,15,15,702
21895,2,15,15,702
21896,2,15,15,702
21897,2,15,15,702
21898,2,15,15,702
21899,2,15,15,702
21900,2,15,15,702
21901,2,4,4,702
21902,2,15,15,702
21903,2,15,15,702
21904,2,39,39,702
21905,2,15,15,702
21906,2,15,15,702
21907,2,15,15,702
21908,2,15,15,702
21909,2,15,15,702
21910,2,15,15,702
21911,2,39,39,702
21912,2,15,15,702
21913,2,15,15,702
21914,2,41,41,702
21915,2,15,15,702
21916,2,15,15,702
21917,2,15,15,702
21918,2,15,15,702
21919,2,15,15,702
21920,2,15,15,702
21921,2,3,3,702
21922,2,15,15,702
21923,2,15,15,702
21924,2,15,15,702
21925,2,15,15,702
21926,2,15,15,702
21927,2,21,15,702
21928,2,15,15,702
21929,2,15,15,702
21930,2,15,15,702
21931,2,15,15,702
21932,2,41,41,702
21933,2,15,15,702
21934,2,15,15,702
21935,2,15,15,702
21936,2,15,15,702
21937,2,15,15,702
21938,2,15,15,702
21939,2,4,4,702
21940,2,15,15,702
21941,2,15,15,702
21942,2,15,15,702
21943,2,15,15,702
21944,2,15,15,702
21945,2,15,15,702
21946,2,15,15,702
21947,2,15,15,702
21948,2,4,4,702
21949,2,4,4,702
21950,2,15,15,702
21951,2,15,15,702
21952,2,21,15,702
21953,2,15,15,702
21954,2,15,15,702
21955,2,15,15,702
21956,2,15,15,702
21957,2,15,15,702
21958,2,15,15,702
21959,2,15,15,702
21960,2,15,15,702
21961,2,15,15,702
21962,2,15,15,702
21963,2,15,15,702
21964,2,15,15,702
21965,2,15,15,702
21966,2,15,15,702
21967,2,21,21,702
21968,2,15,15,702
21969,2,15,15,702
21970,2,15,15,702
21971,2,15,15,702
21972,2,15,15,702
21973,2,15,15,702
21974,2,15,15,702
21975,2,15,15,702
21976,2,4,4,702
21977,2,15,15,702
21978,2,15,15,702
21979,2,15,15,702
21980,2,15,15,702
21981,2,15,15,702
21982,2,15,15,702
21983,2,15,15,702
21984,2,15,15,702
21985,2,15,15,702
21986,2,15,15,702
21987,2,41,41,702
21988,2,15,15,702
21989,2,15,15,702
21990,2,15,15,702
21991,2,15,15,702
21992,2,21,15,702
21993,2,15,15,702
21994,2,15,15,702
21995,2,15,15,702
21996,2,15,15,702
21997,2,41,41,702
21998,2,15,15,702
21999,2,15,15,702
22000,2,15,15,702
22001,2,15,15,702
22002,2,15,15,702
22003,2,15,15,702
22004,2,15,15,702
22005,2,15,15,702
22006,2,15,15,702
22007,2,15,15,702
22008,2,15,15,702
22009,2,15,15,702
22010,2,15,15,702
22011,2,15,15,702
22012,2,4,4,702
22013,2,15,15,702
22014,2,15,15,702
22015,2,15,15,702
22016,2,15,15,702
22017,2,15,15,702
22018,2,15,15,702
22019,2,15,15,702
22020,2,15,15,702
22021,2,15,15,702
22022,2,15,15,702
22023,2,15,15,702
22024,2,15,15,702
22025,2,15,15,702
22026,2,41,41,702
22027,2,15,15,702
22028,2,3,3,702
22029,2,15,15,702
22030,2,15,15,702
22031,2,15,15,702
22032,2,15,15,702
22033,2,15,15,702
22034,2,15,15,702
22035,2,15,15,702
22036,2,15,15,702
22037,2,15,15,702
22038,2,15,15,702
22039,2,15,15,702
22040,2,15,15,702
22041,2,15,15,702
22042,2,15,15,702
22043,2,15,15,702
22044,2,15,15,702
22045,2,15,15,702
22046,2,15,15,702
22047,2,15,15,702
22048,2,15,15,702
22049,2,21,15,702
22050,2,15,15,702
22051,2,15,15,702
22052,2,15,15,702
22053,2,15,15,702
22054,2,15,15,702
22055,2,15,15,702
22056,2,15,15,702
22057,2,15,15,702
22058,2,15,15,702
22059,2,15,15,702
22060,2,15,4,702
22061,2,15,15,702
22062,2,15,15,702
22063,2,4,4,702
22064,2,15,15,702
22065,2,15,15,702
22066,2,15,15,702
22067,2,15,15,702
22068,2,15,15,702
22069,2,15,15,702
22070,2,15,15,702
22071,2,15,15,702
22072,2,4,4,702
22073,2,15,15,702
22074,2,15,15,702
22075,2,15,15,702
22076,2,15,15,702
22077,2,15,15,702
22078,2,15,15,702
22079,2,15,15,702
22080,2,15,15,702
22081,2,15,15,702
22082,2,15,15,702
22083,2,15,15,702
22084,2,15,15,702
22085,2,24,24,702
22086,2,15,15,702
22087,2,15,15,702
22088,2,15,15,702
22089,2,15,15,702
22090,2,15,15,702
22091,2,15,15,702
22092,2,15,15,702
22093,2,15,15,702
22094,2,15,15,702
22095,2,15,15,702
22096,2,15,15,702
22097,2,15,15,702
22098,2,15,15,702
22099,2,15,15,702
22100,2,15,15,702
22101,2,15,15,702
22102,2,15,15,702
22103,2,15,15,702
22104,2,15,15,702
22105,2,15,15,702
22106,2,15,15,702
22107,2,15,15,702
22108,2,15,15,702
22109,2,4,4,702
22110,2,15,15,702
22111,2,15,15,702
22112,2,15,15,702
22113,2,15,15,702
22114,2,15,15,702
22115,2,15,15,702
22116,2,15,15,702
22117,2,15,15,702
22118,2,15,15,702
22119,2,15,15,702
22120,2,15,15,702
22121,2,15,15,702
22122,2,15,15,702
22123,2,15,15,702
22124,2,15,15,702
22125,2,15,15,702
22126,2,15,15,702
22127,2,15,15,702
22128,2,15,15,702
22129,2,15,15,702
22130,2,15,15,702
22131,2,15,15,702
22132,2,15,15,702
22133,2,15,15,702
22134,2,15,15,702
22135,2,15,15,702
22136,2,15,15,702
22137,2,15,15,702
22138,2,15,15,702
22139,2,15,15,702
22140,2,15,15,702
22141,2,15,15,702
22142,2,15,15,702
22143,2,15,15,702
22144,2,15,15,702
22145,2,15,15,702
22146,2,15,15,702
22147,2,15,15,702
22148,2,15,15,702
22149,2,3,3,702
22150,2,15,15,702
22151,2,15,15,702
22152,2,15,15,702
22153,2,15,15,702
22154,2,15,15,702
22155,2,15,15,702
22156,2,15,15,702
22157,2,15,15,702
22158,2,15,15,702
22159,2,15,15,702
22160,2,15,15,702
22161,2,15,15,702
22162,2,15,15,702
22163,2,15,15,702
22164,2,15,15,702
22165,2,15,15,702
22166,2,15,15,702
22167,2,15,15,702
22168,2,15,15,702
22169,2,15,15,702
22170,2,15,15,702
22171,2,15,15,702
22172,2,15,15,702
22173,2,15,15,702
22174,2,15,15,702
22175,2,15,15,702
22176,2,15,15,702
22177,2,15,15,702
22178,2,15,15,702
22179,2,15,15,702
22180,2,15,15,702
22181,2,15,15,702
22182,2,21,15,702
22183,2,15,15,702
22184,2,15,15,702
22185,2,15,15,702
22186,2,15,15,702
22187,2,15,15,702
22188,2,15,15,702
22189,2,15,15,702
22190,2,4,4,702
22191,2,15,15,702
22192,2,15,15,702
22193,2,15,15,702
22194,2,15,15,702
22195,2,15,15,702
22196,2,15,15,702
22197,2,15,15,702
22198,2,15,15,702
22199,2,15,15,702
22200,2,15,15,702
22201,2,15,15,702
22202,2,15,15,702
22203,2,15,15,702
22204,2,39,39,702
22205,2,15,15,702
22206,2,4,15,702
22207,2,15,15,702
22208,2,15,15,702
22209,2,15,15,702
22210,2,15,15,702
22211,2,4,4,702
22212,2,15,15,702
22213,2,15,15,702
22214,2,15,15,702
22215,2,15,15,702
22216,2,15,15,702
22217,2,15,15,702
22218,2,15,15,702
22219,2,15,15,702
22220,2,15,15,702
22221,2,15,15,702
22222,2,15,15,702
22223,2,15,15,702
22224,2,15,15,702
22225,2,15,15,702
22226,2,15,15,702
22227,2,15,15,702
22228,2,15,15,702
22229,2,15,15,702
22230,2,15,15,702
22231,2,15,15,702
22232,2,15,15,702
22233,2,15,15,702
22234,2,15,15,702
22235,2,15,15,702
22236,2,15,15,702
22237,2,15,15,702
22238,2,15,15,702
22239,2,15,15,702
22240,2,15,15,702
22241,2,15,15,702
22242,2,15,15,702
22243,2,15,15,702
22244,2,15,15,702
22245,2,15,15,702
22246,2,15,15,702
22247,2,15,15,702
22248,2,15,15,702
22249,2,15,15,702
22250,2,15,15,702
22251,2,15,15,702
22252,2,3,4,702
22253,2,15,15,702
22254,2,15,4,702
22255,2,15,15,702
22256,2,15,15,702
22257,2,15,15,702
22258,2,15,15,702
22259,2,15,15,702
22260,2,15,15,702
22261,2,15,15,702
22262,2,15,15,702
22263,2,15,4,702
22264,2,15,15,702
22265,2,15,15,702
22266,2,4,4,702
22267,2,15,15,702
22268,2,15,15,702
22269,2,15,15,702
22270,2,15,15,702
22271,2,15,15,702
22272,2,15,15,702
22273,2,15,15,702
22274,2,15,15,702
22275,2,15,15,702
22276,2,15,15,702
22277,2,15,15,702
22278,2,15,15,702
22279,2,15,15,702
22280,2,15,15,702
22281,2,15,15,702
22282,2,15,15,702
22283,2,15,15,702
22284,2,15,15,702
22285,2,15,15,702
22286,2,15,15,702
22287,2,15,15,702
22288,2,15,15,702
22289,2,15,15,702
22290,2,15,15,702
22291,2,15,15,702
22292,2,15,15,702
22293,2,15,15,702
22294,2,15,15,702
22295,2,15,15,702
22296,2,15,15,702
22297,2,15,15,702
22298,2,15,15,702
22299,2,15,15,702
22300,2,15,15,702
22301,2,15,15,702
22302,2,41,41,702
22303,2,15,15,702
22304,2,15,15,702
22305,2,4,15,702
22306,2,15,15,702
22307,2,15,15,702
22308,2,15,15,702
22309,2,15,15,702
22310,2,15,15,702
22311,2,4,4,702
22312,2,15,15,702
22313,2,15,15,702
22314,2,15,15,702
22315,2,15,15,702
22316,2,15,15,702
22317,2,15,15,702
22318,2,15,15,702
22319,2,15,15,702
22320,2,3,3,702
22321,2,15,15,702
22322,2,15,15,702
22323,2,15,15,702
22324,2,15,15,702
22325,2,15,3,702
22326,2,15,15,702
22327,2,15,15,702
22328,2,24,24,702
22329,2,15,15,702
22330,2,15,4,702
22331,2,15,15,702
22332,2,24,24,702
22333,2,15,15,702
22334,2,15,15,702
22335,2,15,15,702
22336,2,15,15,702
22337,2,15,15,702
22338,2,15,15,702
22339,2,15,15,702
22340,2,15,15,702
22341,2,15,15,702
22342,2,15,15,702
22343,2,15,15,702
22344,2,15,15,702
22345,2,15,15,702
22346,2,15,15,702
22347,2,39,39,702
22348,2,15,15,702
22349,2,15,15,702
22350,2,9,9,702
22351,2,15,15,702
22352,2,15,15,702
22353,2,15,15,702
22354,2,15,15,702
22355,2,15,15,702
22356,2,15,15,702
22357,2,15,15,702
22358,2,15,15,702
22359,2,15,15,702
22360,2,4,4,702
22361,2,15,15,702
22362,2,4,4,702
22363,2,15,15,702
22364,2,15,15,702
22365,2,15,15,702
22366,2,15,15,702
22367,2,15,15,702
22368,2,41,41,702
22369,2,15,15,702
22370,2,39,39,702
22371,2,4,4,702
22372,2,15,15,702
22373,2,15,15,702
22374,2,15,15,702
22375,2,15,15,702
22376,2,4,4,702
22377,2,15,15,702
22378,2,15,15,702
22379,2,15,15,702
22380,2,15,15,702
22381,2,15,15,702
22382,2,15,15,702
22383,2,4,4,702
22384,2,15,15,702
22385,2,15,15,702
22386,2,15,15,702
22387,2,15,15,702
22388,2,15,15,702
22389,2,15,15,702
22390,2,15,15,702
22391,2,15,15,702
22392,2,4,4,702
22393,2,15,15,702
22394,2,15,15,702
22395,2,15,15,702
22396,2,15,15,702
22397,2,15,15,702
22398,2,4,4,702
22399,2,15,15,702
22400,2,15,15,702
22401,2,15,15,702
22402,2,15,15,702
22403,2,4,4,702
22404,2,15,15,702
22405,2,15,15,702
22406,2,15,15,702
22407,2,15,15,702
22408,2,15,15,702
22409,2,15,15,702
22410,2,15,15,702
22411,2,15,15,702
22412,2,15,15,702
22413,2,15,15,702
22414,2,15,15,702
22415,2,15,15,702
22416,2,15,15,702
22417,2,15,15,702
22418,2,15,15,702
22419,2,15,15,702
22420,2,4,4,702
22421,2,15,15,702
22422,2,15,15,702
22423,2,15,15,702
22424,2,15,15,702
22425,2,15,15,702
22426,2,15,15,702
22427,2,15,15,702
22428,2,15,15,702
22429,2,15,15,702
22430,2,15,15,702
22431,2,15,15,702
22432,2,15,15,702
22433,2,15,15,702
22434,2,15,15,702
22435,2,15,15,702
22436,2,15,3,702
22437,2,15,4,702
22438,2,15,15,702
22439,2,15,15,702
22440,2,15,15,702
22441,2,15,15,702
22442,2,15,15,702
22443,2,15,15,702
22444,2,41,41,702
22445,2,15,15,702
22446,2,15,15,702
22447,2,15,15,702
22448,2,15,15,702
22449,2,15,15,702
22450,2,15,15,702
22451,2,15,15,702
22452,2,15,15,702
22453,2,15,15,702
22454,2,15,15,702
22455,2,15,15,702
22456,2,15,15,702
22457,2,15,15,702
22458,2,15,15,702
22459,2,4,4,702
22460,2,15,15,702
22461,2,15,15,702
22462,2,15,15,702
22463,2,15,15,702
22464,2,15,15,702
22465,2,15,15,702
22466,2,15,15,702
22467,2,15,15,702
22468,2,21,15,702
22469,2,15,15,702
22470,2,15,15,702
22471,2,15,15,702
22472,2,15,15,702
22473,2,12,12,702
22474,2,15,15,702
22475,2,15,15,702
22476,2,15,15,702
22477,2,15,15,702
22478,2,4,4,702
22479,2,15,15,702
22480,2,15,15,702
22481,2,15,15,702
22482,2,15,15,702
22483,2,15,15,702
22484,2,15,15,702
22485,2,39,39,702
22486,2,15,15,702
22487,2,12,12,702
22488,2,15,15,702
22489,2,15,15,702
22490,2,15,15,702
22491,2,15,15,702
22492,2,15,15,702
22493,2,15,15,702
22494,2,15,15,702
22495,2,15,15,702
22496,2,15,15,702
22497,2,15,15,702
22498,2,15,15,702
22499,2,15,15,702
22500,2,41,41,702
22501,2,15,15,702
22502,2,15,15,702
22503,2,15,15,702
22504,2,15,15,702
22505,2,15,15,702
22506,2,15,15,702
22507,2,15,15,702
22508,2,15,15,702
22509,2,15,15,702
22510,2,15,15,702
22511,2,15,4,702
22512,2,15,15,702
22513,2,15,15,702
22514,2,15,15,702
22515,2,4,4,702
22516,2,15,15,702
22517,2,15,15,702
22518,2,41,41,702
22519,2,15,15,702
22520,2,15,15,702
22521,2,15,15,702
22522,2,15,15,702
22523,2,15,15,702
22524,2,15,15,702
22525,2,15,15,702
22526,2,15,15,702
22527,2,15,15,702
22528,2,15,15,702
22529,2,15,15,702
22530,2,15,15,702
22531,2,15,15,702
22532,2,15,15,702
22533,2,15,15,702
22534,2,15,15,702
22535,2,15,15,702
22536,2,15,15,702
22537,2,15,15,702
22538,2,15,15,702
22539,2,15,15,702
22540,2,3,3,702
22541,2,15,15,702
22542,2,15,15,702
22543,2,15,15,702
22544,2,15,15,702
22545,2,15,15,702
22546,2,15,15,702
22547,2,15,15,702
22548,2,15,15,702
22549,2,15,15,702
22550,2,15,15,702
22551,2,15,15,702
22552,2,15,15,702
22553,2,21,4,702
22554,2,15,15,702
22555,2,15,15,702
22556,2,21,15,702
22557,2,15,15,702
22558,2,15,15,702
22559,2,15,15,702
22560,2,15,15,702
22561,2,15,15,702
22562,2,15,15,702
22563,2,15,15,702
22564,2,15,15,702
22565,2,15,15,702
22566,2,15,15,702
22567,2,15,15,702
22568,2,15,15,702
22569,2,15,15,702
22570,2,15,15,702
22571,2,15,15,702
22572,2,15,15,702
22573,2,15,15,702
22574,2,4,4,702
22575,2,15,15,702
22576,2,15,15,702
22577,2,15,15,702
22578,2,15,15,702
22579,2,21,15,702
22580,2,15,15,702
22581,2,15,15,702
22582,2,15,15,702
22583,2,15,15,702
22584,2,15,15,702
22585,2,15,15,702
22586,2,15,15,702
22587,2,15,4,702
22588,2,15,15,702
22589,2,15,15,702
22590,2,15,15,702
22591,2,15,15,702
22592,2,15,15,702
22593,2,15,15,702
22594,2,15,15,702
22595,2,15,15,702
22596,2,15,15,702
22597,2,15,15,702
22598,2,15,15,702
22599,2,15,15,702
22600,2,15,15,702
22601,2,15,15,702
22602,2,15,15,702
22603,2,15,15,702
22604,2,15,15,702
22605,2,15,15,702
22606,2,41,15,702
22607,2,15,15,702
22608,2,15,15,702
22609,2,15,15,702
22610,2,15,15,702
22611,2,15,15,702
22612,2,15,15,702
22613,2,4,15,702
22614,2,15,15,702
22615,2,41,41,702
22616,2,15,15,702
22617,2,15,15,702
22618,2,15,15,702
22619,2,15,15,702
22620,2,15,15,702
22621,2,15,15,702
22622,2,15,15,702
22623,2,15,15,702
22624,2,15,15,702
22625,2,15,15,702
22626,2,15,15,702
22627,2,15,15,702
22628,2,15,15,702
22629,2,4,4,702
22630,2,15,15,702
22631,2,15,15,702
22632,2,15,15,702
22633,2,15,15,702
22634,2,15,21,702
22635,2,15,15,702
22636,2,15,15,702
22637,2,15,15,702
22638,2,15,15,702
22639,2,15,15,702
22640,2,4,4,702
22641,2,15,15,702
22642,2,15,15,702
22643,2,15,15,702
22644,2,15,15,702
22645,2,15,15,702
22646,2,15,15,702
22647,2,15,15,702
22648,2,15,15,702
22649,2,15,15,702
22650,2,15,15,702
22651,2,15,15,702
22652,2,15,15,702
22653,2,15,15,702
22654,2,15,15,702
22655,2,41,15,702
22656,2,41,41,702
22657,2,15,15,702
22658,2,15,15,702
22659,2,15,15,702
22660,2,15,15,702
22661,2,15,15,702
22662,2,9,9,702
22663,2,15,15,702
22664,2,15,15,702
22665,2,15,15,702
22666,2,15,15,702
22667,2,15,15,702
22668,2,4,4,702
22669,2,15,15,702
22670,2,15,15,702
22671,2,41,41,702
22672,2,15,15,702
22673,2,15,15,702
22674,2,15,15,702
22675,2,15,15,702
22676,2,15,15,702
22677,2,15,15,702
22678,2,15,15,702
22679,2,15,15,702
22680,2,15,15,702
22681,2,15,15,702
22682,2,15,15,702
22683,2,15,15,702
22684,2,15,15,702
22685,2,15,15,702
22686,2,4,4,702
22687,2,15,15,702
22688,2,15,15,702
22689,2,15,15,702
22690,2,15,15,702
22691,2,15,15,702
22692,2,15,15,702
22693,2,15,15,702
22694,2,15,15,702
22695,2,15,15,702
22696,2,15,15,702
22697,2,15,15,702
22698,2,15,15,702
22699,2,15,15,702
22700,2,15,15,702
22701,2,15,15,702
22702,2,15,15,702
22703,2,15,15,702
22704,2,41,41,702
22705,2,15,15,702
22706,2,15,15,702
22707,2,15,15,702
22708,2,15,15,702
22709,2,15,15,702
22710,2,15,15,702
22711,2,15,15,702
22712,2,15,15,702
22713,2,15,15,702
22714,2,15,15,702
22715,2,15,15,702
22716,2,15,15,702
22717,2,15,15,702
22718,2,15,15,702
22719,2,15,15,702
22720,2,15,15,702
22721,2,15,15,702
22722,2,15,15,702
22723,2,15,15,702
22724,2,15,15,702
22725,2,15,15,702
22726,2,15,15,702
22727,2,15,15,702
22728,2,15,15,702
22729,2,15,15,702
22730,2,15,15,702
22731,2,15,15,702
22732,2,15,15,702
22733,2,15,15,702
22734,2,15,15,702
22735,2,4,4,702
22736,2,15,15,702
22737,2,21,15,702
22738,2,15,15,702
22739,2,41,41,702
22740,2,15,15,702
22741,2,15,15,702
22742,2,15,15,702
22743,2,15,15,702
22744,2,15,15,702
22745,2,15,15,702
22746,2,15,15,702
22747,2,15,15,702
22748,2,15,15,702
22749,2,15,15,702
22750,2,15,15,702
22751,2,4,4,702
22752,2,15,15,702
22753,2,15,15,702
22754,2,15,15,702
22755,2,15,15,702
22756,2,15,15,702
22757,2,15,15,702
22758,2,4,4,702
22759,2,15,15,702
22760,2,15,15,702
22761,2,15,15,702
22762,2,12,12,702
22763,2,15,15,702
22764,2,15,15,702
22765,2,15,15,702
22766,2,15,15,702
22767,2,15,15,702
22768,2,15,15,702
22769,2,15,15,702
22770,2,15,15,702
22771,2,15,15,702
22772,2,15,15,702
22773,2,15,15,702
22774,2,15,15,702
22775,2,15,15,702
22776,2,15,15,702
22777,2,15,15,702
22778,2,15,15,702
22779,2,15,15,702
22780,2,15,15,702
22781,2,4,4,702
22782,2,15,15,702
22783,2,4,4,702
22784,2,15,15,702
22785,2,15,15,702
22786,2,15,15,702
22787,2,15,15,702
22788,2,15,15,702
22789,2,15,15,702
22790,2,15,15,702
22791,2,15,15,702
22792,2,15,15,702
22793,2,15,15,702
22794,2,15,15,702
22795,2,15,15,702
22796,2,15,15,702
22797,2,15,15,702
22798,2,15,15,702
22799,2,39,39,702
22800,2,15,15,702
22801,2,15,15,702
22802,2,15,15,702
22803,2,15,15,702
22804,2,15,15,702
22805,2,4,4,702
22806,2,15,15,702
22807,2,15,15,702
22808,2,15,15,702
22809,2,15,15,702
22810,2,41,41,702
22811,2,15,15,702
22812,2,15,15,702
22813,2,15,15,702
22814,2,20,20,702
22815,2,15,15,702
22816,2,15,15,702
22817,2,15,15,702
22818,2,15,15,702
22819,2,15,15,702
22820,2,15,15,702
22821,2,15,15,702
22822,2,15,15,702
22823,2,15,15,702
22824,2,15,15,702
22825,2,21,15,702
22826,2,15,15,702
22827,2,15,15,702
22828,2,15,15,702
22829,2,4,4,702
22830,2,15,15,702
22831,2,4,4,702
22832,2,15,15,702
22833,2,15,15,702
22834,2,15,15,702
22835,2,4,4,702
22836,2,15,15,702
22837,2,15,15,702
22838,2,15,15,702
22839,2,15,15,702
22840,2,15,15,702
22841,2,4,4,702
22842,2,4,4,702
22843,2,15,15,702
22844,2,15,15,702
22845,2,15,15,702
22846,2,15,15,702
22847,2,3,3,702
22848,2,15,15,702
22849,2,15,15,702
22850,2,15,15,702
22851,2,15,15,702
22852,2,15,15,702
22853,2,15,15,702
22854,2,15,15,702
22855,2,15,15,702
22856,2,15,15,702
22857,2,15,15,702
22858,2,15,15,702
22859,2,15,15,702
22860,2,24,4,702
22861,2,15,15,702
22862,2,15,15,702
22863,2,15,15,702
22864,2,15,3,702
22865,2,15,15,702
22866,2,15,15,702
22867,2,15,15,702
22868,2,15,15,702
22869,2,15,15,702
22870,2,15,15,702
22871,2,15,15,702
22872,2,15,15,702
22873,2,15,15,702
22874,2,15,15,702
22875,2,15,15,702
22876,2,15,15,702
22877,2,15,15,702
22878,2,15,15,702
22879,2,15,15,702
22880,2,4,4,702
22881,2,15,15,702
22882,2,15,15,702
22883,2,15,15,702
22884,2,15,15,702
22885,2,15,15,702
22886,2,15,15,702
22887,2,15,15,702
22888,2,15,15,702
22889,2,15,15,702
22890,2,15,15,702
22891,2,15,15,702
22892,2,15,15,702
22893,2,15,15,702
22894,2,41,41,702
22895,2,15,15,702
22896,2,15,15,702
22897,2,15,15,702
22898,2,15,15,702
22899,2,15,15,702
22900,2,15,15,702
22901,2,15,15,702
22902,2,15,15,702
22903,2,15,15,702
22904,2,15,15,702
22905,2,15,15,702
22906,2,15,15,702
22907,2,15,15,702
22908,2,41,41,702
22909,2,15,15,702
22910,2,4,15,702
22911,2,15,15,702
22912,2,15,15,702
22913,2,15,15,702
22914,2,15,15,702
22915,2,15,15,702
22916,2,15,15,702
22917,2,15,15,702
22918,2,15,15,702
22919,2,21,21,702
22920,2,15,15,702
22921,2,15,15,702
22922,2,15,15,702
22923,2,15,15,702
22924,2,15,15,702
22925,2,15,15,702
22926,2,15,15,702
22927,2,15,15,702
22928,2,15,15,702
22929,2,15,15,702
22930,2,15,15,702
22931,2,21,11,702
22932,2,15,15,702
22933,2,15,15,702
22934,2,15,15,702
22935,2,3,3,702
22936,2,15,15,702
22937,2,15,15,702
22938,2,4,4,702
22939,2,15,15,702
22940,2,15,15,702
22941,2,15,15,702
22942,2,15,15,702
22943,2,15,15,702
22944,2,15,15,702
22945,2,15,15,702
22946,2,15,15,702
22947,2,15,15,702
22948,2,15,15,702
22949,2,15,15,702
22950,2,15,4,702
22951,2,15,15,702
22952,2,15,15,702
22953,2,21,15,702
22954,2,15,15,702
22955,2,15,15,702
22956,2,15,15,702
22957,2,15,15,702
22958,2,15,15,702
22959,2,15,15,702
22960,2,15,15,702
22961,2,15,15,702
22962,2,15,15,702
22963,2,15,15,702
22964,2,15,4,702
22965,2,15,15,702
22966,2,15,15,702
22967,2,3,3,702
22968,2,15,15,702
22969,2,15,15,702
22970,2,15,15,702
22971,2,15,15,702
22972,2,15,15,702
22973,2,15,15,702
22974,2,15,15,702
22975,2,15,15,702
22976,2,15,4,702
22977,2,15,15,702
22978,2,15,15,702
22979,2,15,15,702
22980,2,15,15,702
22981,2,15,15,702
22982,2,15,15,702
22983,2,15,15,702
22984,2,15,15,702
22985,2,15,15,702
22986,2,15,15,702
22987,2,15,15,702
22988,2,15,15,702
22989,2,15,15,702
22990,2,15,15,702
22991,2,15,4,702
22992,2,15,15,702
22993,2,15,15,702
22994,2,15,15,702
22995,2,15,15,702
22996,2,15,15,702
22997,2,15,15,702
22998,2,15,15,702
22999,2,15,15,702
23000,2,15,15,702
23001,2,15,15,702
23002,2,3,3,702
23003,2,15,15,702
23004,2,15,15,702
23005,2,15,15,702
23006,2,15,15,702
23007,2,15,15,702
23008,2,4,4,702
23009,2,15,15,702
23010,2,15,15,702
23011,2,15,15,702
23012,2,15,15,702
23013,2,15,15,702
23014,2,15,15,702
23015,2,15,15,702
23016,2,15,15,702
23017,2,15,15,702
23018,2,15,15,702
23019,2,15,15,702
23020,2,15,15,702
23021,2,15,15,702
23022,2,15,15,702
23023,2,15,15,702
23024,2,15,15,702
23025,2,15,15,702
23026,2,15,15,702
23027,2,15,15,702
23028,2,15,15,702
23029,2,15,15,702
23030,2,15,15,702
23031,2,15,15,702
23032,2,15,15,702
23033,2,15,15,702
23034,2,15,15,702
23035,2,4,4,702
23036,2,15,15,702
23037,2,15,15,702
23038,2,15,15,702
23039,2,15,15,702
23040,2,4,4,702
23041,2,15,15,702
23042,2,15,15,702
23043,2,15,15,702
23044,2,15,15,702
23045,2,15,15,702
23046,2,15,15,702
23047,2,15,4,702
23048,2,15,15,702
23049,2,15,15,702
23050,2,15,15,702
23051,2,15,15,702
23052,2,39,39,702
23053,2,15,15,702
23054,2,15,15,702
23055,2,15,15,702
23056,2,15,15,702
23057,2,15,15,702
23058,2,15,15,702
23059,2,15,15,702
23060,2,15,15,702
23061,2,15,15,702
23062,2,15,15,702
23063,2,15,15,702
23064,2,15,15,702
23065,2,15,15,702
23066,2,15,15,702
23067,2,15,15,702
23068,2,15,15,702
23069,2,15,15,702
23070,2,15,15,702
23071,2,15,15,702
23072,2,15,15,702
23073,2,15,15,702
23074,2,15,15,702
23075,2,15,15,702
23076,2,15,15,702
23077,2,15,15,702
23078,2,15,4,702
23079,2,15,15,702
23080,2,15,15,702
23081,2,15,15,702
23082,2,15,15,702
23083,2,15,15,702
23084,2,15,15,702
23085,2,15,15,702
23086,2,15,15,702
23087,2,15,15,702
23088,2,15,15,702
23089,2,15,15,702
23090,2,15,15,702
23091,2,15,15,702
23092,2,15,15,702
23093,2,15,15,702
23094,2,15,15,702
23095,2,15,15,702
23096,2,15,15,702
23097,2,15,15,702
23098,2,15,15,702
23099,2,15,15,702
23100,2,15,15,702
23101,2,15,15,702
23102,2,15,15,702
23103,2,15,15,702
23104,2,15,15,702
23105,2,15,15,702
23106,2,15,15,702
23107,2,15,15,702
23108,2,15,15,702
23109,2,15,15,702
23110,2,15,15,702
23111,2,15,15,702
23112,2,15,15,702
23113,2,15,15,702
23114,2,15,15,702
23115,2,3,3,702
23116,2,4,4,702
23117,2,15,15,702
23118,2,15,15,702
23119,2,15,15,702
23120,2,15,15,702
23121,2,15,15,702
23122,2,15,15,702
23123,2,21,4,702
23124,2,15,15,702
23125,2,41,41,702
23126,2,15,15,702
23127,2,15,15,702
23128,2,15,15,702
23129,2,15,15,702
23130,2,15,15,702
23131,2,15,15,702
23132,2,15,15,702
23133,2,15,15,702
23134,2,15,15,702
23135,2,15,15,702
23136,2,15,15,702
23137,2,15,15,702
23138,2,4,4,702
23139,2,15,4,702
23140,2,15,15,702
23141,2,15,15,702
23142,2,15,15,702
23143,2,15,15,702
23144,2,15,15,702
23145,2,15,15,702
23146,2,15,15,702
23147,2,15,15,702
23148,2,15,15,702
23149,2,15,15,702
23150,2,15,15,702
23151,2,15,15,702
23152,2,15,15,702
23153,2,15,15,702
23154,2,15,15,702
23155,2,15,15,702
23156,2,15,15,702
23157,2,15,15,702
23158,2,15,15,702
23159,2,15,15,702
23160,2,15,15,702
23161,2,15,15,702
23162,2,15,15,702
23163,2,15,15,702
23164,2,15,15,702
23165,2,15,15,702
23166,2,15,15,702
23167,2,15,15,702
23168,2,15,15,702
23169,2,15,15,702
23170,2,15,15,702
23171,2,15,15,702
23172,2,15,15,702
23173,2,15,15,702
23174,2,24,15,702
23175,2,15,15,702
23176,2,15,15,702
23177,2,15,15,702
23178,2,15,15,702
23179,2,15,15,702
23180,2,15,15,702
23181,2,15,15,702
23182,2,4,4,702
23183,2,15,15,702
23184,2,4,4,702
23185,2,15,15,702
23186,2,15,15,702
23187,2,4,4,702
23188,2,15,15,702
23189,2,15,15,702
23190,2,15,15,702
23191,2,4,4,702
23192,2,15,15,702
23193,2,15,15,702
23194,2,15,15,702
23195,2,15,15,702
23196,2,15,15,702
23197,2,15,15,702
23198,2,15,15,702
23199,2,15,15,702
23200,2,15,15,702
23201,2,15,15,702
23202,2,15,15,702
23203,2,15,15,702
23204,2,15,15,702
23205,2,15,15,702
23206,2,15,15,702
23207,2,15,15,702
23208,2,15,15,702
23209,2,15,15,702
23210,2,15,15,702
23211,2,15,15,702
23212,2,15,15,702
23213,2,15,15,702
23214,2,15,15,702
23215,2,15,15,702
23216,2,15,15,702
23217,2,15,15,702
23218,2,15,15,702
23219,2,15,15,702
23220,2,15,15,702
23221,2,15,15,702
23222,2,15,3,702
23223,2,15,15,702
23224,2,15,15,702
23225,2,15,15,702
23226,2,15,15,702
23227,2,15,15,702
23228,2,15,15,702
23229,2,21,15,702
23230,2,15,15,702
23231,2,15,15,702
23232,2,15,15,702
23233,2,15,15,702
23234,2,15,15,702
23235,2,15,15,702
23236,2,15,15,702
23237,2,15,15,702
23238,2,15,15,702
23239,2,15,15,702
23240,2,15,15,702
23241,2,15,4,702
23242,2,15,15,702
23243,2,15,15,702
23244,2,15,15,702
23245,2,15,15,702
23246,2,15,15,702
23247,2,15,15,702
23248,2,15,15,702
23249,2,15,15,702
23250,2,15,15,702
23251,2,15,15,702
23252,2,15,15,702
23253,2,15,15,702
23254,2,15,15,702
23255,2,15,15,702
23256,2,15,15,702
23257,2,15,15,702
23258,2,15,15,702
23259,2,15,15,702
23260,2,39,39,702
23261,2,15,15,702
23262,2,15,15,702
23263,2,15,15,702
23264,2,15,15,702
23265,2,4,4,702
23266,2,4,4,702
23267,2,39,41,702
23268,2,11,11,702
23269,2,15,15,702
23270,2,15,15,702
23271,2,15,15,702
23272,2,15,15,702
23273,2,15,15,702
23274,2,15,15,702
23275,2,15,15,702
23276,2,15,15,702
23277,2,15,15,702
23278,2,21,15,702
23279,2,3,3,702
23280,2,15,15,702
23281,2,15,15,702
23282,2,15,15,702
23283,2,15,15,702
23284,2,15,15,702
23285,2,15,15,702
23286,2,15,15,702
23287,2,11,11,702
23288,2,15,15,702
23289,2,15,15,702
23290,2,15,15,702
23291,2,15,15,702
23292,2,15,4,702
23293,2,15,15,702
23294,2,15,15,702
23295,2,15,15,702
23296,2,15,15,702
23297,2,15,15,702
23298,2,15,15,702
23299,2,15,15,702
23300,2,15,15,702
23301,2,15,15,702
23302,2,15,15,702
23303,2,4,4,702
23304,2,15,15,702
23305,2,15,15,702
23306,2,15,15,702
23307,2,4,4,702
23308,2,15,15,702
23309,2,15,15,702
23310,2,15,15,702
23311,2,15,15,702
23312,2,15,15,702
23313,2,15,15,702
23314,2,15,15,702
23315,2,15,15,702
23316,2,15,15,702
23317,2,15,15,702
23318,2,15,15,702
23319,2,15,15,702
23320,2,15,15,702
23321,2,15,15,702
23322,2,15,15,702
23323,2,15,15,702
23324,2,15,15,702
23325,2,15,15,702
23326,2,15,15,702
23327,2,15,15,702
23328,2,15,15,702
23329,2,39,39,702
23330,2,15,15,702
23331,2,15,15,702
23332,2,15,15,702
23333,2,15,15,702
23334,2,15,15,702
23335,2,15,15,702
23336,2,15,15,702
23337,2,15,15,702
23338,2,15,15,702
23339,2,15,15,702
23340,2,15,15,702
23341,2,12,12,702
23342,2,15,15,702
23343,2,15,15,702
23344,2,15,15,702
23345,2,15,15,702
23346,2,15,15,702
23347,2,15,15,702
23348,2,15,15,702
23349,2,15,15,702
23350,2,15,15,702
23351,2,4,4,702
23352,2,15,15,702
23353,2,15,15,702
23354,2,15,15,702
23355,2,15,15,702
23356,2,15,15,702
23357,2,15,15,702
23358,2,15,15,702
23359,2,15,15,702
23360,2,15,15,702
23361,2,15,15,702
23362,2,15,15,702
23363,2,41,41,702
23364,2,15,15,702
23365,2,15,15,702
23366,2,15,15,702
23367,2,15,15,702
23368,2,15,15,702
23369,2,15,15,702
23370,2,15,15,702
23371,2,21,15,702
23372,2,15,15,702
23373,2,15,15,702
23374,2,15,15,702
23375,2,15,15,702
23376,2,15,15,702
23377,2,15,15,702
23378,2,15,15,702
23379,2,15,15,702
23380,2,15,15,702
23381,2,15,15,702
23382,2,15,15,702
23383,2,15,15,702
23384,2,15,15,702
23385,2,15,15,702
23386,2,15,15,702
23387,2,15,15,702
23388,2,15,15,702
23389,2,15,15,702
23390,2,15,15,702
23391,2,15,15,702
23392,2,15,15,702
23393,2,21,21,702
23394,2,15,15,702
23395,2,15,15,702
23396,2,15,15,702
23397,2,15,15,702
23398,2,15,15,702
23399,2,15,15,702
23400,2,15,4,702
23401,2,15,15,702
23402,2,15,15,702
23403,2,15,15,702
23404,2,15,15,702
23405,2,39,39,702
23406,2,39,39,702
23407,2,15,15,702
23408,2,15,15,702
23409,2,15,15,702
23410,2,15,15,702
23411,2,15,15,702
23412,2,15,15,702
23413,2,15,15,702
23414,2,15,15,702
23415,2,15,15,702
23416,2,15,15,702
23417,2,15,15,702
23418,2,15,15,702
23419,2,15,15,702
23420,2,15,15,702
23421,2,15,15,702
23422,2,15,15,702
23423,2,15,15,702
23424,2,15,15,702
23425,2,15,15,702
23426,2,15,15,702
23427,2,15,15,702
23428,2,15,15,702
23429,2,15,15,702
23430,2,15,15,702
23431,2,15,15,702
23432,2,15,15,702
23433,2,15,15,702
23434,2,15,15,702
23435,2,15,15,702
23436,2,15,15,702
23437,2,15,15,702
23438,2,15,15,702
23439,2,15,15,702
23440,2,15,15,702
23441,2,15,15,702
23442,2,15,15,702
23443,2,15,15,702
23444,2,15,4,702
23445,2,15,15,702
23446,2,15,15,702
23447,2,15,15,702
23448,2,15,15,702
23449,2,15,15,702
23450,2,15,15,702
23451,2,15,15,702
23452,2,15,4,702
23453,2,15,15,702
23454,2,4,15,702
23455,2,15,15,702
23456,2,15,15,702
23457,2,15,15,702
23458,2,15,15,702
23459,2,15,15,702
23460,2,4,11,702
23461,2,15,15,702
23462,2,15,15,702
23463,2,15,15,702
23464,2,15,15,702
23465,2,15,15,702
23466,2,15,15,702
23467,2,15,15,702
23468,2,15,15,702
23469,2,15,15,702
23470,2,15,15,702
23471,2,15,15,702
23472,2,15,15,702
23473,2,15,15,702
23474,2,15,15,702
23475,2,15,15,702
23476,2,15,15,702
23477,2,15,15,702
23478,2,15,15,702
23479,2,15,15,702
23480,2,15,15,702
23481,2,15,15,702
23482,2,15,15,702
23483,2,15,15,702
23484,2,15,4,702
23485,2,15,15,702
23486,2,15,15,702
23487,2,15,15,702
23488,2,15,15,702
23489,2,15,15,702
23490,2,15,15,702
23491,2,15,15,702
23492,2,15,15,702
23493,2,15,15,702
23494,2,15,15,702
23495,2,15,15,702
23496,2,15,15,702
23497,2,15,15,702
23498,2,15,15,702
23499,2,15,15,702
23500,2,15,15,702
23501,2,15,15,702
23502,2,15,15,702
23503,2,15,15,702
23504,2,15,15,702
23505,2,15,15,702
23506,2,15,15,702
23507,2,15,15,702
23508,2,15,15,702
23509,2,15,15,702
23510,2,15,15,702
23511,2,15,15,702
23512,2,15,15,702
23513,2,15,15,702
23514,2,15,15,702
23515,2,15,15,702
23516,2,15,15,702
23517,2,15,15,702
23518,2,15,15,702
23519,2,15,15,702
23520,2,15,15,702
23521,2,15,15,702
23522,2,15,15,702
23523,2,15,15,702
23524,2,15,15,702
23525,2,15,15,702
23526,2,15,15,702
23527,2,15,15,702
23528,2,15,15,702
23529,2,15,15,702
23530,2,15,15,702
23531,2,4,4,702
23532,2,15,15,702
23533,2,15,15,702
23534,2,15,15,702
23535,2,15,15,702
23536,2,15,15,702
23537,2,4,4,702
23538,2,39,39,702
23539,2,21,15,702
23540,2,15,15,702
23541,2,15,15,702
23542,2,15,15,702
23543,2,39,39,702
23544,2,41,41,702
23545,2,15,15,702
23546,2,4,4,702
23547,2,15,15,702
23548,2,15,15,702
23549,2,15,15,702
23550,2,15,15,702
23551,2,15,15,702
23552,2,15,15,702
23553,2,15,15,702
23554,2,15,15,702
23555,2,15,15,702
23556,2,15,15,702
23557,2,15,15,702
23558,2,15,15,702
23559,2,15,15,702
23560,2,15,15,702
23561,2,21,21,702
23562,2,15,15,702
23563,2,15,15,702
23564,2,15,15,702
23565,2,15,15,702
23566,2,15,15,702
23567,2,15,15,702
23568,2,15,15,702
23569,2,15,15,702
23570,2,15,15,702
23571,2,15,15,702
23572,2,15,15,702
23573,2,15,15,702
23574,2,15,3,702
23575,2,15,15,702
23576,2,15,15,702
23577,2,15,15,702
23578,2,15,15,702
23579,2,15,15,702
23580,2,4,4,702
23581,2,15,15,702
23582,2,15,15,702
23583,2,15,15,702
23584,2,15,15,702
23585,2,15,15,702
23586,2,15,15,702
23587,2,15,15,702
23588,2,41,41,702
23589,2,15,15,702
23590,2,15,15,702
23591,2,15,15,702
23592,2,15,15,702
23593,2,15,15,702
23594,2,15,15,702
23595,2,39,39,702
23596,2,15,15,702
23597,2,15,15,702
23598,2,15,15,702
23599,2,15,15,702
23600,2,15,15,702
23601,2,15,15,702
23602,2,15,15,702
23603,2,15,15,702
23604,2,15,15,702
23605,2,15,15,702
23606,2,15,15,702
23607,2,15,15,702
23608,2,15,15,702
23609,2,15,15,702
23610,2,15,15,702
23611,2,15,15,702
23612,2,15,15,702
23613,2,15,15,702
23614,2,15,15,702
23615,2,15,15,702
23616,2,15,15,702
23617,2,15,15,702
23618,2,15,15,702
23619,2,15,4,702
23620,2,39,39,702
23621,2,15,15,702
23622,2,15,15,702
23623,2,15,15,702
23624,2,15,15,702
23625,2,15,15,702
23626,2,15,15,702
23627,2,15,15,702
23628,2,48,48,702
23629,2,15,15,702
23630,2,39,39,702
23631,2,15,15,702
23632,2,15,15,702
23633,2,15,15,702
23634,2,15,15,702
23635,2,15,15,702
23636,2,15,15,702
23637,2,15,15,702
23638,2,15,15,702
23639,2,15,15,702
23640,2,15,15,702
23641,2,15,15,702
23642,2,15,15,702
23643,2,3,3,702
23644,2,15,15,702
23645,2,15,15,702
23646,2,15,15,702
23647,2,15,15,702
23648,2,15,15,702
23649,2,15,15,702
23650,2,15,15,702
23651,2,41,41,702
23652,2,15,15,702
23653,2,15,15,702
23654,2,15,15,702
23655,2,15,15,702
23656,2,15,15,702
23657,2,15,15,702
23658,2,15,15,702
23659,2,15,15,702
23660,2,15,15,702
23661,2,15,15,702
23662,2,15,15,702
23663,2,15,15,702
23664,2,15,15,702
23665,2,15,15,702
23666,2,15,15,702
23667,2,15,15,702
23668,2,15,15,702
23669,2,15,15,702
23670,2,15,15,702
23671,2,15,15,702
23672,2,15,15,702
23673,2,15,15,702
23674,2,15,15,702
23675,2,15,15,702
23676,2,15,15,702
23677,2,15,15,702
23678,2,15,15,702
23679,2,15,15,702
23680,2,15,15,702
23681,2,15,15,702
23682,2,15,15,702
23683,2,15,15,702
23684,2,15,15,702
23685,2,15,15,702
23686,2,15,15,702
23687,2,15,15,702
23688,2,15,15,702
23689,2,15,15,702
23690,2,15,15,702
23691,2,15,15,702
23692,2,15,15,702
23693,2,3,3,702
23694,2,15,15,702
23695,2,15,15,702
23696,2,15,15,702
23697,2,15,15,702
23698,2,15,15,702
23699,2,15,15,702
23700,2,15,15,702
23701,2,15,15,702
23702,2,15,15,702
23703,2,15,15,702
23704,2,15,15,702
23705,2,15,15,702
23706,2,15,15,702
23707,2,15,15,702
23708,2,15,15,702
23709,2,15,15,702
23710,2,9,9,702
23711,2,15,15,702
23712,2,15,15,702
23713,2,15,15,702
23714,2,15,15,702
23715,2,15,15,702
23716,2,15,15,702
23717,2,15,15,702
23718,2,15,15,702
23719,2,15,15,702
23720,2,15,15,702
23721,2,15,15,702
23722,2,15,15,702
23723,2,15,15,702
23724,2,15,4,702
23725,2,15,15,702
23726,2,15,15,702
23727,2,15,15,702
23728,2,15,15,702
23729,2,15,15,702
23730,2,3,3,702
23731,2,15,15,702
23732,2,15,15,702
23733,2,15,15,702
23734,2,15,15,702
23735,2,15,15,702
23736,2,15,15,702
23737,2,15,15,702
23738,2,15,15,702
23739,2,15,15,702
23740,2,15,15,702
23741,2,15,15,702
23742,2,15,15,702
23743,2,15,15,702
23744,2,15,15,702
23745,2,15,15,702
23746,2,15,15,702
23747,2,15,15,702
23748,2,15,15,702
23749,2,15,15,702
23750,2,15,15,702
23751,2,4,4,702
23752,2,15,15,702
23753,2,15,15,702
23754,2,15,15,702
23755,2,15,4,702
23756,2,15,15,702
23757,2,15,15,702
23758,2,15,15,702
23759,2,15,15,702
23760,2,15,15,702
23761,2,15,15,702
23762,2,15,15,702
23763,2,15,15,702
23764,2,15,15,702
23765,2,15,15,702
23766,2,15,15,702
23767,2,15,15,702
23768,2,15,15,702
23769,2,15,15,702
23770,2,4,4,702
23771,2,15,15,702
23772,2,15,15,702
23773,2,15,15,702
23774,2,15,15,702
23775,2,15,15,702
23776,2,39,41,702
23777,2,4,15,702
23778,2,15,15,702
23779,2,15,15,702
23780,2,15,15,702
23781,2,15,15,702
23782,2,15,15,702
23783,2,15,15,702
23784,2,15,15,702
23785,2,15,15,702
23786,2,15,15,702
23787,2,15,15,702
23788,2,15,15,702
23789,2,15,15,702
23790,2,15,15,702
23791,2,15,15,702
23792,2,15,15,702
23793,2,15,15,702
23794,2,15,15,702
23795,2,15,15,702
23796,2,15,15,702
23797,2,15,15,702
23798,2,15,15,702
23799,2,15,15,702
23800,2,15,15,702
23801,2,15,15,702
23802,2,15,15,702
23803,2,15,15,702
23804,2,15,15,702
23805,2,15,15,702
23806,2,15,15,702
23807,2,39,39,702
23808,2,15,15,702
23809,2,15,15,702
23810,2,15,15,702
23811,2,15,15,702
23812,2,15,15,702
23813,2,15,15,702
23814,2,15,15,702
23815,2,4,4,702
23816,2,15,15,702
23817,2,15,15,702
23818,2,15,15,702
23819,2,15,15,702
23820,2,15,15,702
23821,2,15,15,702
23822,2,15,15,702
23823,2,15,15,702
23824,2,15,15,702
23825,2,15,15,702
23826,2,15,15,702
23827,2,15,15,702
23828,2,15,15,702
23829,2,15,15,702
23830,2,15,15,702
23831,2,15,15,702
23832,2,15,15,702
23833,2,15,15,702
23834,2,21,21,702
23835,2,3,3,702
23836,2,15,15,702
23837,2,15,15,702
23838,2,15,15,702
23839,2,15,15,702
23840,2,15,15,702
23841,2,4,4,702
23842,2,4,4,702
23843,2,41,41,702
23844,2,15,15,702
23845,2,15,15,702
23846,2,15,15,702
23847,2,15,15,702
23848,2,15,15,702
23849,2,41,41,702
23850,2,15,15,702
23851,2,15,15,702
23852,2,15,15,702
23853,2,15,15,702
23854,2,15,15,702
23855,2,4,4,702
23856,2,21,15,702
23857,2,15,15,702
23858,2,15,15,702
23859,2,15,15,702
23860,2,15,15,702
23861,2,15,15,702
23862,2,15,15,702
23863,2,15,15,702
23864,2,15,15,702
23865,2,15,15,702
23866,2,15,15,702
23867,2,15,15,702
23868,2,15,15,702
23869,2,15,15,702
23870,2,15,15,702
23871,2,15,15,702
23872,2,15,15,702
23873,2,4,4,702
23874,2,15,15,702
23875,2,15,15,702
23876,2,15,15,702
23877,2,15,15,702
23878,2,21,15,702
23879,2,15,15,702
23880,2,15,15,702
23881,2,41,41,702
23882,2,15,15,702
23883,2,15,15,702
23884,2,15,15,702
23885,2,15,15,702
23886,2,15,15,702
23887,2,15,15,702
23888,2,15,15,702
23889,2,15,15,702
23890,2,15,15,702
23891,2,15,15,702
23892,2,15,15,702
23893,2,15,15,702
23894,2,15,15,702
23895,2,15,15,702
23896,2,15,15,702
23897,2,15,15,702
23898,2,15,15,702
23899,2,15,15,702
23900,2,15,15,702
23901,2,15,15,702
23902,2,15,15,702
23903,2,15,15,702
23904,2,15,15,702
23905,2,15,15,702
23906,2,15,15,702
23907,2,15,15,702
23908,2,15,15,702
23909,2,15,21,702
23910,2,15,15,702
23911,2,15,15,702
23912,2,15,15,702
23913,2,15,15,702
23914,2,15,15,702
23915,2,15,15,702
23916,2,15,15,702
23917,2,15,15,702
23918,2,3,3,702
23919,2,15,15,702
23920,2,15,15,702
23921,2,15,15,702
23922,2,15,15,702
23923,2,15,15,702
23924,2,15,15,702
23925,2,15,15,702
23926,2,15,15,702
23927,2,15,15,702
23928,2,15,15,702
23929,2,15,15,702
23930,2,3,4,702
23931,2,15,15,702
23932,2,15,15,702
23933,2,15,15,702
23934,2,15,15,702
23935,2,15,15,702
23936,2,15,15,702
23937,2,4,4,702
23938,2,15,15,702
23939,2,15,15,702
23940,2,15,15,702
23941,2,15,15,702
23942,2,15,15,702
23943,2,15,15,702
23944,2,15,15,702
23945,2,15,15,702
23946,2,15,15,702
23947,2,15,15,702
23948,2,15,15,702
23949,2,15,15,702
23950,2,15,15,702
23951,2,15,15,702
23952,2,15,15,702
23953,2,15,15,702
23954,2,15,15,702
23955,2,15,15,702
23956,2,15,15,702
23957,2,15,15,702
23958,2,15,15,702
23959,2,15,15,702
23960,2,4,4,702
23961,2,15,15,702
23962,2,15,15,702
23963,2,15,15,702
23964,2,15,15,702
23965,2,15,15,702
23966,2,15,15,702
23967,2,15,15,702
23968,2,15,15,702
23969,2,15,15,702
23970,2,4,4,702
23971,2,15,15,702
23972,2,15,15,702
23973,2,15,15,702
23974,2,15,15,702
23975,2,15,15,702
23976,2,15,15,702
23977,2,15,15,702
23978,2,15,15,702
23979,2,4,4,702
23980,2,4,4,702
23981,2,15,15,702
23982,2,15,15,702
23983,2,15,15,702
23984,2,15,15,702
23985,2,3,3,702
23986,2,15,15,702
23987,2,15,15,702
23988,2,15,15,702
23989,2,15,15,702
23990,2,15,15,702
23991,2,15,15,702
23992,2,4,4,702
23993,2,15,4,702
23994,2,15,15,702
23995,2,15,15,702
23996,2,15,15,702
23997,2,15,15,702
23998,2,15,15,702
23999,2,15,15,702
24000,2,15,15,702
24001,2,15,15,702
24002,2,15,15,702
24003,2,15,15,702
24004,2,15,15,702
24005,2,15,15,702
24006,2,15,15,702
24007,2,15,15,702
24008,2,15,15,702
24009,2,15,15,702
24010,2,15,15,702
24011,2,15,15,702
24012,2,15,15,702
24013,2,15,15,702
24014,2,15,15,702
24015,2,15,15,702
24016,2,15,15,702
24017,2,15,15,702
24018,2,15,15,702
24019,2,15,15,702
24020,2,15,15,702
24021,2,15,15,702
24022,2,15,15,702
24023,2,4,4,702
24024,2,15,15,702
24025,2,11,11,702
24026,2,15,15,702
24027,2,15,15,702
24028,2,4,4,702
24029,2,15,15,702
24030,2,15,15,702
24031,2,15,15,702
24032,2,15,15,702
24033,2,15,15,702
24034,2,15,15,702
24035,2,21,15,702
24036,2,15,15,702
24037,2,15,15,702
24038,2,3,3,702
24039,2,15,15,702
24040,2,15,15,702
24041,2,15,15,702
24042,2,15,15,702
24043,2,15,15,702
24044,2,3,3,702
24045,2,15,15,702
24046,2,15,15,702
24047,2,15,15,702
24048,2,15,15,702
24049,2,15,15,702
24050,2,15,15,702
24051,2,15,15,702
24052,2,39,15,702
24053,2,15,15,702
24054,2,15,15,702
24055,2,15,15,702
24056,2,15,15,702
24057,2,15,15,702
24058,2,15,15,702
24059,2,15,15,702
24060,2,15,15,702
24061,2,4,4,702
24062,2,21,15,702
24063,2,15,15,702
24064,2,15,15,702
24065,2,15,15,702
24066,2,15,15,702
24067,2,15,15,702
24068,2,15,15,702
24069,2,15,15,702
24070,2,15,15,702
24071,2,15,15,702
24072,2,15,15,702
24073,2,15,15,702
24074,2,15,15,702
24075,2,15,15,702
24076,2,15,15,702
24077,2,15,4,702
24078,2,21,15,702
24079,2,15,15,702
24080,2,15,15,702
24081,2,15,15,702
24082,2,15,15,702
24083,2,15,15,702
24084,2,15,15,702
24085,2,15,15,702
24086,2,15,15,702
24087,2,15,15,702
24088,2,15,15,702
24089,2,15,15,702
24090,2,15,15,702
24091,2,15,15,702
24092,2,15,15,702
24093,2,15,15,702
24094,2,4,4,702
24095,2,15,15,702
24096,2,15,15,702
24097,2,21,15,702
24098,2,15,15,702
24099,2,15,41,702
24100,2,15,15,702
24101,2,21,21,702
24102,2,15,15,702
24103,2,15,15,702
24104,2,15,15,702
24105,2,4,4,702
24106,2,15,15,702
24107,2,15,15,702
24108,2,15,15,702
24109,2,15,15,702
24110,2,15,15,702
24111,2,15,15,702
24112,2,15,15,702
24113,2,15,15,702
24114,2,15,15,702
24115,2,15,15,702
24116,2,15,15,702
24117,2,15,15,702
24118,2,15,15,702
24119,2,15,15,702
24120,2,15,15,702
24121,2,15,15,702
24122,2,21,15,702
24123,2,15,15,702
24124,2,15,15,702
24125,2,15,15,702
24126,2,15,15,702
24127,2,15,15,702
24128,2,15,15,702
24129,2,15,15,702
24130,2,15,15,702
24131,2,15,15,702
24132,2,41,41,702
24133,2,15,15,702
24134,2,15,15,702
24135,2,15,15,702
24136,2,15,15,702
24137,2,15,15,702
24138,2,15,15,702
24139,2,15,15,702
24140,2,15,15,702
24141,2,15,15,702
24142,2,15,15,702
24143,2,15,15,702
24144,2,15,15,702
24145,2,15,15,702
24146,2,15,15,702
24147,2,15,15,702
24148,2,15,15,702
24149,2,39,39,702
24150,2,3,3,702
24151,2,15,15,702
24152,2,15,15,702
24153,2,15,15,702
24154,2,15,15,702
24155,2,15,15,702
24156,2,15,15,702
24157,2,15,15,702
24158,2,15,15,702
24159,2,15,15,702
24160,2,15,15,702
24161,2,15,15,702
24162,2,15,15,702
24163,2,21,15,702
24164,2,15,15,702
24165,2,15,15,702
24166,2,15,15,702
24167,2,15,4,702
24168,2,15,15,702
24169,2,15,15,702
24170,2,15,15,702
24171,2,15,15,702
24172,2,15,15,702
24173,2,15,15,702
24174,2,15,15,702
24175,2,15,15,702
24176,2,15,15,702
24177,2,15,15,702
24178,2,15,15,702
24179,2,15,15,702
24180,2,3,3,702
24181,2,15,15,702
24182,2,15,15,702
24183,2,15,15,702
24184,2,4,4,702
24185,2,15,15,702
24186,2,4,4,702
24187,2,15,15,702
24188,2,15,15,702
24189,2,15,15,702
24190,2,15,15,702
24191,2,15,15,702
24192,2,15,15,702
24193,2,15,15,702
24194,2,15,15,702
24195,2,15,15,702
24196,2,15,15,702
24197,2,15,15,702
24198,2,15,15,702
24199,2,15,15,702
24200,2,15,15,702
24201,2,15,15,702
24202,2,15,15,702
24203,2,15,15,702
24204,2,15,15,702
24205,2,15,15,702
24206,2,15,15,702
24207,2,15,15,702
24208,2,15,15,702
24209,2,15,15,702
24210,2,15,15,702
24211,2,15,15,702
24212,2,15,15,702
24213,2,15,15,702
24214,2,15,15,702
24215,2,15,15,702
24216,2,15,15,702
24217,2,39,39,702
24218,2,15,15,702
24219,2,15,15,702
24220,2,15,15,702
24221,2,15,15,702
24222,2,15,15,702
24223,2,15,15,702
24224,2,15,15,702
24225,2,15,15,702
24226,2,15,15,702
24227,2,15,15,702
24228,2,15,15,702
24229,2,15,15,702
24230,2,15,15,702
24231,2,4,15,702
24232,2,15,15,702
24233,2,15,15,702
24234,2,15,15,702
24235,2,15,15,702
24236,2,15,4,702
24237,2,15,15,702
24238,2,15,15,702
24239,2,15,15,702
24240,2,15,15,702
24241,2,15,15,702
24242,2,15,15,702
24243,2,15,15,702
24244,2,15,15,702
24245,2,15,15,702
24246,2,15,15,702
24247,2,15,15,702
24248,2,15,15,702
24249,2,15,15,702
24250,2,15,15,702
24251,2,15,15,702
24252,2,15,15,702
24253,2,15,15,702
24254,2,15,15,702
24255,2,15,15,702
24256,2,15,15,702
24257,2,15,15,702
24258,2,15,15,702
24259,2,15,15,702
24260,2,15,15,702
24261,2,15,15,702
24262,2,15,15,702
24263,2,15,15,702
24264,2,15,15,702
24265,2,15,15,702
24266,2,15,15,702
24267,2,15,15,702
24268,2,15,15,702
24269,2,15,15,702
24270,2,15,15,702
24271,2,15,15,702
24272,2,15,15,702
24273,2,4,4,702
24274,2,15,15,702
24275,2,15,15,702
24276,2,15,15,702
24277,2,15,15,702
24278,2,15,15,702
24279,2,15,15,702
24280,2,15,15,702
24281,2,15,15,702
24282,2,15,15,702
24283,2,15,15,702
24284,2,15,15,702
24285,2,15,15,702
24286,2,9,9,702
24287,2,4,4,702
24288,2,15,15,702
24289,2,3,3,702
24290,2,15,15,702
24291,2,15,15,702
24292,2,15,15,702
24293,2,15,15,702
24294,2,15,4,702
24295,2,15,15,702
24296,2,15,15,702
24297,2,15,15,702
24298,2,15,15,702
24299,2,15,15,702
24300,2,15,15,702
24301,2,4,4,702
24302,2,15,15,702
24303,2,15,15,702
24304,2,15,15,702
24305,2,15,15,702
24306,2,15,15,702
24307,2,21,21,702
24308,2,15,15,702
24309,2,15,15,702
24310,2,15,15,702
24311,2,15,15,702
24312,2,15,15,702
24313,2,15,15,702
24314,2,15,15,702
24315,2,15,15,702
24316,2,15,15,702
24317,2,15,15,702
24318,2,15,15,702
24319,2,15,15,702
24320,2,4,15,702
24321,2,15,15,702
24322,2,15,15,702
24323,2,15,15,702
24324,2,15,15,702
24325,2,15,15,702
24326,2,15,15,702
24327,2,15,15,702
24328,2,41,41,702
24329,2,15,15,702
24330,2,3,3,702
24331,2,15,15,702
24332,2,15,15,702
24333,2,15,15,702
24334,2,15,15,702
24335,2,15,15,702
24336,2,15,15,702
24337,2,15,15,702
24338,2,15,15,702
24339,2,15,15,702
24340,2,15,15,702
24341,2,15,15,702
24342,2,15,15,702
24343,2,15,15,702
24344,2,15,15,702
24345,2,15,15,702
24346,2,15,15,702
24347,2,4,4,702
24348,2,15,15,702
24349,2,15,15,702
24350,2,15,15,702
24351,2,15,15,702
24352,2,15,15,702
24353,2,15,15,702
24354,2,41,41,702
24355,2,15,15,702
24356,2,15,15,702
24357,2,15,15,702
24358,2,15,15,702
24359,2,15,15,702
24360,2,15,15,702
24361,2,15,15,702
24362,2,15,15,702
24363,2,4,4,702
24364,2,15,15,702
24365,2,15,15,702
24366,2,4,4,702
24367,2,15,15,702
24368,2,15,15,702
24369,2,15,15,702
24370,2,15,15,702
24371,2,15,15,702
24372,2,15,15,702
24373,2,3,3,702
24374,2,15,15,702
24375,2,15,15,702
24376,2,15,15,702
24377,2,15,15,702
24378,2,15,15,702
24379,2,15,15,702
24380,2,15,15,702
24381,2,15,15,702
24382,2,15,15,702
24383,2,15,15,702
24384,2,3,3,702
24385,2,15,15,702
24386,2,15,15,702
24387,2,15,15,702
24388,2,15,4,702
24389,2,15,15,702
24390,2,15,15,702
24391,2,15,15,702
24392,2,15,15,702
24393,2,15,15,702
24394,2,15,15,702
24395,2,15,15,702
24396,2,15,15,702
24397,2,15,15,702
24398,2,15,15,702
24399,2,15,15,702
24400,2,41,41,702
24401,2,15,15,702
24402,2,15,15,702
24403,2,4,4,702
24404,2,15,15,702
24405,2,15,15,702
24406,2,15,15,702
24407,2,15,15,702
24408,2,15,15,702
24409,2,15,15,702
24410,2,15,15,702
24411,2,15,15,702
24412,2,15,15,702
24413,2,15,15,702
24414,2,15,15,702
24415,2,15,15,702
24416,2,15,15,702
24417,2,15,15,702
24418,2,3,3,702
24419,2,15,15,702
24420,2,15,15,702
24421,2,15,15,702
24422,2,15,15,702
24423,2,15,15,702
24424,2,15,15,702
24425,2,15,15,702
24426,2,15,15,702
24427,2,15,15,702
24428,2,15,15,702
24429,2,15,15,702
24430,2,15,15,702
24431,2,15,15,702
24432,2,15,15,702
24433,2,15,15,702
24434,2,4,4,702
24435,2,15,15,702
24436,2,15,15,702
24437,2,15,15,702
24438,2,15,15,702
24439,2,15,15,702
24440,2,15,15,702
24441,2,15,15,702
24442,2,15,15,702
24443,2,15,15,702
24444,2,15,15,702
24445,2,15,15,702
24446,2,15,15,702
24447,2,15,15,702
24448,2,15,15,702
24449,2,15,15,702
24450,2,15,15,702
24451,2,15,15,702
24452,2,4,4,702
24453,2,15,15,702
24454,2,15,15,702
24455,2,15,15,702
24456,2,15,15,702
24457,2,15,15,702
24458,2,15,15,702
24459,2,21,15,702
24460,2,15,15,702
24461,2,15,15,702
24462,2,21,15,702
24463,2,15,15,702
24464,2,30,15,702
24465,2,15,15,702
24466,2,15,15,702
24467,2,15,15,702
24468,2,15,15,702
24469,2,15,15,702
24470,2,15,15,702
24471,2,15,15,702
24472,2,15,15,702
24473,2,15,15,702
24474,2,15,15,702
24475,2,15,15,702
24476,2,15,15,702
24477,2,15,15,702
24478,2,15,15,702
24479,2,15,15,702
24480,2,15,15,702
24481,2,41,41,702
24482,2,3,3,702
24483,2,15,15,702
24484,2,15,15,702
24485,2,15,15,702
24486,2,15,15,702
24487,2,15,15,702
24488,2,15,15,702
24489,2,15,15,702
24490,2,15,15,702
24491,2,15,15,702
24492,2,15,15,702
24493,2,15,15,702
24494,2,15,15,702
24495,2,15,15,702
24496,2,15,15,702
24497,2,15,15,702
24498,2,15,15,702
24499,2,15,15,702
24500,2,15,15,702
24501,2,15,15,702
24502,2,15,15,702
24503,2,15,15,702
24504,2,15,15,702
24505,2,15,15,702
24506,2,15,15,702
24507,2,15,15,702
24508,2,15,15,702
24509,2,15,15,702
24510,2,15,15,702
24511,2,15,15,702
24512,2,15,15,702
24513,2,15,15,702
24514,2,15,15,702
24515,2,4,4,702
24516,2,15,15,702
24517,2,15,15,702
24518,2,15,15,702
24519,2,15,15,702
24520,2,15,15,702
24521,2,4,4,702
24522,2,15,15,702
24523,2,15,15,702
24524,2,4,4,702
24525,2,15,4,702
24526,2,15,15,702
24527,2,15,15,702
24528,2,15,15,702
24529,2,15,15,702
24530,2,15,15,702
24531,2,15,15,702
24532,2,15,15,702
24533,2,15,15,702
24534,2,15,15,702
24535,2,15,15,702
24536,2,15,15,702
24537,2,15,15,702
24538,2,15,15,702
24539,2,15,15,702
24540,2,15,15,702
24541,2,15,15,702
24542,2,15,15,702
24543,2,15,15,702
24544,2,15,15,702
24545,2,15,15,702
24546,2,15,15,702
24547,2,15,15,702
24548,2,15,15,702
24549,2,15,15,702
24550,2,15,15,702
24551,2,15,15,702
24552,2,15,15,702
24553,2,12,12,702
24554,2,15,15,702
24555,2,15,15,702
24556,2,15,15,702
24557,2,15,15,702
24558,2,15,15,702
24559,2,15,15,702
24560,2,15,15,702
24561,2,15,15,702
24562,2,15,15,702
24563,2,4,4,702
24564,2,15,15,702
24565,2,15,15,702
24566,2,15,15,702
24567,2,15,15,702
24568,2,15,15,702
24569,2,15,15,702
24570,2,15,15,702
24571,2,15,15,702
24572,2,15,15,702
24573,2,15,15,702
24574,2,15,15,702
24575,2,15,15,702
24576,2,15,15,702
24577,2,15,15,702
24578,2,15,15,702
24579,2,15,15,702
24580,2,4,15,702
24581,2,15,15,702
24582,2,15,15,702
24583,2,15,15,702
24584,2,15,15,702
24585,2,15,15,702
24586,2,15,15,702
24587,2,15,15,702
24588,2,15,15,702
24589,2,15,15,702
24590,2,15,15,702
24591,2,15,15,702
24592,2,15,15,702
24593,2,4,4,702
24594,2,15,15,702
24595,2,15,15,702
24596,2,15,15,702
24597,2,15,15,702
24598,2,15,15,702
24599,2,15,15,702
24600,2,15,15,702
24601,2,15,15,702
24602,2,15,15,702
24603,2,15,15,702
24604,2,4,15,702
24605,2,15,15,702
24606,2,15,15,702
24607,2,15,15,702
24608,2,15,15,702
24609,2,15,15,702
24610,2,15,15,702
24611,2,15,15,702
24612,2,15,15,702
24613,2,15,15,702
24614,2,4,4,702
24615,2,15,15,702
24616,2,15,15,702
24617,2,15,15,702
24618,2,15,15,702
24619,2,15,15,702
24620,2,15,15,702
24621,2,15,15,702
24622,2,15,15,702
24623,2,15,15,702
24624,2,15,15,702
24625,2,15,15,702
24626,2,15,15,702
24627,2,15,15,702
24628,2,15,15,702
24629,2,15,15,702
24630,2,15,15,702
24631,2,15,15,702
24632,2,15,15,702
24633,2,15,15,702
24634,2,15,15,702
24635,2,15,15,702
24636,2,15,15,702
24637,2,15,15,702
24638,2,15,15,702
24639,2,15,15,702
24640,2,15,15,702
24641,2,15,15,702
24642,2,15,15,702
24643,2,15,15,702
24644,2,15,15,702
24645,2,15,15,702
24646,2,4,4,702
24647,2,4,15,702
24648,2,15,15,702
24649,2,15,15,702
24650,2,15,15,702
24651,2,15,15,702
24652,2,15,15,702
24653,2,15,15,702
24654,2,15,15,702
24655,2,15,15,702
24656,2,15,15,702
24657,2,15,15,702
24658,2,15,15,702
24659,2,15,3,702
24660,2,20,20,702
24661,2,15,15,702
24662,2,15,15,702
24663,2,15,15,702
24664,2,15,15,702
24665,2,15,15,702
24666,2,15,15,702
24667,2,4,4,702
24668,2,15,15,702
24669,2,3,3,702
24670,2,15,15,702
24671,2,15,15,702
24672,2,15,15,702
24673,2,15,15,702
24674,2,15,15,702
24675,2,15,15,702
24676,2,4,4,702
24677,2,15,15,702
24678,2,15,15,702
24679,2,15,15,702
24680,2,15,15,702
24681,2,15,15,702
24682,2,15,15,702
24683,2,15,15,702
24684,2,15,15,702
24685,2,15,15,702
24686,2,15,15,702
24687,2,4,4,702
24688,2,15,15,702
24689,2,15,15,702
24690,2,15,15,702
24691,2,15,15,702
24692,2,15,15,702
24693,2,15,15,702
24694,2,15,15,702
24695,2,15,15,702
24696,2,15,15,702
24697,2,15,15,702
24698,2,15,15,702
24699,2,15,15,702
24700,2,15,15,702
24701,2,15,15,702
24702,2,15,15,702
24703,2,15,15,702
24704,2,4,4,702
24705,2,15,15,702
24706,2,15,15,702
24707,2,15,15,702
24708,2,15,15,702
24709,2,15,15,702
24710,2,15,15,702
24711,2,15,15,702
24712,2,15,15,702
24713,2,15,15,702
24714,2,15,15,702
24715,2,15,15,702
24716,2,4,4,702
24717,2,4,4,702
24718,2,4,4,702
24719,2,15,15,702
24720,2,15,15,702
24721,2,15,15,702
24722,2,15,15,702
24723,2,15,15,702
24724,2,15,15,702
24725,2,15,15,702
24726,2,15,15,702
24727,2,39,39,702
24728,2,15,15,702
24729,2,15,15,702
24730,2,15,15,702
24731,2,15,15,702
24732,2,15,15,702
24733,2,15,15,702
24734,2,15,15,702
24735,2,15,21,702
24736,2,15,15,702
24737,2,15,15,702
24738,2,15,15,702
24739,2,15,15,702
24740,2,15,15,702
24741,2,15,15,702
24742,2,15,15,702
24743,2,15,15,702
24744,2,15,15,702
24745,2,15,15,702
24746,2,4,4,702
24747,2,15,15,702
24748,2,21,21,702
24749,2,15,15,702
24750,2,15,15,702
24751,2,15,15,702
24752,2,15,15,702
24753,2,15,15,702
24754,2,15,15,702
24755,2,15,15,702
24756,2,15,15,702
24757,2,15,15,702
24758,2,15,15,702
24759,2,15,15,702
24760,2,15,15,702
24761,2,4,4,702
24762,2,15,15,702
24763,2,39,39,702
24764,2,4,4,702
24765,2,15,15,702
24766,2,15,15,702
24767,2,15,15,702
24768,2,15,4,702
24769,2,15,15,702
24770,2,15,15,702
24771,2,15,15,702
24772,2,15,15,702
24773,2,15,15,702
24774,2,15,15,702
24775,2,15,15,702
24776,2,15,15,702
24777,2,15,15,702
24778,2,15,15,702
24779,2,15,15,702
24780,2,15,15,702
24781,2,15,15,702
24782,2,15,15,702
24783,2,15,15,702
24784,2,39,41,702
24785,2,15,15,702
24786,2,15,15,702
24787,2,15,15,702
24788,2,15,15,702
24789,2,15,15,702
24790,2,15,15,702
24791,2,15,15,702
24792,2,15,15,702
24793,2,15,15,702
24794,2,15,15,702
24795,2,15,15,702
24796,2,15,15,702
24797,2,15,15,702
24798,2,15,15,702
24799,2,15,15,702
24800,2,15,15,702
24801,2,15,15,702
24802,2,15,15,702
24803,2,15,15,702
24804,2,15,15,702
24805,2,15,15,702
24806,2,9,9,702
24807,2,15,15,702
24808,2,15,15,702
24809,2,15,15,702
24810,2,15,15,702
24811,2,15,15,702
24812,2,15,15,702
24813,2,15,15,702
24814,2,15,15,702
24815,2,4,4,702
24816,2,15,15,702
24817,2,15,15,702
24818,2,15,15,702
24819,2,15,15,702
24820,2,15,15,702
24821,2,15,15,702
24822,2,3,3,702
24823,2,15,15,702
24824,2,15,15,702
24825,2,15,15,702
24826,2,15,15,702
24827,2,15,15,702
24828,2,15,15,702
24829,2,15,15,702
24830,2,15,15,702
24831,2,15,15,702
24832,2,15,15,702
24833,2,15,15,702
24834,2,15,15,702
24835,2,15,15,702
24836,2,15,15,702
24837,2,15,15,702
24838,2,15,15,702
24839,2,15,15,702
24840,2,15,15,702
24841,2,15,15,702
24842,2,15,15,702
24843,2,15,15,702
24844,2,24,24,702
24845,2,15,15,702
24846,2,15,15,702
24847,2,15,15,702
24848,2,15,15,702
24849,2,15,15,702
24850,2,15,15,702
24851,2,15,15,702
24852,2,15,15,702
24853,2,15,15,702
24854,2,15,15,702
24855,2,15,15,702
24856,2,15,15,702
24857,2,4,4,702
24858,2,15,15,702
24859,2,15,15,702
24860,2,15,15,702
24861,2,15,15,702
24862,2,15,15,702
24863,2,15,15,702
24864,2,15,15,702
24865,2,15,15,702
24866,2,15,15,702
24867,2,15,15,702
24868,2,15,15,702
24869,2,15,15,702
24870,2,15,15,702
24871,2,15,15,702
24872,2,15,15,702
24873,2,15,15,702
24874,2,15,15,702
24875,2,15,15,702
24876,2,15,15,702
24877,2,15,15,702
24878,2,15,15,702
24879,2,4,4,702
24880,2,15,15,702
24881,2,15,15,702
24882,2,15,15,702
24883,2,15,15,702
24884,2,15,15,702
24885,2,15,15,702
24886,2,4,4,702
24887,2,15,15,702
24888,2,15,15,702
24889,2,15,15,702
24890,2,15,15,702
24891,2,39,39,702
24892,2,15,15,702
24893,2,15,15,702
24894,2,15,15,702
24895,2,15,4,702
24896,2,4,4,702
24897,2,15,15,702
24898,2,15,15,702
24899,2,15,15,702
24900,2,15,15,702
24901,2,15,15,702
24902,2,15,15,702
24903,2,15,15,702
24904,2,15,15,702
24905,2,15,15,702
24906,2,15,15,702
24907,2,15,15,702
24908,2,15,15,702
24909,2,15,15,702
24910,2,15,15,702
24911,2,21,21,702
24912,2,15,15,702
24913,2,15,15,702
24914,2,15,15,702
24915,2,15,15,702
24916,2,15,15,702
24917,2,15,15,702
24918,2,15,15,702
24919,2,15,15,702
24920,2,15,15,702
24921,2,15,15,702
24922,2,15,15,702
24923,2,15,15,702
24924,2,15,15,702
24925,2,15,15,702
24926,2,15,15,702
24927,2,15,15,702
24928,2,15,15,702
24929,2,15,15,702
24930,2,15,15,702
24931,2,15,15,702
24932,2,15,15,702
24933,2,4,4,702
24934,2,21,21,702
24935,2,15,15,702
24936,2,15,15,702
24937,2,15,15,702
24938,2,15,15,702
24939,2,4,4,702
24940,2,21,4,702
24941,2,15,15,702
24942,2,4,4,702
24943,2,15,15,702
24944,2,15,15,702
24945,2,15,15,702
24946,2,15,15,702
24947,2,15,15,702
24948,2,15,15,702
24949,2,15,15,702
24950,2,15,15,702
24951,2,15,15,702
24952,2,15,15,702
24953,2,15,15,702
24954,2,15,15,702
24955,2,15,15,702
24956,2,15,15,702
24957,2,15,15,702
24958,2,15,15,702
24959,2,15,15,702
24960,2,15,15,702
24961,2,15,15,702
24962,2,15,15,702
24963,2,15,15,702
24964,2,15,15,702
24965,2,15,15,702
24966,2,15,15,702
24967,2,15,15,702
24968,2,15,15,702
24969,2,15,15,702
24970,2,15,15,702
24971,2,15,15,702
24972,2,15,15,702
24973,2,41,41,702
24974,2,15,15,702
24975,2,15,15,702
24976,2,3,3,702
24977,2,15,15,702
24978,2,15,15,702
24979,2,15,15,702
24980,2,15,15,702
24981,2,15,15,702
24982,2,39,39,702
24983,2,15,15,702
24984,2,15,15,702
24985,2,15,15,702
24986,2,15,15,702
24987,2,15,15,702
24988,2,15,15,702
24989,2,15,15,702
24990,2,15,15,702
24991,2,15,15,702
24992,2,15,15,702
24993,2,15,15,702
24994,2,4,4,702
24995,2,15,15,702
24996,2,15,15,702
24997,2,15,15,702
24998,2,15,15,702
24999,2,15,15,702
25000,2,15,15,702
25001,2,15,15,702
25002,2,41,41,702
25003,2,15,15,702
25004,2,15,15,702
25005,2,15,15,702
25006,2,15,15,702
25007,2,15,15,702
25008,2,15,15,702
25009,2,15,15,702
25010,2,15,15,702
25011,2,15,15,702
25012,2,39,39,702
25013,2,15,15,702
25014,2,15,15,702
25015,2,15,15,702
25016,2,15,15,702
25017,2,15,15,702
25018,2,15,15,702
25019,2,15,15,702
25020,2,15,15,702
25021,2,15,15,702
25022,2,15,15,702
25023,2,15,15,702
25024,2,15,15,702
25025,2,15,15,702
25026,2,15,15,702
25027,2,15,15,702
25028,2,15,15,702
25029,2,41,41,702
25030,2,4,4,702
25031,2,15,15,702
25032,2,15,15,702
25033,2,15,15,702
25034,2,3,3,702
25035,2,15,15,702
25036,2,15,15,702
25037,2,15,15,702
25038,2,15,15,702
25039,2,15,21,702
25040,2,15,4,702
25041,2,15,15,702
25042,2,15,15,702
25043,2,15,15,702
25044,2,15,15,702
25045,2,15,15,702
25046,2,3,3,702
25047,2,15,15,702
25048,2,15,15,702
25049,2,15,15,702
25050,2,15,15,702
25051,2,15,15,702
25052,2,4,15,702
25053,2,15,15,702
25054,2,15,15,702
25055,2,15,15,702
25056,2,15,15,702
25057,2,21,15,702
25058,2,4,4,702
25059,2,15,15,702
25060,2,4,4,702
25061,2,15,15,702
25062,2,15,15,702
25063,2,15,15,702
25064,2,15,15,702
25065,2,15,15,702
25066,2,15,15,702
25067,2,15,15,702
25068,2,15,15,702
25069,2,15,15,702
25070,2,15,15,702
25071,2,15,15,702
25072,2,15,15,702
25073,2,4,4,702
25074,2,15,15,702
25075,2,15,15,702
25076,2,15,15,702
25077,2,15,15,702
25078,2,15,15,702
25079,2,15,15,702
25080,2,15,15,702
25081,2,15,15,702
25082,2,15,15,702
25083,2,15,15,702
25084,2,15,15,702
25085,2,15,15,702
25086,2,15,15,702
25087,2,15,15,702
25088,2,15,15,702
25089,2,15,15,702
25090,2,15,15,702
25091,2,15,4,702
25092,2,15,15,702
25093,2,4,15,702
25094,2,15,15,702
25095,2,15,15,702
25096,2,15,15,702
25097,2,15,15,702
25098,2,15,15,702
25099,2,15,15,702
25100,2,15,15,702
25101,2,15,15,702
25102,2,15,15,702
25103,2,15,15,702
25104,2,15,15,702
25105,2,15,15,702
25106,2,15,15,702
25107,2,15,15,702
25108,2,15,15,702
25109,2,15,15,702
25110,2,15,15,702
25111,2,15,15,702
25112,2,15,15,702
25113,2,15,15,702
25114,2,15,15,702
25115,2,15,15,702
25116,2,15,15,702
25117,2,15,15,702
25118,2,15,15,702
25119,2,15,15,702
25120,2,15,15,702
25121,2,4,4,702
25122,2,15,15,702
25123,2,15,15,702
25124,2,15,41,702
25125,2,15,15,702
25126,2,15,15,702
25127,2,15,15,702
25128,2,15,15,702
25129,2,15,15,702
25130,2,15,15,702
25131,2,15,15,702
25132,2,4,4,702
25133,2,15,15,702
25134,2,15,15,702
25135,2,15,15,702
25136,2,15,15,702
25137,2,15,15,702
25138,2,15,15,702
25139,2,15,15,702
25140,2,15,15,702
25141,2,15,15,702
25142,2,15,15,702
25143,2,15,15,702
25144,2,15,15,702
25145,2,15,15,702
25146,2,15,15,702
25147,2,15,15,702
25148,2,15,15,702
25149,2,15,15,702
25150,2,15,15,702
25151,2,15,15,702
25152,2,15,15,702
25153,2,15,15,702
25154,2,15,15,702
25155,2,4,4,702
25156,2,4,4,702
25157,2,15,15,702
25158,2,15,15,702
25159,2,15,15,702
25160,2,15,15,702
25161,2,3,3,702
25162,2,15,15,702
25163,2,15,15,702
25164,2,15,15,702
25165,2,15,15,702
25166,2,15,15,702
25167,2,15,15,702
25168,2,15,15,702
25169,2,15,15,702
25170,2,15,15,702
25171,2,15,15,702
25172,2,21,15,702
25173,2,15,15,702
25174,2,15,15,702
25175,2,15,15,702
25176,2,15,15,702
25177,2,15,15,702
25178,2,15,4,702
25179,2,15,15,702
25180,2,15,15,702
25181,2,15,15,702
25182,2,4,4,702
25183,2,15,15,702
25184,2,4,15,702
25185,2,15,15,702
25186,2,15,15,702
25187,2,15,15,702
25188,2,15,15,702
25189,2,15,15,702
25190,2,15,15,702
25191,2,15,15,702
25192,2,15,15,702
25193,2,15,15,702
25194,2,15,15,702
25195,2,15,15,702
25196,2,15,15,702
25197,2,15,15,702
25198,2,15,15,702
25199,2,15,4,702
25200,2,15,15,702
25201,2,15,15,702
25202,2,15,15,702
25203,2,15,15,702
25204,2,15,15,702
25205,2,15,15,702
25206,2,15,15,702
25207,2,15,15,702
25208,2,3,3,702
25209,2,15,15,702
25210,2,15,15,702
25211,2,15,15,702
25212,2,15,15,702
25213,2,15,15,702
25214,2,15,15,702
25215,2,15,15,702
25216,2,15,15,702
25217,2,15,15,702
25218,2,15,15,702
25219,2,15,15,702
25220,2,15,15,702
25221,2,15,15,702
25222,2,15,15,702
25223,2,15,15,702
25224,2,15,15,702
25225,2,15,15,702
25226,2,15,15,702
25227,2,15,15,702
25228,2,15,15,702
25229,2,15,15,702
25230,2,15,15,702
25231,2,15,15,702
25232,2,15,15,702
25233,2,15,15,702
25234,2,15,15,702
25235,2,15,15,702
25236,2,15,15,702
25237,2,15,15,702
25238,2,15,15,702
25239,2,15,15,702
25240,2,15,15,702
25241,2,15,15,702
25242,2,15,15,702
25243,2,21,15,702
25244,2,15,15,702
25245,2,15,15,702
25246,2,15,15,702
25247,2,15,15,702
25248,2,15,15,702
25249,2,15,15,702
25250,2,15,4,702
25251,2,15,15,702
25252,2,15,15,702
25253,2,15,15,702
25254,2,15,15,702
25255,2,15,15,702
25256,2,15,15,702
25257,2,15,15,702
25258,2,21,11,702
25259,2,15,15,702
25260,2,15,15,702
25261,2,15,15,702
25262,2,15,15,702
25263,2,15,15,702
25264,2,15,15,702
25265,2,15,15,702
25266,2,15,15,702
25267,2,15,15,702
25268,2,15,15,702
25269,2,15,15,702
25270,2,15,15,702
25271,2,15,15,702
25272,2,15,15,702
25273,2,15,15,702
25274,2,15,15,702
25275,2,15,15,702
25276,2,15,15,702
25277,2,15,15,702
25278,2,15,15,702
25279,2,15,15,702
25280,2,15,15,702
25281,2,15,15,702
25282,2,15,15,702
25283,2,15,15,702
25284,2,15,15,702
25285,2,4,4,702
25286,2,15,15,702
25287,2,15,15,702
25288,2,15,15,702
25289,2,15,15,702
25290,2,15,15,702
25291,2,15,15,702
25292,2,15,15,702
25293,2,15,15,702
25294,2,15,15,702
25295,2,15,15,702
25296,2,15,15,702
25297,2,15,15,702
25298,2,15,15,702
25299,2,15,15,702
25300,2,15,15,702
25301,2,15,15,702
25302,2,15,15,702
25303,2,15,15,702
25304,2,15,15,702
25305,2,15,15,702
25306,2,15,15,702
25307,2,15,15,702
25308,2,15,15,702
25309,2,15,15,702
25310,2,15,15,702
25311,2,4,15,702
25312,2,15,15,702
25313,2,15,15,702
25314,2,15,15,702
25315,2,15,15,702
25316,2,15,15,702
25317,2,15,3,702
25318,2,15,15,702
25319,2,15,15,702
25320,2,15,15,702
25321,2,15,15,702
25322,2,15,15,702
25323,2,15,15,702
25324,2,15,15,702
25325,2,15,15,702
25326,2,15,15,702
25327,2,15,15,702
25328,2,15,15,702
25329,2,15,15,702
25330,2,15,15,702
25331,2,15,15,702
25332,2,15,15,702
25333,2,15,15,702
25334,2,15,15,702
25335,2,15,15,702
25336,2,15,15,702
25337,2,15,15,702
25338,2,15,15,702
25339,2,15,15,702
25340,2,15,15,702
25341,2,15,15,702
25342,2,15,15,702
25343,2,15,15,702
25344,2,15,15,702
25345,2,12,12,702
25346,2,15,15,702
25347,2,15,15,702
25348,2,15,15,702
25349,2,15,15,702
25350,2,15,15,702
25351,2,41,41,702
25352,2,21,21,702
25353,2,15,15,702
25354,2,41,41,702
25355,2,15,15,702
25356,2,15,15,702
25357,2,15,15,702
25358,2,15,15,702
25359,2,15,15,702
25360,2,15,15,702
25361,2,15,15,702
25362,2,21,21,702
25363,2,15,15,702
25364,2,15,15,702
25365,2,15,15,702
25366,2,15,15,702
25367,2,4,4,702
25368,2,15,15,702
25369,2,15,15,702
25370,2,15,15,702
25371,2,15,15,702
25372,2,15,15,702
25373,2,39,15,702
25374,2,15,15,702
25375,2,15,15,702
25376,2,15,15,702
25377,2,15,15,702
25378,2,15,15,702
25379,2,15,15,702
25380,2,15,15,702
25381,2,15,15,702
25382,2,15,15,702
25383,2,15,15,702
25384,2,15,15,702
25385,2,4,4,702
25386,2,21,15,702
25387,2,15,15,702
25388,2,15,15,702
25389,2,15,15,702
25390,2,15,15,702
25391,2,15,15,702
25392,2,15,15,702
25393,2,15,15,702
25394,2,15,15,702
25395,2,15,15,702
25396,2,15,15,702
25397,2,15,15,702
25398,2,15,15,702
25399,2,15,15,702
25400,2,15,15,702
25401,2,15,15,702
25402,2,15,15,702
25403,2,15,15,702
25404,2,15,15,702
25405,2,15,15,702
25406,2,15,15,702
25407,2,15,15,702
25408,2,15,15,702
25409,2,15,15,702
25410,2,15,15,702
25411,2,15,15,702
25412,2,15,15,702
25413,2,15,15,702
25414,2,15,15,702
25415,2,15,15,702
25416,2,15,15,702
25417,2,21,15,702
25418,2,15,15,702
25419,2,15,15,702
25420,2,15,15,702
25421,2,15,15,702
25422,2,15,15,702
25423,2,15,15,702
25424,2,15,15,702
25425,2,15,15,702
25426,2,15,15,702
25427,2,15,15,702
25428,2,15,15,702
25429,2,15,15,702
25430,2,15,15,702
25431,2,15,15,702
25432,2,15,15,702
25433,2,15,15,702
25434,2,15,15,702
25435,2,15,15,702
25436,2,15,15,702
25437,2,15,15,702
25438,2,15,15,702
25439,2,15,15,702
25440,2,15,4,702
25441,2,15,15,702
25442,2,39,39,702
25443,2,15,15,702
25444,2,15,15,702
25445,2,41,41,702
25446,2,15,15,702
25447,2,15,15,702
25448,2,15,15,702
25449,2,15,15,702
25450,2,15,15,702
25451,2,15,15,702
25452,2,15,15,702
25453,2,15,15,702
25454,2,15,15,702
25455,2,15,15,702
25456,2,15,15,702
25457,2,15,15,702
25458,2,15,15,702
25459,2,15,15,702
25460,2,15,15,702
25461,2,15,15,702
25462,2,15,15,702
25463,2,15,15,702
25464,2,15,15,702
25465,2,15,15,702
25466,2,39,39,702
25467,2,15,15,702
25468,2,15,15,702
25469,2,15,15,702
25470,2,39,39,702
25471,2,15,15,702
25472,2,15,15,702
25473,2,15,15,702
25474,2,15,15,702
25475,2,4,15,702
25476,2,15,15,702
25477,2,15,15,702
25478,2,15,15,702
25479,2,15,15,702
25480,2,15,15,702
25481,2,15,15,702
25482,2,15,15,702
25483,2,15,15,702
25484,2,15,15,702
25485,2,15,15,702
25486,2,15,15,702
25487,2,15,15,702
25488,2,15,15,702
25489,2,15,15,702
25490,2,4,4,702
25491,2,15,15,702
25492,2,15,15,702
25493,2,20,15,702
25494,2,15,15,702
25495,2,15,15,702
25496,2,15,15,702
25497,2,15,15,702
25498,2,15,15,702
25499,2,15,15,702
25500,2,15,15,702
25501,2,15,15,702
25502,2,15,15,702
25503,2,15,15,702
25504,2,15,15,702
25505,2,15,15,702
25506,2,15,15,702
25507,2,15,15,702
25508,2,15,15,702
25509,2,15,15,702
25510,2,15,15,702
25511,2,3,3,702
25512,2,15,15,702
25513,2,15,15,702
25514,2,15,15,702
25515,2,15,15,702
25516,2,15,15,702
25517,2,15,15,702
25518,2,15,15,702
25519,2,3,3,702
25520,2,15,15,702
25521,2,15,15,702
25522,2,15,15,702
25523,2,15,15,702
25524,2,15,15,702
25525,2,15,15,702
25526,2,15,15,702
25527,2,15,15,702
25528,2,15,15,702
25529,2,15,15,702
25530,2,15,15,702
25531,2,15,15,702
25532,2,15,15,702
25533,2,15,15,702
25534,2,15,15,702
25535,2,15,15,702
25536,2,15,15,702
25537,2,15,15,702
25538,2,15,15,702
25539,2,15,15,702
25540,2,15,15,702
25541,2,15,15,702
25542,2,15,15,702
25543,2,15,15,702
25544,2,15,15,702
25545,2,15,15,702
25546,2,15,15,702
25547,2,15,15,702
25548,2,15,15,702
25549,2,15,15,702
25550,2,15,15,702
25551,2,15,15,702
25552,2,15,15,702
25553,2,15,15,702
25554,2,15,15,702
25555,2,15,15,702
25556,2,3,3,702
25557,2,15,15,702
25558,2,15,15,702
25559,2,15,15,702
25560,2,15,15,702
25561,2,15,15,702
25562,2,15,15,702
25563,2,15,15,702
25564,2,15,15,702
25565,2,15,15,702
25566,2,15,15,702
25567,2,15,15,702
25568,2,15,15,702
25569,2,15,15,702
25570,2,15,15,702
25571,2,15,15,702
25572,2,15,15,702
25573,2,15,15,702
25574,2,15,15,702
25575,2,15,15,702
25576,2,15,15,702
25577,2,15,15,702
25578,2,15,15,702
25579,2,15,15,702
25580,2,15,15,702
25581,2,15,15,702
25582,2,15,15,702
25583,2,15,15,702
25584,2,15,15,702
25585,2,15,15,702
25586,2,15,15,702
25587,2,15,15,702
25588,2,15,15,702
25589,2,15,15,702
25590,2,15,15,702
25591,2,15,15,702
25592,2,15,15,702
25593,2,15,15,702
25594,2,15,15,702
25595,2,15,15,702
25596,2,15,15,702
25597,2,39,39,702
25598,2,15,15,702
25599,2,15,15,702
25600,2,4,4,702
25601,2,15,15,702
25602,2,15,15,702
25603,2,15,15,702
25604,2,15,15,702
25605,2,15,15,702
25606,2,15,15,702
25607,2,15,15,702
25608,2,15,15,702
25609,2,15,15,702
25610,2,15,15,702
25611,2,15,15,702
25612,2,15,15,702
25613,2,15,15,702
25614,2,15,15,702
25615,2,15,15,702
25616,2,15,15,702
25617,2,15,15,702
25618,2,15,15,702
25619,2,4,4,702
25620,2,41,41,702
25621,2,15,15,702
25622,2,15,15,702
25623,2,15,15,702
25624,2,15,15,702
25625,2,15,15,702
25626,2,39,15,702
25627,2,15,15,702
25628,2,39,39,702
25629,2,15,15,702
25630,2,15,15,702
25631,2,15,15,702
25632,2,15,15,702
25633,2,15,15,702
25634,2,15,15,702
25635,2,15,15,702
25636,2,15,15,702
25637,2,15,15,702
25638,2,15,15,702
25639,2,15,15,702
25640,2,15,15,702
25641,2,15,15,702
25642,2,21,15,702
25643,2,15,15,702
25644,2,15,15,702
25645,2,15,15,702
25646,2,15,15,702
25647,2,15,15,702
25648,2,15,15,702
25649,2,15,15,702
25650,2,15,15,702
25651,2,15,15,702
25652,2,15,15,702
25653,2,21,15,702
25654,2,15,15,702
25655,2,15,15,702
25656,2,4,15,702
25657,2,15,15,702
25658,2,15,15,702
25659,2,15,15,702
25660,2,15,15,702
25661,2,15,15,702
25662,2,15,15,702
25663,2,41,41,702
25664,2,15,15,702
25665,2,15,15,702
25666,2,15,15,702
25667,2,15,15,702
25668,2,15,15,702
25669,2,15,15,702
25670,2,15,15,702
25671,2,15,15,702
25672,2,15,15,702
25673,2,15,15,702
25674,2,15,15,702
25675,2,39,39,702
25676,2,4,4,702
25677,2,15,15,702
25678,2,4,4,702
25679,2,15,15,702
25680,2,15,15,702
25681,2,15,15,702
25682,2,15,15,702
25683,2,15,15,702
25684,2,15,15,702
25685,2,15,15,702
25686,2,15,15,702
25687,2,15,15,702
25688,2,15,15,702
25689,2,15,15,702
25690,2,15,15,702
25691,2,15,15,702
25692,2,15,15,702
25693,2,15,15,702
25694,2,15,15,702
25695,2,15,15,702
25696,2,15,15,702
25697,2,15,15,702
25698,2,4,4,702
25699,2,15,15,702
25700,2,15,15,702
25701,2,15,15,702
25702,2,15,15,702
25703,2,15,15,702
25704,2,15,15,702
25705,2,15,15,702
25706,2,15,15,702
25707,2,15,15,702
25708,2,15,15,702
25709,2,21,15,702
25710,2,15,15,702
25711,2,15,15,702
25712,2,15,15,702
25713,2,15,15,702
25714,2,15,15,702
25715,2,15,15,702
25716,2,15,15,702
25717,2,15,15,702
25718,2,15,15,702
25719,2,15,15,702
25720,2,15,15,702
25721,2,15,15,702
25722,2,15,15,702
25723,2,15,15,702
25724,2,15,15,702
25725,2,15,15,702
25726,2,15,15,702
25727,2,15,4,702
25728,2,15,15,702
25729,2,15,15,702
25730,2,3,3,702
25731,2,15,15,702
25732,2,15,15,702
25733,2,15,15,702
25734,2,15,15,702
25735,2,15,15,702
25736,2,15,15,702
25737,2,15,15,702
25738,2,15,15,702
25739,2,15,15,702
25740,2,15,15,702
25741,2,15,15,702
25742,2,15,15,702
25743,2,15,15,702
25744,2,15,15,702
25745,2,4,4,702
25746,2,15,15,702
25747,2,15,15,702
25748,2,15,15,702
25749,2,4,4,702
25750,2,15,15,702
25751,2,15,15,702
25752,2,15,15,702
25753,2,15,15,702
25754,2,15,4,702
25755,2,15,15,702
25756,2,15,15,702
25757,2,15,15,702
25758,2,15,15,702
25759,2,15,15,702
25760,2,15,15,702
25761,2,15,15,702
25762,2,15,15,702
25763,2,15,15,702
25764,2,15,15,702
25765,2,15,15,702
25766,2,41,41,702
25767,2,15,15,702
25768,2,15,15,702
25769,2,15,15,702
25770,2,15,15,702
25771,2,15,15,702
25772,2,15,15,702
25773,2,15,15,702
25774,2,15,15,702
25775,2,15,15,702
25776,2,15,15,702
25777,2,15,15,702
25778,2,15,15,702
25779,2,15,15,702
25780,2,15,15,702
25781,2,4,15,702
25782,2,41,41,702
25783,2,15,15,702
25784,2,15,15,702
25785,2,39,39,702
25786,2,15,15,702
25787,2,21,15,702
25788,2,15,15,702
25789,2,15,15,702
25790,2,15,15,702
25791,2,15,15,702
25792,2,4,15,702
25793,2,15,15,702
25794,2,15,15,702
25795,2,15,15,702
25796,2,15,15,702
25797,2,15,15,702
25798,2,15,15,702
25799,2,15,15,702
25800,2,15,15,702
25801,2,15,15,702
25802,2,15,15,702
25803,2,15,15,702
25804,2,15,15,702
25805,2,15,15,702
25806,2,15,15,702
25807,2,15,15,702
25808,2,4,15,702
25809,2,15,15,702
25810,2,15,15,702
25811,2,15,15,702
25812,2,15,15,702
25813,2,15,15,702
25814,2,15,4,702
25815,2,15,15,702
25816,2,15,15,702
25817,2,15,15,702
25818,2,15,15,702
25819,2,15,15,702
25820,2,15,15,702
25821,2,3,3,702
25822,2,15,15,702
25823,2,15,15,702
25824,2,15,15,702
25825,2,15,15,702
25826,2,15,15,702
25827,2,15,15,702
25828,2,15,15,702
25829,2,15,15,702
25830,2,15,15,702
25831,2,15,15,702
25832,2,15,15,702
25833,2,15,15,702
25834,2,15,15,702
25835,2,15,15,702
25836,2,15,15,702
25837,2,15,15,702
25838,2,15,15,702
25839,2,15,15,702
25840,2,15,15,702
25841,2,15,15,702
25842,2,15,15,702
25843,2,15,15,702
25844,2,15,15,702
25845,2,15,15,702
25846,2,21,4,702
25847,2,15,15,702
25848,2,15,15,702
25849,2,15,15,702
25850,2,15,15,702
25851,2,15,15,702
25852,2,15,15,702
25853,2,15,15,702
25854,2,15,15,702
25855,2,15,15,702
25856,2,15,15,702
25857,2,15,15,702
25858,2,15,15,702
25859,2,15,15,702
25860,2,15,15,702
25861,2,15,15,702
25862,2,15,15,702
25863,2,15,15,702
25864,2,15,15,702
25865,2,15,15,702
25866,2,15,15,702
25867,2,15,15,702
25868,2,15,15,702
25869,2,15,15,702
25870,2,15,15,702
25871,2,15,15,702
25872,2,15,15,702
25873,2,15,15,702
25874,2,15,15,702
25875,2,15,15,702
25876,2,15,15,702
25877,2,15,15,702
25878,2,15,15,702
25879,2,15,15,702
25880,2,15,15,702
25881,2,15,15,702
25882,2,15,15,702
25883,2,15,15,702
25884,2,15,15,702
25885,2,15,15,702
25886,2,15,15,702
25887,2,15,12,702
25888,2,15,15,702
25889,2,15,15,702
25890,2,15,15,702
25891,2,15,15,702
25892,2,15,15,702
25893,2,15,15,702
25894,2,15,15,702
25895,2,15,15,702
25896,2,15,15,702
25897,2,15,15,702
25898,2,15,15,702
25899,2,15,15,702
25900,2,15,15,702
25901,2,20,15,702
25902,2,21,15,702
25903,2,15,15,702
25904,2,15,15,702
25905,2,15,15,702
25906,2,15,15,702
25907,2,15,15,702
25908,2,15,15,702
25909,2,15,15,702
25910,2,15,15,702
25911,2,15,15,702
25912,2,15,15,702
25913,2,15,15,702
25914,2,15,15,702
25915,2,15,15,702
25916,2,15,15,702
25917,2,15,15,702
25918,2,4,4,702
25919,2,15,15,702
25920,2,15,15,702
25921,2,15,21,702
25922,2,15,15,702
25923,2,15,15,702
25924,2,15,15,702
25925,2,15,15,702
25926,2,15,15,702
25927,2,15,15,702
25928,2,15,15,702
25929,2,15,15,702
25930,2,15,15,702
25931,2,15,15,702
25932,2,15,15,702
25933,2,15,15,702
25934,2,15,15,702
25935,2,15,15,702
25936,2,15,15,702
25937,2,4,4,702
25938,2,15,15,702
25939,2,15,15,702
25940,2,15,15,702
25941,2,15,15,702
25942,2,15,15,702
25943,2,15,15,702
25944,2,15,15,702
25945,2,15,15,702
25946,2,15,15,702
25947,2,15,15,702
25948,2,15,15,702
25949,2,15,15,702
25950,2,15,15,702
25951,2,15,15,702
25952,2,15,15,702
25953,2,15,15,702
25954,2,15,15,702
25955,2,15,15,702
25956,2,15,15,702
25957,2,15,15,702
25958,2,15,15,702
25959,2,4,4,702
25960,2,15,15,702
25961,2,15,15,702
25962,2,15,15,702
25963,2,15,15,702
25964,2,15,15,702
25965,2,15,15,702
25966,2,15,15,702
25967,2,15,15,702
25968,2,15,15,702
25969,2,15,15,702
25970,2,15,15,702
25971,2,3,15,702
25972,2,15,15,702
25973,2,15,15,702
25974,2,15,15,702
25975,2,41,41,702
25976,2,15,15,702
25977,2,15,15,702
25978,2,15,15,702
25979,2,15,15,702
25980,2,15,15,702
25981,2,15,4,702
25982,2,15,15,702
25983,2,15,15,702
25984,2,15,15,702
25985,2,15,15,702
25986,2,15,15,702
25987,2,15,15,702
25988,2,15,15,702
25989,2,15,15,702
25990,2,15,15,702
25991,2,15,15,702
25992,2,15,15,702
25993,2,15,15,702
25994,2,15,15,702
25995,2,21,15,702
25996,2,15,15,702
25997,2,15,15,702
25998,2,15,15,702
25999,2,15,15,702
26000,2,15,15,702
26001,2,15,15,702
26002,2,15,15,702
26003,2,15,15,702
26004,2,15,15,702
26005,2,15,15,702
26006,2,15,15,702
26007,2,15,15,702
26008,2,15,15,702
26009,2,4,4,702
26010,2,15,15,702
26011,2,15,15,702
26012,2,15,15,702
26013,2,15,15,702
26014,2,15,15,702
26015,2,15,9,702
26016,2,15,15,702
26017,2,15,15,702
26018,2,15,15,702
26019,2,15,15,702
26020,2,15,15,702
26021,2,15,15,702
26022,2,15,15,702
26023,2,15,15,702
26024,2,15,15,702
26025,2,15,15,702
26026,2,15,15,702
26027,2,15,15,702
26028,2,15,15,702
26029,2,15,15,702
26030,2,15,15,702
26031,2,15,15,702
26032,2,15,15,702
26033,2,15,15,702
26034,2,15,15,702
26035,2,15,15,702
26036,2,15,15,702
26037,2,15,15,702
26038,2,15,15,702
26039,2,15,15,702
26040,2,15,15,702
26041,2,15,15,702
26042,2,15,15,702
26043,2,15,15,702
26044,2,15,15,702
26045,2,15,15,702
26046,2,15,15,702
26047,2,15,15,702
26048,2,15,15,702
26049,2,15,15,702
26050,2,15,15,702
26051,2,15,15,702
26052,2,15,15,702
26053,2,15,15,702
26054,2,15,15,702
26055,2,15,15,702
26056,2,15,15,702
26057,2,15,15,702
26058,2,15,15,702
26059,2,4,4,702
26060,2,15,15,702
26061,2,15,15,702
26062,2,15,15,702
26063,2,15,15,702
26064,2,15,15,702
26065,2,15,15,702
26066,2,15,15,702
26067,2,15,15,702
26068,2,41,41,702
26069,2,15,15,702
26070,2,15,15,702
26071,2,15,15,702
26072,2,15,15,702
26073,2,15,15,702
26074,2,4,4,702
26075,2,15,15,702
26076,2,15,15,702
26077,2,15,15,702
26078,2,15,15,702
26079,2,15,15,702
26080,2,15,15,702
26081,2,21,4,702
26082,2,15,15,702
26083,2,15,15,702
26084,2,15,15,702
26085,2,21,15,702
26086,2,15,15,702
26087,2,15,15,702
26088,2,15,15,702
26089,2,15,15,702
26090,2,3,3,702
26091,2,15,15,702
26092,2,15,15,702
26093,2,15,15,702
26094,2,15,15,702
26095,2,15,15,702
26096,2,15,15,702
26097,2,4,4,702
26098,2,15,15,702
26099,2,15,15,702
26100,2,15,15,702
26101,2,15,15,702
26102,2,4,15,702
26103,2,15,15,702
26104,2,15,15,702
26105,2,15,15,702
26106,2,15,15,702
26107,2,15,15,702
26108,2,15,15,702
26109,2,15,15,702
26110,2,15,15,702
26111,2,15,15,702
26112,2,15,15,702
26113,2,21,21,702
26114,2,4,4,702
26115,2,4,15,702
26116,2,15,15,702
26117,2,15,15,702
26118,2,15,15,702
26119,2,15,15,702
26120,2,15,15,702
26121,2,15,15,702
26122,2,15,15,702
26123,2,15,15,702
26124,2,15,15,702
26125,2,15,15,702
26126,2,15,15,702
26127,2,15,15,702
26128,2,15,15,702
26129,2,15,15,702
26130,2,15,15,702
26131,2,15,15,702
26132,2,15,15,702
26133,2,15,15,702
26134,2,15,15,702
26135,2,15,15,702
26136,2,15,15,702
26137,2,15,15,702
26138,2,15,15,702
26139,2,15,15,702
26140,2,15,4,702
26141,2,15,15,702
26142,2,15,15,702
26143,2,15,15,702
26144,2,15,15,702
26145,2,4,4,702
26146,2,15,15,702
26147,2,15,15,702
26148,2,15,15,702
26149,2,12,12,702
26150,2,15,15,702
26151,2,15,15,702
26152,2,15,15,702
26153,2,15,15,702
26154,2,15,15,702
26155,2,15,15,702
26156,2,15,15,702
26157,2,15,15,702
26158,2,15,15,702
26159,2,15,15,702
26160,2,15,15,702
26161,2,15,15,702
26162,2,15,15,702
26163,2,15,15,702
26164,2,15,15,702
26165,2,15,15,702
26166,2,15,15,702
26167,2,15,15,702
26168,2,15,15,702
26169,2,15,15,702
26170,2,15,15,702
26171,2,15,15,702
26172,2,21,4,702
26173,2,15,15,702
26174,2,15,15,702
26175,2,15,15,702
26176,2,15,15,702
26177,2,15,15,702
26178,2,15,15,702
26179,2,15,15,702
26180,2,15,15,702
26181,2,15,15,702
26182,2,15,15,702
26183,2,15,15,702
26184,2,15,15,702
26185,2,15,15,702
26186,2,15,15,702
26187,2,15,15,702
26188,2,15,15,702
26189,2,15,15,702
26190,2,15,15,702
26191,2,15,15,702
26192,2,15,15,702
26193,2,15,15,702
26194,2,15,15,702
26195,2,15,15,702
26196,2,21,21,702
26197,2,15,15,702
26198,2,15,15,702
26199,2,15,15,702
26200,2,15,15,702
26201,2,15,15,702
26202,2,15,15,702
26203,2,15,15,702
26204,2,15,15,702
26205,2,15,15,702
26206,2,15,15,702
26207,2,15,15,702
26208,2,15,15,702
26209,2,4,4,702
26210,2,15,15,702
26211,2,15,15,702
26212,2,15,15,702
26213,2,15,15,702
26214,2,15,15,702
26215,2,15,15,702
26216,2,15,15,702
26217,2,15,15,702
26218,2,15,15,702
26219,2,15,15,702
26220,2,15,15,702
26221,2,15,15,702
26222,2,15,15,702
26223,2,15,15,702
26224,2,15,15,702
26225,2,15,15,702
26226,2,15,15,702
26227,2,15,15,702
26228,2,15,15,702
26229,2,15,15,702
26230,2,15,15,702
26231,2,15,15,702
26232,2,15,15,702
26233,2,15,15,702
26234,2,15,15,702
26235,2,15,15,702
26236,2,15,15,702
26237,2,15,15,702
26238,2,15,15,702
26239,2,15,15,702
26240,2,15,4,702
26241,2,15,15,702
26242,2,15,15,702
26243,2,15,15,702
26244,2,15,15,702
26245,2,15,15,702
26246,2,15,15,702
26247,2,15,15,702
26248,2,11,15,702
26249,2,15,15,702
26250,2,15,15,702
26251,2,15,15,702
26252,2,15,4,702
26253,2,15,15,702
26254,2,15,15,702
26255,2,15,15,702
26256,2,15,15,702
26257,2,15,15,702
26258,2,15,15,702
26259,2,15,15,702
26260,2,15,15,702
26261,2,15,15,702
26262,2,15,15,702
26263,2,15,15,702
26264,2,15,15,702
26265,2,15,15,702
26266,2,15,15,702
26267,2,15,15,702
26268,2,4,4,702
26269,2,15,15,702
26270,2,15,15,702
26271,2,15,15,702
26272,2,15,15,702
26273,2,15,15,702
26274,2,15,15,702
26275,2,15,15,702
26276,2,15,4,702
26277,2,15,15,702
26278,2,15,4,702
26279,2,15,15,702
26280,2,15,15,702
26281,2,15,15,702
26282,2,15,15,702
26283,2,15,15,702
26284,2,15,15,702
26285,2,15,15,702
26286,2,15,15,702
26287,2,15,15,702
26288,2,15,15,702
26289,2,15,15,702
26290,2,15,15,702
26291,2,15,15,702
26292,2,15,15,702
26293,2,15,15,702
26294,2,15,15,702
26295,2,15,15,702
26296,2,15,15,702
26297,2,15,15,702
26298,2,15,4,702
26299,2,15,15,702
26300,2,12,12,702
26301,2,15,15,702
26302,2,15,15,702
26303,2,15,15,702
26304,2,15,15,702
26305,2,15,15,702
26306,2,15,15,702
26307,2,15,15,702
26308,2,15,15,702
26309,2,15,15,702
26310,2,15,15,702
26311,2,15,15,702
26312,2,15,15,702
26313,2,15,15,702
26314,2,15,15,702
26315,2,15,15,702
26316,2,15,15,702
26317,2,15,15,702
26318,2,15,15,702
26319,2,15,15,702
26320,2,15,15,702
26321,2,15,15,702
26322,2,15,15,702
26323,2,15,15,702
26324,2,15,15,702
26325,2,4,4,702
26326,2,15,15,702
26327,2,15,15,702
26328,2,15,15,702
26329,2,15,15,702
26330,2,15,15,702
26331,2,15,15,702
26332,2,15,15,702
26333,2,4,4,702
26334,2,15,15,702
26335,2,15,15,702
26336,2,15,15,702
26337,2,15,15,702
26338,2,15,15,702
26339,2,15,15,702
26340,2,15,15,702
26341,2,15,15,702
26342,2,4,15,702
26343,2,15,15,702
26344,2,15,15,702
26345,2,15,15,702
26346,2,15,15,702
26347,2,15,15,702
26348,2,15,15,702
26349,2,15,15,702
26350,2,15,15,702
26351,2,15,15,702
26352,2,15,15,702
26353,2,15,15,702
26354,2,15,15,702
26355,2,15,15,702
26356,2,15,15,702
26357,2,15,15,702
26358,2,15,15,702
26359,2,15,15,702
26360,2,15,15,702
26361,2,15,15,702
26362,2,15,15,702
26363,2,15,15,702
26364,2,15,15,702
26365,2,15,15,702
26366,2,15,15,702
26367,2,15,15,702
26368,2,15,15,702
26369,2,15,15,702
26370,2,15,15,702
26371,2,15,15,702
26372,2,15,15,702
26373,2,39,39,702
26374,2,15,15,702
26375,2,15,15,702
26376,2,15,15,702
26377,2,4,15,702
26378,2,15,15,702
26379,2,41,41,702
26380,2,41,41,702
26381,2,15,15,702
26382,2,15,15,702
26383,2,15,15,702
26384,2,15,15,702
26385,2,15,15,702
26386,2,39,39,702
26387,2,41,41,702
26388,2,15,15,702
26389,2,15,15,702
26390,2,15,15,702
26391,2,15,15,702
26392,2,15,15,702
26393,2,21,21,702
26394,2,15,15,702
26395,2,15,15,702
26396,2,15,15,702
26397,2,15,15,702
26398,2,15,15,702
26399,2,15,15,702
26400,2,15,15,702
26401,2,15,15,702
26402,2,15,15,702
26403,2,15,15,702
26404,2,15,15,702
26405,2,15,15,702
26406,2,15,15,702
26407,2,15,15,702
26408,2,15,15,702
26409,2,15,15,702
26410,2,15,15,702
26411,2,15,15,702
26412,2,15,15,702
26413,2,15,15,702
26414,2,15,15,702
26415,2,15,15,702
26416,2,21,15,702
26417,2,15,15,702
26418,2,15,15,702
26419,2,15,15,702
26420,2,15,15,702
26421,2,15,15,702
26422,2,15,15,702
26423,2,15,15,702
26424,2,15,15,702
26425,2,15,15,702
26426,2,15,15,702
26427,2,4,4,702
26428,2,15,15,702
26429,2,15,15,702
26430,2,15,15,702
26431,2,15,15,702
26432,2,15,15,702
26433,2,15,15,702
26434,2,39,15,702
26435,2,15,15,702
26436,2,15,15,702
26437,2,15,15,702
26438,2,15,15,702
26439,2,15,15,702
26440,2,15,15,702
26441,2,15,15,702
26442,2,15,15,702
26443,2,15,15,702
26444,2,15,15,702
26445,2,15,15,702
26446,2,15,15,702
26447,2,15,15,702
26448,2,15,15,702
26449,2,41,41,702
26450,2,15,15,702
26451,2,15,15,702
26452,2,15,15,702
26453,2,15,15,702
26454,2,15,15,702
26455,2,15,15,702
26456,2,15,15,702
26457,2,15,15,702
26458,2,15,15,702
26459,2,15,15,702
26460,2,15,15,702
26461,2,15,15,702
26462,2,15,15,702
26463,2,15,15,702
26464,2,4,4,702
26465,2,15,15,702
26466,2,15,15,702
26467,2,15,15,702
26468,2,15,15,702
26469,2,15,15,702
26470,2,15,15,702
26471,2,15,15,702
26472,2,15,15,702
26473,2,15,15,702
26474,2,15,15,702
26475,2,15,15,702
26476,2,15,4,702
26477,2,12,12,702
26478,2,15,15,702
26479,2,3,3,702
26480,2,15,15,702
26481,2,15,15,702
26482,2,15,15,702
26483,2,15,15,702
26484,2,4,15,702
26485,2,15,15,702
26486,2,15,15,702
26487,2,15,15,702
26488,2,15,4,702
26489,2,15,15,702
26490,2,15,15,702
26491,2,15,15,702
26492,2,15,15,702
26493,2,15,15,702
26494,2,15,15,702
26495,2,15,15,702
26496,2,15,15,702
26497,2,41,15,702
26498,2,15,15,702
26499,2,15,15,702
26500,2,15,15,702
26501,2,15,15,702
26502,2,15,15,702
26503,2,15,15,702
26504,2,15,15,702
26505,2,15,15,702
26506,2,15,15,702
26507,2,15,15,702
26508,2,15,15,702
26509,2,15,15,702
26510,2,15,15,702
26511,2,15,15,702
26512,2,21,15,702
26513,2,4,4,702
26514,2,15,15,702
26515,2,15,15,702
26516,2,15,15,702
26517,2,3,15,702
26518,2,15,15,702
26519,2,15,15,702
26520,2,15,15,702
26521,2,15,15,702
26522,2,15,15,702
26523,2,15,15,702
26524,2,15,15,702
26525,2,15,15,702
26526,2,15,15,702
26527,2,15,15,702
26528,2,15,15,702
26529,2,15,15,702
26530,2,41,15,702
26531,2,15,15,702
26532,2,15,15,702
26533,2,21,4,702
26534,2,15,15,702
26535,2,15,15,702
26536,2,15,15,702
26537,2,15,15,702
26538,2,15,15,702
26539,2,15,15,702
26540,2,15,15,702
26541,2,15,15,702
26542,2,15,15,702
26543,2,15,15,702
26544,2,15,15,702
26545,2,15,15,702
26546,2,15,15,702
26547,2,15,15,702
26548,2,15,15,702
26549,2,15,15,702
26550,2,15,15,702
26551,2,39,39,702
26552,2,15,15,702
26553,2,15,15,702
26554,2,15,15,702
26555,2,15,15,702
26556,2,21,3,702
26557,2,15,15,702
26558,2,15,15,702
26559,2,15,15,702
26560,2,4,15,702
26561,2,15,15,702
26562,2,15,15,702
26563,2,15,15,702
26564,2,15,15,702
26565,2,15,15,702
26566,2,15,15,702
26567,2,20,20,702
26568,2,15,15,702
26569,2,15,15,702
26570,2,4,4,702
26571,2,15,15,702
26572,2,15,15,702
26573,2,15,15,702
26574,2,15,15,702
26575,2,4,4,702
26576,2,15,15,702
26577,2,15,15,702
26578,2,15,15,702
26579,2,15,15,702
26580,2,15,15,702
26581,2,15,15,702
26582,2,20,15,702
26583,2,15,15,702
26584,2,15,15,702
26585,2,15,15,702
26586,2,15,15,702
26587,2,15,15,702
26588,2,15,15,702
26589,2,15,15,702
26590,2,15,15,702
26591,2,15,15,702
26592,2,15,15,702
26593,2,15,15,702
26594,2,15,15,702
26595,2,15,15,702
26596,2,15,15,702
26597,2,15,15,702
26598,2,15,15,702
26599,2,15,15,702
26600,2,15,15,702
26601,2,15,15,702
26602,2,4,4,702
26603,2,15,15,702
26604,2,4,4,702
26605,2,15,15,702
26606,2,15,15,702
26607,2,15,15,702
26608,2,15,3,702
26609,2,4,4,702
26610,2,15,15,702
26611,2,15,15,702
26612,2,15,15,702
26613,2,15,15,702
26614,2,15,15,702
26615,2,3,3,702
26616,2,15,15,702
26617,2,15,15,702
26618,2,15,15,702
26619,2,15,15,702
26620,2,15,15,702
26621,2,15,15,702
26622,2,15,15,702
26623,2,15,15,702
26624,2,15,15,702
26625,2,15,15,702
26626,2,15,15,702
26627,2,15,15,702
26628,2,15,15,702
26629,2,15,15,702
26630,2,15,15,702
26631,2,15,15,702
26632,2,15,15,702
26633,2,15,15,702
26634,2,15,15,702
26635,2,15,15,702
26636,2,15,15,702
26637,2,15,15,702
26638,2,15,15,702
26639,2,15,15,702
26640,2,15,15,702
26641,2,15,15,702
26642,2,15,15,702
26643,2,15,15,702
26644,2,15,15,702
26645,2,15,15,702
26646,2,15,15,702
26647,2,15,15,702
26648,2,15,15,702
26649,2,15,15,702
26650,2,15,15,702
26651,2,15,15,702
26652,2,15,15,702
26653,2,15,15,702
26654,2,15,15,702
26655,2,15,15,702
26656,2,15,15,702
26657,2,15,15,702
26658,2,15,15,702
26659,2,15,15,702
26660,2,15,15,702
26661,2,15,4,702
26662,2,15,15,702
26663,2,15,15,702
26664,2,15,15,702
26665,2,15,15,702
26666,2,15,15,702
26667,2,4,4,702
26668,2,15,15,702
26669,2,15,15,702
26670,2,15,15,702
26671,2,15,15,702
26672,2,15,15,702
26673,2,15,15,702
26674,2,15,15,702
26675,2,20,15,702
26676,2,15,15,702
26677,2,15,15,702
26678,2,4,4,702
26679,2,15,15,702
26680,2,15,15,702
26681,2,15,15,702
26682,2,15,15,702
26683,2,15,15,702
26684,2,15,15,702
26685,2,15,15,702
26686,2,15,15,702
26687,2,15,15,702
26688,2,15,15,702
26689,2,15,15,702
26690,2,15,15,702
26691,2,15,15,702
26692,2,15,15,702
26693,2,15,15,702
26694,2,15,15,702
26695,2,15,15,702
26696,2,15,15,702
26697,2,15,15,702
26698,2,15,15,702
26699,2,41,41,702
26700,2,15,15,702
26701,2,15,15,702
26702,2,15,15,702
26703,2,15,15,702
26704,2,15,15,702
26705,2,15,15,702
26706,2,15,15,702
26707,2,15,15,702
26708,2,21,15,702
26709,2,15,15,702
26710,2,15,15,702
26711,2,15,15,702
26712,2,15,15,702
26713,2,15,15,702
26714,2,15,15,702
26715,2,15,15,702
26716,2,15,15,702
26717,2,15,15,702
26718,2,4,4,702
26719,2,15,15,702
26720,2,15,15,702
26721,2,15,15,702
26722,2,15,15,702
26723,2,4,4,702
26724,2,15,15,702
26725,2,15,15,702
26726,2,15,15,702
26727,2,15,15,702
26728,2,15,15,702
26729,2,15,15,702
26730,2,15,15,702
26731,2,15,15,702
26732,2,15,15,702
26733,2,15,15,702
26734,2,15,15,702
26735,2,15,15,702
26736,2,4,4,702
26737,2,15,15,702
26738,2,15,15,702
26739,2,15,15,702
26740,2,15,15,702
26741,2,15,15,702
26742,2,15,15,702
26743,2,15,15,702
26744,2,15,15,702
26745,2,15,15,702
26746,2,15,15,702
26747,2,15,15,702
26748,2,15,15,702
26749,2,15,15,702
26750,2,15,15,702
26751,2,15,15,702
26752,2,15,15,702
26753,2,15,15,702
26754,2,15,15,702
26755,2,3,3,702
26756,2,15,15,702
26757,2,15,15,702
26758,2,15,15,702
26759,2,15,15,702
26760,2,15,15,702
26761,2,15,15,702
26762,2,15,15,702
26763,2,15,15,702
26764,2,15,15,702
26765,2,15,15,702
26766,2,15,15,702
26767,2,3,3,702
26768,2,15,15,702
26769,2,41,41,702
26770,2,15,15,702
26771,2,15,15,702
26772,2,15,15,702
26773,2,15,15,702
26774,2,15,15,702
26775,2,15,15,702
26776,2,15,15,702
26777,2,15,15,702
26778,2,15,15,702
26779,2,15,15,702
26780,2,21,21,702
26781,2,15,15,702
26782,2,15,15,702
26783,2,15,15,702
26784,2,15,15,702
26785,2,4,4,702
26786,2,15,15,702
26787,2,15,15,702
26788,2,15,15,702
26789,2,15,15,702
26790,2,15,15,702
26791,2,41,41,702
26792,2,4,4,702
26793,2,15,15,702
26794,2,15,15,702
26795,2,15,15,702
26796,2,15,15,702
26797,2,15,15,702
26798,2,15,15,702
26799,2,15,15,702
26800,2,15,15,702
26801,2,15,15,702
26802,2,39,41,702
26803,2,15,15,702
26804,2,15,15,702
26805,2,15,21,702
26806,2,15,15,702
26807,2,15,15,702
26808,2,15,15,702
26809,2,12,12,702
26810,2,15,15,702
26811,2,15,15,702
26812,2,15,15,702
26813,2,15,15,702
26814,2,15,15,702
26815,2,15,15,702
26816,2,15,15,702
26817,2,15,15,702
26818,2,15,15,702
26819,2,15,15,702
26820,2,15,15,702
26821,2,15,15,702
26822,2,15,15,702
26823,2,15,15,702
26824,2,15,15,702
26825,2,15,15,702
26826,2,15,15,702
26827,2,15,15,702
26828,2,15,15,702
26829,2,15,15,702
26830,2,15,15,702
26831,2,15,15,702
26832,2,15,15,702
26833,2,15,15,702
26834,2,15,15,702
26835,2,15,15,702
26836,2,15,15,702
26837,2,15,15,702
26838,2,41,41,702
26839,2,15,15,702
26840,2,15,15,702
26841,2,15,15,702
26842,2,15,15,702
26843,2,15,15,702
26844,2,15,15,702
26845,2,15,15,702
26846,2,15,15,702
26847,2,15,15,702
26848,2,15,15,702
26849,2,15,15,702
26850,2,15,15,702
26851,2,15,15,702
26852,2,15,15,702
26853,2,15,15,702
26854,2,15,15,702
26855,2,3,3,702
26856,2,15,15,702
26857,2,15,15,702
26858,2,15,15,702
26859,2,15,15,702
26860,2,15,15,702
26861,2,15,15,702
26862,2,15,15,702
26863,2,15,15,702
26864,2,15,15,702
26865,2,15,15,702
26866,2,15,15,702
26867,2,15,15,702
26868,2,15,15,702
26869,2,4,4,702
26870,2,4,4,702
26871,2,15,15,702
26872,2,15,15,702
26873,2,15,15,702
26874,2,15,15,702
26875,2,4,4,702
26876,2,15,15,702
26877,2,21,15,702
26878,2,15,15,702
26879,2,15,15,702
26880,2,15,15,702
26881,2,15,15,702
26882,2,15,15,702
26883,2,15,15,702
26884,2,15,15,702
26885,2,15,15,702
26886,2,15,15,702
26887,2,15,15,702
26888,2,15,15,702
26889,2,15,15,702
26890,2,15,15,702
26891,2,15,15,702
26892,2,15,15,702
26893,2,15,15,702
26894,2,15,15,702
26895,2,15,15,702
26896,2,15,15,702
26897,2,15,15,702
26898,2,15,15,702
26899,2,41,41,702
26900,2,15,15,702
26901,2,15,15,702
26902,2,15,15,702
26903,2,15,15,702
26904,2,15,15,702
26905,2,15,15,702
26906,2,15,15,702
26907,2,15,15,702
26908,2,15,15,702
26909,2,15,15,702
26910,2,15,15,702
26911,2,15,15,702
26912,2,15,15,702
26913,2,15,15,702
26914,2,15,15,702
26915,2,15,15,702
26916,2,15,15,702
26917,2,41,41,702
26918,2,15,15,702
26919,2,15,15,702
26920,2,15,15,702
26921,2,15,15,702
26922,2,15,15,702
26923,2,15,15,702
26924,2,24,15,702
26925,2,15,15,702
26926,2,15,15,702
26927,2,15,15,702
26928,2,15,15,702
26929,2,15,15,702
26930,2,15,15,702
26931,2,4,4,702
26932,2,21,21,702
26933,2,15,15,702
26934,2,15,15,702
26935,2,15,15,702
26936,2,15,15,702
26937,2,15,15,702
26938,2,15,15,702
26939,2,15,15,702
26940,2,9,9,702
26941,2,4,4,702
26942,2,15,15,702
26943,2,15,15,702
26944,2,15,15,702
26945,2,15,15,702
26946,2,15,15,702
26947,2,15,15,702
26948,2,15,15,702
26949,2,15,15,702
26950,2,15,15,702
26951,2,15,15,702
26952,2,41,41,702
26953,2,15,15,702
26954,2,15,15,702
26955,2,15,15,702
26956,2,15,15,702
26957,2,15,15,702
26958,2,15,15,702
26959,2,15,15,702
26960,2,15,15,702
26961,2,15,15,702
26962,2,15,15,702
26963,2,15,15,702
26964,2,15,15,702
26965,2,15,15,702
26966,2,15,15,702
26967,2,15,15,702
26968,2,15,15,702
26969,2,15,15,702
26970,2,15,15,702
26971,2,15,15,702
26972,2,15,15,702
26973,2,15,15,702
26974,2,15,15,702
26975,2,15,15,702
26976,2,15,15,702
26977,2,15,15,702
26978,2,15,15,702
26979,2,15,15,702
26980,2,15,15,702
26981,2,15,15,702
26982,2,4,4,702
26983,2,15,15,702
26984,2,15,15,702
26985,2,21,15,702
26986,2,15,15,702
26987,2,15,15,702
26988,2,15,15,702
26989,2,15,15,702
26990,2,15,15,702
26991,2,15,15,702
26992,2,15,15,702
26993,2,15,15,702
26994,2,15,15,702
26995,2,15,15,702
26996,2,15,15,702
26997,2,15,15,702
26998,2,39,39,702
26999,2,41,41,702
27000,2,15,15,702
27001,2,15,15,702
27002,2,15,15,702
27003,2,15,15,702
27004,2,15,15,702
27005,2,15,15,702
27006,2,15,15,702
27007,2,15,15,702
27008,2,15,15,702
27009,2,15,15,702
27010,2,15,15,702
27011,2,15,15,702
27012,2,15,15,702
27013,2,15,15,702
27014,2,15,15,702
27015,2,15,15,702
27016,2,15,15,702
27017,2,15,15,702
27018,2,15,15,702
27019,2,39,39,702
27020,2,15,15,702
27021,2,20,15,702
27022,2,15,15,702
27023,2,15,15,702
27024,2,15,15,702
27025,2,15,15,702
27026,2,15,15,702
27027,2,15,15,702
27028,2,15,15,702
27029,2,15,15,702
27030,2,15,15,702
27031,2,15,15,702
27032,2,15,15,702
27033,2,15,15,702
27034,2,15,15,702
27035,2,15,15,702
27036,2,15,15,702
27037,2,15,15,702
27038,2,21,15,702
27039,2,15,15,702
27040,2,15,15,702
27041,2,15,15,702
27042,2,4,4,702
27043,2,15,15,702
27044,2,15,15,702
27045,2,15,15,702
27046,2,15,15,702
27047,2,41,41,702
27048,2,21,15,702
27049,2,15,15,702
27050,2,15,15,702
27051,2,15,15,702
27052,2,15,15,702
27053,2,15,15,702
27054,2,15,15,702
27055,2,15,15,702
27056,2,15,15,702
27057,2,15,15,702
27058,2,15,15,702
27059,2,15,15,702
27060,2,15,15,702
27061,2,15,15,702
27062,2,15,15,702
27063,2,15,15,702
27064,2,15,15,702
27065,2,15,15,702
27066,2,15,15,702
27067,2,15,15,702
27068,2,15,15,702
27069,2,15,15,702
27070,2,15,15,702
27071,2,15,15,702
27072,2,15,15,702
27073,2,15,15,702
27074,2,15,15,702
27075,2,15,15,702
27076,2,15,15,702
27077,2,15,15,702
27078,2,15,15,702
27079,2,15,15,702
27080,2,15,15,702
27081,2,15,4,702
27082,2,15,15,702
27083,2,15,15,702
27084,2,15,15,702
27085,2,15,15,702
27086,2,15,15,702
27087,2,15,15,702
27088,2,15,15,702
27089,2,15,15,702
27090,2,15,15,702
27091,2,15,15,702
27092,2,15,15,702
27093,2,15,15,702
27094,2,15,15,702
27095,2,15,15,702
27096,2,15,15,702
27097,2,15,15,702
27098,2,15,15,702
27099,2,4,4,702
27100,2,15,15,702
27101,2,15,15,702
27102,2,39,39,702
27103,2,15,15,702
27104,2,15,15,702
27105,2,15,15,702
27106,2,15,15,702
27107,2,15,15,702
27108,2,15,15,702
27109,2,15,15,702
27110,2,15,15,702
27111,2,15,15,702
27112,2,15,15,702
27113,2,15,15,702
27114,2,15,15,702
27115,2,15,15,702
27116,2,15,15,702
27117,2,15,15,702
27118,2,39,41,702
27119,2,15,15,702
27120,2,15,15,702
27121,2,4,15,702
27122,2,15,15,702
27123,2,15,15,702
27124,2,15,15,702
27125,2,15,15,702
27126,2,15,15,702
27127,2,15,15,702
27128,2,41,41,702
27129,2,15,15,702
27130,2,15,15,702
27131,2,15,15,702
27132,2,15,15,702
27133,2,15,15,702
27134,2,15,15,702
27135,2,15,15,702
27136,2,15,15,702
27137,2,15,15,702
27138,2,15,15,702
27139,2,15,15,702
27140,2,15,15,702
27141,2,15,15,702
27142,2,15,15,702
27143,2,15,15,702
27144,2,15,15,702
27145,2,15,15,702
27146,2,15,15,702
27147,2,15,15,702
27148,2,4,4,702
27149,2,15,15,702
27150,2,15,15,702
27151,2,15,15,702
27152,2,15,15,702
27153,2,15,15,702
27154,2,4,4,702
27155,2,15,15,702
27156,2,15,4,702
27157,2,15,15,702
27158,2,15,15,702
27159,2,15,15,702
27160,2,15,15,702
27161,2,15,15,702
27162,2,15,15,702
27163,2,15,15,702
27164,2,15,15,702
27165,2,15,15,702
27166,2,15,15,702
27167,2,15,15,702
27168,2,4,15,702
27169,2,15,15,702
27170,2,15,15,702
27171,2,15,15,702
27172,2,15,15,702
27173,2,15,15,702
27174,2,15,15,702
27175,2,15,15,702
27176,2,15,15,702
27177,2,15,15,702
27178,2,15,15,702
27179,2,15,15,702
27180,2,24,24,702
27181,2,15,15,702
27182,2,15,15,702
27183,2,15,15,702
27184,2,15,15,702
27185,2,15,4,702
27186,2,15,15,702
27187,2,15,15,702
27188,2,15,15,702
27189,2,15,15,702
27190,2,15,15,702
27191,2,15,15,702
27192,2,15,15,702
27193,2,15,15,702
27194,2,15,15,702
27195,2,15,15,702
27196,2,15,15,702
27197,2,15,15,702
27198,2,15,15,702
27199,2,15,15,702
27200,2,15,15,702
27201,2,15,15,702
27202,2,21,15,702
27203,2,15,15,702
27204,2,15,15,702
27205,2,15,15,702
27206,2,21,4,702
27207,2,15,15,702
27208,2,15,15,702
27209,2,15,15,702
27210,2,15,15,702
27211,2,15,15,702
27212,2,15,15,702
27213,2,15,15,702
27214,2,15,15,702
27215,2,15,15,702
27216,2,15,15,702
27217,2,15,15,702
27218,2,15,15,702
27219,2,15,15,702
27220,2,15,15,702
27221,2,21,15,702
27222,2,15,15,702
27223,2,15,15,702
27224,2,15,15,702
27225,2,15,15,702
27226,2,15,15,702
27227,2,15,15,702
27228,2,15,15,702
27229,2,15,15,702
27230,2,15,15,702
27231,2,15,15,702
27232,2,15,15,702
27233,2,15,15,702
27234,2,15,15,702
27235,2,15,15,702
27236,2,4,4,702
27237,2,15,15,702
27238,2,15,15,702
27239,2,15,15,702
27240,2,15,15,702
27241,2,4,4,702
27242,2,15,15,702
27243,2,15,15,702
27244,2,15,15,702
27245,2,21,21,702
27246,2,15,15,702
27247,2,39,41,702
27248,2,15,15,702
27249,2,15,15,702
27250,2,15,15,702
27251,2,15,15,702
27252,2,15,15,702
27253,2,15,15,702
27254,2,15,15,702
27255,2,15,15,702
27256,2,15,15,702
27257,2,21,15,702
27258,2,15,15,702
27259,2,15,15,702
27260,2,15,15,702
27261,2,15,15,702
27262,2,4,4,702
27263,2,15,15,702
27264,2,15,15,702
27265,2,15,15,702
27266,2,15,15,702
27267,2,15,15,702
27268,2,15,15,702
27269,2,15,15,702
27270,2,15,15,702
27271,2,15,15,702
27272,2,20,20,702
27273,2,15,15,702
27274,2,15,15,702
27275,2,15,15,702
27276,2,15,15,702
27277,2,15,15,702
27278,2,15,15,702
27279,2,15,15,702
27280,2,15,15,702
27281,2,15,15,702
27282,2,4,4,702
27283,2,4,4,702
27284,2,15,15,702
27285,2,15,15,702
27286,2,15,15,702
27287,2,15,15,702
27288,2,15,15,702
27289,2,15,15,702
27290,2,15,15,702
27291,2,15,15,702
27292,2,15,15,702
27293,2,15,15,702
27294,2,15,15,702
27295,2,15,15,702
27296,2,15,15,702
27297,2,15,15,702
27298,2,15,15,702
27299,2,15,15,702
27300,2,15,15,702
27301,2,15,15,702
27302,2,15,15,702
27303,2,15,15,702
27304,2,15,15,702
27305,2,15,15,702
27306,2,15,15,702
27307,2,15,15,702
27308,2,15,15,702
27309,2,15,15,702
27310,2,15,15,702
27311,2,15,15,702
27312,2,15,15,702
27313,2,15,15,702
27314,2,15,15,702
27315,2,15,15,702
27316,2,15,15,702
27317,2,15,15,702
27318,2,15,15,702
27319,2,15,15,702
27320,2,15,15,702
27321,2,15,15,702
27322,2,15,15,702
27323,2,15,15,702
27324,2,15,15,702
27325,2,15,15,702
27326,2,15,15,702
27327,2,3,3,702
27328,2,15,15,702
27329,2,15,15,702
27330,2,15,15,702
27331,2,15,15,702
27332,2,15,15,702
27333,2,15,15,702
27334,2,15,15,702
27335,2,15,15,702
27336,2,15,15,702
27337,2,15,15,702
27338,2,15,15,702
27339,2,15,15,702
27340,2,15,15,702
27341,2,15,15,702
27342,2,15,15,702
27343,2,15,15,702
27344,2,15,15,702
27345,2,15,15,702
27346,2,15,15,702
27347,2,15,4,702
27348,2,15,15,702
27349,2,15,15,702
27350,2,15,15,702
27351,2,15,15,702
27352,2,15,15,702
27353,2,15,15,702
27354,2,15,15,702
27355,2,15,15,702
27356,2,15,15,702
27357,2,15,15,702
27358,2,15,15,702
27359,2,15,15,702
27360,2,15,15,702
27361,2,15,15,702
27362,2,15,15,702
27363,2,15,15,702
27364,2,15,15,702
27365,2,15,15,702
27366,2,15,15,702
27367,2,15,15,702
27368,2,15,15,702
27369,2,15,15,702
27370,2,15,15,702
27371,2,15,15,702
27372,2,15,15,702
27373,2,15,15,702
27374,2,15,15,702
27375,2,15,15,702
27376,2,3,3,702
27377,2,15,15,702
27378,2,15,15,702
27379,2,15,15,702
27380,2,15,15,702
27381,2,15,15,702
27382,2,15,15,702
27383,2,15,15,702
27384,2,15,15,702
27385,2,15,15,702
27386,2,15,15,702
27387,2,3,3,702
27388,2,15,15,702
27389,2,15,15,702
27390,2,4,15,702
27391,2,4,4,702
27392,2,15,15,702
27393,2,15,15,702
27394,2,15,15,702
27395,2,15,15,702
27396,2,15,15,702
27397,2,15,15,702
27398,2,15,15,702
27399,2,15,15,702
27400,2,15,15,702
27401,2,15,15,702
27402,2,9,9,702
27403,2,15,15,702
27404,2,15,15,702
27405,2,15,15,702
27406,2,15,15,702
27407,2,15,15,702
27408,2,15,15,702
27409,2,3,3,702
27410,2,15,15,702
27411,2,15,15,702
27412,2,21,15,702
27413,2,15,15,702
27414,2,15,15,702
27415,2,15,15,702
27416,2,15,15,702
27417,2,15,15,702
27418,2,15,15,702
27419,2,15,15,702
27420,2,15,15,702
27421,2,21,15,702
27422,2,15,15,702
27423,2,15,15,702
27424,2,15,15,702
27425,2,39,39,702
27426,2,15,15,702
27427,2,15,15,702
27428,2,15,15,702
27429,2,15,15,702
27430,2,15,15,702
27431,2,15,15,702
27432,2,15,15,702
27433,2,15,15,702
27434,2,15,15,702
27435,2,15,15,702
27436,2,15,15,702
27437,2,15,15,702
27438,2,15,15,702
27439,2,15,15,702
27440,2,15,15,702
27441,2,15,15,702
27442,2,15,15,702
27443,2,15,15,702
27444,2,15,15,702
27445,2,15,15,702
27446,2,15,15,702
27447,2,15,15,702
27448,2,15,15,702
27449,2,15,15,702
27450,2,15,15,702
27451,2,15,15,702
27452,2,15,15,702
27453,2,21,15,702
27454,2,15,15,702
27455,2,15,15,702
27456,2,15,15,702
27457,2,15,15,702
27458,2,15,15,702
27459,2,15,15,702
27460,2,41,41,702
27461,2,15,15,702
27462,2,15,15,702
27463,2,15,15,702
27464,2,4,4,702
27465,2,15,15,702
27466,2,15,15,702
27467,2,15,15,702
27468,2,15,15,702
27469,2,15,15,702
27470,2,15,15,702
27471,2,15,15,702
27472,2,15,15,702
27473,2,4,4,702
27474,2,15,15,702
27475,2,15,15,702
27476,2,15,15,702
27477,2,21,15,702
27478,2,15,15,702
27479,2,15,15,702
27480,2,15,15,702
27481,2,15,15,702
27482,2,15,15,702
27483,2,15,15,702
27484,2,15,15,702
27485,2,15,15,702
27486,2,20,15,702
27487,2,15,15,702
27488,2,15,15,702
27489,2,15,15,702
27490,2,41,41,702
27491,2,15,15,702
27492,2,15,15,702
27493,2,15,15,702
27494,2,41,41,702
27495,2,15,15,702
27496,2,15,15,702
27497,2,15,15,702
27498,2,15,15,702
27499,2,15,15,702
27500,2,39,39,702
27501,2,15,15,702
27502,2,15,15,702
27503,2,15,15,702
27504,2,15,15,702
27505,2,15,15,702
27506,2,15,15,702
27507,2,4,4,702
27508,2,15,15,702
27509,2,15,15,702
27510,2,15,15,702
27511,2,39,41,702
27512,2,15,15,702
27513,2,15,15,702
27514,2,15,15,702
27515,2,4,4,702
27516,2,15,15,702
27517,2,15,15,702
27518,2,15,15,702
27519,2,15,15,702
27520,2,15,15,702
27521,2,15,15,702
27522,2,15,15,702
27523,2,15,15,702
27524,2,15,15,702
27525,2,15,15,702
27526,2,15,15,702
27527,2,15,15,702
27528,2,15,15,702
27529,2,15,15,702
27530,2,15,15,702
27531,2,15,15,702
27532,2,15,15,702
27533,2,15,15,702
27534,2,15,15,702
27535,2,15,15,702
27536,2,15,15,702
27537,2,15,15,702
27538,2,15,15,702
27539,2,15,15,702
27540,2,15,15,702
27541,2,15,15,702
27542,2,15,15,702
27543,2,41,41,702
27544,2,15,15,702
27545,2,15,15,702
27546,2,15,15,702
27547,2,15,15,702
27548,2,15,15,702
27549,2,15,15,702
27550,2,15,15,702
27551,2,15,15,702
27552,2,15,15,702
27553,2,15,15,702
27554,2,15,15,702
27555,2,15,15,702
27556,2,15,15,702
27557,2,15,15,702
27558,2,15,15,702
27559,2,15,15,702
27560,2,15,15,702
27561,2,15,4,702
27562,2,15,15,702
27563,2,15,15,702
27564,2,15,15,702
27565,2,15,15,702
27566,2,15,15,702
27567,2,15,15,702
27568,2,15,15,702
27569,2,15,15,702
27570,2,15,15,702
27571,2,15,15,702
27572,2,15,15,702
27573,2,15,15,702
27574,2,15,15,702
27575,2,15,15,702
27576,2,15,15,702
27577,2,15,15,702
27578,2,39,15,702
27579,2,15,15,702
27580,2,15,15,702
27581,2,15,15,702
27582,2,15,15,702
27583,2,3,3,702
27584,2,15,15,702
27585,2,15,15,702
27586,2,15,15,702
27587,2,15,15,702
27588,2,15,15,702
27589,2,15,15,702
27590,2,15,15,702
27591,2,15,15,702
27592,2,15,15,702
27593,2,15,15,702
27594,2,15,15,702
27595,2,15,15,702
27596,2,15,15,702
27597,2,15,15,702
27598,2,15,15,702
27599,2,15,15,702
27600,2,15,15,702
27601,2,15,15,702
27602,2,15,15,702
27603,2,15,15,702
27604,2,15,15,702
27605,2,15,15,702
27606,2,15,15,702
27607,2,15,15,702
27608,2,15,15,702
27609,2,15,15,702
27610,2,15,15,702
27611,2,15,15,702
27612,2,15,15,702
27613,2,15,15,702
27614,2,15,15,702
27615,2,15,15,702
27616,2,15,15,702
27617,2,15,15,702
27618,2,15,15,702
27619,2,15,15,702
27620,2,3,3,702
27621,2,15,15,702
27622,2,15,15,702
27623,2,15,15,702
27624,2,15,15,702
27625,2,15,15,702
27626,2,15,15,702
27627,2,15,15,702
27628,2,15,15,702
27629,2,15,15,702
27630,2,15,15,702
27631,2,15,15,702
27632,2,15,15,702
27633,2,15,15,702
27634,2,15,15,702
27635,2,15,15,702
27636,2,15,15,702
27637,2,15,15,702
27638,2,15,15,702
27639,2,15,15,702
27640,2,15,15,702
27641,2,15,15,702
27642,2,21,15,702
27643,2,15,15,702
27644,2,15,15,702
27645,2,15,15,702
27646,2,15,21,702
27647,2,15,15,702
27648,2,15,15,702
27649,2,15,15,702
27650,2,15,15,702
27651,2,15,15,702
27652,2,15,15,702
27653,2,15,15,702
27654,2,3,3,702
27655,2,15,15,702
27656,2,15,15,702
27657,2,15,15,702
27658,2,15,4,702
27659,2,15,15,702
27660,2,15,15,702
27661,2,15,15,702
27662,2,15,15,702
27663,2,15,15,702
27664,2,15,15,702
27665,2,21,15,702
27666,2,15,15,702
27667,2,15,15,702
27668,2,15,15,702
27669,2,15,15,702
27670,2,15,15,702
27671,2,15,15,702
27672,2,15,15,702
27673,2,15,15,702
27674,2,15,15,702
27675,2,15,15,702
27676,2,15,15,702
27677,2,15,4,702
27678,2,15,15,702
27679,2,15,15,702
27680,2,15,15,702
27681,2,15,15,702
27682,2,15,15,702
27683,2,15,15,702
27684,2,3,3,702
27685,2,15,15,702
27686,2,15,15,702
27687,2,15,15,702
27688,2,15,15,702
27689,2,15,15,702
27690,2,15,15,702
27691,2,15,15,702
27692,2,15,15,702
27693,2,15,15,702
27694,2,15,15,702
27695,2,15,15,702
27696,2,15,15,702
27697,2,15,15,702
27698,2,15,15,702
27699,2,15,15,702
27700,2,15,15,702
27701,2,15,15,702
27702,2,4,4,702
27703,2,15,15,702
27704,2,15,15,702
27705,2,15,15,702
27706,2,15,15,702
27707,2,15,15,702
27708,2,15,15,702
27709,2,15,15,702
27710,2,15,15,702
27711,2,4,15,702
27712,2,15,15,702
27713,2,15,15,702
27714,2,15,15,702
27715,2,15,15,702
27716,2,15,15,702
27717,2,15,15,702
27718,2,15,15,702
27719,2,15,15,702
27720,2,15,15,702
27721,2,15,15,702
27722,2,15,15,702
27723,2,15,15,702
27724,2,15,15,702
27725,2,15,15,702
27726,2,15,15,702
27727,2,15,15,702
27728,2,15,15,702
27729,2,15,15,702
27730,2,15,15,702
27731,2,15,15,702
27732,2,15,15,702
27733,2,15,15,702
27734,2,15,15,702
27735,2,15,15,702
27736,2,15,15,702
27737,2,15,15,702
27738,2,15,15,702
27739,2,15,15,702
27740,2,15,15,702
27741,2,15,15,702
27742,2,15,15,702
27743,2,15,15,702
27744,2,15,15,702
27745,2,15,15,702
27746,2,15,15,702
27747,2,15,15,702
27748,2,15,15,702
27749,2,15,15,702
27750,2,15,15,702
27751,2,15,4,702
27752,2,15,15,702
27753,2,15,15,702
27754,2,39,39,702
27755,2,15,15,702
27756,2,15,15,702
27757,2,15,15,702
27758,2,15,15,702
27759,2,4,4,702
27760,2,15,15,702
27761,2,15,15,702
27762,2,15,15,702
27763,2,15,15,702
27764,2,15,15,702
27765,2,15,15,702
27766,2,15,15,702
27767,2,15,15,702
27768,2,15,15,702
27769,2,15,15,702
27770,2,15,15,702
27771,2,15,15,702
27772,2,15,15,702
27773,2,15,15,702
27774,2,15,15,702
27775,2,15,15,702
27776,2,15,15,702
27777,2,15,15,702
27778,2,15,15,702
27779,2,15,15,702
27780,2,15,15,702
27781,2,15,15,702
27782,2,15,15,702
27783,2,15,15,702
27784,2,15,15,702
27785,2,15,15,702
27786,2,15,15,702
27787,2,15,15,702
27788,2,15,15,702
27789,2,15,15,702
27790,2,15,15,702
27791,2,15,15,702
27792,2,15,15,702
27793,2,39,39,702
27794,2,15,15,702
27795,2,15,15,702
27796,2,15,15,702
27797,2,15,15,702
27798,2,15,15,702
27799,2,15,15,702
27800,2,15,15,702
27801,2,4,4,702
27802,2,15,15,702
27803,2,15,15,702
27804,2,15,15,702
27805,2,3,3,702
27806,2,4,4,702
27807,2,15,15,702
27808,2,15,15,702
27809,2,15,15,702
27810,2,15,15,702
27811,2,15,15,702
27812,2,15,15,702
27813,2,15,15,702
27814,2,15,15,702
27815,2,15,15,702
27816,2,15,11,702
27817,2,15,15,702
27818,2,15,15,702
27819,2,15,15,702
27820,2,15,15,702
27821,2,15,15,702
27822,2,3,3,702
27823,2,15,15,702
27824,2,4,4,702
27825,2,15,15,702
27826,2,15,15,702
27827,2,15,15,702
27828,2,15,15,702
27829,2,15,15,702
27830,2,15,15,702
27831,2,15,15,702
27832,2,15,15,702
27833,2,15,15,702
27834,2,15,15,702
27835,2,15,15,702
27836,2,15,15,702
27837,2,15,15,702
27838,2,15,15,702
27839,2,41,41,702
27840,2,15,15,702
27841,2,15,15,702
27842,2,15,15,702
27843,2,15,15,702
27844,2,15,15,702
27845,2,15,15,702
27846,2,15,15,702
27847,2,15,15,702
27848,2,15,15,702
27849,2,4,4,702
27850,2,15,15,702
27851,2,15,15,702
27852,2,15,15,702
27853,2,15,15,702
27854,2,15,15,702
27855,2,15,15,702
27856,2,4,4,702
27857,2,15,15,702
27858,2,15,15,702
27859,2,15,15,702
27860,2,15,15,702
27861,2,15,15,702
27862,2,15,15,702
27863,2,15,15,702
27864,2,15,15,702
27865,2,15,15,702
27866,2,15,15,702
27867,2,15,15,702
27868,2,15,15,702
27869,2,15,15,702
27870,2,15,15,702
27871,2,15,15,702
27872,2,15,15,702
27873,2,15,15,702
27874,2,15,3,702
27875,2,15,15,702
27876,2,15,15,702
27877,2,15,15,702
27878,2,15,15,702
27879,2,15,15,702
27880,2,15,15,702
27881,2,15,15,702
27882,2,15,15,702
27883,2,15,15,702
27884,2,15,15,702
27885,2,4,4,702
27886,2,15,15,702
27887,2,15,15,702
27888,2,15,15,702
27889,2,15,15,702
27890,2,15,15,702
27891,2,15,15,702
27892,2,15,15,702
27893,2,15,15,702
27894,2,15,15,702
27895,2,15,15,702
27896,2,15,15,702
27897,2,15,15,702
27898,2,15,15,702
27899,2,15,15,702
27900,2,15,15,702
27901,2,15,15,702
27902,2,15,15,702
27903,2,15,15,702
27904,2,41,41,702
27905,2,15,15,702
27906,2,15,15,702
27907,2,15,15,702
27908,2,15,15,702
27909,2,15,15,702
27910,2,15,15,702
27911,2,15,15,702
27912,2,15,15,702
27913,2,15,15,702
27914,2,15,15,702
27915,2,15,15,702
27916,2,15,15,702
27917,2,15,15,702
27918,2,15,15,702
27919,2,41,41,702
27920,2,15,15,702
27921,2,15,15,702
27922,2,15,15,702
27923,2,15,15,702
27924,2,15,15,702
27925,2,15,15,702
27926,2,15,15,702
27927,2,15,15,702
27928,2,15,15,702
27929,2,15,15,702
27930,2,15,15,702
27931,2,15,4,702
27932,2,15,15,702
27933,2,15,15,702
27934,2,15,15,702
27935,2,15,15,702
27936,2,15,15,702
27937,2,15,15,702
27938,2,15,15,702
27939,2,15,15,702
27940,2,15,15,702
27941,2,15,15,702
27942,2,15,15,702
27943,2,41,41,702
27944,2,15,15,702
27945,2,15,15,702
27946,2,15,15,702
27947,2,15,15,702
27948,2,15,15,702
27949,2,21,15,702
27950,2,15,15,702
27951,2,15,15,702
27952,2,15,15,702
27953,2,15,15,702
27954,2,15,15,702
27955,2,15,15,702
27956,2,15,15,702
27957,2,15,15,702
27958,2,15,15,702
27959,2,15,15,702
27960,2,15,15,702
27961,2,15,15,702
27962,2,15,15,702
27963,2,15,15,702
27964,2,21,15,702
27965,2,21,15,702
27966,2,4,4,702
27967,2,15,15,702
27968,2,21,15,702
27969,2,15,15,702
27970,2,15,15,702
27971,2,15,15,702
27972,2,15,15,702
27973,2,21,21,702
27974,2,15,15,702
27975,2,15,15,702
27976,2,21,15,702
27977,2,15,15,702
27978,2,15,15,702
27979,2,15,15,702
27980,2,15,4,702
27981,2,15,15,702
27982,2,15,15,702
27983,2,15,15,702
27984,2,15,15,702
27985,2,15,15,702
27986,2,15,15,702
27987,2,15,15,702
27988,2,15,15,702
27989,2,15,15,702
27990,2,15,15,702
27991,2,15,15,702
27992,2,15,15,702
27993,2,15,4,702
27994,2,15,15,702
27995,2,15,15,702
27996,2,15,15,702
27997,2,15,15,702
27998,2,15,15,702
27999,2,15,15,702
28000,2,15,15,702
28001,2,15,15,702
28002,2,15,15,702
28003,2,15,15,702
28004,2,15,15,702
28005,2,15,15,702
28006,2,15,15,702
28007,2,4,4,702
28008,2,15,15,702
28009,2,3,3,702
28010,2,15,15,702
28011,2,15,15,702
28012,2,15,15,702
28013,2,15,15,702
28014,2,15,15,702
28015,2,4,4,702
28016,2,15,15,702
28017,2,4,4,702
28018,2,15,15,702
28019,2,15,15,702
28020,2,15,15,702
28021,2,15,15,702
28022,2,15,15,702
28023,2,15,15,702
28024,2,15,15,702
28025,2,15,15,702
28026,2,15,15,702
28027,2,15,15,702
28028,2,15,15,702
28029,2,15,15,702
28030,2,15,15,702
28031,2,15,15,702
28032,2,15,15,702
28033,2,15,15,702
28034,2,15,15,702
28035,2,15,15,702
28036,2,15,15,702
28037,2,15,15,702
28038,2,15,15,702
28039,2,15,15,702
28040,2,15,15,702
28041,2,15,15,702
28042,2,15,15,702
28043,2,15,15,702
28044,2,15,15,702
28045,2,21,21,702
28046,2,15,15,702
28047,2,15,15,702
28048,2,15,15,702
28049,2,15,15,702
28050,2,15,15,702
28051,2,15,15,702
28052,2,15,15,702
28053,2,15,15,702
28054,2,15,15,702
28055,2,15,15,702
28056,2,15,15,702
28057,2,15,15,702
28058,2,15,15,702
28059,2,15,15,702
28060,2,15,15,702
28061,2,15,15,702
28062,2,15,15,702
28063,2,15,15,702
28064,2,15,15,702
28065,2,15,15,702
28066,2,15,15,702
28067,2,15,15,702
28068,2,15,15,702
28069,2,15,15,702
28070,2,15,15,702
28071,2,15,15,702
28072,2,39,39,702
28073,2,15,15,702
28074,2,15,15,702
28075,2,15,15,702
28076,2,15,15,702
28077,2,15,15,702
28078,2,15,4,702
28079,2,15,15,702
28080,2,15,15,702
28081,2,15,15,702
28082,2,15,15,702
28083,2,15,15,702
28084,2,15,15,702
28085,2,15,15,702
28086,2,15,15,702
28087,2,15,15,702
28088,2,15,15,702
28089,2,4,4,702
28090,2,15,15,702
28091,2,15,15,702
28092,2,15,15,702
28093,2,15,15,702
28094,2,15,15,702
28095,2,15,15,702
28096,2,15,15,702
28097,2,15,15,702
28098,2,15,15,702
28099,2,15,15,702
28100,2,15,15,702
28101,2,15,15,702
28102,2,15,15,702
28103,2,15,15,702
28104,2,15,15,702
28105,2,15,15,702
28106,2,15,15,702
28107,2,15,15,702
28108,2,15,15,702
28109,2,15,15,702
28110,2,15,15,702
28111,2,15,15,702
28112,2,11,11,702
28113,2,15,15,702
28114,2,15,15,702
28115,2,15,15,702
28116,2,15,15,702
28117,2,15,15,702
28118,2,15,15,702
28119,2,15,15,702
28120,2,15,15,702
28121,2,15,15,702
28122,2,4,4,702
28123,2,15,15,702
28124,2,41,15,702
28125,2,15,15,702
28126,2,15,15,702
28127,2,15,15,702
28128,2,15,15,702
28129,2,15,15,702
28130,2,15,15,702
28131,2,15,15,702
28132,2,15,15,702
28133,2,21,39,702
28134,2,15,15,702
28135,2,15,15,702
28136,2,15,15,702
28137,2,15,15,702
28138,2,15,15,702
28139,2,15,15,702
28140,2,15,15,702
28141,2,15,15,702
28142,2,15,15,702
28143,2,15,15,702
28144,2,15,15,702
28145,2,15,15,702
28146,2,15,15,702
28147,2,41,41,702
28148,2,4,4,702
28149,2,15,15,702
28150,2,15,15,702
28151,2,15,15,702
28152,2,15,15,702
28153,2,12,12,702
28154,2,15,15,702
28155,2,15,15,702
28156,2,15,15,702
28157,2,15,15,702
28158,2,15,15,702
28159,2,15,15,702
28160,2,15,15,702
28161,2,15,15,702
28162,2,15,15,702
28163,2,4,4,702
28164,2,15,15,702
28165,2,4,4,702
28166,2,15,15,702
28167,2,15,15,702
28168,2,15,15,702
28169,2,15,15,702
28170,2,15,15,702
28171,2,15,15,702
28172,2,15,15,702
28173,2,15,15,702
28174,2,15,15,702
28175,2,15,15,702
28176,2,15,15,702
28177,2,15,15,702
28178,2,15,15,702
28179,2,15,15,702
28180,2,15,15,702
28181,2,15,15,702
28182,2,15,15,702
28183,2,15,15,702
28184,2,15,15,702
28185,2,15,15,702
28186,2,15,15,702
28187,2,15,15,702
28188,2,15,15,702
28189,2,15,15,702
28190,2,15,15,702
28191,2,15,15,702
28192,2,15,15,702
28193,2,15,15,702
28194,2,15,15,702
28195,2,15,4,702
28196,2,15,15,702
28197,2,4,15,702
28198,2,15,15,702
28199,2,4,4,702
28200,2,15,15,702
28201,2,15,15,702
28202,2,15,15,702
28203,2,15,15,702
28204,2,15,15,702
28205,2,15,15,702
28206,2,15,15,702
28207,2,15,15,702
28208,2,15,15,702
28209,2,15,15,702
28210,2,15,15,702
28211,2,15,15,702
28212,2,15,15,702
28213,2,15,15,702
28214,2,15,15,702
28215,2,15,15,702
28216,2,15,15,702
28217,2,15,15,702
28218,2,39,15,702
28219,2,15,15,702
28220,2,15,15,702
28221,2,15,15,702
28222,2,15,15,702
28223,2,15,15,702
28224,2,15,15,702
28225,2,15,15,702
28226,2,15,15,702
28227,2,15,15,702
28228,2,15,4,702
28229,2,15,15,702
28230,2,4,15,702
28231,2,15,15,702
28232,2,15,15,702
28233,2,15,15,702
28234,2,15,15,702
28235,2,15,4,702
28236,2,15,15,702
28237,2,15,15,702
28238,2,15,15,702
28239,2,15,15,702
28240,2,15,15,702
28241,2,15,15,702
28242,2,15,15,702
28243,2,15,15,702
28244,2,15,15,702
28245,2,15,15,702
28246,2,15,15,702
28247,2,15,15,702
28248,2,15,15,702
28249,2,15,15,702
28250,2,15,15,702
28251,2,15,15,702
28252,2,39,39,702
28253,2,15,15,702
28254,2,15,15,702
28255,2,15,15,702
28256,2,15,15,702
28257,2,21,21,702
28258,2,15,15,702
28259,2,15,15,702
28260,2,15,15,702
28261,2,4,4,702
28262,2,15,15,702
28263,2,15,15,702
28264,2,15,15,702
28265,2,15,15,702
28266,2,4,4,702
28267,2,15,15,702
28268,2,15,15,702
28269,2,15,15,702
28270,2,15,15,702
28271,2,15,15,702
28272,2,15,15,702
28273,2,15,15,702
28274,2,15,15,702
28275,2,15,15,702
28276,2,15,15,702
28277,2,4,4,702
28278,2,4,4,702
28279,2,15,15,702
28280,2,15,15,702
28281,2,15,15,702
28282,2,15,15,702
28283,2,15,15,702
28284,2,15,15,702
28285,2,12,12,702
28286,2,15,15,702
28287,2,4,4,702
28288,2,15,15,702
28289,2,15,15,702
28290,2,15,15,702
28291,2,15,15,702
28292,2,15,15,702
28293,2,15,15,702
28294,2,15,15,702
28295,2,15,15,702
28296,2,15,15,702
28297,2,15,15,702
28298,2,15,15,702
28299,2,15,15,702
28300,2,15,15,702
28301,2,15,15,702
28302,2,15,15,702
28303,2,41,41,702
28304,2,15,15,702
28305,2,15,15,702
28306,2,15,15,702
28307,2,15,15,702
28308,2,15,15,702
28309,2,15,15,702
28310,2,15,15,702
28311,2,15,15,702
28312,2,15,15,702
28313,2,15,15,702
28314,2,15,15,702
28315,2,15,4,702
28316,2,15,15,702
28317,2,15,15,702
28318,2,15,15,702
28319,2,15,15,702
28320,2,15,15,702
28321,2,41,41,702
28322,2,15,15,702
28323,2,15,15,702
28324,2,15,15,702
28325,2,4,15,702
28326,2,15,15,702
28327,2,15,15,702
28328,2,15,15,702
28329,2,15,15,702
28330,2,15,15,702
28331,2,15,15,702
28332,2,39,39,702
28333,2,15,15,702
28334,2,15,15,702
28335,2,15,15,702
28336,2,15,15,702
28337,2,15,15,702
28338,2,15,15,702
28339,2,15,15,702
28340,2,15,15,702
28341,2,15,15,702
28342,2,15,15,702
28343,2,15,15,702
28344,2,15,15,702
28345,2,15,15,702
28346,2,15,15,702
28347,2,15,15,702
28348,2,15,15,702
28349,2,15,15,702
28350,2,15,15,702
28351,2,15,15,702
28352,2,15,15,702
28353,2,15,15,702
28354,2,15,15,702
28355,2,15,15,702
28356,2,15,15,702
28357,2,15,15,702
28358,2,4,4,702
28359,2,15,15,702
28360,2,15,15,702
28361,2,3,3,702
28362,2,3,3,702
28363,2,15,15,702
28364,2,15,15,702
28365,2,15,15,702
28366,2,15,15,702
28367,2,15,15,702
28368,2,15,15,702
28369,2,15,15,702
28370,2,15,15,702
28371,2,15,15,702
28372,2,15,15,702
28373,2,15,15,702
28374,2,15,15,702
28375,2,15,15,702
28376,2,21,21,702
28377,2,15,15,702
28378,2,15,15,702
28379,2,15,15,702
28380,2,15,15,702
28381,2,15,15,702
28382,2,3,3,702
28383,2,15,15,702
28384,2,15,15,702
28385,2,15,15,702
28386,2,21,21,702
28387,2,15,15,702
28388,2,15,15,702
28389,2,15,15,702
28390,2,15,15,702
28391,2,15,15,702
28392,2,15,15,702
28393,2,15,15,702
28394,2,15,15,702
28395,2,21,21,702
28396,2,15,15,702
28397,2,15,15,702
28398,2,15,15,702
28399,2,15,15,702
28400,2,15,15,702
28401,2,15,15,702
28402,2,3,3,702
28403,2,15,15,702
28404,2,15,15,702
28405,2,15,15,702
28406,2,15,15,702
28407,2,15,15,702
28408,2,15,15,702
28409,2,15,15,702
28410,2,15,15,702
28411,2,15,15,702
28412,2,15,15,702
28413,2,15,15,702
28414,2,15,15,702
28415,2,15,15,702
28416,2,15,15,702
28417,2,15,15,702
28418,2,15,15,702
28419,2,4,4,702
28420,2,15,15,702
28421,2,15,15,702
28422,2,15,15,702
28423,2,15,15,702
28424,2,15,15,702
28425,2,15,15,702
28426,2,15,15,702
28427,2,15,15,702
28428,2,15,15,702
28429,2,15,15,702
28430,2,15,15,702
28431,2,15,15,702
28432,2,15,15,702
28433,2,15,15,702
28434,2,15,15,702
28435,2,15,15,702
28436,2,15,15,702
28437,2,15,15,702
28438,2,15,15,702
28439,2,15,15,702
28440,2,15,15,702
28441,2,15,15,702
28442,2,15,15,702
28443,2,15,15,702
28444,2,15,15,702
28445,2,15,15,702
28446,2,15,15,702
28447,2,15,4,702
28448,2,15,15,702
28449,2,15,15,702
28450,2,15,15,702
28451,2,15,15,702
28452,2,15,15,702
28453,2,15,15,702
28454,2,15,15,702
28455,2,3,15,702
28456,2,15,3,702
28457,2,15,15,702
28458,2,15,15,702
28459,2,15,15,702
28460,2,15,15,702
28461,2,15,15,702
28462,2,15,15,702
28463,2,15,15,702
28464,2,41,41,702
28465,2,15,15,702
28466,2,15,15,702
28467,2,15,15,702
28468,2,15,15,702
28469,2,15,15,702
28470,2,15,15,702
28471,2,15,15,702
28472,2,15,15,702
28473,2,15,15,702
28474,2,41,41,702
28475,2,15,15,702
28476,2,15,15,702
28477,2,15,15,702
28478,2,15,15,702
28479,2,15,15,702
28480,2,15,15,702
28481,2,15,15,702
28482,2,15,15,702
28483,2,15,15,702
28484,2,15,15,702
28485,2,15,15,702
28486,2,15,15,702
28487,2,15,15,702
28488,2,15,15,702
28489,2,15,15,702
28490,2,15,15,702
28491,2,15,15,702
28492,2,15,15,702
28493,2,21,15,702
28494,2,15,15,702
28495,2,15,4,702
28496,2,15,15,702
28497,2,15,15,702
28498,2,15,15,702
28499,2,15,15,702
28500,2,15,15,702
28501,2,15,15,702
28502,2,15,15,702
28503,2,15,15,702
28504,2,15,15,702
28505,2,15,15,702
28506,2,15,15,702
28507,2,15,15,702
28508,2,4,4,702
28509,2,15,15,702
28510,2,15,15,702
28511,2,15,15,702
28512,2,15,15,702
28513,2,15,15,702
28514,2,15,15,702
28515,2,15,15,702
28516,2,15,15,702
28517,2,15,15,702
28518,2,15,15,702
28519,2,15,15,702
28520,2,15,15,702
28521,2,15,15,702
28522,2,15,15,702
28523,2,15,15,702
28524,2,15,15,702
28525,2,15,15,702
28526,2,15,15,702
28527,2,15,15,702
28528,2,15,15,702
28529,2,15,15,702
28530,2,15,15,702
28531,2,15,15,702
28532,2,15,15,702
28533,2,15,15,702
28534,2,15,15,702
28535,2,15,15,702
28536,2,15,15,702
28537,2,15,15,702
28538,2,15,15,702
28539,2,15,15,702
28540,2,15,15,702
28541,2,15,15,702
28542,2,15,15,702
28543,2,15,15,702
28544,2,15,4,702
28545,2,15,15,702
28546,2,15,15,702
28547,2,15,15,702
28548,2,15,15,702
28549,2,15,15,702
28550,2,15,15,702
28551,2,15,15,702
28552,2,15,15,702
28553,2,15,15,702
28554,2,15,15,702
28555,2,15,15,702
28556,2,15,15,702
28557,2,15,15,702
28558,2,15,15,702
28559,2,15,15,702
28560,2,15,15,702
28561,2,15,15,702
28562,2,15,15,702
28563,2,15,15,702
28564,2,15,15,702
28565,2,15,15,702
28566,2,4,4,702
28567,2,15,15,702
28568,2,15,15,702
28569,2,15,15,702
28570,2,15,15,702
28571,2,15,15,702
28572,2,15,15,702
28573,2,15,15,702
28574,2,15,15,702
28575,2,15,15,702
28576,2,15,15,702
28577,2,15,15,702
28578,2,15,15,702
28579,2,15,15,702
28580,2,15,15,702
28581,2,15,15,702
28582,2,15,15,702
28583,2,15,15,702
28584,2,15,15,702
28585,2,15,15,702
28586,2,15,15,702
28587,2,15,15,702
28588,2,15,15,702
28589,2,15,15,702
28590,2,15,15,702
28591,2,15,15,702
28592,2,15,15,702
28593,2,15,15,702
28594,2,41,41,702
28595,2,15,15,702
28596,2,15,15,702
28597,2,15,15,702
28598,2,15,15,702
28599,2,15,15,702
28600,2,15,15,702
28601,2,15,15,702
28602,2,15,15,702
28603,2,15,15,702
28604,2,4,4,702
28605,2,15,15,702
28606,2,15,15,702
28607,2,15,15,702
28608,2,15,15,702
28609,2,15,15,702
28610,2,15,15,702
28611,2,15,15,702
28612,2,15,15,702
28613,2,15,15,702
28614,2,15,15,702
28615,2,39,39,702
28616,2,15,15,702
28617,2,15,15,702
28618,2,15,15,702
28619,2,15,15,702
28620,2,4,15,702
28621,2,15,15,702
28622,2,15,15,702
28623,2,15,15,702
28624,2,15,15,702
28625,2,15,15,702
28626,2,15,15,702
28627,2,15,15,702
28628,2,15,15,702
28629,2,15,15,702
28630,2,15,15,702
28631,2,15,15,702
28632,2,15,15,702
28633,2,4,4,702
28634,2,15,15,702
28635,2,15,15,702
28636,2,15,15,702
28637,2,15,15,702
28638,2,15,15,702
28639,2,15,15,702
28640,2,15,15,702
28641,2,15,15,702
28642,2,15,15,702
28643,2,15,15,702
28644,2,15,15,702
28645,2,15,15,702
28646,2,15,15,702
28647,2,15,15,702
28648,2,15,15,702
28649,2,15,15,702
28650,2,15,15,702
28651,2,15,15,702
28652,2,15,15,702
28653,2,21,21,702
28654,2,15,15,702
28655,2,15,15,702
28656,2,15,15,702
28657,2,15,15,702
28658,2,15,15,702
28659,2,15,15,702
28660,2,15,15,702
28661,2,15,15,702
28662,2,15,15,702
28663,2,15,15,702
28664,2,15,15,702
28665,2,15,15,702
28666,2,15,15,702
28667,2,15,15,702
28668,2,15,15,702
28669,2,15,15,702
28670,2,15,15,702
28671,2,15,15,702
28672,2,15,15,702
28673,2,39,39,702
28674,2,15,15,702
28675,2,15,15,702
28676,2,15,15,702
28677,2,15,15,702
28678,2,15,15,702
28679,2,15,15,702
28680,2,15,15,702
28681,2,21,21,702
28682,2,15,15,702
28683,2,15,15,702
28684,2,15,15,702
28685,2,15,15,702
28686,2,4,4,702
28687,2,15,15,702
28688,2,15,15,702
28689,2,15,15,702
28690,2,15,15,702
28691,2,15,15,702
28692,2,15,15,702
28693,2,15,15,702
28694,2,15,15,702
28695,2,15,15,702
28696,2,15,15,702
28697,2,15,15,702
28698,2,15,15,702
28699,2,21,15,702
28700,2,15,15,702
28701,2,15,15,702
28702,2,15,15,702
28703,2,4,4,702
28704,2,21,21,702
28705,2,4,4,702
28706,2,15,15,702
28707,2,15,15,702
28708,2,15,15,702
28709,2,15,15,702
28710,2,15,15,702
28711,2,15,15,702
28712,2,15,15,702
28713,2,15,15,702
28714,2,15,15,702
28715,2,15,15,702
28716,2,15,15,702
28717,2,41,41,702
28718,2,15,15,702
28719,2,15,15,702
28720,2,15,15,702
28721,2,15,15,702
28722,2,15,15,702
28723,2,21,15,702
28724,2,15,15,702
28725,2,39,39,702
28726,2,15,15,702
28727,2,15,15,702
28728,2,15,15,702
28729,2,15,15,702
28730,2,15,15,702
28731,2,15,15,702
28732,2,15,15,702
28733,2,15,15,702
28734,2,15,15,702
28735,2,15,15,702
28736,2,15,15,702
28737,2,4,4,702
28738,2,15,15,702
28739,2,15,15,702
28740,2,4,4,702
28741,2,15,15,702
28742,2,15,15,702
28743,2,15,15,702
28744,2,15,15,702
28745,2,15,15,702
28746,2,15,15,702
28747,2,15,15,702
28748,2,15,15,702
28749,2,15,15,702
28750,2,15,15,702
28751,2,15,15,702
28752,2,15,15,702
28753,2,15,15,702
28754,2,15,15,702
28755,2,15,15,702
28756,2,15,15,702
28757,2,15,15,702
28758,2,15,15,702
28759,2,15,15,702
28760,2,15,15,702
28761,2,15,15,702
28762,2,15,15,702
28763,2,15,15,702
28764,2,15,15,702
28765,2,15,15,702
28766,2,15,15,702
28767,2,15,3,702
28768,2,4,4,702
28769,2,15,15,702
28770,2,15,15,702
28771,2,15,15,702
28772,2,15,15,702
28773,2,15,15,702
28774,2,15,15,702
28775,2,15,15,702
28776,2,15,15,702
28777,2,4,4,702
28778,2,15,15,702
28779,2,15,15,702
28780,2,4,4,702
28781,2,15,15,702
28782,2,15,15,702
28783,2,15,15,702
28784,2,15,15,702
28785,2,15,15,702
28786,2,15,15,702
28787,2,15,15,702
28788,2,15,15,702
28789,2,15,15,702
28790,2,15,15,702
28791,2,41,41,702
28792,2,15,15,702
28793,2,15,15,702
28794,2,15,15,702
28795,2,15,15,702
28796,2,4,4,702
28797,2,15,15,702
28798,2,15,4,702
28799,2,15,15,702
28800,2,15,15,702
28801,2,15,15,702
28802,2,15,15,702
28803,2,15,15,702
28804,2,4,4,702
28805,2,15,15,702
28806,2,15,15,702
28807,2,15,15,702
28808,2,15,4,702
28809,2,15,15,702
28810,2,15,15,702
28811,2,15,15,702
28812,2,15,15,702
28813,2,15,15,702
28814,2,15,15,702
28815,2,15,15,702
28816,2,15,15,702
28817,2,15,15,702
28818,2,15,15,702
28819,2,15,15,702
28820,2,3,3,702
28821,2,15,15,702
28822,2,15,15,702
28823,2,15,15,702
28824,2,15,15,702
28825,2,15,15,702
28826,2,4,4,702
28827,2,15,15,702
28828,2,15,4,702
28829,2,15,15,702
28830,2,15,15,702
28831,2,15,15,702
28832,2,15,15,702
28833,2,15,15,702
28834,2,15,15,702
28835,2,15,15,702
28836,2,15,15,702
28837,2,15,15,702
28838,2,15,15,702
28839,2,15,15,702
28840,2,15,15,702
28841,2,15,15,702
28842,2,15,15,702
28843,2,15,15,702
28844,2,15,15,702
28845,2,15,15,702
28846,2,15,15,702
28847,2,15,15,702
28848,2,15,15,702
28849,2,15,15,702
28850,2,15,15,702
28851,2,15,15,702
28852,2,15,15,702
28853,2,15,15,702
28854,2,15,15,702
28855,2,15,15,702
28856,2,15,15,702
28857,2,15,15,702
28858,2,15,15,702
28859,2,15,15,702
28860,2,15,15,702
28861,2,15,15,702
28862,2,15,15,702
28863,2,15,15,702
28864,2,4,4,702
28865,2,15,15,702
28866,2,15,15,702
28867,2,15,15,702
28868,2,15,15,702
28869,2,15,15,702
28870,2,15,15,702
28871,2,15,15,702
28872,2,15,15,702
28873,2,15,15,702
28874,2,15,15,702
28875,2,15,15,702
28876,2,15,15,702
28877,2,15,15,702
28878,2,15,15,702
28879,2,15,15,702
28880,2,15,15,702
28881,2,21,21,702
28882,2,15,15,702
28883,2,15,15,702
28884,2,15,15,702
28885,2,15,15,702
28886,2,15,15,702
28887,2,15,15,702
28888,2,15,15,702
28889,2,15,15,702
28890,2,15,15,702
28891,2,15,15,702
28892,2,4,11,702
28893,2,15,15,702
28894,2,15,15,702
28895,2,15,15,702
28896,2,4,4,702
28897,2,15,15,702
28898,2,15,15,702
28899,2,15,15,702
28900,2,15,15,702
28901,2,15,15,702
28902,2,15,15,702
28903,2,4,4,702
28904,2,15,15,702
28905,2,4,4,702
28906,2,15,15,702
28907,2,15,15,702
28908,2,15,15,702
28909,2,15,15,702
28910,2,15,15,702
28911,2,15,15,702
28912,2,15,15,702
28913,2,9,15,702
28914,2,15,15,702
28915,2,15,15,702
28916,2,15,15,702
28917,2,21,21,702
28918,2,15,15,702
28919,2,15,15,702
28920,2,15,15,702
28921,2,15,15,702
28922,2,15,15,702
28923,2,15,15,702
28924,2,15,15,702
28925,2,15,15,702
28926,2,15,15,702
28927,2,15,15,702
28928,2,15,15,702
28929,2,15,15,702
28930,2,4,15,702
28931,2,15,15,702
28932,2,21,15,702
28933,2,15,15,702
28934,2,15,15,702
28935,2,15,15,702
28936,2,15,15,702
28937,2,15,15,702
28938,2,21,15,702
28939,2,15,15,702
28940,2,3,3,702
28941,2,15,15,702
28942,2,15,15,702
28943,2,15,15,702
28944,2,15,4,702
28945,2,15,15,702
28946,2,15,15,702
28947,2,15,15,702
28948,2,15,15,702
28949,2,15,15,702
28950,2,15,15,702
28951,2,15,15,702
28952,2,15,15,702
28953,2,15,15,702
28954,2,15,15,702
28955,2,15,15,702
28956,2,15,15,702
28957,2,41,41,702
28958,2,15,15,702
28959,2,15,15,702
28960,2,15,15,702
28961,2,15,15,702
28962,2,15,15,702
28963,2,15,15,702
28964,2,15,15,702
28965,2,15,15,702
28966,2,3,3,702
28967,2,15,15,702
28968,2,15,15,702
28969,2,15,15,702
28970,2,15,15,702
28971,2,15,15,702
28972,2,15,15,702
28973,2,15,15,702
28974,2,21,15,702
28975,2,15,15,702
28976,2,15,15,702
28977,2,15,15,702
28978,2,15,15,702
28979,2,15,15,702
28980,2,15,15,702
28981,2,15,15,702
28982,2,15,15,702
28983,2,15,15,702
28984,2,15,15,702
28985,2,15,15,702
28986,2,4,4,702
28987,2,39,39,702
28988,2,15,15,702
28989,2,15,15,702
28990,2,15,15,702
28991,2,15,15,702
28992,2,15,15,702
28993,2,15,15,702
28994,2,15,15,702
28995,2,15,15,702
28996,2,15,15,702
28997,2,15,15,702
28998,2,15,15,702
28999,2,15,15,702
29000,2,15,15,702
29001,2,21,15,702
29002,2,15,15,702
29003,2,15,15,702
29004,2,15,15,702
29005,2,15,15,702
29006,2,15,15,702
29007,2,15,4,702
29008,2,15,15,702
29009,2,15,15,702
29010,2,15,15,702
29011,2,15,15,702
29012,2,4,4,702
29013,2,15,15,702
29014,2,15,15,702
29015,2,15,15,702
29016,2,15,15,702
29017,2,21,15,702
29018,2,15,15,702
29019,2,15,15,702
29020,2,15,15,702
29021,2,21,15,702
29022,2,15,15,702
29023,2,15,15,702
29024,2,15,15,702
29025,2,15,15,702
29026,2,15,15,702
29027,2,15,15,702
29028,2,15,15,702
29029,2,15,15,702
29030,2,15,15,702
29031,2,15,15,702
29032,2,15,15,702
29033,2,15,15,702
29034,2,15,15,702
29035,2,15,15,702
29036,2,15,15,702
29037,2,15,15,702
29038,2,15,15,702
29039,2,15,15,702
29040,2,15,15,702
29041,2,15,15,702
29042,2,15,15,702
29043,2,15,15,702
29044,2,15,15,702
29045,2,15,15,702
29046,2,15,15,702
29047,2,15,15,702
29048,2,15,15,702
29049,2,15,15,702
29050,2,15,15,702
29051,2,15,15,702
29052,2,15,15,702
29053,2,15,15,702
29054,2,15,15,702
29055,2,15,15,702
29056,2,15,15,702
29057,2,15,15,702
29058,2,15,15,702
29059,2,15,15,702
29060,2,4,15,702
29061,2,15,15,702
29062,2,15,15,702
29063,2,15,15,702
29064,2,15,15,702
29065,2,15,15,702
29066,2,15,15,702
29067,2,15,15,702
29068,2,15,15,702
29069,2,15,15,702
29070,2,15,15,702
29071,2,15,15,702
29072,2,15,15,702
29073,2,15,15,702
29074,2,15,15,702
29075,2,15,15,702
29076,2,15,15,702
29077,2,15,15,702
29078,2,15,15,702
29079,2,15,15,702
29080,2,15,15,702
29081,2,15,15,702
29082,2,15,15,702
29083,2,15,15,702
29084,2,15,15,702
29085,2,15,15,702
29086,2,15,15,702
29087,2,15,15,702
29088,2,15,15,702
29089,2,15,15,702
29090,2,15,15,702
29091,2,15,15,702
29092,2,15,15,702
29093,2,15,15,702
29094,2,41,41,702
29095,2,15,15,702
29096,2,15,15,702
29097,2,15,15,702
29098,2,15,4,702
29099,2,15,15,702
29100,2,15,15,702
29101,2,15,15,702
29102,2,15,15,702
29103,2,15,15,702
29104,2,15,15,702
29105,2,15,15,702
29106,2,15,15,702
29107,2,15,15,702
29108,2,15,15,702
29109,2,15,15,702
29110,2,15,15,702
29111,2,15,15,702
29112,2,15,15,702
29113,2,15,15,702
29114,2,15,15,702
29115,2,15,15,702
29116,2,15,15,702
29117,2,15,15,702
29118,2,15,15,702
29119,2,15,15,702
29120,2,15,15,702
29121,2,15,15,702
29122,2,15,15,702
29123,2,15,15,702
29124,2,15,15,702
29125,2,15,15,702
29126,2,15,15,702
29127,2,4,4,702
29128,2,15,15,702
29129,2,15,15,702
29130,2,15,15,702
29131,2,15,15,702
29132,2,15,15,702
29133,2,15,15,702
29134,2,15,15,702
29135,2,15,15,702
29136,2,15,15,702
29137,2,15,15,702
29138,2,15,15,702
29139,2,15,15,702
29140,2,15,15,702
29141,2,15,15,702
29142,2,15,15,702
29143,2,15,15,702
29144,2,15,15,702
29145,2,15,15,702
29146,2,15,15,702
29147,2,15,15,702
29148,2,15,15,702
29149,2,39,41,702
29150,2,15,15,702
29151,2,15,15,702
29152,2,15,15,702
29153,2,15,15,702
29154,2,15,15,702
29155,2,15,15,702
29156,2,15,15,702
29157,2,15,15,702
29158,2,15,15,702
29159,2,15,15,702
29160,2,15,15,702
29161,2,41,15,702
29162,2,15,15,702
29163,2,15,15,702
29164,2,15,15,702
29165,2,15,15,702
29166,2,15,15,702
29167,2,39,39,702
29168,2,15,15,702
29169,2,4,4,702
29170,2,15,15,702
29171,2,15,15,702
29172,2,15,15,702
29173,2,15,15,702
29174,2,15,15,702
29175,2,15,15,702
29176,2,15,15,702
29177,2,21,21,702
29178,2,15,15,702
29179,2,15,15,702
29180,2,15,15,702
29181,2,15,15,702
29182,2,15,15,702
29183,2,15,15,702
29184,2,4,4,702
29185,2,15,15,702
29186,2,15,15,702
29187,2,4,4,702
29188,2,15,15,702
29189,2,15,15,702
29190,2,21,15,702
29191,2,15,15,702
29192,2,15,15,702
29193,2,15,15,702
29194,2,15,15,702
29195,2,15,15,702
29196,2,15,15,702
29197,2,15,15,702
29198,2,12,12,702
29199,2,15,15,702
29200,2,15,15,702
29201,2,15,15,702
29202,2,15,15,702
29203,2,4,4,702
29204,2,15,15,702
29205,2,15,15,702
29206,2,15,15,702
29207,2,15,15,702
29208,2,41,41,702
29209,2,4,4,702
29210,2,15,15,702
29211,2,15,15,702
29212,2,15,15,702
29213,2,15,15,702
29214,2,15,15,702
29215,2,15,15,702
29216,2,15,15,702
29217,2,15,15,702
29218,2,15,15,702
29219,2,15,15,702
29220,2,4,4,702
29221,2,15,15,702
29222,2,15,15,702
29223,2,15,15,702
29224,2,15,15,702
29225,2,15,15,702
29226,2,15,15,702
29227,2,15,15,702
29228,2,24,24,702
29229,2,15,15,702
29230,2,15,15,702
29231,2,15,15,702
29232,2,15,15,702
29233,2,15,15,702
29234,2,21,15,702
29235,2,15,15,702
29236,2,15,15,702
29237,2,21,21,702
29238,2,15,15,702
29239,2,39,15,702
29240,2,21,21,702
29241,2,15,15,702
29242,2,4,4,702
29243,2,15,15,702
29244,2,15,15,702
29245,2,21,21,702
29246,2,15,15,702
29247,2,15,15,702
29248,2,15,15,702
29249,2,15,15,702
29250,2,15,15,702
29251,2,15,15,702
29252,2,15,15,702
29253,2,15,15,702
29254,2,21,15,702
29255,2,15,15,702
29256,2,15,15,702
29257,2,15,15,702
29258,2,15,15,702
29259,2,15,15,702
29260,2,15,15,702
29261,2,15,15,702
29262,2,15,15,702
29263,2,15,15,702
29264,2,9,9,702
29265,2,15,15,702
29266,2,15,15,702
29267,2,15,15,702
29268,2,15,15,702
29269,2,15,15,702
29270,2,15,15,702
29271,2,15,15,702
29272,2,15,15,702
29273,2,15,15,702
29274,2,15,15,702
29275,2,15,15,702
29276,2,15,15,702
29277,2,4,4,702
29278,2,15,15,702
29279,2,15,15,702
29280,2,15,15,702
29281,2,15,15,702
29282,2,15,15,702
29283,2,20,15,702
29284,2,15,15,702
29285,2,15,15,702
29286,2,15,15,702
29287,2,15,15,702
29288,2,15,15,702
29289,2,15,15,702
29290,2,15,15,702
29291,2,15,15,702
29292,2,39,39,702
29293,2,15,15,702
29294,2,15,15,702
29295,2,15,15,702
29296,2,15,15,702
29297,2,15,15,702
29298,2,15,15,702
29299,2,15,15,702
29300,2,15,15,702
29301,2,15,15,702
29302,2,15,15,702
29303,2,41,41,702
29304,2,15,15,702
29305,2,15,15,702
29306,2,15,15,702
29307,2,15,15,702
29308,2,15,15,702
29309,2,15,15,702
29310,2,15,15,702
29311,2,15,15,702
29312,2,15,15,702
29313,2,15,15,702
29314,2,15,15,702
29315,2,15,15,702
29316,2,15,15,702
29317,2,15,15,702
29318,2,15,15,702
29319,2,15,15,702
29320,2,15,15,702
29321,2,15,15,702
29322,2,15,15,702
29323,2,3,3,702
29324,2,15,15,702
29325,2,15,15,702
29326,2,15,15,702
29327,2,15,15,702
29328,2,15,15,702
29329,2,15,15,702
29330,2,15,15,702
29331,2,15,15,702
29332,2,15,15,702
29333,2,15,15,702
29334,2,15,15,702
29335,2,15,15,702
29336,2,15,15,702
29337,2,15,15,702
29338,2,15,15,702
29339,2,15,15,702
29340,2,15,15,702
29341,2,15,15,702
29342,2,15,15,702
29343,2,15,15,702
29344,2,15,15,702
29345,2,15,15,702
29346,2,15,15,702
29347,2,15,15,702
29348,2,15,15,702
29349,2,15,15,702
29350,2,15,15,702
29351,2,15,15,702
29352,2,21,15,702
29353,2,15,15,702
29354,2,15,15,702
29355,2,15,15,702
29356,2,15,15,702
29357,2,15,15,702
29358,2,15,15,702
29359,2,15,15,702
29360,2,15,4,702
29361,2,15,15,702
29362,2,15,15,702
29363,2,15,15,702
29364,2,15,15,702
29365,2,15,15,702
29366,2,4,4,702
29367,2,15,15,702
29368,2,15,15,702
29369,2,15,15,702
29370,2,15,15,702
29371,2,15,15,702
29372,2,4,4,702
29373,2,15,15,702
29374,2,15,15,702
29375,2,15,15,702
29376,2,15,15,702
29377,2,41,41,702
29378,2,15,15,702
29379,2,15,15,702
29380,2,3,3,702
29381,2,15,15,702
29382,2,15,15,702
29383,2,15,15,702
29384,2,15,15,702
29385,2,15,15,702
29386,2,15,15,702
29387,2,15,15,702
29388,2,15,15,702
29389,2,15,15,702
29390,2,15,15,702
29391,2,15,15,702
29392,2,15,15,702
29393,2,15,15,702
29394,2,15,15,702
29395,2,15,15,702
29396,2,15,15,702
29397,2,15,15,702
29398,2,15,15,702
29399,2,15,15,702
29400,2,15,15,702
29401,2,15,15,702
29402,2,15,15,702
29403,2,15,15,702
29404,2,15,15,702
29405,2,15,15,702
29406,2,15,15,702
29407,2,15,15,702
29408,2,15,15,702
29409,2,15,15,702
29410,2,15,15,702
29411,2,15,15,702
29412,2,15,15,702
29413,2,15,15,702
29414,2,15,15,702
29415,2,15,15,702
29416,2,15,15,702
29417,2,15,15,702
29418,2,15,15,702
29419,2,15,15,702
29420,2,15,15,702
29421,2,15,15,702
29422,2,15,15,702
29423,2,15,15,702
29424,2,15,15,702
29425,2,15,15,702
29426,2,15,15,702
29427,2,15,15,702
29428,2,15,15,702
29429,2,15,15,702
29430,2,15,15,702
29431,2,15,15,702
29432,2,15,15,702
29433,2,15,15,702
29434,2,15,15,702
29435,2,39,39,702
29436,2,15,15,702
29437,2,15,15,702
29438,2,15,15,702
29439,2,15,15,702
29440,2,15,15,702
29441,2,15,15,702
29442,2,15,15,702
29443,2,15,15,702
29444,2,15,15,702
29445,2,39,39,702
29446,2,15,15,702
29447,2,4,4,702
29448,2,41,41,702
29449,2,15,15,702
29450,2,15,15,702
29451,2,15,15,702
29452,2,15,15,702
29453,2,15,15,702
29454,2,15,15,702
29455,2,4,4,702
29456,2,15,15,702
29457,2,15,15,702
29458,2,15,15,702
29459,2,15,15,702
29460,2,15,15,702
29461,2,39,39,702
29462,2,15,15,702
29463,2,15,15,702
29464,2,15,4,702
29465,2,15,15,702
29466,2,15,15,702
29467,2,15,15,702
29468,2,15,15,702
29469,2,15,15,702
29470,2,21,15,702
29471,2,15,15,702
29472,2,15,15,702
29473,2,15,15,702
29474,2,15,15,702
29475,2,15,15,702
29476,2,15,15,702
29477,2,15,15,702
29478,2,15,15,702
29479,2,15,15,702
29480,2,15,15,702
29481,2,15,15,702
29482,2,15,15,702
29483,2,15,15,702
29484,2,15,15,702
29485,2,15,15,702
29486,2,15,15,702
29487,2,15,15,702
29488,2,15,15,702
29489,2,15,15,702
29490,2,15,15,702
29491,2,15,15,702
29492,2,15,15,702
29493,2,15,15,702
29494,2,21,15,702
29495,2,15,15,702
29496,2,15,15,702
29497,2,15,15,702
29498,2,15,15,702
29499,2,15,15,702
29500,2,15,15,702
29501,2,15,15,702
29502,2,15,15,702
29503,2,15,15,702
29504,2,39,39,702
29505,2,15,15,702
29506,2,15,15,702
29507,2,15,15,702
29508,2,15,15,702
29509,2,15,15,702
29510,2,15,15,702
29511,2,15,15,702
29512,2,15,15,702
29513,2,15,15,702
29514,2,15,15,702
29515,2,15,15,702
29516,2,15,15,702
29517,2,21,21,702
29518,2,15,15,702
29519,2,15,15,702
29520,2,15,15,702
29521,2,39,39,702
29522,2,15,15,702
29523,2,15,15,702
29524,2,15,15,702
29525,2,15,15,702
29526,2,15,15,702
29527,2,4,4,702
29528,2,15,15,702
29529,2,15,15,702
29530,2,15,15,702
29531,2,21,15,702
29532,2,15,15,702
29533,2,15,15,702
29534,2,15,15,702
29535,2,15,15,702
29536,2,15,15,702
29537,2,15,4,702
29538,2,15,15,702
29539,2,15,15,702
29540,2,15,15,702
29541,2,15,15,702
29542,2,15,15,702
29543,2,15,15,702
29544,2,39,39,702
29545,2,15,15,702
29546,2,15,15,702
29547,2,15,15,702
29548,2,15,15,702
29549,2,15,15,702
29550,2,15,15,702
29551,2,15,15,702
29552,2,15,15,702
29553,2,41,41,702
29554,2,15,15,702
29555,2,15,15,702
29556,2,15,15,702
29557,2,15,15,702
29558,2,15,15,702
29559,2,15,15,702
29560,2,15,15,702
29561,2,15,15,702
29562,2,4,4,702
29563,2,15,15,702
29564,2,15,15,702
29565,2,15,15,702
29566,2,15,15,702
29567,2,15,15,702
29568,2,15,15,702
29569,2,15,15,702
29570,2,15,15,702
29571,2,15,15,702
29572,2,15,15,702
29573,2,15,15,702
29574,2,15,15,702
29575,2,15,15,702
29576,2,15,15,702
29577,2,15,15,702
29578,2,15,15,702
29579,2,15,15,702
29580,2,15,15,702
29581,2,15,15,702
29582,2,15,15,702
29583,2,15,15,702
29584,2,15,15,702
29585,2,15,15,702
29586,2,15,15,702
29587,2,15,15,702
29588,2,15,15,702
29589,2,15,15,702
29590,2,15,15,702
29591,2,15,15,702
29592,2,15,15,702
29593,2,15,15,702
29594,2,15,15,702
29595,2,41,41,702
29596,2,15,15,702
29597,2,15,15,702
29598,2,15,15,702
29599,2,15,15,702
29600,2,15,15,702
29601,2,15,15,702
29602,2,15,15,702
29603,2,15,15,702
29604,2,15,15,702
29605,2,15,15,702
29606,2,15,15,702
29607,2,15,15,702
29608,2,15,15,702
29609,2,15,15,702
29610,2,15,15,702
29611,2,15,15,702
29612,2,15,15,702
29613,2,15,15,702
29614,2,15,15,702
29615,2,15,15,702
29616,2,15,15,702
29617,2,15,15,702
29618,2,15,15,702
29619,2,15,15,702
29620,2,15,15,702
29621,2,15,15,702
29622,2,15,15,702
29623,2,15,15,702
29624,2,15,15,702
29625,2,15,15,702
29626,2,15,15,702
29627,2,39,15,702
29628,2,15,15,702
29629,2,41,41,702
29630,2,15,15,702
29631,2,15,15,702
29632,2,15,15,702
29633,2,15,15,702
29634,2,15,15,702
29635,2,15,15,702
29636,2,15,15,702
29637,2,15,15,702
29638,2,15,15,702
29639,2,15,15,702
29640,2,15,15,702
29641,2,41,41,702
29642,2,15,15,702
29643,2,15,15,702
29644,2,15,15,702
29645,2,15,15,702
29646,2,15,15,702
29647,2,15,15,702
29648,2,15,15,702
29649,2,15,15,702
29650,2,15,15,702
29651,2,15,15,702
29652,2,15,15,702
29653,2,15,15,702
29654,2,15,15,702
29655,2,4,15,702
29656,2,4,4,702
29657,2,15,15,702
29658,2,15,15,702
29659,2,15,15,702
29660,2,15,15,702
29661,2,15,15,702
29662,2,15,15,702
29663,2,15,15,702
29664,2,3,3,702
29665,2,15,15,702
29666,2,15,15,702
29667,2,15,15,702
29668,2,15,15,702
29669,2,15,15,702
29670,2,15,15,702
29671,2,15,15,702
29672,2,15,15,702
29673,2,15,15,702
29674,2,15,15,702
29675,2,15,15,702
29676,2,15,4,702
29677,2,21,15,702
29678,2,15,15,702
29679,2,15,15,702
29680,2,15,15,702
29681,2,15,15,702
29682,2,15,15,702
29683,2,15,15,702
29684,2,15,15,702
29685,2,15,15,702
29686,2,15,15,702
29687,2,15,15,702
29688,2,4,4,702
29689,2,15,15,702
29690,2,12,12,702
29691,2,15,15,702
29692,2,15,15,702
29693,2,15,15,702
29694,2,15,15,702
29695,2,15,15,702
29696,2,15,15,702
29697,2,15,15,702
29698,2,15,15,702
29699,2,15,15,702
29700,2,15,15,702
29701,2,15,15,702
29702,2,15,15,702
29703,2,15,15,702
29704,2,15,15,702
29705,2,4,15,702
29706,2,15,15,702
29707,2,15,15,702
29708,2,15,15,702
29709,2,15,15,702
29710,2,15,15,702
29711,2,15,15,702
29712,2,15,15,702
29713,2,15,15,702
29714,2,15,15,702
29715,2,15,15,702
29716,2,15,15,702
29717,2,15,15,702
29718,2,15,15,702
29719,2,15,15,702
29720,2,15,15,702
29721,2,15,15,702
29722,2,15,15,702
29723,2,15,15,702
29724,2,15,15,702
29725,2,15,15,702
29726,2,15,15,702
29727,2,15,15,702
29728,2,15,15,702
29729,2,15,15,702
29730,2,15,15,702
29731,2,15,15,702
29732,2,15,15,702
29733,2,15,15,702
29734,2,15,15,702
29735,2,15,15,702
29736,2,15,15,702
29737,2,15,15,702
29738,2,15,15,702
29739,2,15,15,702
29740,2,15,15,702
29741,2,15,15,702
29742,2,15,15,702
29743,2,15,15,702
29744,2,15,15,702
29745,2,15,15,702
29746,2,15,15,702
29747,2,15,15,702
29748,2,15,15,702
29749,2,15,15,702
29750,2,15,15,702
29751,2,15,15,702
29752,2,15,15,702
29753,2,15,15,702
29754,2,15,15,702
29755,2,15,15,702
29756,2,15,15,702
29757,2,15,15,702
29758,2,15,15,702
29759,2,15,15,702
29760,2,15,15,702
29761,2,15,15,702
29762,2,15,15,702
29763,2,15,15,702
29764,2,15,15,702
29765,2,15,15,702
29766,2,15,15,702
29767,2,15,15,702
29768,2,4,4,702
29769,2,15,15,702
29770,2,15,15,702
29771,2,15,15,702
29772,2,15,15,702
29773,2,15,15,702
29774,2,15,15,702
29775,2,15,15,702
29776,2,15,15,702
29777,2,21,15,702
29778,2,15,15,702
29779,2,15,15,702
29780,2,15,15,702
29781,2,4,4,702
29782,2,15,15,702
29783,2,15,15,702
29784,2,15,15,702
29785,2,15,15,702
29786,2,15,15,702
29787,2,15,15,702
29788,2,15,15,702
29789,2,15,15,702
29790,2,15,15,702
29791,2,15,15,702
29792,2,21,21,702
29793,2,15,15,702
29794,2,15,15,702
29795,2,15,15,702
29796,2,15,15,702
29797,2,41,41,702
29798,2,15,15,702
29799,2,15,15,702
29800,2,4,4,702
29801,2,15,4,702
29802,2,15,15,702
29803,2,15,15,702
29804,2,15,15,702
29805,2,15,15,702
29806,2,15,15,702
29807,2,15,15,702
29808,2,15,15,702
29809,2,15,15,702
29810,2,15,15,702
29811,2,15,15,702
29812,2,15,15,702
29813,2,15,15,702
29814,2,15,15,702
29815,2,15,15,702
29816,2,15,15,702
29817,2,15,15,702
29818,2,15,15,702
29819,2,15,15,702
29820,2,15,15,702
29821,2,15,15,702
29822,2,15,15,702
29823,2,15,15,702
29824,2,15,15,702
29825,2,15,15,702
29826,2,15,15,702
29827,2,15,15,702
29828,2,15,3,702
29829,2,15,15,702
29830,2,15,15,702
29831,2,15,15,702
29832,2,15,15,702
29833,2,15,15,702
29834,2,15,15,702
29835,2,4,4,702
29836,2,15,15,702
29837,2,15,15,702
29838,2,15,15,702
29839,2,15,15,702
29840,2,15,15,702
29841,2,15,15,702
29842,2,15,15,702
29843,2,15,15,702
29844,2,15,15,702
29845,2,15,15,702
29846,2,15,15,702
29847,2,15,15,702
29848,2,15,15,702
29849,2,15,15,702
29850,2,15,15,702
29851,2,15,15,702
29852,2,15,15,702
29853,2,15,15,702
29854,2,15,15,702
29855,2,15,4,702
29856,2,15,15,702
29857,2,15,15,702
29858,2,15,15,702
29859,2,15,15,702
29860,2,15,15,702
29861,2,4,4,702
29862,2,15,15,702
29863,2,15,15,702
29864,2,15,15,702
29865,2,15,15,702
29866,2,15,15,702
29867,2,15,4,702
29868,2,15,15,702
29869,2,15,15,702
29870,2,24,24,702
29871,2,15,15,702
29872,2,15,15,702
29873,2,39,15,702
29874,2,15,15,702
29875,2,15,15,702
29876,2,15,15,702
29877,2,15,15,702
29878,2,39,39,702
29879,2,15,15,702
29880,2,15,15,702
29881,2,15,15,702
29882,2,15,15,702
29883,2,4,4,702
29884,2,15,15,702
29885,2,15,15,702
29886,2,15,15,702
29887,2,15,15,702
29888,2,15,15,702
29889,2,15,15,702
29890,2,15,15,702
29891,2,15,15,702
29892,2,15,15,702
29893,2,3,3,702
29894,2,15,15,702
29895,2,15,15,702
29896,2,15,15,702
29897,2,15,15,702
29898,2,15,15,702
29899,2,15,15,702
29900,2,15,15,702
29901,2,15,15,702
29902,2,15,15,702
29903,2,15,15,702
29904,2,15,15,702
29905,2,15,15,702
29906,2,15,15,702
29907,2,15,15,702
29908,2,15,15,702
29909,2,15,15,702
29910,2,15,15,702
29911,2,15,15,702
29912,2,15,15,702
29913,2,15,15,702
29914,2,4,4,702
29915,2,15,15,702
29916,2,15,15,702
29917,2,12,12,702
29918,2,15,15,702
29919,2,15,15,702
29920,2,15,15,702
29921,2,15,15,702
29922,2,15,15,702
29923,2,15,15,702
29924,2,15,15,702
29925,2,15,15,702
29926,2,15,15,702
29927,2,15,15,702
29928,2,15,15,702
29929,2,15,15,702
29930,2,15,15,702
29931,2,15,15,702
29932,2,20,15,702
29933,2,15,15,702
29934,2,15,15,702
29935,2,15,15,702
29936,2,4,4,702
29937,2,15,15,702
29938,2,15,15,702
29939,2,15,15,702
29940,2,4,4,702
29941,2,4,15,702
29942,2,15,15,702
29943,2,15,15,702
29944,2,15,15,702
29945,2,15,15,702
29946,2,15,15,702
29947,2,15,15,702
29948,2,15,15,702
29949,2,15,15,702
29950,2,15,15,702
29951,2,15,15,702
29952,2,15,15,702
29953,2,15,15,702
29954,2,4,4,702
29955,2,15,15,702
29956,2,15,15,702
29957,2,15,15,702
29958,2,15,15,702
29959,2,15,15,702
29960,2,15,15,702
29961,2,15,15,702
29962,2,15,15,702
29963,2,15,15,702
29964,2,15,15,702
29965,2,15,15,702
29966,2,15,15,702
29967,2,15,15,702
29968,2,4,4,702
29969,2,15,15,702
29970,2,15,15,702
29971,2,15,15,702
29972,2,15,15,702
29973,2,15,15,702
29974,2,15,15,702
29975,2,15,15,702
29976,2,15,15,702
29977,2,15,15,702
29978,2,15,15,702
29979,2,15,15,702
29980,2,15,15,702
29981,2,15,15,702
29982,2,15,15,702
29983,2,15,15,702
29984,2,15,15,702
29985,2,15,15,702
29986,2,15,15,702
29987,2,15,15,702
29988,2,15,15,702
29989,2,15,15,702
29990,2,15,15,702
29991,2,15,15,702
29992,2,15,15,702
29993,2,15,15,702
29994,2,15,15,702
29995,2,15,15,702
29996,2,15,15,702
29997,2,15,15,702
29998,2,15,15,702
29999,2,3,3,702
30000,2,15,15,702
30001,2,15,15,702
30002,2,15,15,702
30003,2,15,15,702
30004,2,15,15,702
30005,2,15,15,702
30006,2,15,15,702
30007,2,15,15,702
30008,2,15,15,702
30009,2,15,15,702
30010,2,15,15,702
30011,2,15,15,702
30012,2,15,15,702
30013,2,15,15,702
30014,2,15,15,702
30015,2,15,15,702
30016,2,15,15,702
30017,2,15,15,702
30018,2,15,15,702
30019,2,15,15,702
30020,2,15,15,702
30021,2,15,15,702
30022,2,15,15,702
30023,2,15,15,702
30024,2,15,15,702
30025,2,15,15,702
30026,2,15,15,702
30027,2,15,15,702
30028,2,15,15,702
30029,2,15,15,702
30030,2,15,15,702
30031,2,15,15,702
30032,2,15,15,702
30033,2,15,15,702
30034,2,15,15,702
30035,2,15,15,702
30036,2,9,9,702
30037,2,15,15,702
30038,2,15,15,702
30039,2,15,15,702
30040,2,41,41,702
30041,2,15,15,702
30042,2,15,15,702
30043,2,15,15,702
30044,2,15,15,702
30045,2,15,15,702
30046,2,15,15,702
30047,2,15,15,702
30048,2,15,15,702
30049,2,15,15,702
30050,2,15,15,702
30051,2,4,4,702
30052,2,15,15,702
30053,2,15,15,702
30054,2,15,15,702
30055,2,15,15,702
30056,2,15,15,702
30057,2,15,15,702
30058,2,15,15,702
30059,2,15,15,702
30060,2,4,4,702
30061,2,15,15,702
30062,2,15,15,702
30063,2,15,15,702
30064,2,15,15,702
30065,2,15,15,702
30066,2,15,15,702
30067,2,15,15,702
30068,2,15,15,702
30069,2,15,15,702
30070,2,15,15,702
30071,2,15,15,702
30072,2,15,15,702
30073,2,15,15,702
30074,2,15,15,702
30075,2,15,15,702
30076,2,15,15,702
30077,2,15,15,702
30078,2,15,15,702
30079,2,15,15,702
30080,2,15,15,702
30081,2,15,15,702
30082,2,15,15,702
30083,2,15,15,702
30084,2,15,15,702
30085,2,15,15,702
30086,2,15,15,702
30087,2,15,15,702
30088,2,15,15,702
30089,2,4,4,702
30090,2,15,15,702
30091,2,15,15,702
30092,2,15,15,702
30093,2,15,15,702
30094,2,15,15,702
30095,2,15,15,702
30096,2,15,15,702
30097,2,15,15,702
30098,2,15,15,702
30099,2,15,15,702
30100,2,15,15,702
30101,2,4,4,702
30102,2,15,15,702
30103,2,15,15,702
30104,2,15,15,702
30105,2,15,15,702
30106,2,15,15,702
30107,2,15,15,702
30108,2,15,15,702
30109,2,15,15,702
30110,2,15,15,702
30111,2,15,15,702
30112,2,15,15,702
30113,2,15,15,702
30114,2,15,15,702
30115,2,15,15,702
30116,2,15,15,702
30117,2,15,15,702
30118,2,15,15,702
30119,2,15,15,702
30120,2,15,15,702
30121,2,15,15,702
30122,2,15,15,702
30123,2,15,15,702
30124,2,15,15,702
30125,2,4,15,702
30126,2,15,15,702
30127,2,15,15,702
30128,2,15,15,702
30129,2,15,15,702
30130,2,4,4,702
30131,2,15,15,702
30132,2,15,15,702
30133,2,15,15,702
30134,2,4,4,702
30135,2,15,15,702
30136,2,15,15,702
30137,2,15,15,702
30138,2,15,15,702
30139,2,15,15,702
30140,2,15,15,702
30141,2,15,4,702
30142,2,15,15,702
30143,2,15,15,702
30144,2,15,15,702
30145,2,15,15,702
30146,2,15,15,702
30147,2,15,15,702
30148,2,15,15,702
30149,2,15,15,702
30150,2,15,15,702
30151,2,15,15,702
30152,2,15,15,702
30153,2,15,15,702
30154,2,15,15,702
30155,2,15,15,702
30156,2,15,15,702
30157,2,15,15,702
30158,2,15,15,702
30159,2,15,15,702
30160,2,15,15,702
30161,2,15,15,702
30162,2,15,15,702
30163,2,15,15,702
30164,2,15,15,702
30165,2,15,15,702
30166,2,15,15,702
30167,2,15,15,702
30168,2,11,11,702
30169,2,24,24,702
30170,2,15,15,702
30171,2,15,15,702
30172,2,15,15,702
30173,2,15,15,702
30174,2,15,15,702
30175,2,15,15,702
30176,2,15,15,702
30177,2,15,15,702
30178,2,15,15,702
30179,2,15,15,702
30180,2,15,15,702
30181,2,15,15,702
30182,2,15,15,702
30183,2,15,15,702
30184,2,15,15,702
30185,2,15,15,702
30186,2,15,15,702
30187,2,15,15,702
30188,2,15,15,702
30189,2,15,15,702
30190,2,15,15,702
30191,2,15,15,702
30192,2,15,15,702
30193,2,15,15,702
30194,2,15,15,702
30195,2,15,15,702
30196,2,15,15,702
30197,2,15,15,702
30198,2,15,15,702
30199,2,15,15,702
30200,2,15,15,702
30201,2,15,4,702
30202,2,39,15,702
30203,2,15,21,702
30204,2,15,15,702
30205,2,15,15,702
30206,2,15,15,702
30207,2,15,15,702
30208,2,15,15,702
30209,2,15,15,702
30210,2,15,15,702
30211,2,15,15,702
30212,2,15,15,702
30213,2,15,15,702
30214,2,15,15,702
30215,2,15,15,702
30216,2,15,15,702
30217,2,15,15,702
30218,2,15,15,702
30219,2,15,15,702
30220,2,15,15,702
30221,2,15,15,702
30222,2,15,15,702
30223,2,15,15,702
30224,2,15,15,702
30225,2,15,15,702
30226,2,15,15,702
30227,2,15,15,702
30228,2,15,15,702
30229,2,15,15,702
30230,2,15,15,702
30231,2,15,15,702
30232,2,15,15,702
30233,2,15,15,702
30234,2,15,15,702
30235,2,15,15,702
30236,2,15,15,702
30237,2,15,15,702
30238,2,15,15,702
30239,2,15,15,702
30240,2,15,15,702
30241,2,15,15,702
30242,2,4,15,702
30243,2,15,4,702
30244,2,15,15,702
30245,2,4,4,702
30246,2,4,4,702
30247,2,15,15,702
30248,2,39,15,702
30249,2,15,15,702
30250,2,15,15,702
30251,2,15,15,702
30252,2,15,15,702
30253,2,15,15,702
30254,2,4,15,702
30255,2,15,15,702
30256,2,15,15,702
30257,2,15,15,702
30258,2,15,15,702
30259,2,15,15,702
30260,2,15,15,702
30261,2,15,15,702
30262,2,15,15,702
30263,2,15,15,702
30264,2,15,15,702
30265,2,21,15,702
30266,2,15,15,702
30267,2,15,15,702
30268,2,15,3,702
30269,2,15,15,702
30270,2,15,15,702
30271,2,15,15,702
30272,2,15,15,702
30273,2,15,15,702
30274,2,15,15,702
30275,2,15,15,702
30276,2,15,15,702
30277,2,15,15,702
30278,2,15,15,702
30279,2,15,15,702
30280,2,15,15,702
30281,2,15,15,702
30282,2,15,15,702
30283,2,15,15,702
30284,2,4,4,702
30285,2,15,15,702
30286,2,15,15,702
30287,2,15,15,702
30288,2,15,15,702
30289,2,15,15,702
30290,2,15,15,702
30291,2,15,15,702
30292,2,15,15,702
30293,2,15,15,702
30294,2,15,15,702
30295,2,15,15,702
30296,2,15,15,702
30297,2,15,15,702
30298,2,21,15,702
30299,2,39,39,702
30300,2,15,15,702
30301,2,15,15,702
30302,2,15,15,702
30303,2,15,15,702
30304,2,15,15,702
30305,2,15,15,702
30306,2,15,15,702
30307,2,15,15,702
30308,2,15,15,702
30309,2,15,15,702
30310,2,15,15,702
30311,2,15,15,702
30312,2,15,15,702
30313,2,15,15,702
30314,2,15,15,702
30315,2,15,15,702
30316,2,15,15,702
30317,2,15,15,702
30318,2,15,15,702
30319,2,15,15,702
30320,2,15,15,702
30321,2,15,15,702
30322,2,4,4,702
30323,2,15,15,702
30324,2,4,4,702
30325,2,15,15,702
30326,2,15,15,702
30327,2,15,15,702
30328,2,15,15,702
30329,2,15,15,702
30330,2,15,15,702
30331,2,15,15,702
30332,2,15,15,702
30333,2,15,4,702
30334,2,15,15,702
30335,2,15,15,702
30336,2,15,15,702
30337,2,15,15,702
30338,2,15,15,702
30339,2,15,15,702
30340,2,15,15,702
30341,2,15,15,702
30342,2,15,15,702
30343,2,4,15,702
30344,2,15,15,702
30345,2,15,15,702
30346,2,15,15,702
30347,2,15,15,702
30348,2,15,15,702
30349,2,15,15,702
30350,2,15,15,702
30351,2,15,15,702
30352,2,15,15,702
30353,2,15,15,702
30354,2,15,15,702
30355,2,4,4,702
30356,2,15,15,702
30357,2,15,15,702
30358,2,15,15,702
30359,2,3,15,702
30360,2,15,15,702
30361,2,15,15,702
30362,2,15,15,702
30363,2,15,15,702
30364,2,15,15,702
30365,2,15,15,702
30366,2,15,15,702
30367,2,15,15,702
30368,2,15,15,702
30369,2,4,4,702
30370,2,15,15,702
30371,2,15,15,702
30372,2,15,15,702
30373,2,15,15,702
30374,2,15,15,702
30375,2,15,15,702
30376,2,15,15,702
30377,2,15,15,702
30378,2,15,15,702
30379,2,15,15,702
30380,2,15,15,702
30381,2,15,15,702
30382,2,15,15,702
30383,2,15,15,702
30384,2,15,15,702
30385,2,15,15,702
30386,2,15,15,702
30387,2,15,15,702
30388,2,15,15,702
30389,2,15,15,702
30390,2,15,15,702
30391,2,15,15,702
30392,2,15,15,702
30393,2,15,15,702
30394,2,15,15,702
30395,2,15,15,702
30396,2,15,15,702
30397,2,15,15,702
30398,2,15,15,702
30399,2,15,15,702
30400,2,15,15,702
30401,2,15,15,702
30402,2,15,15,702
30403,2,15,15,702
30404,2,15,15,702
30405,2,15,15,702
30406,2,15,15,702
30407,2,15,15,702
30408,2,15,15,702
30409,2,15,15,702
30410,2,4,4,702
30411,2,15,15,702
30412,2,15,15,702
30413,2,15,15,702
30414,2,15,15,702
30415,2,15,15,702
30416,2,15,15,702
30417,2,15,15,702
30418,2,15,15,702
30419,2,15,15,702
30420,2,15,15,702
30421,2,15,15,702
30422,2,4,4,702
30423,2,15,15,702
30424,2,15,15,702
30425,2,15,15,702
30426,2,15,15,702
30427,2,15,15,702
30428,2,15,15,702
30429,2,15,15,702
30430,2,15,15,702
30431,2,15,15,702
30432,2,15,15,702
30433,2,15,15,702
30434,2,15,15,702
30435,2,15,15,702
30436,2,15,4,702
30437,2,15,15,702
30438,2,15,15,702
30439,2,3,3,702
30440,2,15,15,702
30441,2,15,15,702
30442,2,15,15,702
30443,2,15,15,702
30444,2,15,15,702
30445,2,15,15,702
30446,2,15,15,702
30447,2,15,15,702
30448,2,15,15,702
30449,2,15,15,702
30450,2,15,4,702
30451,2,15,15,702
30452,2,15,15,702
30453,2,15,15,702
30454,2,21,15,702
30455,2,15,15,702
30456,2,15,15,702
30457,2,15,15,702
30458,2,15,15,702
30459,2,15,15,702
30460,2,15,15,702
30461,2,15,15,702
30462,2,15,15,702
30463,2,15,15,702
30464,2,15,15,702
30465,2,15,15,702
30466,2,15,15,702
30467,2,15,15,702
30468,2,15,15,702
30469,2,15,15,702
30470,2,15,15,702
30471,2,15,15,702
30472,2,15,15,702
30473,2,15,15,702
30474,2,15,15,702
30475,2,15,15,702
30476,2,15,15,702
30477,2,15,15,702
30478,2,15,15,702
30479,2,15,15,702
30480,2,15,15,702
30481,2,15,15,702
30482,2,4,4,702
30483,2,15,15,702
30484,2,21,21,702
30485,2,15,15,702
30486,2,15,15,702
30487,2,15,15,702
30488,2,15,15,702
30489,2,15,15,702
30490,2,15,15,702
30491,2,4,4,702
30492,2,15,15,702
30493,2,15,15,702
30494,2,15,15,702
30495,2,15,12,702
30496,2,21,15,702
30497,2,15,15,702
30498,2,21,21,702
30499,2,15,15,702
30500,2,15,15,702
30501,2,15,15,702
30502,2,15,15,702
30503,2,15,15,702
30504,2,15,15,702
30505,2,4,15,702
30506,2,15,15,702
30507,2,15,15,702
30508,2,15,15,702
30509,2,15,15,702
30510,2,15,15,702
30511,2,15,15,702
30512,2,15,15,702
30513,2,15,15,702
30514,2,15,15,702
30515,2,15,15,702
30516,2,15,15,702
30517,2,15,15,702
30518,2,15,15,702
30519,2,15,15,702
30520,2,15,15,702
30521,2,15,15,702
30522,2,15,15,702
30523,2,15,15,702
30524,2,15,15,702
30525,2,4,15,702
30526,2,12,15,702
30527,2,15,15,702
30528,2,15,15,702
30529,2,15,15,702
30530,2,15,15,702
30531,2,15,15,702
30532,2,15,15,702
30533,2,15,15,702
30534,2,15,15,702
30535,2,15,15,702
30536,2,15,15,702
30537,2,15,15,702
30538,2,15,15,702
30539,2,15,15,702
30540,2,15,15,702
30541,2,41,41,702
30542,2,15,15,702
30543,2,15,15,702
30544,2,15,15,702
30545,2,15,15,702
30546,2,15,15,702
30547,2,15,15,702
30548,2,15,15,702
30549,2,15,15,702
30550,2,15,15,702
30551,2,15,15,702
30552,2,15,15,702
30553,2,15,15,702
30554,2,15,15,702
30555,2,15,15,702
30556,2,15,15,702
30557,2,15,15,702
30558,2,15,15,702
30559,2,15,15,702
30560,2,15,15,702
30561,2,15,15,702
30562,2,15,15,702
30563,2,15,15,702
30564,2,15,15,702
30565,2,15,15,702
30566,2,9,9,702
30567,2,15,15,702
30568,2,15,15,702
30569,2,15,15,702
30570,2,15,15,702
30571,2,15,15,702
30572,2,15,15,702
30573,2,15,15,702
30574,2,15,15,702
30575,2,15,15,702
30576,2,15,15,702
30577,2,15,15,702
30578,2,15,15,702
30579,2,15,15,702
30580,2,4,4,702
30581,2,39,4,702
30582,2,15,15,702
30583,2,4,4,702
30584,2,15,15,702
30585,2,15,15,702
30586,2,15,15,702
30587,2,15,15,702
30588,2,15,15,702
30589,2,15,15,702
30590,2,4,4,702
30591,2,15,15,702
30592,2,15,15,702
30593,2,15,15,702
30594,2,15,15,702
30595,2,15,15,702
30596,2,15,15,702
30597,2,15,15,702
30598,2,15,15,702
30599,2,15,15,702
30600,2,15,15,702
30601,2,15,15,702
30602,2,15,15,702
30603,2,15,15,702
30604,2,15,15,702
30605,2,15,15,702
30606,2,15,15,702
30607,2,15,15,702
30608,2,15,15,702
30609,2,15,15,702
30610,2,15,15,702
30611,2,15,15,702
30612,2,15,15,702
30613,2,15,15,702
30614,2,15,15,702
30615,2,15,15,702
30616,2,15,15,702
30617,2,15,15,702
30618,2,15,15,702
30619,2,15,15,702
30620,2,15,15,702
30621,2,15,15,702
30622,2,15,15,702
30623,2,15,4,702
30624,2,15,15,702
30625,2,15,15,702
30626,2,3,3,702
30627,2,15,15,702
30628,2,15,15,702
30629,2,15,15,702
30630,2,15,12,702
30631,2,15,15,702
30632,2,39,39,702
30633,2,15,4,702
30634,2,15,15,702
30635,2,15,15,702
30636,2,15,15,702
30637,2,15,15,702
30638,2,15,15,702
30639,2,15,15,702
30640,2,15,15,702
30641,2,15,15,702
30642,2,15,15,702
30643,2,15,15,702
30644,2,15,15,702
30645,2,15,15,702
30646,2,15,15,702
30647,2,15,15,702
30648,2,15,15,702
30649,2,15,15,702
30650,2,15,15,702
30651,2,15,15,702
30652,2,15,15,702
30653,2,15,15,702
30654,2,15,15,702
30655,2,15,15,702
30656,2,15,15,702
30657,2,15,15,702
30658,2,15,15,702
30659,2,15,15,702
30660,2,15,15,702
30661,2,15,15,702
30662,2,3,3,702
30663,2,15,15,702
30664,2,15,4,702
30665,2,15,15,702
30666,2,15,15,702
30667,2,15,15,702
30668,2,15,15,702
30669,2,15,15,702
30670,2,4,4,702
30671,2,15,15,702
30672,2,15,15,702
30673,2,15,15,702
30674,2,15,15,702
30675,2,15,15,702
30676,2,15,15,702
30677,2,15,15,702
30678,2,15,15,702
30679,2,15,15,702
30680,2,15,15,702
30681,2,15,15,702
30682,2,15,15,702
30683,2,15,15,702
30684,2,15,15,702
30685,2,21,15,702
30686,2,15,15,702
30687,2,15,15,702
30688,2,15,15,702
30689,2,15,15,702
30690,2,15,15,702
30691,2,15,15,702
30692,2,15,15,702
30693,2,15,21,702
30694,2,4,4,702
30695,2,15,15,702
30696,2,15,15,702
30697,2,15,15,702
30698,2,15,15,702
30699,2,15,15,702
30700,2,15,15,702
30701,2,15,15,702
30702,2,15,15,702
30703,2,15,15,702
30704,2,15,15,702
30705,2,15,15,702
30706,2,15,15,702
30707,2,15,15,702
30708,2,15,15,702
30709,2,15,15,702
30710,2,15,15,702
30711,2,15,15,702
30712,2,4,4,702
30713,2,15,15,702
30714,2,15,15,702
30715,2,15,15,702
30716,2,15,15,702
30717,2,15,15,702
30718,2,4,4,702
30719,2,15,15,702
30720,2,15,15,702
30721,2,4,4,702
30722,2,15,15,702
30723,2,15,15,702
30724,2,15,15,702
30725,2,15,15,702
30726,2,15,15,702
30727,2,15,15,702
30728,2,15,15,702
30729,2,15,15,702
30730,2,15,15,702
30731,2,15,15,702
30732,2,15,15,702
30733,2,15,15,702
30734,2,15,15,702
30735,2,15,15,702
30736,2,15,15,702
30737,2,4,4,702
30738,2,15,15,702
30739,2,15,15,702
30740,2,15,15,702
30741,2,15,15,702
30742,2,15,15,702
30743,2,15,15,702
30744,2,15,15,702
30745,2,15,15,702
30746,2,4,4,702
30747,2,15,15,702
30748,2,3,3,702
30749,2,15,15,702
30750,2,15,15,702
30751,2,15,15,702
30752,2,15,15,702
30753,2,15,15,702
30754,2,15,15,702
30755,2,4,4,702
30756,2,15,15,702
30757,2,15,15,702
30758,2,15,15,702
30759,2,15,15,702
30760,2,4,4,702
30761,2,15,15,702
30762,2,15,15,702
30763,2,15,15,702
30764,2,15,15,702
30765,2,15,15,702
30766,2,15,15,702
30767,2,15,15,702
30768,2,15,15,702
30769,2,15,15,702
30770,2,15,15,702
30771,2,15,15,702
30772,2,4,4,702
30773,2,15,15,702
30774,2,15,15,702
30775,2,15,15,702
30776,2,15,15,702
30777,2,15,15,702
30778,2,15,15,702
30779,2,15,15,702
30780,2,15,15,702
30781,2,15,15,702
30782,2,15,15,702
30783,2,15,15,702
30784,2,15,15,702
30785,2,15,15,702
30786,2,15,15,702
30787,2,15,15,702
30788,2,15,15,702
30789,2,15,15,702
30790,2,4,4,702
30791,2,15,15,702
30792,2,15,15,702
30793,2,15,15,702
30794,2,15,15,702
30795,2,15,15,702
30796,2,15,15,702
30797,2,15,15,702
30798,2,15,15,702
30799,2,15,15,702
30800,2,15,15,702
30801,2,21,15,702
30802,2,4,4,702
30803,2,15,15,702
30804,2,15,15,702
30805,2,15,15,702
30806,2,15,15,702
30807,2,15,15,702
30808,2,15,15,702
30809,2,15,15,702
30810,2,15,15,702
30811,2,15,15,702
30812,2,15,15,702
30813,2,15,15,702
30814,2,3,3,702
30815,2,15,15,702
30816,2,15,15,702
30817,2,15,15,702
30818,2,15,15,702
30819,2,15,15,702
30820,2,15,15,702
30821,2,15,15,702
30822,2,15,15,702
30823,2,15,15,702
30824,2,15,15,702
30825,2,15,15,702
30826,2,39,39,702
30827,2,15,15,702
30828,2,20,15,702
30829,2,15,15,702
30830,2,15,15,702
30831,2,15,15,702
30832,2,15,15,702
30833,2,15,15,702
30834,2,15,15,702
30835,2,15,15,702
30836,2,15,15,702
30837,2,15,15,702
30838,2,15,15,702
30839,2,15,15,702
30840,2,15,15,702
30841,2,15,15,702
30842,2,15,15,702
30843,2,15,15,702
30844,2,15,15,702
30845,2,15,15,702
30846,2,15,15,702
30847,2,15,15,702
30848,2,15,15,702
30849,2,15,15,702
30850,2,4,4,702
30851,2,15,15,702
30852,2,15,15,702
30853,2,15,15,702
30854,2,15,15,702
30855,2,15,15,702
30856,2,15,15,702
30857,2,15,15,702
30858,2,15,15,702
30859,2,15,15,702
30860,2,4,4,702
30861,2,15,15,702
30862,2,15,15,702
30863,2,15,15,702
30864,2,15,15,702
30865,2,15,15,702
30866,2,15,15,702
30867,2,15,15,702
30868,2,15,15,702
30869,2,15,15,702
30870,2,15,15,702
30871,2,15,15,702
30872,2,15,15,702
30873,2,15,15,702
30874,2,15,15,702
30875,2,15,15,702
30876,2,15,15,702
30877,2,15,15,702
30878,2,15,15,702
30879,2,15,15,702
30880,2,15,15,702
30881,2,15,15,702
30882,2,15,15,702
30883,2,15,15,702
30884,2,15,15,702
30885,2,15,15,702
30886,2,15,15,702
30887,2,15,15,702
30888,2,15,15,702
30889,2,15,15,702
30890,2,4,4,702
30891,2,15,15,702
30892,2,15,15,702
30893,2,15,15,702
30894,2,15,15,702
30895,2,15,15,702
30896,2,15,15,702
30897,2,15,15,702
30898,2,15,15,702
30899,2,15,15,702
30900,2,15,15,702
30901,2,15,15,702
30902,2,15,15,702
30903,2,15,15,702
30904,2,15,15,702
30905,2,15,15,702
30906,2,15,15,702
30907,2,15,15,702
30908,2,15,15,702
30909,2,15,15,702
30910,2,15,15,702
30911,2,15,15,702
30912,2,15,15,702
30913,2,15,15,702
30914,2,21,15,702
30915,2,15,15,702
30916,2,15,15,702
30917,2,15,15,702
30918,2,15,15,702
30919,2,15,15,702
30920,2,21,15,702
30921,2,15,15,702
30922,2,15,15,702
30923,2,15,15,702
30924,2,15,15,702
30925,2,15,15,702
30926,2,15,15,702
30927,2,15,15,702
30928,2,15,15,702
30929,2,15,15,702
30930,2,21,15,702
30931,2,15,15,702
30932,2,15,15,702
30933,2,15,15,702
30934,2,15,15,702
30935,2,15,15,702
30936,2,15,15,702
30937,2,15,15,702
30938,2,15,15,702
30939,2,21,15,702
30940,2,15,15,702
30941,2,15,15,702
30942,2,15,15,702
30943,2,15,15,702
30944,2,15,15,702
30945,2,15,15,702
30946,2,15,15,702
30947,2,15,15,702
30948,2,15,15,702
30949,2,15,15,702
30950,2,15,15,702
30951,2,15,15,702
30952,2,15,15,702
30953,2,4,4,702
30954,2,15,15,702
30955,2,15,15,702
30956,2,15,15,702
30957,2,15,15,702
30958,2,15,15,702
30959,2,15,15,702
30960,2,9,9,702
30961,2,15,15,702
30962,2,15,15,702
30963,2,15,15,702
30964,2,15,15,702
30965,2,15,15,702
30966,2,15,15,702
30967,2,15,15,702
30968,2,15,15,702
30969,2,15,15,702
30970,2,15,15,702
30971,2,4,4,702
30972,2,15,15,702
30973,2,15,15,702
30974,2,15,15,702
30975,2,15,15,702
30976,2,15,15,702
30977,2,15,15,702
30978,2,15,15,702
30979,2,15,15,702
30980,2,15,15,702
30981,2,4,4,702
30982,2,4,4,702
30983,2,15,15,702
30984,2,4,4,702
30985,2,15,15,702
30986,2,15,15,702
30987,2,15,15,702
30988,2,15,15,702
30989,2,15,15,702
30990,2,15,15,702
30991,2,15,15,702
30992,2,15,15,702
30993,2,15,15,702
30994,2,15,15,702
30995,2,15,15,702
30996,2,15,15,702
30997,2,15,15,702
30998,2,15,15,702
30999,2,15,15,702
31000,2,15,15,702
31001,2,15,15,702
31002,2,15,15,702
31003,2,15,15,702
31004,2,15,15,702
31005,2,15,15,702
31006,2,15,15,702
31007,2,15,15,702
31008,2,15,15,702
31009,2,15,15,702
31010,2,15,15,702
31011,2,15,15,702
31012,2,15,15,702
31013,2,15,15,702
31014,2,15,15,702
31015,2,15,15,702
31016,2,15,15,702
31017,2,15,15,702
31018,2,15,15,702
31019,2,4,4,702
31020,2,15,15,702
31021,2,15,15,702
31022,2,15,15,702
31023,2,15,4,702
31024,2,15,15,702
31025,2,15,15,702
31026,2,15,15,702
31027,2,15,15,702
31028,2,15,15,702
31029,2,15,15,702
31030,2,15,15,702
31031,2,15,15,702
31032,2,11,11,702
31033,2,15,15,702
31034,2,21,15,702
31035,2,15,15,702
31036,2,15,15,702
31037,2,15,15,702
31038,2,15,15,702
31039,2,15,15,702
31040,2,15,15,702
31041,2,15,15,702
31042,2,39,39,702
31043,2,4,4,702
31044,2,4,4,702
31045,2,15,15,702
31046,2,15,15,702
31047,2,15,15,702
31048,2,15,15,702
31049,2,15,21,702
31050,2,15,15,702
31051,2,15,15,702
31052,2,15,15,702
31053,2,15,15,702
31054,2,15,15,702
31055,2,15,15,702
31056,2,15,15,702
31057,2,4,4,702
31058,2,15,15,702
31059,2,15,15,702
31060,2,15,15,702
31061,2,15,15,702
31062,2,21,15,702
31063,2,15,15,702
31064,2,15,15,702
31065,2,15,15,702
31066,2,11,11,702
31067,2,3,3,702
31068,2,15,15,702
31069,2,15,15,702
31070,2,15,15,702
31071,2,15,15,702
31072,2,15,15,702
31073,2,15,15,702
31074,2,15,15,702
31075,2,4,4,702
31076,2,15,15,702
31077,2,15,15,702
31078,2,15,15,702
31079,2,15,15,702
31080,2,15,15,702
31081,2,15,15,702
31082,2,15,15,702
31083,2,15,15,702
31084,2,4,4,702
31085,2,15,15,702
31086,2,15,15,702
31087,2,15,15,702
31088,2,15,15,702
31089,2,3,3,702
31090,2,15,15,702
31091,2,15,15,702
31092,2,15,15,702
31093,2,15,15,702
31094,2,15,15,702
31095,2,15,15,702
31096,2,15,15,702
31097,2,15,15,702
31098,2,15,15,702
31099,2,15,15,702
31100,2,15,15,702
31101,2,15,15,702
31102,2,15,15,702
31103,2,15,15,702
31104,2,15,15,702
31105,2,15,15,702
31106,2,4,4,702
31107,2,15,15,702
31108,2,15,15,702
31109,2,15,15,702
31110,2,15,15,702
31111,2,15,15,702
31112,2,15,15,702
31113,2,15,15,702
31114,2,15,15,702
31115,2,15,15,702
31116,2,41,41,702
31117,2,15,15,702
31118,2,15,15,702
31119,2,15,15,702
31120,2,15,15,702
31121,2,15,15,702
31122,2,15,15,702
31123,2,15,15,702
31124,2,15,15,702
31125,2,15,15,702
31126,2,15,15,702
31127,2,15,15,702
31128,2,15,15,702
31129,2,15,15,702
31130,2,15,15,702
31131,2,4,15,702
31132,2,15,15,702
31133,2,15,15,702
31134,2,15,15,702
31135,2,15,15,702
31136,2,15,15,702
31137,2,15,15,702
31138,2,15,15,702
31139,2,15,15,702
31140,2,15,15,702
31141,2,15,15,702
31142,2,15,15,702
31143,2,15,15,702
31144,2,15,15,702
31145,2,15,15,702
31146,2,15,15,702
31147,2,15,15,702
31148,2,15,15,702
31149,2,3,3,702
31150,2,15,15,702
31151,2,15,15,702
31152,2,15,15,702
31153,2,15,15,702
31154,2,15,15,702
31155,2,15,15,702
31156,2,15,15,702
31157,2,15,15,702
31158,2,15,15,702
31159,2,15,15,702
31160,2,4,4,702
31161,2,15,15,702
31162,2,15,15,702
31163,2,15,15,702
31164,2,15,15,702
31165,2,15,15,702
31166,2,15,15,702
31167,2,15,15,702
31168,2,15,15,702
31169,2,15,15,702
31170,2,15,15,702
31171,2,15,15,702
31172,2,15,15,702
31173,2,15,15,702
31174,2,15,15,702
31175,2,15,15,702
31176,2,15,15,702
31177,2,15,15,702
31178,2,15,15,702
31179,2,11,11,702
31180,2,15,15,702
31181,2,15,15,702
31182,2,21,15,702
31183,2,15,15,702
31184,2,15,15,702
31185,2,15,15,702
31186,2,15,15,702
31187,2,15,15,702
31188,2,15,15,702
31189,2,15,15,702
31190,2,15,15,702
31191,2,15,15,702
31192,2,15,15,702
31193,2,15,15,702
31194,2,15,15,702
31195,2,15,15,702
31196,2,15,15,702
31197,2,15,15,702
31198,2,15,15,702
31199,2,4,4,702
31200,2,15,15,702
31201,2,15,15,702
31202,2,15,15,702
31203,2,12,12,702
31204,2,15,15,702
31205,2,15,15,702
31206,2,15,15,702
31207,2,15,15,702
31208,2,15,15,702
31209,2,15,15,702
31210,2,15,15,702
31211,2,4,4,702
31212,2,15,15,702
31213,2,15,15,702
31214,2,15,15,702
31215,2,15,15,702
31216,2,15,15,702
31217,2,15,15,702
31218,2,15,15,702
31219,2,15,15,702
31220,2,15,15,702
31221,2,15,15,702
31222,2,15,15,702
31223,2,15,15,702
31224,2,15,15,702
31225,2,15,15,702
31226,2,15,15,702
31227,2,15,15,702
31228,2,15,15,702
31229,2,15,15,702
31230,2,4,4,702
31231,2,15,15,702
31232,2,15,15,702
31233,2,15,15,702
31234,2,15,15,702
31235,2,15,4,702
31236,2,15,15,702
31237,2,15,15,702
31238,2,15,15,702
31239,2,15,15,702
31240,2,15,15,702
31241,2,15,15,702
31242,2,4,4,702
31243,2,4,4,702
31244,2,15,15,702
31245,2,15,15,702
31246,2,15,15,702
31247,2,15,15,702
31248,2,15,15,702
31249,2,15,15,702
31250,2,21,15,702
31251,2,41,41,702
31252,2,15,15,702
31253,2,4,4,702
31254,2,3,3,702
31255,2,15,15,702
31256,2,15,15,702
31257,2,15,15,702
31258,2,15,15,702
31259,2,15,15,702
31260,2,15,15,702
31261,2,15,15,702
31262,2,15,15,702
31263,2,15,15,702
31264,2,15,15,702
31265,2,15,15,702
31266,2,15,15,702
31267,2,4,4,702
31268,2,15,15,702
31269,2,15,15,702
31270,2,4,4,702
31271,2,15,15,702
31272,2,15,15,702
31273,2,15,15,702
31274,2,15,15,702
31275,2,15,15,702
31276,2,15,15,702
31277,2,15,15,702
31278,2,15,15,702
31279,2,39,39,702
31280,2,15,15,702
31281,2,15,15,702
31282,2,39,39,702
31283,2,3,3,702
31284,2,15,15,702
31285,2,15,15,702
31286,2,15,15,702
31287,2,15,15,702
31288,2,15,15,702
31289,2,15,15,702
31290,2,15,15,702
31291,2,15,4,702
31292,2,15,15,702
31293,2,15,15,702
31294,2,15,15,702
31295,2,15,15,702
31296,2,15,15,702
31297,2,15,15,702
31298,2,15,15,702
31299,2,15,15,702
31300,2,15,15,702
31301,2,15,15,702
31302,2,21,15,702
31303,2,15,15,702
31304,2,15,15,702
31305,2,15,15,702
31306,2,15,15,702
31307,2,15,15,702
31308,2,15,15,702
31309,2,15,15,702
31310,2,15,15,702
31311,2,15,15,702
31312,2,15,15,702
31313,2,15,15,702
31314,2,15,15,702
31315,2,4,4,702
31316,2,15,15,702
31317,2,15,15,702
31318,2,15,15,702
31319,2,15,15,702
31320,2,15,15,702
31321,2,15,15,702
31322,2,15,15,702
31323,2,15,15,702
31324,2,15,15,702
31325,2,15,15,702
31326,2,3,3,702
31327,2,15,15,702
31328,2,15,15,702
31329,2,15,15,702
31330,2,15,15,702
31331,2,15,15,702
31332,2,15,15,702
31333,2,15,15,702
31334,2,15,15,702
31335,2,15,15,702
31336,2,15,15,702
31337,2,15,15,702
31338,2,15,15,702
31339,2,4,4,702
31340,2,15,15,702
31341,2,15,15,702
31342,2,15,15,702
31343,2,15,15,702
31344,2,15,15,702
31345,2,15,15,702
31346,2,15,15,702
31347,2,15,15,702
31348,2,15,15,702
31349,2,15,15,702
31350,2,15,15,702
31351,2,15,15,702
31352,2,15,15,702
31353,2,3,3,702
31354,2,21,15,702
31355,2,15,15,702
31356,2,15,15,702
31357,2,15,15,702
31358,2,15,15,702
31359,2,15,15,702
31360,2,15,15,702
31361,2,15,15,702
31362,2,15,15,702
31363,2,15,15,702
31364,2,15,15,702
31365,2,15,15,702
31366,2,15,15,702
31367,2,15,15,702
31368,2,15,15,702
31369,2,15,15,702
31370,2,15,15,702
31371,2,15,15,702
31372,2,15,15,702
31373,2,4,4,702
31374,2,15,15,702
31375,2,15,15,702
31376,2,41,41,702
31377,2,21,15,702
31378,2,15,15,702
31379,2,15,15,702
31380,2,15,15,702
31381,2,15,15,702
31382,2,15,15,702
31383,2,15,15,702
31384,2,15,15,702
31385,2,15,15,702
31386,2,15,15,702
31387,2,15,15,702
31388,2,15,15,702
31389,2,15,15,702
31390,2,15,15,702
31391,2,15,15,702
31392,2,15,15,702
31393,2,15,15,702
31394,2,15,15,702
31395,2,15,15,702
31396,2,21,21,702
31397,2,15,15,702
31398,2,15,15,702
31399,2,15,15,702
31400,2,15,15,702
31401,2,15,15,702
31402,2,15,15,702
31403,2,4,4,702
31404,2,15,15,702
31405,2,4,4,702
31406,2,15,15,702
31407,2,15,15,702
31408,2,15,15,702
31409,2,15,15,702
31410,2,15,15,702
31411,2,15,15,702
31412,2,15,15,702
31413,2,15,15,702
31414,2,15,15,702
31415,2,15,15,702
31416,2,15,15,702
31417,2,12,12,702
31418,2,4,15,702
31419,2,15,15,702
31420,2,21,21,702
31421,2,15,15,702
31422,2,15,15,702
31423,2,15,15,702
31424,2,15,15,702
31425,2,15,15,702
31426,2,15,15,702
31427,2,15,15,702
31428,2,15,15,702
31429,2,15,15,702
31430,2,15,15,702
31431,2,4,4,702
31432,2,15,15,702
31433,2,15,15,702
31434,2,15,15,702
31435,2,15,15,702
31436,2,15,15,702
31437,2,15,15,702
31438,2,15,15,702
31439,2,15,15,702
31440,2,15,15,702
31441,2,15,15,702
31442,2,15,15,702
31443,2,15,15,702
31444,2,15,15,702
31445,2,15,15,702
31446,2,15,15,702
31447,2,15,15,702
31448,2,15,15,702
31449,2,15,15,702
31450,2,15,15,702
31451,2,15,15,702
31452,2,15,15,702
31453,2,15,15,702
31454,2,15,15,702
31455,2,15,15,702
31456,2,15,15,702
31457,2,15,15,702
31458,2,15,15,702
31459,2,15,15,702
31460,2,15,15,702
31461,2,15,15,702
31462,2,15,15,702
31463,2,15,15,702
31464,2,15,15,702
31465,2,3,3,702
31466,2,3,3,702
31467,2,15,15,702
31468,2,15,15,702
31469,2,15,15,702
31470,2,15,15,702
31471,2,21,15,702
31472,2,15,15,702
31473,2,15,15,702
31474,2,15,15,702
31475,2,4,15,702
31476,2,15,15,702
31477,2,15,15,702
31478,2,15,15,702
31479,2,15,15,702
31480,2,15,15,702
31481,2,15,15,702
31482,2,15,15,702
31483,2,15,15,702
31484,2,4,4,702
31485,2,15,15,702
31486,2,15,15,702
31487,2,15,15,702
31488,2,39,41,702
31489,2,15,15,702
31490,2,15,15,702
31491,2,15,15,702
31492,2,15,15,702
31493,2,15,15,702
31494,2,15,15,702
31495,2,15,15,702
31496,2,15,4,702
31497,2,15,15,702
31498,2,15,15,702
31499,2,21,21,702
31500,2,15,15,702
31501,2,15,15,702
31502,2,15,15,702
31503,2,15,15,702
31504,2,15,15,702
31505,2,15,15,702
31506,2,15,15,702
31507,2,15,15,702
31508,2,15,15,702
31509,2,15,15,702
31510,2,15,15,702
31511,2,15,15,702
31512,2,15,15,702
31513,2,15,15,702
31514,2,15,15,702
31515,2,15,15,702
31516,2,15,15,702
31517,2,15,15,702
31518,2,15,15,702
31519,2,15,15,702
31520,2,4,4,702
31521,2,15,15,702
31522,2,15,15,702
31523,2,15,15,702
31524,2,4,15,702
31525,2,15,15,702
31526,2,15,15,702
31527,2,4,4,702
31528,2,15,15,702
31529,2,15,15,702
31530,2,15,15,702
31531,2,15,15,702
31532,2,15,15,702
31533,2,15,15,702
31534,2,15,15,702
31535,2,15,15,702
31536,2,15,15,702
31537,2,15,15,702
31538,2,15,15,702
31539,2,15,15,702
31540,2,15,15,702
31541,2,15,15,702
31542,2,15,15,702
31543,2,15,15,702
31544,2,15,15,702
31545,2,15,15,702
31546,2,15,15,702
31547,2,15,15,702
31548,2,15,15,702
31549,2,15,15,702
31550,2,15,15,702
31551,2,15,15,702
31552,2,15,15,702
31553,2,15,15,702
31554,2,15,15,702
31555,2,15,15,702
31556,2,15,15,702
31557,2,15,15,702
31558,2,15,15,702
31559,2,15,15,702
31560,2,15,15,702
31561,2,15,15,702
31562,2,15,15,702
31563,2,15,15,702
31564,2,15,15,702
31565,2,15,15,702
31566,2,15,15,702
31567,2,15,15,702
31568,2,3,3,702
31569,2,15,15,702
31570,2,39,39,702
31571,2,15,15,702
31572,2,15,15,702
31573,2,15,15,702
31574,2,15,15,702
31575,2,15,15,702
31576,2,15,15,702
31577,2,15,15,702
31578,2,15,15,702
31579,2,15,15,702
31580,2,15,15,702
31581,2,15,15,702
31582,2,15,15,702
31583,2,15,15,702
31584,2,15,15,702
31585,2,21,15,702
31586,2,15,15,702
31587,2,15,15,702
31588,2,15,15,702
31589,2,4,4,702
31590,2,15,15,702
31591,2,15,15,702
31592,2,15,15,702
31593,2,15,15,702
31594,2,15,15,702
31595,2,15,15,702
31596,2,15,15,702
31597,2,15,15,702
31598,2,15,15,702
31599,2,20,20,702
31600,2,15,15,702
31601,2,15,15,702
31602,2,15,15,702
31603,2,15,15,702
31604,2,15,15,702
31605,2,15,15,702
31606,2,15,15,702
31607,2,15,15,702
31608,2,15,15,702
31609,2,15,15,702
31610,2,15,15,702
31611,2,15,15,702
31612,2,15,15,702
31613,2,15,15,702
31614,2,15,15,702
31615,2,15,15,702
31616,2,15,15,702
31617,2,15,15,702
31618,2,41,41,702
31619,2,15,15,702
31620,2,15,4,702
31621,2,15,15,702
31622,2,15,15,702
31623,2,15,15,702
31624,2,15,15,702
31625,2,15,15,702
31626,2,15,15,702
31627,2,15,15,702
31628,2,15,15,702
31629,2,15,15,702
31630,2,21,15,702
31631,2,15,15,702
31632,2,15,15,702
31633,2,15,15,702
31634,2,15,15,702
31635,2,15,15,702
31636,2,15,15,702
31637,2,15,15,702
31638,2,15,15,702
31639,2,15,15,702
31640,2,15,15,702
31641,2,15,4,702
31642,2,15,15,702
31643,2,15,15,702
31644,2,15,15,702
31645,2,15,15,702
31646,2,15,15,702
31647,2,15,15,702
31648,2,15,15,702
31649,2,15,15,702
31650,2,15,15,702
31651,2,15,15,702
31652,2,15,15,702
31653,2,15,15,702
31654,2,15,15,702
31655,2,15,15,702
31656,2,15,15,702
31657,2,15,15,702
31658,2,15,15,702
31659,2,15,15,702
31660,2,15,15,702
31661,2,15,15,702
31662,2,15,15,702
31663,2,15,15,702
31664,2,15,15,702
31665,2,15,15,702
31666,2,15,15,702
31667,2,15,15,702
31668,2,15,15,702
31669,2,15,15,702
31670,2,15,15,702
31671,2,4,4,702
31672,2,15,15,702
31673,2,15,15,702
31674,2,15,15,702
31675,2,15,15,702
31676,2,15,15,702
31677,2,15,15,702
31678,2,15,15,702
31679,2,15,15,702
31680,2,15,15,702
31681,2,15,15,702
31682,2,4,4,702
31683,2,15,15,702
31684,2,15,15,702
31685,2,15,15,702
31686,2,15,15,702
31687,2,15,15,702
31688,2,15,15,702
31689,2,15,15,702
31690,2,15,15,702
31691,2,21,21,702
31692,2,15,15,702
31693,2,15,15,702
31694,2,15,15,702
31695,2,15,15,702
31696,2,3,3,702
31697,2,15,15,702
31698,2,15,15,702
31699,2,15,15,702
31700,2,15,15,702
31701,2,15,15,702
31702,2,15,15,702
31703,2,15,15,702
31704,2,15,15,702
31705,2,15,15,702
31706,2,15,15,702
31707,2,21,39,702
31708,2,15,15,702
31709,2,15,15,702
31710,2,15,15,702
31711,2,15,15,702
31712,2,15,15,702
31713,2,39,39,702
31714,2,15,15,702
31715,2,15,15,702
31716,2,15,15,702
31717,2,15,15,702
31718,2,15,15,702
31719,2,15,15,702
31720,2,15,15,702
31721,2,15,15,702
31722,2,15,15,702
31723,2,15,15,702
31724,2,15,15,702
31725,2,15,15,702
31726,2,15,15,702
31727,2,15,15,702
31728,2,15,15,702
31729,2,15,15,702
31730,2,15,15,702
31731,2,15,15,702
31732,2,15,15,702
31733,2,15,15,702
31734,2,15,15,702
31735,2,15,15,702
31736,2,15,15,702
31737,2,15,15,702
31738,2,15,15,702
31739,2,15,15,702
31740,2,15,15,702
31741,2,15,15,702
31742,2,15,15,702
31743,2,15,4,702
31744,2,15,15,702
31745,2,15,15,702
31746,2,15,15,702
31747,2,15,15,702
31748,2,15,15,702
31749,2,15,15,702
31750,2,15,15,702
31751,2,15,15,702
31752,2,15,15,702
31753,2,15,15,702
31754,2,15,15,702
31755,2,15,15,702
31756,2,15,15,702
31757,2,15,15,702
31758,2,15,15,702
31759,2,15,15,702
31760,2,15,15,702
31761,2,15,15,702
31762,2,15,15,702
31763,2,15,15,702
31764,2,15,15,702
31765,2,15,15,702
31766,2,15,15,702
31767,2,15,15,702
31768,2,15,15,702
31769,2,15,15,702
31770,2,15,15,702
31771,2,15,15,702
31772,2,15,15,702
31773,2,4,4,702
31774,2,15,15,702
31775,2,15,15,702
31776,2,15,15,702
31777,2,15,15,702
31778,2,15,15,702
31779,2,15,15,702
31780,2,4,4,702
31781,2,15,15,702
31782,2,15,15,702
31783,2,15,15,702
31784,2,15,15,702
31785,2,15,15,702
31786,2,15,15,702
31787,2,15,15,702
31788,2,15,15,702
31789,2,15,15,702
31790,2,15,15,702
31791,2,3,3,702
31792,2,15,15,702
31793,2,15,15,702
31794,2,15,15,702
31795,2,15,15,702
31796,2,15,15,702
31797,2,15,15,702
31798,2,41,41,702
31799,2,4,4,702
31800,2,4,4,702
31801,2,15,15,702
31802,2,15,15,702
31803,2,3,15,702
31804,2,15,15,702
31805,2,15,15,702
31806,2,15,15,702
31807,2,39,39,702
31808,2,15,15,702
31809,2,15,15,702
31810,2,15,15,702
31811,2,15,15,702
31812,2,15,15,702
31813,2,15,15,702
31814,2,15,15,702
31815,2,15,15,702
31816,2,15,15,702
31817,2,15,15,702
31818,2,15,15,702
31819,2,15,15,702
31820,2,15,15,702
31821,2,15,15,702
31822,2,15,15,702
31823,2,15,15,702
31824,2,15,15,702
31825,2,15,15,702
31826,2,15,15,702
31827,2,15,15,702
31828,2,15,15,702
31829,2,15,15,702
31830,2,15,15,702
31831,2,15,15,702
31832,2,15,15,702
31833,2,15,15,702
31834,2,21,21,702
31835,2,15,15,702
31836,2,15,15,702
31837,2,3,3,702
31838,2,15,15,702
31839,2,15,15,702
31840,2,15,15,702
31841,2,15,15,702
31842,2,15,15,702
31843,2,15,15,702
31844,2,15,15,702
31845,2,15,15,702
31846,2,15,15,702
31847,2,4,15,702
31848,2,15,15,702
31849,2,15,15,702
31850,2,15,15,702
31851,2,15,15,702
31852,2,39,39,702
31853,2,15,15,702
31854,2,15,15,702
31855,2,15,15,702
31856,2,15,15,702
31857,2,15,15,702
31858,2,15,15,702
31859,2,15,15,702
31860,2,15,15,702
31861,2,15,15,702
31862,2,15,15,702
31863,2,15,15,702
31864,2,4,4,702
31865,2,15,15,702
31866,2,15,15,702
31867,2,15,15,702
31868,2,41,41,702
31869,2,15,15,702
31870,2,15,15,702
31871,2,15,15,702
31872,2,15,15,702
31873,2,15,15,702
31874,2,15,15,702
31875,2,15,15,702
31876,2,15,15,702
31877,2,15,15,702
31878,2,3,3,702
31879,2,15,15,702
31880,2,15,15,702
31881,2,15,15,702
31882,2,15,15,702
31883,2,15,3,702
31884,2,15,15,702
31885,2,15,15,702
31886,2,15,15,702
31887,2,15,15,702
31888,2,15,15,702
31889,2,15,15,702
31890,2,15,15,702
31891,2,15,15,702
31892,2,15,15,702
31893,2,4,4,702
31894,2,15,15,702
31895,2,15,15,702
31896,2,15,15,702
31897,2,15,15,702
31898,2,15,15,702
31899,2,15,15,702
31900,2,15,15,702
31901,2,15,15,702
31902,2,15,15,702
31903,2,15,15,702
31904,2,15,15,702
31905,2,21,15,702
31906,2,15,15,702
31907,2,15,15,702
31908,2,15,15,702
31909,2,15,15,702
31910,2,15,15,702
31911,2,15,15,702
31912,2,15,15,702
31913,2,15,15,702
31914,2,15,15,702
31915,2,15,4,702
31916,2,15,15,702
31917,2,15,15,702
31918,2,39,39,702
31919,2,15,15,702
31920,2,15,15,702
31921,2,4,4,702
31922,2,15,15,702
31923,2,15,15,702
31924,2,15,15,702
31925,2,15,15,702
31926,2,4,4,702
31927,2,15,15,702
31928,2,15,15,702
31929,2,15,15,702
31930,2,15,15,702
31931,2,15,15,702
31932,2,15,15,702
31933,2,15,15,702
31934,2,15,15,702
31935,2,15,15,702
31936,2,15,15,702
31937,2,15,15,702
31938,2,15,15,702
31939,2,41,41,702
31940,2,15,15,702
31941,2,15,15,702
31942,2,15,15,702
31943,2,15,15,702
31944,2,15,15,702
31945,2,15,15,702
31946,2,41,41,702
31947,2,15,15,702
31948,2,41,41,702
31949,2,15,15,702
31950,2,15,15,702
31951,2,15,4,702
31952,2,15,15,702
31953,2,15,15,702
31954,2,15,15,702
31955,2,15,15,702
31956,2,39,39,702
31957,2,15,15,702
31958,2,15,15,702
31959,2,15,15,702
31960,2,15,15,702
31961,2,15,15,702
31962,2,15,15,702
31963,2,15,15,702
31964,2,15,15,702
31965,2,15,15,702
31966,2,15,15,702
31967,2,15,15,702
31968,2,15,15,702
31969,2,15,15,702
31970,2,41,41,702
31971,2,15,15,702
31972,2,15,15,702
31973,2,15,15,702
31974,2,15,15,702
31975,2,21,4,702
31976,2,15,15,702
31977,2,15,15,702
31978,2,15,15,702
31979,2,15,15,702
31980,2,15,15,702
31981,2,15,15,702
31982,2,15,15,702
31983,2,15,15,702
31984,2,12,12,702
31985,2,15,15,702
31986,2,15,15,702
31987,2,15,15,702
31988,2,15,15,702
31989,2,15,15,702
31990,2,15,15,702
31991,2,15,15,702
31992,2,15,15,702
31993,2,15,15,702
31994,2,12,12,702
31995,2,15,15,702
31996,2,15,15,702
31997,2,15,15,702
31998,2,15,15,702
31999,2,15,15,702
32000,2,15,15,702
32001,2,15,15,702
32002,2,15,15,702
32003,2,39,41,702
32004,2,15,15,702
32005,2,15,15,702
32006,2,21,21,702
32007,2,4,4,702
32008,2,15,15,702
32009,2,15,15,702
32010,2,15,15,702
32011,2,15,15,702
32012,2,15,15,702
32013,2,4,4,702
32014,2,15,15,702
32015,2,15,15,702
32016,2,15,15,702
32017,2,15,15,702
32018,2,15,15,702
32019,2,15,15,702
32020,2,15,15,702
32021,2,15,15,702
32022,2,15,15,702
32023,2,15,15,702
32024,2,15,15,702
32025,2,15,15,702
32026,2,15,15,702
32027,2,15,15,702
32028,2,15,15,702
32029,2,15,15,702
32030,2,15,15,702
32031,2,15,15,702
32032,2,15,4,702
32033,2,15,15,702
32034,2,15,15,702
32035,2,15,15,702
32036,2,15,15,702
32037,2,15,15,702
32038,2,15,15,702
32039,2,41,41,702
32040,2,15,15,702
32041,2,15,15,702
32042,2,15,15,702
32043,2,15,15,702
32044,2,15,15,702
32045,2,15,15,702
32046,2,15,15,702
32047,2,15,15,702
32048,2,15,15,702
32049,2,15,15,702
32050,2,15,15,702
32051,2,15,15,702
32052,2,15,15,702
32053,2,15,15,702
32054,2,15,15,702
32055,2,15,15,702
32056,2,4,4,702
32057,2,15,15,702
32058,2,15,15,702
32059,2,15,3,702
32060,2,15,15,702
32061,2,15,15,702
32062,2,15,15,702
32063,2,15,15,702
32064,2,15,15,702
32065,2,15,15,702
32066,2,15,15,702
32067,2,15,15,702
32068,2,15,15,702
32069,2,15,15,702
32070,2,15,15,702
32071,2,15,15,702
32072,2,15,15,702
32073,2,15,15,702
32074,2,15,15,702
32075,2,15,15,702
32076,2,15,15,702
32077,2,15,15,702
32078,2,15,15,702
32079,2,15,15,702
32080,2,15,15,702
32081,2,15,15,702
32082,2,15,15,702
32083,2,15,15,702
32084,2,21,15,702
32085,2,15,15,702
32086,2,15,15,702
32087,2,15,15,702
32088,2,15,15,702
32089,2,4,4,702
32090,2,15,15,702
32091,2,21,15,702
32092,2,15,15,702
32093,2,15,15,702
32094,2,15,15,702
32095,2,15,15,702
32096,2,15,15,702
32097,2,15,15,702
32098,2,15,15,702
32099,2,15,15,702
32100,2,15,15,702
32101,2,15,3,702
32102,2,15,15,702
32103,2,39,39,702
32104,2,15,15,702
32105,2,21,15,702
32106,2,15,15,702
32107,2,15,15,702
32108,2,15,15,702
32109,2,15,15,702
32110,2,15,15,702
32111,2,15,15,702
32112,2,9,9,702
32113,2,15,15,702
32114,2,4,4,702
32115,2,15,15,702
32116,2,15,15,702
32117,2,15,15,702
32118,2,15,15,702
32119,2,15,4,702
32120,2,15,15,702
32121,2,15,15,702
32122,2,15,15,702
32123,2,4,3,702
32124,2,15,15,702
32125,2,15,15,702
32126,2,15,15,702
32127,2,15,15,702
32128,2,15,15,702
32129,2,15,15,702
32130,2,15,15,702
32131,2,15,15,702
32132,2,15,15,702
32133,2,15,15,702
32134,2,15,15,702
32135,2,15,15,702
32136,2,15,15,702
32137,2,15,15,702
32138,2,15,15,702
32139,2,15,15,702
32140,2,15,15,702
32141,2,15,15,702
32142,2,15,15,702
32143,2,15,15,702
32144,2,15,15,702
32145,2,15,15,702
32146,2,15,15,702
32147,2,15,15,702
32148,2,15,15,702
32149,2,15,15,702
32150,2,15,15,702
32151,2,15,15,702
32152,2,15,15,702
32153,2,15,15,702
32154,2,15,15,702
32155,2,15,15,702
32156,2,15,15,702
32157,2,15,15,702
32158,2,15,15,702
32159,2,15,15,702
32160,2,15,15,702
32161,2,15,15,702
32162,2,15,15,702
32163,2,4,4,702
32164,2,15,15,702
32165,2,15,15,702
32166,2,15,15,702
32167,2,15,15,702
32168,2,15,15,702
32169,2,15,15,702
32170,2,15,15,702
32171,2,15,15,702
32172,2,15,15,702
32173,2,15,15,702
32174,2,15,15,702
32175,2,15,15,702
32176,2,15,15,702
32177,2,15,15,702
32178,2,15,15,702
32179,2,39,41,702
32180,2,15,15,702
32181,2,20,15,702
32182,2,15,15,702
32183,2,24,12,702
32184,2,39,39,702
32185,2,3,3,702
32186,2,15,15,702
32187,2,4,4,702
32188,2,15,15,702
32189,2,15,15,702
32190,2,15,15,702
32191,2,15,15,702
32192,2,15,4,702
32193,2,15,15,702
32194,2,15,15,702
32195,2,15,15,702
32196,2,15,15,702
32197,2,15,15,702
32198,2,15,15,702
32199,2,15,15,702
32200,2,15,15,702
32201,2,15,15,702
32202,2,15,15,702
32203,2,15,15,702
32204,2,15,15,702
32205,2,15,15,702
32206,2,15,15,702
32207,2,15,15,702
32208,2,15,15,702
32209,2,15,15,702
32210,2,15,15,702
32211,2,15,15,702
32212,2,15,15,702
32213,2,15,15,702
32214,2,15,15,702
32215,2,15,15,702
32216,2,15,15,702
32217,2,15,15,702
32218,2,15,15,702
32219,2,15,15,702
32220,2,15,15,702
32221,2,15,15,702
32222,2,15,15,702
32223,2,15,15,702
32224,2,15,15,702
32225,2,15,15,702
32226,2,15,15,702
32227,2,15,15,702
32228,2,15,15,702
32229,2,15,15,702
32230,2,15,15,702
32231,2,15,15,702
32232,2,15,15,702
32233,2,15,15,702
32234,2,15,15,702
32235,2,15,15,702
32236,2,15,15,702
32237,2,15,15,702
32238,2,3,15,702
32239,2,15,15,702
32240,2,15,15,702
32241,2,4,4,702
32242,2,15,15,702
32243,2,4,4,702
32244,2,15,15,702
32245,2,15,15,702
32246,2,15,15,702
32247,2,15,15,702
32248,2,15,15,702
32249,2,15,15,702
32250,2,15,15,702
32251,2,15,15,702
32252,2,15,15,702
32253,2,15,15,702
32254,2,15,15,702
32255,2,15,15,702
32256,2,15,15,702
32257,2,15,15,702
32258,2,15,15,702
32259,2,15,15,702
32260,2,15,15,702
32261,2,15,15,702
32262,2,15,15,702
32263,2,4,4,702
32264,2,15,15,702
32265,2,15,15,702
32266,2,15,15,702
32267,2,15,15,702
32268,2,15,15,702
32269,2,15,15,702
32270,2,15,15,702
32271,2,15,15,702
32272,2,15,15,702
32273,2,15,15,702
32274,2,15,15,702
32275,2,15,15,702
32276,2,15,15,702
32277,2,15,15,702
32278,2,15,15,702
32279,2,39,41,702
32280,2,15,15,702
32281,2,15,15,702
32282,2,15,15,702
32283,2,15,15,702
32284,2,15,15,702
32285,2,41,41,702
32286,2,15,15,702
32287,2,15,15,702
32288,2,39,39,702
32289,2,15,15,702
32290,2,15,15,702
32291,2,39,39,702
32292,2,15,15,702
32293,2,15,15,702
32294,2,15,15,702
32295,2,15,15,702
32296,2,15,15,702
32297,2,39,15,702
32298,2,15,15,702
32299,2,4,4,702
32300,2,15,15,702
32301,2,15,15,702
32302,2,15,15,702
32303,2,15,15,702
32304,2,15,15,702
32305,2,15,15,702
32306,2,15,15,702
32307,2,15,15,702
32308,2,15,15,702
32309,2,15,15,702
32310,2,15,15,702
32311,2,15,15,702
32312,2,15,15,702
32313,2,15,15,702
32314,2,15,15,702
32315,2,15,15,702
32316,2,4,15,702
32317,2,15,15,702
32318,2,15,4,702
32319,2,15,15,702
32320,2,4,4,702
32321,2,15,15,702
32322,2,15,15,702
32323,2,41,41,702
32324,2,15,15,702
32325,2,15,15,702
32326,2,3,3,702
32327,2,4,4,702
32328,2,15,15,702
32329,2,15,15,702
32330,2,15,15,702
32331,2,15,15,702
32332,2,15,15,702
32333,2,15,15,702
32334,2,15,15,702
32335,2,15,15,702
32336,2,15,15,702
32337,2,15,15,702
32338,2,39,15,702
32339,2,15,15,702
32340,2,15,15,702
32341,2,15,15,702
32342,2,15,15,702
32343,2,15,15,702
32344,2,15,15,702
32345,2,15,15,702
32346,2,15,15,702
32347,2,15,15,702
32348,2,15,15,702
32349,2,15,15,702
32350,2,15,15,702
32351,2,15,15,702
32352,2,15,15,702
32353,2,15,15,702
32354,2,15,15,702
32355,2,21,15,702
32356,2,15,15,702
32357,2,15,15,702
32358,2,15,15,702
32359,2,15,15,702
32360,2,15,15,702
32361,2,15,15,702
32362,2,15,15,702
32363,2,15,15,702
32364,2,15,15,702
32365,2,15,15,702
32366,2,15,15,702
32367,2,15,15,702
32368,2,15,15,702
32369,2,15,15,702
32370,2,15,15,702
32371,2,15,15,702
32372,2,15,15,702
32373,2,15,3,702
32374,2,15,15,702
32375,2,15,15,702
32376,2,15,15,702
32377,2,15,15,702
32378,2,15,15,702
32379,2,15,15,702
32380,2,15,15,702
32381,2,15,15,702
32382,2,15,15,702
32383,2,15,15,702
32384,2,15,15,702
32385,2,15,15,702
32386,2,15,15,702
32387,2,15,15,702
32388,2,15,15,702
32389,2,15,15,702
32390,2,15,15,702
32391,2,15,15,702
32392,2,15,15,702
32393,2,15,15,702
32394,2,15,15,702
32395,2,4,4,702
32396,2,3,3,702
32397,2,15,15,702
32398,2,15,15,702
32399,2,21,15,702
32400,2,15,15,702
32401,2,15,15,702
32402,2,15,15,702
32403,2,15,15,702
32404,2,15,15,702
32405,2,4,4,702
32406,2,15,15,702
32407,2,15,15,702
32408,2,15,15,702
32409,2,15,15,702
32410,2,15,15,702
32411,2,15,15,702
32412,2,15,15,702
32413,2,15,15,702
32414,2,15,15,702
32415,2,15,15,702
32416,2,15,15,702
32417,2,4,4,702
32418,2,15,15,702
32419,2,15,15,702
32420,2,15,15,702
32421,2,15,15,702
32422,2,15,15,702
32423,2,15,15,702
32424,2,15,15,702
32425,2,15,15,702
32426,2,15,15,702
32427,2,15,15,702
32428,2,15,15,702
32429,2,15,15,702
32430,2,15,15,702
32431,2,15,15,702
32432,2,15,15,702
32433,2,15,15,702
32434,2,15,15,702
32435,2,15,15,702
32436,2,15,15,702
32437,2,15,15,702
32438,2,15,15,702
32439,2,15,15,702
32440,2,41,41,702
32441,2,15,15,702
32442,2,15,15,702
32443,2,15,15,702
32444,2,15,15,702
32445,2,15,15,702
32446,2,15,15,702
32447,2,15,15,702
32448,2,39,39,702
32449,2,15,15,702
32450,2,15,15,702
32451,2,15,15,702
32452,2,15,15,702
32453,2,15,15,702
32454,2,15,15,702
32455,2,15,15,702
32456,2,15,15,702
32457,2,15,15,702
32458,2,3,3,702
32459,2,15,15,702
32460,2,15,15,702
32461,2,41,41,702
32462,2,3,3,702
32463,2,15,4,702
32464,2,15,15,702
32465,2,15,15,702
32466,2,39,39,702
32467,2,15,15,702
32468,2,15,15,702
32469,2,15,15,702
32470,2,15,15,702
32471,2,15,15,702
32472,2,15,15,702
32473,2,15,15,702
32474,2,15,15,702
32475,2,15,15,702
32476,2,15,15,702
32477,2,15,15,702
32478,2,15,15,702
32479,2,15,15,702
32480,2,15,4,702
32481,2,15,15,702
32482,2,15,3,702
32483,2,15,15,702
32484,2,15,15,702
32485,2,15,15,702
32486,2,15,15,702
32487,2,15,15,702
32488,2,15,15,702
32489,2,15,15,702
32490,2,15,15,702
32491,2,15,15,702
32492,2,15,15,702
32493,2,15,15,702
32494,2,15,15,702
32495,2,15,15,702
32496,2,15,15,702
32497,2,15,15,702
32498,2,15,15,702
32499,2,15,15,702
32500,2,15,15,702
32501,2,15,15,702
32502,2,4,4,702
32503,2,15,15,702
32504,2,15,15,702
32505,2,9,9,702
32506,2,15,15,702
32507,2,15,15,702
32508,2,15,4,702
32509,2,15,15,702
32510,2,15,15,702
32511,2,15,15,702
32512,2,15,15,702
32513,2,15,15,702
32514,2,15,15,702
32515,2,4,4,702
32516,2,39,39,702
32517,2,15,15,702
32518,2,15,15,702
32519,2,15,15,702
32520,2,15,15,702
32521,2,15,15,702
32522,2,15,15,702
32523,2,15,15,702
32524,2,15,15,702
32525,2,15,15,702
32526,2,15,15,702
32527,2,15,15,702
32528,2,15,15,702
32529,2,15,15,702
32530,2,15,15,702
32531,2,15,15,702
32532,2,15,15,702
32533,2,15,15,702
32534,2,15,15,702
32535,2,15,15,702
32536,2,15,15,702
32537,2,15,15,702
32538,2,15,15,702
32539,2,15,15,702
32540,2,15,15,702
32541,2,15,15,702
32542,2,15,15,702
32543,2,15,15,702
32544,2,4,4,702
32545,2,15,15,702
32546,2,3,3,702
32547,2,15,15,702
32548,2,15,15,702
32549,2,15,15,702
32550,2,15,15,702
32551,2,15,15,702
32552,2,15,15,702
32553,2,15,15,702
32554,2,15,15,702
32555,2,15,15,702
32556,2,15,15,702
32557,2,15,15,702
32558,2,15,15,702
32559,2,41,41,702
32560,2,15,15,702
32561,2,15,15,702
32562,2,15,15,702
32563,2,15,15,702
32564,2,15,15,702
32565,2,15,15,702
32566,2,15,15,702
32567,2,15,21,702
32568,2,15,15,702
32569,2,15,15,702
32570,2,15,15,702
32571,2,15,15,702
32572,2,15,15,702
32573,2,15,15,702
32574,2,15,4,702
32575,2,15,15,702
32576,2,15,15,702
32577,2,15,15,702
32578,2,15,15,702
32579,2,15,15,702
32580,2,15,15,702
32581,2,15,15,702
32582,2,15,15,702
32583,2,15,15,702
32584,2,15,15,702
32585,2,15,15,702
32586,2,39,41,702
32587,2,15,15,702
32588,2,15,15,702
32589,2,15,15,702
32590,2,15,15,702
32591,2,15,15,702
32592,2,15,15,702
32593,2,15,15,702
32594,2,15,15,702
32595,2,15,15,702
32596,2,15,15,702
32597,2,15,15,702
32598,2,15,15,702
32599,2,15,15,702
32600,2,15,15,702
32601,2,15,15,702
32602,2,15,15,702
32603,2,15,15,702
32604,2,15,15,702
32605,2,15,15,702
32606,2,15,15,702
32607,2,15,15,702
32608,2,15,15,702
32609,2,15,15,702
32610,2,15,15,702
32611,2,15,15,702
32612,2,15,15,702
32613,2,15,15,702
32614,2,15,15,702
32615,2,15,15,702
32616,2,15,15,702
32617,2,15,15,702
32618,2,4,4,702
32619,2,15,3,702
32620,2,15,15,702
32621,2,15,15,702
32622,2,15,15,702
32623,2,15,15,702
32624,2,15,15,702
32625,2,15,15,702
32626,2,15,15,702
32627,2,15,15,702
32628,2,15,15,702
32629,2,15,15,702
32630,2,15,15,702
32631,2,15,15,702
32632,2,15,15,702
32633,2,15,15,702
32634,2,15,15,702
32635,2,15,15,702
32636,2,15,15,702
32637,2,15,15,702
32638,2,15,15,702
32639,2,15,15,702
32640,2,15,15,702
32641,2,15,15,702
32642,2,15,15,702
32643,2,15,15,702
32644,2,15,15,702
32645,2,15,15,702
32646,2,15,15,702
32647,2,15,15,702
32648,2,15,15,702
32649,2,15,15,702
32650,2,15,15,702
32651,2,4,4,702
32652,2,15,15,702
32653,2,39,39,702
32654,2,21,21,702
32655,2,15,15,702
32656,2,15,15,702
32657,2,15,15,702
32658,2,15,15,702
32659,2,15,15,702
32660,2,15,15,702
32661,2,15,15,702
32662,2,15,15,702
32663,2,15,15,702
32664,2,15,15,702
32665,2,15,15,702
32666,2,15,15,702
32667,2,15,15,702
32668,2,15,15,702
32669,2,15,15,702
32670,2,21,21,702
32671,2,4,4,702
32672,2,15,15,702
32673,2,15,15,702
32674,2,4,4,702
32675,2,15,15,702
32676,2,15,15,702
32677,2,15,15,702
32678,2,15,15,702
32679,2,15,15,702
32680,2,15,15,702
32681,2,15,15,702
32682,2,15,15,702
32683,2,15,15,702
32684,2,15,15,702
32685,2,15,15,702
32686,2,15,15,702
32687,2,15,15,702
32688,2,15,15,702
32689,2,15,15,702
32690,2,15,15,702
32691,2,3,3,702
32692,2,15,15,702
32693,2,15,15,702
32694,2,15,15,702
32695,2,15,15,702
32696,2,15,15,702
32697,2,15,15,702
32698,2,4,4,702
32699,2,41,41,702
32700,2,15,15,702
32701,2,15,15,702
32702,2,15,15,702
32703,2,15,15,702
32704,2,15,15,702
32705,2,15,15,702
32706,2,15,15,702
32707,2,4,4,702
32708,2,15,15,702
32709,2,15,15,702
32710,2,15,15,702
32711,2,15,15,702
32712,2,15,15,702
32713,2,15,15,702
32714,2,15,15,702
32715,2,15,15,702
32716,2,15,15,702
32717,2,15,15,702
32718,2,15,15,702
32719,2,15,15,702
32720,2,15,15,702
32721,2,15,15,702
32722,2,15,15,702
32723,2,15,15,702
32724,2,15,15,702
32725,2,15,15,702
32726,2,15,15,702
32727,2,15,15,702
32728,2,15,15,702
32729,2,15,15,702
32730,2,15,15,702
32731,2,15,15,702
32732,2,15,15,702
32733,2,15,15,702
32734,2,15,15,702
32735,2,15,15,702
32736,2,15,15,702
32737,2,39,39,702
32738,2,15,15,702
32739,2,15,15,702
32740,2,15,15,702
32741,2,15,15,702
32742,2,15,15,702
32743,2,15,15,702
32744,2,21,20,702
32745,2,15,15,702
32746,2,15,15,702
32747,2,15,15,702
32748,2,15,15,702
32749,2,15,15,702
32750,2,15,15,702
32751,2,15,15,702
32752,2,4,4,702
32753,2,15,15,702
32754,2,15,15,702
32755,2,15,15,702
32756,2,15,15,702
32757,2,15,15,702
32758,2,15,15,702
32759,2,15,15,702
32760,2,15,15,702
32761,2,15,15,702
32762,2,15,15,702
32763,2,15,15,702
32764,2,15,15,702
32765,2,15,15,702
32766,2,15,15,702
32767,2,15,15,702
32768,2,41,41,702
32769,2,15,15,702
32770,2,15,15,702
32771,2,15,15,702
32772,2,15,15,702
32773,2,15,15,702
32774,2,15,15,702
32775,2,15,15,702
32776,2,15,15,702
32777,2,15,15,702
32778,2,15,15,702
32779,2,15,15,702
32780,2,15,4,702
32781,2,15,15,702
32782,2,15,15,702
32783,2,15,15,702
32784,2,15,15,702
32785,2,15,15,702
32786,2,15,15,702
32787,2,15,15,702
32788,2,15,3,702
32789,2,15,15,702
32790,2,15,15,702
32791,2,15,15,702
32792,2,15,15,702
32793,2,15,15,702
32794,2,15,15,702
32795,2,15,15,702
32796,2,15,15,702
32797,2,15,15,702
32798,2,15,15,702
32799,2,15,15,702
32800,2,15,15,702
32801,2,15,15,702
32802,2,15,15,702
32803,2,15,15,702
32804,2,15,15,702
32805,2,15,15,702
32806,2,15,15,702
32807,2,15,15,702
32808,2,15,15,702
32809,2,15,15,702
32810,2,15,15,702
32811,2,15,15,702
32812,2,15,15,702
32813,2,15,15,702
32814,2,15,15,702
32815,2,15,15,702
32816,2,15,15,702
32817,2,15,15,702
32818,2,15,15,702
32819,2,15,15,702
32820,2,15,15,702
32821,2,15,15,702
32822,2,15,15,702
32823,2,15,15,702
32824,2,15,15,702
32825,2,15,15,702
32826,2,15,15,702
32827,2,15,15,702
32828,2,15,15,702
32829,2,15,15,702
32830,2,15,15,702
32831,2,15,15,702
32832,2,15,15,702
32833,2,15,15,702
32834,2,15,15,702
32835,2,15,15,702
32836,2,15,15,702
32837,2,15,15,702
32838,2,15,15,702
32839,2,15,15,702
32840,2,15,15,702
32841,2,15,15,702
32842,2,4,4,702
32843,2,15,15,702
32844,2,15,15,702
32845,2,15,15,702
32846,2,15,15,702
32847,2,15,15,702
32848,2,4,4,702
32849,2,15,15,702
32850,2,15,15,702
32851,2,15,15,702
32852,2,15,15,702
32853,2,15,15,702
32854,2,15,15,702
32855,2,15,15,702
32856,2,15,15,702
32857,2,15,15,702
32858,2,15,15,702
32859,2,15,15,702
32860,2,15,15,702
32861,2,15,15,702
32862,2,41,41,702
32863,2,15,15,702
32864,2,15,15,702
32865,2,15,15,702
32866,2,15,15,702
32867,2,15,15,702
32868,2,15,15,702
32869,2,15,15,702
32870,2,15,15,702
32871,2,15,15,702
32872,2,15,15,702
32873,2,15,15,702
32874,2,15,15,702
32875,2,15,15,702
32876,2,15,15,702
32877,2,15,15,702
32878,2,15,15,702
32879,2,15,15,702
32880,2,15,15,702
32881,2,15,15,702
32882,2,15,15,702
32883,2,15,15,702
32884,2,15,15,702
32885,2,15,15,702
32886,2,15,15,702
32887,2,15,15,702
32888,2,15,15,702
32889,2,15,15,702
32890,2,15,15,702
32891,2,15,15,702
32892,2,15,15,702
32893,2,15,15,702
32894,2,15,15,702
32895,2,15,15,702
32896,2,15,15,702
32897,2,21,15,702
32898,2,15,15,702
32899,2,15,15,702
32900,2,15,15,702
32901,2,4,4,702
32902,2,15,15,702
32903,2,15,15,702
32904,2,20,21,702
32905,2,15,15,702
32906,2,4,4,702
32907,2,15,15,702
32908,2,15,15,702
32909,2,15,15,702
32910,2,15,15,702
32911,2,15,11,702
32912,2,15,15,702
32913,2,15,15,702
32914,2,15,15,702
32915,2,15,15,702
32916,2,15,15,702
32917,2,15,15,702
32918,2,15,15,702
32919,2,15,15,702
32920,2,15,15,702
32921,2,15,15,702
32922,2,15,15,702
32923,2,15,15,702
32924,2,15,15,702
32925,2,15,15,702
32926,2,15,15,702
32927,2,15,15,702
32928,2,15,3,702
32929,2,15,15,702
32930,2,15,15,702
32931,2,15,15,702
32932,2,15,15,702
32933,2,15,15,702
32934,2,4,4,702
32935,2,15,15,702
32936,2,15,15,702
32937,2,15,15,702
32938,2,15,15,702
32939,2,4,4,702
32940,2,15,15,702
32941,2,15,15,702
32942,2,15,15,702
32943,2,39,39,702
32944,2,15,15,702
32945,2,15,15,702
32946,2,15,15,702
32947,2,15,15,702
32948,2,15,15,702
32949,2,15,15,702
32950,2,15,15,702
32951,2,15,15,702
32952,2,4,4,702
32953,2,15,15,702
32954,2,15,15,702
32955,2,15,15,702
32956,2,15,15,702
32957,2,15,15,702
32958,2,15,15,702
32959,2,15,15,702
32960,2,15,15,702
32961,2,41,41,702
32962,2,15,15,702
32963,2,15,15,702
32964,2,15,15,702
32965,2,15,15,702
32966,2,15,15,702
32967,2,15,15,702
32968,2,15,15,702
32969,2,4,4,702
32970,2,15,15,702
32971,2,15,15,702
32972,2,15,15,702
32973,2,15,15,702
32974,2,15,15,702
32975,2,15,15,702
32976,2,15,15,702
32977,2,15,15,702
32978,2,21,15,702
32979,2,15,15,702
32980,2,15,15,702
32981,2,3,15,702
32982,2,15,15,702
32983,2,15,15,702
32984,2,15,15,702
32985,2,15,15,702
32986,2,15,15,702
32987,2,15,15,702
32988,2,15,15,702
32989,2,15,15,702
32990,2,15,15,702
32991,2,15,15,702
32992,2,4,4,702
32993,2,15,15,702
32994,2,4,4,702
32995,2,15,15,702
32996,2,15,15,702
32997,2,15,15,702
32998,2,15,15,702
32999,2,39,39,702
33000,2,15,15,702
33001,2,15,15,702
33002,2,15,15,702
33003,2,15,15,702
33004,2,15,15,702
33005,2,15,15,702
33006,2,15,15,702
33007,2,15,15,702
33008,2,15,15,702
33009,2,15,15,702
33010,2,15,15,702
33011,2,15,15,702
33012,2,15,15,702
33013,2,15,15,702
33014,2,15,15,702
33015,2,15,15,702
33016,2,24,24,702
33017,2,15,15,702
33018,2,15,15,702
33019,2,15,15,702
33020,2,15,15,702
33021,2,15,15,702
33022,2,15,15,702
33023,2,15,15,702
33024,2,15,15,702
33025,2,15,15,702
33026,2,15,15,702
33027,2,15,15,702
33028,2,15,15,702
33029,2,15,15,702
33030,2,15,15,702
33031,2,15,15,702
33032,2,15,15,702
33033,2,15,15,702
33034,2,15,15,702
33035,2,15,15,702
33036,2,15,15,702
33037,2,15,15,702
33038,2,15,15,702
33039,2,15,15,702
33040,2,15,15,702
33041,2,15,4,702
33042,2,15,15,702
33043,2,15,15,702
33044,2,15,15,702
33045,2,15,15,702
33046,2,15,15,702
33047,2,15,15,702
33048,2,15,15,702
33049,2,39,39,702
33050,2,15,15,702
33051,2,15,15,702
33052,2,15,15,702
33053,2,15,15,702
33054,2,15,15,702
33055,2,15,15,702
33056,2,15,15,702
33057,2,15,15,702
33058,2,15,15,702
33059,2,15,15,702
33060,2,15,15,702
33061,2,15,15,702
33062,2,15,15,702
33063,2,15,15,702
33064,2,15,15,702
33065,2,15,15,702
33066,2,15,15,702
33067,2,15,15,702
33068,2,15,15,702
33069,2,4,4,702
33070,2,15,15,702
33071,2,15,15,702
33072,2,15,15,702
33073,2,15,15,702
33074,2,4,4,702
33075,2,15,15,702
33076,2,15,15,702
33077,2,15,15,702
33078,2,15,15,702
33079,2,15,15,702
33080,2,15,15,702
33081,2,15,15,702
33082,2,15,15,702
33083,2,15,15,702
33084,2,15,15,702
33085,2,15,15,702
33086,2,4,4,702
33087,2,15,15,702
33088,2,15,15,702
33089,2,15,15,702
33090,2,15,15,702
33091,2,15,15,702
33092,2,4,4,702
33093,2,15,15,702
33094,2,15,15,702
33095,2,15,15,702
33096,2,15,15,702
33097,2,15,15,702
33098,2,15,15,702
33099,2,15,15,702
33100,2,41,41,702
33101,2,15,15,702
33102,2,15,15,702
33103,2,15,15,702
33104,2,15,15,702
33105,2,15,15,702
33106,2,15,15,702
33107,2,15,15,702
33108,2,15,15,702
33109,2,15,4,702
33110,2,15,15,702
33111,2,15,15,702
33112,2,15,15,702
33113,2,15,15,702
33114,2,15,15,702
33115,2,15,15,702
33116,2,15,15,702
33117,2,15,15,702
33118,2,15,15,702
33119,2,15,15,702
33120,2,15,15,702
33121,2,4,4,702
33122,2,4,4,702
33123,2,15,15,702
33124,2,15,15,702
33125,2,15,15,702
33126,2,15,15,702
33127,2,21,3,702
33128,2,15,15,702
33129,2,15,15,702
33130,2,15,15,702
33131,2,15,15,702
33132,2,15,15,702
33133,2,15,15,702
33134,2,15,15,702
33135,2,15,15,702
33136,2,4,4,702
33137,2,15,15,702
33138,2,15,15,702
33139,2,15,15,702
33140,2,15,15,702
33141,2,15,15,702
33142,2,15,15,702
33143,2,15,15,702
33144,2,15,15,702
33145,2,15,15,702
33146,2,15,15,702
33147,2,15,15,702
33148,2,15,15,702
33149,2,21,15,702
33150,2,15,15,702
33151,2,41,41,702
33152,2,15,15,702
33153,2,15,15,702
33154,2,15,15,702
33155,2,15,15,702
33156,2,15,15,702
33157,2,15,15,702
33158,2,15,15,702
33159,2,15,15,702
33160,2,15,15,702
33161,2,15,15,702
33162,2,15,15,702
33163,2,15,15,702
33164,2,15,15,702
33165,2,41,41,702
33166,2,15,15,702
33167,2,15,15,702
33168,2,15,15,702
33169,2,15,15,702
33170,2,15,15,702
33171,2,15,15,702
33172,2,15,15,702
33173,2,15,15,702
33174,2,15,15,702
33175,2,15,15,702
33176,2,15,15,702
33177,2,15,15,702
33178,2,4,15,702
33179,2,15,15,702
33180,2,15,15,702
33181,2,15,15,702
33182,2,15,15,702
33183,2,15,15,702
33184,2,15,15,702
33185,2,15,15,702
33186,2,39,39,702
33187,2,15,15,702
33188,2,15,15,702
33189,2,15,15,702
33190,2,15,15,702
33191,2,15,15,702
33192,2,15,15,702
33193,2,15,15,702
33194,2,15,15,702
33195,2,15,15,702
33196,2,4,4,702
33197,2,41,41,702
33198,2,15,15,702
33199,2,21,15,702
33200,2,15,15,702
33201,2,15,15,702
33202,2,15,15,702
33203,2,15,15,702
33204,2,15,15,702
33205,2,15,15,702
33206,2,15,15,702
33207,2,15,15,702
33208,2,15,15,702
33209,2,15,15,702
33210,2,15,15,702
33211,2,15,15,702
33212,2,15,15,702
33213,2,15,15,702
33214,2,15,15,702
33215,2,15,15,702
33216,2,39,15,702
33217,2,15,15,702
33218,2,15,15,702
33219,2,15,15,702
33220,2,15,15,702
33221,2,4,4,702
33222,2,15,15,702
33223,2,15,15,702
33224,2,15,15,702
33225,2,15,15,702
33226,2,15,15,702
33227,2,15,15,702
33228,2,15,15,702
33229,2,12,12,702
33230,2,15,15,702
33231,2,15,15,702
33232,2,15,15,702
33233,2,15,15,702
33234,2,15,15,702
33235,2,15,15,702
33236,2,15,15,702
33237,2,15,15,702
33238,2,15,15,702
33239,2,15,15,702
33240,2,15,15,702
33241,2,15,15,702
33242,2,15,15,702
33243,2,15,15,702
33244,2,15,15,702
33245,2,15,15,702
33246,2,15,15,702
33247,2,15,15,702
33248,2,15,15,702
33249,2,15,15,702
33250,2,15,15,702
33251,2,15,15,702
33252,2,4,4,702
33253,2,15,15,702
33254,2,4,4,702
33255,2,15,15,702
33256,2,15,15,702
33257,2,21,21,702
33258,2,15,15,702
33259,2,15,15,702
33260,2,15,15,702
33261,2,15,15,702
33262,2,15,15,702
33263,2,15,15,702
33264,2,15,15,702
33265,2,15,15,702
33266,2,15,15,702
33267,2,15,15,702
33268,2,15,15,702
33269,2,15,15,702
33270,2,15,15,702
33271,2,15,15,702
33272,2,15,15,702
33273,2,15,15,702
33274,2,15,15,702
33275,2,15,15,702
33276,2,15,15,702
33277,2,15,15,702
33278,2,15,15,702
33279,2,15,15,702
33280,2,15,15,702
33281,2,15,15,702
33282,2,15,15,702
33283,2,15,15,702
33284,2,15,15,702
33285,2,15,15,702
33286,2,15,15,702
33287,2,15,15,702
33288,2,15,15,702
33289,2,15,15,702
33290,2,15,15,702
33291,2,4,4,702
33292,2,15,15,702
33293,2,15,15,702
33294,2,15,15,702
33295,2,15,15,702
33296,2,15,15,702
33297,2,15,15,702
33298,2,15,15,702
33299,2,15,15,702
33300,2,15,15,702
33301,2,15,15,702
33302,2,15,15,702
33303,2,15,15,702
33304,2,15,15,702
33305,2,15,15,702
33306,2,15,15,702
33307,2,15,15,702
33308,2,15,15,702
33309,2,15,15,702
33310,2,15,15,702
33311,2,15,15,702
33312,2,15,15,702
33313,2,15,15,702
33314,2,15,15,702
33315,2,15,15,702
33316,2,15,15,702
33317,2,15,15,702
33318,2,15,15,702
33319,2,15,15,702
33320,2,15,15,702
33321,2,15,15,702
33322,2,4,4,702
33323,2,15,15,702
33324,2,21,15,702
33325,2,15,15,702
33326,2,3,3,702
33327,2,15,15,702
33328,2,15,15,702
33329,2,15,15,702
33330,2,15,15,702
33331,2,15,15,702
33332,2,15,15,702
33333,2,15,15,702
33334,2,41,41,702
33335,2,15,15,702
33336,2,15,15,702
33337,2,15,15,702
33338,2,15,15,702
33339,2,15,15,702
33340,2,15,15,702
33341,2,15,15,702
33342,2,15,15,702
33343,2,15,15,702
33344,2,15,15,702
33345,2,15,15,702
33346,2,15,15,702
33347,2,15,15,702
33348,2,15,15,702
33349,2,15,15,702
33350,2,15,15,702
33351,2,15,15,702
33352,2,15,15,702
33353,2,15,15,702
33354,2,15,15,702
33355,2,15,4,702
33356,2,15,15,702
33357,2,41,41,702
33358,2,3,3,702
33359,2,15,15,702
33360,2,15,15,702
33361,2,15,15,702
33362,2,15,15,702
33363,2,15,15,702
33364,2,15,15,702
33365,2,15,15,702
33366,2,15,15,702
33367,2,21,15,702
33368,2,15,15,702
33369,2,15,15,702
33370,2,15,15,702
33371,2,15,15,702
33372,2,15,15,702
33373,2,15,15,702
33374,2,15,15,702
33375,2,15,15,702
33376,2,15,15,702
33377,2,15,15,702
33378,2,15,15,702
33379,2,15,15,702
33380,2,15,15,702
33381,2,15,15,702
33382,2,15,15,702
33383,2,15,15,702
33384,2,39,39,702
33385,2,15,15,702
33386,2,15,15,702
33387,2,15,15,702
33388,2,15,15,702
33389,2,15,15,702
33390,2,15,15,702
33391,2,15,15,702
33392,2,15,15,702
33393,2,15,15,702
33394,2,15,15,702
33395,2,15,15,702
33396,2,15,15,702
33397,2,15,15,702
33398,2,4,4,702
33399,2,15,15,702
33400,2,4,4,702
33401,2,15,15,702
33402,2,15,15,702
33403,2,15,15,702
33404,2,15,15,702
33405,2,15,15,702
33406,2,15,15,702
33407,2,15,15,702
33408,2,15,15,702
33409,2,39,39,702
33410,2,15,15,702
33411,2,3,4,702
33412,2,15,15,702
33413,2,15,15,702
33414,2,15,15,702
33415,2,15,15,702
33416,2,15,15,702
33417,2,15,15,702
33418,2,15,15,702
33419,2,15,15,702
33420,2,15,15,702
33421,2,15,15,702
33422,2,15,15,702
33423,2,15,15,702
33424,2,21,4,702
33425,2,15,15,702
33426,2,15,15,702
33427,2,15,15,702
33428,2,15,15,702
33429,2,15,15,702
33430,2,15,15,702
33431,2,15,15,702
33432,2,15,15,702
33433,2,15,15,702
33434,2,15,15,702
33435,2,15,15,702
33436,2,39,39,702
33437,2,15,15,702
33438,2,15,15,702
33439,2,15,15,702
33440,2,15,15,702
33441,2,15,15,702
33442,2,15,15,702
33443,2,15,15,702
33444,2,15,15,702
33445,2,15,15,702
33446,2,15,15,702
33447,2,15,15,702
33448,2,15,15,702
33449,2,15,15,702
33450,2,15,4,702
33451,2,15,15,702
33452,2,15,15,702
33453,2,4,4,702
33454,2,15,15,702
33455,2,15,15,702
33456,2,15,15,702
33457,2,15,15,702
33458,2,15,15,702
33459,2,15,15,702
33460,2,15,15,702
33461,2,39,39,702
33462,2,15,15,702
33463,2,15,15,702
33464,2,15,15,702
33465,2,15,15,702
33466,2,15,15,702
33467,2,15,15,702
33468,2,15,15,702
33469,2,15,15,702
33470,2,15,15,702
33471,2,15,15,702
33472,2,15,15,702
33473,2,15,15,702
33474,2,15,15,702
33475,2,15,15,702
33476,2,15,15,702
33477,2,15,15,702
33478,2,15,15,702
33479,2,15,15,702
33480,2,15,15,702
33481,2,15,15,702
33482,2,41,41,702
33483,2,15,15,702
33484,2,15,15,702
33485,2,15,15,702
33486,2,15,15,702
33487,2,15,15,702
33488,2,15,15,702
33489,2,15,15,702
33490,2,15,15,702
33491,2,4,15,702
33492,2,15,15,702
33493,2,15,15,702
33494,2,15,15,702
33495,2,15,15,702
33496,2,15,15,702
33497,2,15,15,702
33498,2,15,15,702
33499,2,15,15,702
33500,2,15,15,702
33501,2,15,15,702
33502,2,15,15,702
33503,2,15,15,702
33504,2,15,15,702
33505,2,15,15,702
33506,2,15,15,702
33507,2,15,15,702
33508,2,15,15,702
33509,2,15,15,702
33510,2,15,15,702
33511,2,15,15,702
33512,2,15,15,702
33513,2,15,15,702
33514,2,15,15,702
33515,2,15,15,702
33516,2,15,15,702
33517,2,15,15,702
33518,2,15,15,702
33519,2,21,21,702
33520,2,15,15,702
33521,2,15,15,702
33522,2,15,15,702
33523,2,15,15,702
33524,2,15,15,702
33525,2,15,15,702
33526,2,15,15,702
33527,2,15,15,702
33528,2,15,15,702
33529,2,15,15,702
33530,2,15,15,702
33531,2,15,15,702
33532,2,15,15,702
33533,2,3,3,702
33534,2,15,15,702
33535,2,15,15,702
33536,2,15,15,702
33537,2,15,15,702
33538,2,15,15,702
33539,2,15,15,702
33540,2,15,15,702
33541,2,15,15,702
33542,2,15,15,702
33543,2,15,15,702
33544,2,15,15,702
33545,2,15,15,702
33546,2,15,15,702
33547,2,15,15,702
33548,2,15,15,702
33549,2,15,15,702
33550,2,15,15,702
33551,2,15,15,702
33552,2,15,15,702
33553,2,15,15,702
33554,2,15,15,702
33555,2,15,15,702
33556,2,15,15,702
33557,2,15,15,702
33558,2,20,15,702
33559,2,15,15,702
33560,2,15,15,702
33561,2,4,4,702
33562,2,15,15,702
33563,2,15,15,702
33564,2,15,15,702
33565,2,15,15,702
33566,2,15,15,702
33567,2,15,15,702
33568,2,15,15,702
33569,2,15,15,702
33570,2,15,15,702
33571,2,15,15,702
33572,2,15,21,702
33573,2,15,15,702
33574,2,15,15,702
33575,2,15,15,702
33576,2,15,15,702
33577,2,15,15,702
33578,2,39,39,702
33579,2,15,15,702
33580,2,15,15,702
33581,2,15,15,702
33582,2,15,15,702
33583,2,15,15,702
33584,2,15,15,702
33585,2,15,15,702
33586,2,15,15,702
33587,2,15,15,702
33588,2,15,15,702
33589,2,15,4,702
33590,2,15,15,702
33591,2,15,15,702
33592,2,4,4,702
33593,2,15,15,702
33594,2,15,15,702
33595,2,15,15,702
33596,2,15,15,702
33597,2,15,15,702
33598,2,15,15,702
33599,2,15,15,702
33600,2,15,15,702
33601,2,15,15,702
33602,2,15,15,702
33603,2,15,15,702
33604,2,15,15,702
33605,2,15,15,702
33606,2,15,4,702
33607,2,15,15,702
33608,2,15,15,702
33609,2,15,15,702
33610,2,15,15,702
33611,2,15,15,702
33612,2,15,15,702
33613,2,15,15,702
33614,2,15,15,702
33615,2,15,15,702
33616,2,15,15,702
33617,2,15,15,702
33618,2,15,15,702
33619,2,15,15,702
33620,2,15,15,702
33621,2,4,4,702
33622,2,15,15,702
33623,2,15,15,702
33624,2,15,15,702
33625,2,15,15,702
33626,2,15,15,702
33627,2,15,15,702
33628,2,15,15,702
33629,2,15,15,702
33630,2,21,15,702
33631,2,15,15,702
33632,2,4,4,702
33633,2,15,15,702
33634,2,15,15,702
33635,2,15,15,702
33636,2,15,15,702
33637,2,15,15,702
33638,2,15,15,702
33639,2,15,15,702
33640,2,15,15,702
33641,2,15,15,702
33642,2,21,15,702
33643,2,15,15,702
33644,2,15,15,702
33645,2,15,15,702
33646,2,15,15,702
33647,2,15,15,702
33648,2,15,15,702
33649,2,15,15,702
33650,2,4,4,702
33651,2,15,15,702
33652,2,15,15,702
33653,2,15,15,702
33654,2,15,15,702
33655,2,15,15,702
33656,2,15,15,702
33657,2,15,15,702
33658,2,15,15,702
33659,2,15,15,702
33660,2,15,15,702
33661,2,15,15,702
33662,2,15,15,702
33663,2,15,15,702
33664,2,15,15,702
33665,2,15,15,702
33666,2,15,15,702
33667,2,15,15,702
33668,2,15,15,702
33669,2,15,15,702
33670,2,15,15,702
33671,2,15,15,702
33672,2,15,15,702
33673,2,15,15,702
33674,2,15,15,702
33675,2,4,4,702
33676,2,15,15,702
33677,2,15,15,702
33678,2,15,15,702
33679,2,15,15,702
33680,2,41,41,702
33681,2,15,15,702
33682,2,15,15,702
33683,2,15,15,702
33684,2,15,15,702
33685,2,15,15,702
33686,2,15,15,702
33687,2,15,15,702
33688,2,15,15,702
33689,2,15,15,702
33690,2,15,15,702
33691,2,15,15,702
33692,2,15,15,702
33693,2,15,15,702
33694,2,15,15,702
33695,2,15,15,702
33696,2,15,15,702
33697,2,15,15,702
33698,2,15,15,702
33699,2,15,15,702
33700,2,15,15,702
33701,2,15,15,702
33702,2,15,15,702
33703,2,15,15,702
33704,2,15,15,702
33705,2,15,15,702
33706,2,15,15,702
33707,2,15,15,702
33708,2,15,15,702
33709,2,15,15,702
33710,2,15,15,702
33711,2,15,15,702
33712,2,15,15,702
33713,2,15,15,702
33714,2,15,15,702
33715,2,15,15,702
33716,2,15,15,702
33717,2,15,15,702
33718,2,15,15,702
33719,2,15,15,702
33720,2,15,15,702
33721,2,15,15,702
33722,2,4,4,702
33723,2,15,15,702
33724,2,15,15,702
33725,2,15,15,702
33726,2,15,15,702
33727,2,41,41,702
33728,2,9,9,702
33729,2,15,15,702
33730,2,15,15,702
33731,2,21,15,702
33732,2,15,3,702
33733,2,15,15,702
33734,2,15,15,702
33735,2,15,15,702
33736,2,15,15,702
33737,2,15,15,702
33738,2,4,4,702
33739,2,24,24,702
33740,2,15,15,702
33741,2,15,15,702
33742,2,15,15,702
33743,2,15,15,702
33744,2,15,15,702
33745,2,15,15,702
33746,2,15,15,702
33747,2,15,15,702
33748,2,15,15,702
33749,2,15,15,702
33750,2,15,15,702
33751,2,15,15,702
33752,2,15,15,702
33753,2,15,15,702
33754,2,15,15,702
33755,2,15,15,702
33756,2,15,15,702
33757,2,15,15,702
33758,2,15,15,702
33759,2,15,15,702
33760,2,15,15,702
33761,2,21,15,702
33762,2,15,15,702
33763,2,15,15,702
33764,2,15,15,702
33765,2,15,15,702
33766,2,15,15,702
33767,2,15,15,702
33768,2,15,15,702
33769,2,15,15,702
33770,2,15,15,702
33771,2,15,15,702
33772,2,15,15,702
33773,2,15,15,702
33774,2,15,15,702
33775,2,15,15,702
33776,2,15,15,702
33777,2,15,15,702
33778,2,15,15,702
33779,2,15,15,702
33780,2,15,15,702
33781,2,15,15,702
33782,2,15,15,702
33783,2,15,15,702
33784,2,15,15,702
33785,2,15,15,702
33786,2,15,15,702
33787,2,15,15,702
33788,2,15,15,702
33789,2,15,15,702
33790,2,15,15,702
33791,2,15,15,702
33792,2,15,15,702
33793,2,15,15,702
33794,2,39,41,702
33795,2,4,15,702
33796,2,15,15,702
33797,2,15,15,702
33798,2,15,15,702
33799,2,15,15,702
33800,2,15,15,702
33801,2,15,15,702
33802,2,15,15,702
33803,2,15,15,702
33804,2,4,4,702
33805,2,4,4,702
33806,2,15,15,702
33807,2,15,15,702
33808,2,15,15,702
33809,2,12,12,702
33810,2,15,15,702
33811,2,15,15,702
33812,2,15,15,702
33813,2,15,15,702
33814,2,15,15,702
33815,2,15,15,702
33816,2,15,15,702
33817,2,15,15,702
33818,2,15,15,702
33819,2,15,15,702
33820,2,15,15,702
33821,2,15,15,702
33822,2,15,15,702
33823,2,15,15,702
33824,2,15,15,702
33825,2,15,15,702
33826,2,15,15,702
33827,2,15,15,702
33828,2,15,15,702
33829,2,15,15,702
33830,2,15,15,702
33831,2,15,15,702
33832,2,15,15,702
33833,2,15,15,702
33834,2,15,15,702
33835,2,15,15,702
33836,2,4,4,702
33837,2,15,15,702
33838,2,15,15,702
33839,2,39,15,702
33840,2,15,15,702
33841,2,15,15,702
33842,2,15,15,702
33843,2,15,15,702
33844,2,15,15,702
33845,2,15,15,702
33846,2,15,15,702
33847,2,15,15,702
33848,2,15,15,702
33849,2,15,15,702
33850,2,15,15,702
33851,2,15,15,702
33852,2,15,15,702
33853,2,15,15,702
33854,2,15,15,702
33855,2,15,15,702
33856,2,15,15,702
33857,2,39,15,702
33858,2,15,15,702
33859,2,4,4,702
33860,2,15,15,702
33861,2,15,15,702
33862,2,15,15,702
33863,2,15,15,702
33864,2,15,15,702
33865,2,15,15,702
33866,2,15,15,702
33867,2,15,15,702
33868,2,15,15,702
33869,2,15,15,702
33870,2,15,15,702
33871,2,15,15,702
33872,2,15,15,702
33873,2,15,15,702
33874,2,39,41,702
33875,2,15,15,702
33876,2,15,15,702
33877,2,15,15,702
33878,2,15,15,702
33879,2,15,15,702
33880,2,15,15,702
33881,2,4,4,702
33882,2,15,15,702
33883,2,15,15,702
33884,2,4,4,702
33885,2,15,15,702
33886,2,15,15,702
33887,2,15,15,702
33888,2,15,15,702
33889,2,24,24,702
33890,2,15,15,702
33891,2,15,15,702
33892,2,3,3,702
33893,2,15,15,702
33894,2,41,41,702
33895,2,15,15,702
33896,2,15,15,702
33897,2,15,15,702
33898,2,15,15,702
33899,2,4,4,702
33900,2,4,4,702
33901,2,15,15,702
33902,2,15,15,702
33903,2,15,15,702
33904,2,15,15,702
33905,2,15,15,702
33906,2,15,15,702
33907,2,4,4,702
33908,2,15,15,702
33909,2,39,39,702
33910,2,15,15,702
33911,2,15,15,702
33912,2,15,15,702
33913,2,15,15,702
33914,2,15,15,702
33915,2,15,15,702
33916,2,15,15,702
33917,2,15,15,702
33918,2,15,15,702
33919,2,15,15,702
33920,2,15,15,702
33921,2,15,15,702
33922,2,15,15,702
33923,2,15,15,702
33924,2,15,15,702
33925,2,15,15,702
33926,2,15,15,702
33927,2,39,41,702
33928,2,15,15,702
33929,2,15,15,702
33930,2,15,15,702
33931,2,15,15,702
33932,2,15,15,702
33933,2,15,15,702
33934,2,15,15,702
33935,2,15,15,702
33936,2,15,15,702
33937,2,15,15,702
33938,2,15,15,702
33939,2,15,15,702
33940,2,15,15,702
33941,2,15,15,702
33942,2,15,15,702
33943,2,15,15,702
33944,2,15,15,702
33945,2,15,15,702
33946,2,15,15,702
33947,2,15,15,702
33948,2,15,15,702
33949,2,15,15,702
33950,2,15,15,702
33951,2,15,15,702
33952,2,15,15,702
33953,2,15,15,702
33954,2,15,15,702
33955,2,15,15,702
33956,2,15,15,702
33957,2,21,21,702
33958,2,15,15,702
33959,2,15,15,702
33960,2,15,15,702
33961,2,15,15,702
33962,2,15,15,702
33963,2,15,15,702
33964,2,15,15,702
33965,2,15,15,702
33966,2,4,4,702
33967,2,15,15,702
33968,2,15,15,702
33969,2,15,15,702
33970,2,4,4,702
33971,2,15,15,702
33972,2,21,15,702
33973,2,41,41,702
33974,2,15,15,702
33975,2,15,15,702
33976,2,15,15,702
33977,2,15,15,702
33978,2,4,4,702
33979,2,15,15,702
33980,2,15,15,702
33981,2,21,21,702
33982,2,15,15,702
33983,2,15,15,702
33984,2,21,15,702
33985,2,15,15,702
33986,2,15,15,702
33987,2,15,15,702
33988,2,15,15,702
33989,2,12,12,702
33990,2,15,15,702
33991,2,15,15,702
33992,2,15,15,702
33993,2,15,15,702
33994,2,15,15,702
33995,2,15,15,702
33996,2,15,15,702
33997,2,15,15,702
33998,2,15,15,702
33999,2,15,15,702
34000,2,15,15,702
34001,2,15,15,702
34002,2,15,15,702
34003,2,15,15,702
34004,2,15,15,702
34005,2,15,15,702
34006,2,4,4,702
34007,2,15,4,702
34008,2,15,15,702
34009,2,15,15,702
34010,2,15,15,702
34011,2,15,15,702
34012,2,15,15,702
34013,2,39,15,702
34014,2,15,15,702
34015,2,15,15,702
34016,2,15,15,702
34017,2,15,15,702
34018,2,15,15,702
34019,2,15,15,702
34020,2,15,15,702
34021,2,15,15,702
34022,2,15,15,702
34023,2,4,4,702
34024,2,4,4,702
34025,2,15,15,702
34026,2,15,15,702
34027,2,15,15,702
34028,2,11,11,702
34029,2,15,15,702
34030,2,15,15,702
34031,2,15,15,702
34032,2,15,15,702
34033,2,15,15,702
34034,2,15,15,702
34035,2,21,21,702
34036,2,15,15,702
34037,2,15,15,702
34038,2,15,9,702
34039,2,15,15,702
34040,2,15,15,702
34041,2,15,15,702
34042,2,15,15,702
34043,2,15,15,702
34044,2,15,15,702
34045,2,15,15,702
34046,2,15,15,702
34047,2,15,15,702
34048,2,3,3,702
34049,2,15,15,702
34050,2,4,4,702
34051,2,15,15,702
34052,2,15,15,702
34053,2,15,15,702
34054,2,15,15,702
34055,2,15,15,702
34056,2,15,15,702
34057,2,15,15,702
34058,2,15,15,702
34059,2,15,15,702
34060,2,15,4,702
34061,2,15,15,702
34062,2,15,15,702
34063,2,15,15,702
34064,2,15,15,702
34065,2,3,3,702
34066,2,15,15,702
34067,2,15,15,702
34068,2,15,15,702
34069,2,15,15,702
34070,2,15,15,702
34071,2,15,15,702
34072,2,15,15,702
34073,2,15,15,702
34074,2,15,15,702
34075,2,4,15,702
34076,2,15,15,702
34077,2,15,15,702
34078,2,15,15,702
34079,2,15,15,702
34080,2,15,15,702
34081,2,15,15,702
34082,2,15,15,702
34083,2,15,15,702
34084,2,15,15,702
34085,2,15,15,702
34086,2,15,15,702
34087,2,4,4,702
34088,2,15,15,702
34089,2,15,15,702
34090,2,15,15,702
34091,2,15,15,702
34092,2,15,15,702
34093,2,15,15,702
34094,2,15,15,702
34095,2,15,15,702
34096,2,15,15,702
34097,2,15,15,702
34098,2,15,15,702
34099,2,15,15,702
34100,2,15,15,702
34101,2,3,3,702
34102,2,15,15,702
34103,2,15,15,702
34104,2,15,15,702
34105,2,15,15,702
34106,2,15,15,702
34107,2,15,15,702
34108,2,15,15,702
34109,2,15,15,702
34110,2,15,15,702
34111,2,15,15,702
34112,2,15,15,702
34113,2,15,15,702
34114,2,15,15,702
34115,2,15,15,702
34116,2,15,15,702
34117,2,15,15,702
34118,2,15,15,702
34119,2,15,15,702
34120,2,15,15,702
34121,2,15,15,702
34122,2,15,4,702
34123,2,15,15,702
34124,2,15,15,702
34125,2,15,15,702
34126,2,15,15,702
34127,2,15,15,702
34128,2,15,15,702
34129,2,15,15,702
34130,2,15,15,702
34131,2,15,15,702
34132,2,15,15,702
34133,2,15,15,702
34134,2,15,15,702
34135,2,15,15,702
34136,2,15,15,702
34137,2,15,15,702
34138,2,4,4,702
34139,2,4,4,702
34140,2,15,15,702
34141,2,15,15,702
34142,2,15,15,702
34143,2,15,15,702
34144,2,15,15,702
34145,2,15,15,702
34146,2,15,15,702
34147,2,15,15,702
34148,2,15,15,702
34149,2,15,15,702
34150,2,15,15,702
34151,2,15,15,702
34152,2,15,15,702
34153,2,15,15,702
34154,2,15,15,702
34155,2,15,15,702
34156,2,15,15,702
34157,2,15,15,702
34158,2,15,15,702
34159,2,15,15,702
34160,2,21,4,702
34161,2,15,15,702
34162,2,15,15,702
34163,2,15,15,702
34164,2,15,15,702
34165,2,15,15,702
34166,2,4,4,702
34167,2,15,15,702
34168,2,4,4,702
34169,2,15,15,702
34170,2,15,15,702
34171,2,15,15,702
34172,2,15,15,702
34173,2,15,15,702
34174,2,15,15,702
34175,2,15,15,702
34176,2,15,15,702
34177,2,4,4,702
34178,2,3,3,702
34179,2,3,3,702
34180,2,21,15,702
34181,2,15,15,702
34182,2,15,15,702
34183,2,15,15,702
34184,2,15,15,702
34185,2,21,15,702
34186,2,15,15,702
34187,2,15,15,702
34188,2,15,15,702
34189,2,4,4,702
34190,2,15,15,702
34191,2,15,15,702
34192,2,15,15,702
34193,2,11,11,702
34194,2,15,15,702
34195,2,15,15,702
34196,2,15,15,702
34197,2,15,15,702
34198,2,15,15,702
34199,2,15,15,702
34200,2,15,15,702
34201,2,15,15,702
34202,2,15,15,702
34203,2,15,15,702
34204,2,15,15,702
34205,2,15,15,702
34206,2,15,15,702
34207,2,15,15,702
34208,2,15,15,702
34209,2,15,15,702
34210,2,15,15,702
34211,2,15,15,702
34212,2,15,15,702
34213,2,15,15,702
34214,2,15,15,702
34215,2,15,15,702
34216,2,15,15,702
34217,2,15,15,702
34218,2,15,15,702
34219,2,3,3,702
34220,2,15,15,702
34221,2,15,15,702
34222,2,15,15,702
34223,2,15,15,702
34224,2,15,15,702
34225,2,15,15,702
34226,2,15,15,702
34227,2,15,15,702
34228,2,15,15,702
34229,2,15,15,702
34230,2,15,15,702
34231,2,15,15,702
34232,2,15,15,702
34233,2,15,15,702
34234,2,15,15,702
34235,2,15,15,702
34236,2,15,15,702
34237,2,15,15,702
34238,2,15,15,702
34239,2,15,15,702
34240,2,15,15,702
34241,2,15,15,702
34242,2,15,15,702
34243,2,15,15,702
34244,2,15,15,702
34245,2,15,15,702
34246,2,15,15,702
34247,2,15,15,702
34248,2,15,15,702
34249,2,15,15,702
34250,2,15,15,702
34251,2,15,15,702
34252,2,15,15,702
34253,2,15,15,702
34254,2,15,15,702
34255,2,15,15,702
34256,2,15,15,702
34257,2,15,15,702
34258,2,4,4,702
34259,2,15,15,702
34260,2,15,15,702
34261,2,4,4,702
34262,2,15,15,702
34263,2,15,15,702
34264,2,15,15,702
34265,2,15,15,702
34266,2,15,15,702
34267,2,15,15,702
34268,2,15,15,702
34269,2,15,15,702
34270,2,15,15,702
34271,2,12,12,702
34272,2,15,15,702
34273,2,15,15,702
34274,2,15,15,702
34275,2,15,15,702
34276,2,15,15,702
34277,2,15,15,702
34278,2,15,15,702
34279,2,15,15,702
34280,2,15,15,702
34281,2,15,15,702
34282,2,15,15,702
34283,2,15,15,702
34284,2,15,15,702
34285,2,15,15,702
34286,2,15,15,702
34287,2,4,4,702
34288,2,15,15,702
34289,2,15,15,702
34290,2,15,15,702
34291,2,15,15,702
34292,2,15,15,702
34293,2,15,15,702
34294,2,39,39,702
34295,2,15,15,702
34296,2,15,15,702
34297,2,15,15,702
34298,2,15,15,702
34299,2,15,15,702
34300,2,15,15,702
34301,2,15,15,702
34302,2,15,15,702
34303,2,15,15,702
34304,2,15,15,702
34305,2,15,15,702
34306,2,15,15,702
34307,2,15,15,702
34308,2,15,15,702
34309,2,15,15,702
34310,2,15,15,702
34311,2,15,15,702
34312,2,15,15,702
34313,2,15,15,702
34314,2,15,15,702
34315,2,15,15,702
34316,2,15,15,702
34317,2,15,15,702
34318,2,15,15,702
34319,2,15,15,702
34320,2,15,15,702
34321,2,15,15,702
34322,2,15,15,702
34323,2,15,15,702
34324,2,15,15,702
34325,2,15,15,702
34326,2,15,15,702
34327,2,15,15,702
34328,2,15,15,702
34329,2,15,15,702
34330,2,15,15,702
34331,2,15,15,702
34332,2,15,15,702
34333,2,15,15,702
34334,2,15,15,702
34335,2,15,15,702
34336,2,15,15,702
34337,2,15,15,702
34338,2,15,15,702
34339,2,4,4,702
34340,2,15,15,702
34341,2,24,24,702
34342,2,3,3,702
34343,2,4,4,702
34344,2,15,15,702
34345,2,15,15,702
34346,2,15,15,702
34347,2,15,15,702
34348,2,15,15,702
34349,2,15,15,702
34350,2,15,15,702
34351,2,15,15,702
34352,2,39,39,702
34353,2,3,3,702
34354,2,15,15,702
34355,2,15,15,702
34356,2,15,15,702
34357,2,15,15,702
34358,2,4,4,702
34359,2,15,15,702
34360,2,15,15,702
34361,2,15,15,702
34362,2,4,4,702
34363,2,15,15,702
34364,2,15,15,702
34365,2,15,15,702
34366,2,15,15,702
34367,2,15,15,702
34368,2,15,15,702
34369,2,15,15,702
34370,2,15,15,702
34371,2,39,41,702
34372,2,15,15,702
34373,2,15,15,702
34374,2,4,4,702
34375,2,15,15,702
34376,2,15,15,702
34377,2,15,15,702
34378,2,15,15,702
34379,2,15,15,702
34380,2,15,15,702
34381,2,39,39,702
34382,2,15,15,702
34383,2,15,15,702
34384,2,15,15,702
34385,2,15,15,702
34386,2,15,15,702
34387,2,41,41,702
34388,2,15,15,702
34389,2,15,15,702
34390,2,15,15,702
34391,2,15,15,702
34392,2,15,15,702
34393,2,15,15,702
34394,2,15,15,702
34395,2,15,15,702
34396,2,9,9,702
34397,2,15,15,702
34398,2,15,15,702
34399,2,15,15,702
34400,2,15,15,702
34401,2,15,15,702
34402,2,15,15,702
34403,2,15,15,702
34404,2,15,15,702
34405,2,15,15,702
34406,2,15,15,702
34407,2,15,15,702
34408,2,15,15,702
34409,2,15,15,702
34410,2,15,15,702
34411,2,15,15,702
34412,2,15,15,702
34413,2,15,15,702
34414,2,15,15,702
34415,2,15,15,702
34416,2,15,15,702
34417,2,15,15,702
34418,2,15,15,702
34419,2,15,15,702
34420,2,15,15,702
34421,2,15,15,702
34422,2,15,15,702
34423,2,15,15,702
34424,2,15,15,702
34425,2,15,15,702
34426,2,15,15,702
34427,2,15,15,702
34428,2,3,3,702
34429,2,15,15,702
34430,2,15,15,702
34431,2,15,15,702
34432,2,15,15,702
34433,2,15,15,702
34434,2,15,15,702
34435,2,15,15,702
34436,2,15,15,702
34437,2,15,15,702
34438,2,15,15,702
34439,2,15,15,702
34440,2,4,4,702
34441,2,15,15,702
34442,2,15,15,702
34443,2,15,15,702
34444,2,15,15,702
34445,2,15,15,702
34446,2,15,15,702
34447,2,15,15,702
34448,2,3,3,702
34449,2,15,15,702
34450,2,15,15,702
34451,2,15,15,702
34452,2,15,15,702
34453,2,15,15,702
34454,2,3,3,702
34455,2,15,15,702
34456,2,15,15,702
34457,2,15,15,702
34458,2,15,15,702
34459,2,15,15,702
34460,2,15,15,702
34461,2,15,15,702
34462,2,15,15,702
34463,2,3,4,702
34464,2,4,4,702
34465,2,15,15,702
34466,2,15,15,702
34467,2,15,15,702
34468,2,4,4,702
34469,2,15,15,702
34470,2,15,15,702
34471,2,15,15,702
34472,2,15,15,702
34473,2,15,15,702
34474,2,15,15,702
34475,2,15,15,702
34476,2,15,15,702
34477,2,15,15,702
34478,2,15,15,702
34479,2,15,15,702
34480,2,15,15,702
34481,2,15,15,702
34482,2,15,15,702
34483,2,15,15,702
34484,2,15,15,702
34485,2,15,15,702
34486,2,15,15,702
34487,2,15,15,702
34488,2,15,15,702
34489,2,3,3,702
34490,2,15,15,702
34491,2,15,15,702
34492,2,15,4,702
34493,2,15,15,702
34494,2,15,15,702
34495,2,15,15,702
34496,2,15,4,702
34497,2,15,15,702
34498,2,15,15,702
34499,2,15,15,702
34500,2,15,15,702
34501,2,15,15,702
34502,2,15,15,702
34503,2,15,15,702
34504,2,15,15,702
34505,2,15,15,702
34506,2,15,15,702
34507,2,15,15,702
34508,2,15,15,702
34509,2,15,15,702
34510,2,15,15,702
34511,2,15,15,702
34512,2,15,15,702
34513,2,15,15,702
34514,2,15,15,702
34515,2,15,15,702
34516,2,15,15,702
34517,2,15,15,702
34518,2,15,15,702
34519,2,15,15,702
34520,2,4,4,702
34521,2,15,15,702
34522,2,15,15,702
34523,2,15,15,702
34524,2,15,15,702
34525,2,15,15,702
34526,2,15,15,702
34527,2,15,15,702
34528,2,15,15,702
34529,2,15,15,702
34530,2,15,15,702
34531,2,15,15,702
34532,2,15,15,702
34533,2,21,15,702
34534,2,15,15,702
34535,2,15,15,702
34536,2,15,15,702
34537,2,15,15,702
34538,2,15,15,702
34539,2,15,15,702
34540,2,15,15,702
34541,2,15,15,702
34542,2,15,15,702
34543,2,15,15,702
34544,2,15,15,702
34545,2,15,15,702
34546,2,21,15,702
34547,2,15,15,702
34548,2,21,15,702
34549,2,15,15,702
34550,2,15,15,702
34551,2,15,15,702
34552,2,15,15,702
34553,2,15,15,702
34554,2,15,15,702
34555,2,15,15,702
34556,2,15,15,702
34557,2,15,15,702
34558,2,15,15,702
34559,2,4,15,702
34560,2,15,15,702
34561,2,15,15,702
34562,2,15,15,702
34563,2,15,15,702
34564,2,15,15,702
34565,2,15,15,702
34566,2,15,15,702
34567,2,15,15,702
34568,2,15,15,702
34569,2,15,15,702
34570,2,15,15,702
34571,2,15,15,702
34572,2,15,15,702
34573,2,15,15,702
34574,2,15,15,702
34575,2,15,15,702
34576,2,15,15,702
34577,2,15,15,702
34578,2,15,15,702
34579,2,15,15,702
34580,2,15,15,702
34581,2,4,4,702
34582,2,15,15,702
34583,2,15,15,702
34584,2,15,15,702
34585,2,15,15,702
34586,2,15,15,702
34587,2,15,15,702
34588,2,15,15,702
34589,2,24,15,702
34590,2,15,15,702
34591,2,15,15,702
34592,2,15,15,702
34593,2,15,15,702
34594,2,15,15,702
34595,2,15,15,702
34596,2,15,15,702
34597,2,15,15,702
34598,2,15,15,702
34599,2,15,15,702
34600,2,15,15,702
34601,2,15,15,702
34602,2,15,15,702
34603,2,15,15,702
34604,2,15,15,702
34605,2,15,15,702
34606,2,15,15,702
34607,2,15,15,702
34608,2,15,15,702
34609,2,21,21,702
34610,2,4,4,702
34611,2,15,15,702
34612,2,15,15,702
34613,2,15,15,702
34614,2,15,15,702
34615,2,15,15,702
34616,2,15,15,702
34617,2,15,15,702
34618,2,15,15,702
34619,2,15,15,702
34620,2,15,15,702
34621,2,15,15,702
34622,2,15,15,702
34623,2,15,15,702
34624,2,15,15,702
34625,2,15,15,702
34626,2,15,15,702
34627,2,3,3,702
34628,2,15,15,702
34629,2,15,15,702
34630,2,15,15,702
34631,2,15,15,702
34632,2,15,15,702
34633,2,15,15,702
34634,2,3,3,702
34635,2,15,15,702
34636,2,15,15,702
34637,2,15,15,702
34638,2,3,3,702
34639,2,15,15,702
34640,2,15,15,702
34641,2,15,15,702
34642,2,15,15,702
34643,2,4,4,702
34644,2,15,15,702
34645,2,15,15,702
34646,2,15,15,702
34647,2,15,15,702
34648,2,15,15,702
34649,2,15,15,702
34650,2,15,15,702
34651,2,15,15,702
34652,2,15,15,702
34653,2,20,20,702
34654,2,15,15,702
34655,2,15,15,702
34656,2,15,15,702
34657,2,15,15,702
34658,2,15,15,702
34659,2,15,15,702
34660,2,15,15,702
34661,2,15,15,702
34662,2,15,15,702
34663,2,4,4,702
34664,2,15,15,702
34665,2,15,15,702
34666,2,15,15,702
34667,2,15,15,702
34668,2,15,15,702
34669,2,15,15,702
34670,2,15,15,702
34671,2,15,15,702
34672,2,15,15,702
34673,2,15,15,702
34674,2,39,39,702
34675,2,15,15,702
34676,2,15,15,702
34677,2,15,15,702
34678,2,15,15,702
34679,2,15,15,702
34680,2,15,15,702
34681,2,15,15,702
34682,2,15,15,702
34683,2,12,12,702
34684,2,4,4,702
34685,2,15,15,702
34686,2,15,15,702
34687,2,15,15,702
34688,2,15,15,702
34689,2,15,15,702
34690,2,15,15,702
34691,2,15,15,702
34692,2,15,15,702
34693,2,15,15,702
34694,2,15,15,702
34695,2,15,15,702
34696,2,15,15,702
34697,2,15,15,702
34698,2,15,15,702
34699,2,3,3,702
34700,2,15,15,702
34701,2,15,4,702
34702,2,15,15,702
34703,2,15,15,702
34704,2,15,15,702
34705,2,15,15,702
34706,2,15,15,702
34707,2,21,21,702
34708,2,41,41,702
34709,2,15,15,702
34710,2,15,15,702
34711,2,15,15,702
34712,2,15,15,702
34713,2,15,15,702
34714,2,15,15,702
34715,2,15,15,702
34716,2,15,15,702
34717,2,15,15,702
34718,2,15,15,702
34719,2,15,15,702
34720,2,15,15,702
34721,2,15,15,702
34722,2,15,15,702
34723,2,15,15,702
34724,2,15,15,702
34725,2,15,15,702
34726,2,15,15,702
34727,2,15,15,702
34728,2,15,15,702
34729,2,15,15,702
34730,2,15,15,702
34731,2,15,15,702
34732,2,15,15,702
34733,2,15,15,702
34734,2,15,15,702
34735,2,15,15,702
34736,2,15,15,702
34737,2,15,15,702
34738,2,15,15,702
34739,2,15,15,702
34740,2,21,15,702
34741,2,15,15,702
34742,2,15,15,702
34743,2,15,4,702
34744,2,15,15,702
34745,2,15,15,702
34746,2,15,15,702
34747,2,15,15,702
34748,2,4,4,702
34749,2,15,15,702
34750,2,15,15,702
34751,2,3,3,702
34752,2,15,15,702
34753,2,15,15,702
34754,2,15,15,702
34755,2,15,15,702
34756,2,15,15,702
34757,2,15,15,702
34758,2,15,15,702
34759,2,21,15,702
34760,2,15,15,702
34761,2,15,15,702
34762,2,15,15,702
34763,2,9,9,702
34764,2,15,15,702
34765,2,15,15,702
34766,2,15,15,702
34767,2,15,15,702
34768,2,15,15,702
34769,2,15,15,702
34770,2,15,15,702
34771,2,15,15,702
34772,2,15,15,702
34773,2,15,15,702
34774,2,15,15,702
34775,2,4,4,702
34776,2,15,15,702
34777,2,15,15,702
34778,2,15,15,702
34779,2,15,15,702
34780,2,15,15,702
34781,2,15,15,702
34782,2,15,15,702
34783,2,15,15,702
34784,2,15,15,702
34785,2,39,15,702
34786,2,15,15,702
34787,2,15,15,702
34788,2,15,15,702
34789,2,15,15,702
34790,2,15,15,702
34791,2,15,15,702
34792,2,15,15,702
34793,2,15,15,702
34794,2,15,15,702
34795,2,15,15,702
34796,2,15,15,702
34797,2,15,15,702
34798,2,15,15,702
34799,2,15,15,702
34800,2,15,15,702
34801,2,39,39,702
34802,2,9,9,702
34803,2,15,15,702
34804,2,15,15,702
34805,2,15,15,702
34806,2,15,15,702
34807,2,15,15,702
34808,2,9,9,702
34809,2,15,15,702
34810,2,15,15,702
34811,2,15,15,702
34812,2,15,15,702
34813,2,15,15,702
34814,2,15,15,702
34815,2,15,15,702
34816,2,15,15,702
34817,2,15,15,702
34818,2,15,15,702
34819,2,15,15,702
34820,2,15,15,702
34821,2,15,15,702
34822,2,15,15,702
34823,2,15,15,702
34824,2,15,15,702
34825,2,15,4,702
34826,2,15,15,702
34827,2,15,15,702
34828,2,15,15,702
34829,2,15,4,702
34830,2,15,15,702
34831,2,15,15,702
34832,2,15,15,702
34833,2,15,15,702
34834,2,21,15,702
34835,2,15,15,702
34836,2,15,15,702
34837,2,15,15,702
34838,2,4,4,702
34839,2,15,15,702
34840,2,15,15,702
34841,2,15,15,702
34842,2,15,15,702
34843,2,15,15,702
34844,2,15,15,702
34845,2,15,15,702
34846,2,15,15,702
34847,2,15,15,702
34848,2,15,15,702
34849,2,15,3,702
34850,2,15,15,702
34851,2,15,15,702
34852,2,15,15,702
34853,2,15,15,702
34854,2,15,15,702
34855,2,15,15,702
34856,2,15,15,702
34857,2,15,15,702
34858,2,15,15,702
34859,2,15,15,702
34860,2,15,15,702
34861,2,15,15,702
34862,2,15,15,702
34863,2,15,15,702
34864,2,4,4,702
34865,2,15,15,702
34866,2,15,15,702
34867,2,4,15,702
34868,2,15,15,702
34869,2,15,15,702
34870,2,15,15,702
34871,2,15,15,702
34872,2,15,15,702
34873,2,4,15,702
34874,2,15,15,702
34875,2,15,15,702
34876,2,15,15,702
34877,2,15,15,702
34878,2,15,15,702
34879,2,15,15,702
34880,2,15,15,702
34881,2,15,15,702
34882,2,15,15,702
34883,2,15,15,702
34884,2,15,15,702
34885,2,41,41,702
34886,2,15,15,702
34887,2,15,15,702
34888,2,15,15,702
34889,2,15,15,702
34890,2,15,15,702
34891,2,15,15,702
34892,2,15,15,702
34893,2,15,15,702
34894,2,15,15,702
34895,2,15,15,702
34896,2,15,15,702
34897,2,15,15,702
34898,2,15,15,702
34899,2,15,15,702
34900,2,15,15,702
34901,2,15,15,702
34902,2,3,3,702
34903,2,15,15,702
34904,2,15,15,702
34905,2,15,15,702
34906,2,15,15,702
34907,2,15,15,702
34908,2,15,15,702
34909,2,15,15,702
34910,2,4,4,702
34911,2,21,15,702
34912,2,15,15,702
34913,2,15,15,702
34914,2,15,15,702
34915,2,15,15,702
34916,2,15,15,702
34917,2,15,15,702
34918,2,4,4,702
34919,2,15,15,702
34920,2,15,15,702
34921,2,21,15,702
34922,2,4,4,702
34923,2,4,4,702
34924,2,15,15,702
34925,2,15,15,702
34926,2,15,15,702
34927,2,15,15,702
34928,2,15,15,702
34929,2,15,15,702
34930,2,15,15,702
34931,2,15,15,702
34932,2,15,15,702
34933,2,15,15,702
34934,2,15,15,702
34935,2,15,15,702
34936,2,4,4,702
34937,2,15,15,702
34938,2,15,15,702
34939,2,15,15,702
34940,2,15,15,702
34941,2,15,15,702
34942,2,15,15,702
34943,2,15,15,702
34944,2,15,15,702
34945,2,4,4,702
34946,2,15,15,702
34947,2,15,15,702
34948,2,15,15,702
34949,2,15,15,702
34950,2,15,15,702
34951,2,4,15,702
34952,2,15,15,702
34953,2,15,15,702
34954,2,15,15,702
34955,2,15,15,702
34956,2,15,15,702
34957,2,15,15,702
34958,2,15,15,702
34959,2,15,15,702
34960,2,15,15,702
34961,2,15,15,702
34962,2,15,15,702
34963,2,15,15,702
34964,2,15,15,702
34965,2,15,15,702
34966,2,15,15,702
34967,2,4,4,702
34968,2,15,15,702
34969,2,15,15,702
34970,2,15,15,702
34971,2,15,15,702
34972,2,15,15,702
34973,2,15,15,702
34974,2,4,4,702
34975,2,15,15,702
34976,2,15,15,702
34977,2,15,15,702
34978,2,15,15,702
34979,2,15,15,702
34980,2,15,15,702
34981,2,15,15,702
34982,2,15,15,702
34983,2,15,15,702
34984,2,15,4,702
34985,2,15,15,702
34986,2,15,15,702
34987,2,15,15,702
34988,2,15,15,702
34989,2,15,15,702
34990,2,15,15,702
34991,2,15,15,702
34992,2,15,15,702
34993,2,15,15,702
34994,2,15,15,702
34995,2,15,15,702
34996,2,15,15,702
34997,2,15,15,702
34998,2,15,15,702
34999,2,15,15,702
35000,2,15,15,702
35001,2,15,15,702
35002,2,15,15,702
35003,2,15,15,702
35004,2,15,15,702
35005,2,15,15,702
35006,2,15,15,702
35007,2,15,15,702
35008,2,15,15,702
35009,2,15,15,702
35010,2,15,15,702
35011,2,15,15,702
35012,2,15,15,702
35013,2,15,15,702
35014,2,15,15,702
35015,2,15,15,702
35016,2,15,15,702
35017,2,21,4,702
35018,2,15,15,702
35019,2,21,15,702
35020,2,15,15,702
35021,2,15,15,702
35022,2,15,15,702
35023,2,4,4,702
35024,2,15,15,702
35025,2,15,15,702
35026,2,15,15,702
35027,2,15,15,702
35028,2,15,15,702
35029,2,15,15,702
35030,2,15,15,702
35031,2,15,15,702
35032,2,15,15,702
35033,2,15,15,702
35034,2,15,15,702
35035,2,15,15,702
35036,2,39,41,702
35037,2,15,15,702
35038,2,15,15,702
35039,2,15,15,702
35040,2,15,15,702
35041,2,15,15,702
35042,2,15,15,702
35043,2,15,15,702
35044,2,15,15,702
35045,2,15,15,702
35046,2,15,15,702
35047,2,15,15,702
35048,2,15,15,702
35049,2,15,15,702
35050,2,15,15,702
35051,2,15,15,702
35052,2,15,15,702
35053,2,15,15,702
35054,2,15,15,702
35055,2,15,15,702
35056,2,4,4,702
35057,2,15,15,702
35058,2,15,15,702
35059,2,15,15,702
35060,2,15,15,702
35061,2,15,15,702
35062,2,15,15,702
35063,2,39,39,702
35064,2,15,15,702
35065,2,15,15,702
35066,2,15,15,702
35067,2,39,15,702
35068,2,15,15,702
35069,2,3,3,702
35070,2,15,15,702
35071,2,4,4,702
35072,2,15,15,702
35073,2,4,4,702
35074,2,15,15,702
35075,2,15,15,702
35076,2,15,15,702
35077,2,15,15,702
35078,2,4,4,702
35079,2,15,15,702
35080,2,39,39,702
35081,2,15,15,702
35082,2,15,15,702
35083,2,15,15,702
35084,2,15,15,702
35085,2,15,15,702
35086,2,15,15,702
35087,2,15,15,702
35088,2,15,15,702
35089,2,15,15,702
35090,2,15,15,702
35091,2,15,15,702
35092,2,15,15,702
35093,2,3,3,702
35094,2,15,15,702
35095,2,21,15,702
35096,2,15,4,702
35097,2,15,15,702
35098,2,15,15,702
35099,2,15,15,702
35100,2,4,4,702
35101,2,15,15,702
35102,2,15,15,702
35103,2,15,15,702
35104,2,15,15,702
35105,2,15,15,702
35106,2,4,4,702
35107,2,15,15,702
35108,2,15,15,702
35109,2,39,39,702
35110,2,15,15,702
35111,2,15,15,702
35112,2,15,15,702
35113,2,15,15,702
35114,2,15,15,702
35115,2,4,15,702
35116,2,21,3,702
35117,2,15,15,702
35118,2,15,15,702
35119,2,15,15,702
35120,2,15,15,702
35121,2,15,3,702
35122,2,15,15,702
35123,2,15,15,702
35124,2,15,15,702
35125,2,15,15,702
35126,2,15,15,702
35127,2,15,15,702
35128,2,15,15,702
35129,2,15,15,702
35130,2,15,15,702
35131,2,15,15,702
35132,2,15,15,702
35133,2,15,15,702
35134,2,15,15,702
35135,2,15,15,702
35136,2,12,12,702
35137,2,4,4,702
35138,2,15,15,702
35139,2,15,15,702
35140,2,15,15,702
35141,2,3,3,702
35142,2,15,15,702
35143,2,15,15,702
35144,2,15,15,702
35145,2,15,15,702
35146,2,15,15,702
35147,2,15,15,702
35148,2,15,15,702
35149,2,15,15,702
35150,2,15,15,702
35151,2,15,15,702
35152,2,15,15,702
35153,2,15,15,702
35154,2,15,15,702
35155,2,15,15,702
35156,2,15,15,702
35157,2,15,15,702
35158,2,15,15,702
35159,2,15,15,702
35160,2,15,15,702
35161,2,15,15,702
35162,2,15,15,702
35163,2,15,15,702
35164,2,15,15,702
35165,2,15,15,702
35166,2,15,15,702
35167,2,15,15,702
35168,2,15,15,702
35169,2,15,15,702
35170,2,15,15,702
35171,2,15,15,702
35172,2,15,15,702
35173,2,15,15,702
35174,2,15,15,702
35175,2,15,15,702
35176,2,15,15,702
35177,2,15,15,702
35178,2,15,15,702
35179,2,41,41,702
35180,2,15,15,702
35181,2,15,15,702
35182,2,4,15,702
35183,2,15,15,702
35184,2,15,15,702
35185,2,15,15,702
35186,2,15,15,702
35187,2,15,15,702
35188,2,15,15,702
35189,2,15,15,702
35190,2,15,15,702
35191,2,15,15,702
35192,2,15,15,702
35193,2,15,15,702
35194,2,15,15,702
35195,2,15,15,702
35196,2,15,15,702
35197,2,15,15,702
35198,2,15,15,702
35199,2,15,15,702
35200,2,15,15,702
35201,2,15,15,702
35202,2,15,15,702
35203,2,15,15,702
35204,2,15,15,702
35205,2,15,15,702
35206,2,15,15,702
35207,2,15,15,702
35208,2,15,15,702
35209,2,15,15,702
35210,2,4,4,702
35211,2,15,15,702
35212,2,15,15,702
35213,2,15,15,702
35214,2,15,15,702
35215,2,15,15,702
35216,2,41,41,702
35217,2,15,15,702
35218,2,15,15,702
35219,2,15,15,702
35220,2,15,15,702
35221,2,15,15,702
35222,2,15,15,702
35223,2,15,15,702
35224,2,15,15,702
35225,2,15,15,702
35226,2,15,15,702
35227,2,15,15,702
35228,2,15,15,702
35229,2,15,15,702
35230,2,15,15,702
35231,2,15,15,702
35232,2,15,15,702
35233,2,15,15,702
35234,2,15,15,702
35235,2,15,15,702
35236,2,15,15,702
35237,2,15,15,702
35238,2,15,15,702
35239,2,15,15,702
35240,2,15,15,702
35241,2,15,15,702
35242,2,15,15,702
35243,2,15,15,702
35244,2,15,15,702
35245,2,3,3,702
35246,2,15,15,702
35247,2,15,15,702
35248,2,15,15,702
35249,2,4,4,702
35250,2,15,15,702
35251,2,15,15,702
35252,2,15,15,702
35253,2,15,15,702
35254,2,15,15,702
35255,2,15,15,702
35256,2,15,15,702
35257,2,15,15,702
35258,2,4,4,702
35259,2,15,15,702
35260,2,15,15,702
35261,2,15,15,702
35262,2,15,15,702
35263,2,15,15,702
35264,2,15,15,702
35265,2,15,15,702
35266,2,15,15,702
35267,2,15,15,702
35268,2,15,15,702
35269,2,15,15,702
35270,2,15,15,702
35271,2,15,15,702
35272,2,15,15,702
35273,2,15,15,702
35274,2,15,15,702
35275,2,15,15,702
35276,2,15,15,702
35277,2,15,15,702
35278,2,15,15,702
35279,2,15,15,702
35280,2,15,15,702
35281,2,15,15,702
35282,2,15,15,702
35283,2,15,15,702
35284,2,15,15,702
35285,2,15,15,702
35286,2,15,15,702
35287,2,3,3,702
35288,2,15,15,702
35289,2,15,15,702
35290,2,15,15,702
35291,2,15,15,702
35292,2,15,15,702
35293,2,15,15,702
35294,2,15,15,702
35295,2,15,15,702
35296,2,15,15,702
35297,2,15,15,702
35298,2,15,15,702
35299,2,15,15,702
35300,2,15,15,702
35301,2,15,15,702
35302,2,15,15,702
35303,2,15,15,702
35304,2,21,15,702
35305,2,15,15,702
35306,2,15,15,702
35307,2,15,15,702
35308,2,15,15,702
35309,2,4,4,702
35310,2,15,15,702
35311,2,15,15,702
35312,2,15,15,702
35313,2,15,15,702
35314,2,15,15,702
35315,2,41,41,702
35316,2,39,39,702
35317,2,15,15,702
35318,2,15,15,702
35319,2,15,15,702
35320,2,15,15,702
35321,2,41,21,702
35322,2,15,15,702
35323,2,41,41,702
35324,2,15,15,702
35325,2,15,15,702
35326,2,15,15,702
35327,2,15,15,702
35328,2,15,15,702
35329,2,41,41,702
35330,2,15,15,702
35331,2,15,15,702
35332,2,15,15,702
35333,2,15,15,702
35334,2,4,15,702
35335,2,15,15,702
35336,2,15,15,702
35337,2,15,15,702
35338,2,15,15,702
35339,2,15,15,702
35340,2,15,15,702
35341,2,15,15,702
35342,2,15,15,702
35343,2,15,15,702
35344,2,4,4,702
35345,2,15,15,702
35346,2,3,3,702
35347,2,39,15,702
35348,2,15,15,702
35349,2,12,12,702
35350,2,15,15,702
35351,2,15,15,702
35352,2,15,15,702
35353,2,15,15,702
35354,2,15,15,702
35355,2,15,15,702
35356,2,15,15,702
35357,2,15,15,702
35358,2,15,15,702
35359,2,15,15,702
35360,2,15,15,702
35361,2,15,15,702
35362,2,39,39,702
35363,2,15,15,702
35364,2,15,15,702
35365,2,15,15,702
35366,2,15,15,702
35367,2,15,15,702
35368,2,15,15,702
35369,2,15,15,702
35370,2,15,15,702
35371,2,15,15,702
35372,2,15,15,702
35373,2,39,39,702
35374,2,15,15,702
35375,2,15,15,702
35376,2,15,15,702
35377,2,4,4,702
35378,2,15,15,702
35379,2,15,15,702
35380,2,15,15,702
35381,2,15,15,702
35382,2,15,15,702
35383,2,15,15,702
35384,2,15,15,702
35385,2,15,15,702
35386,2,15,15,702
35387,2,15,15,702
35388,2,15,15,702
35389,2,15,15,702
35390,2,15,15,702
35391,2,15,15,702
35392,2,15,15,702
35393,2,15,15,702
35394,2,15,15,702
35395,2,15,15,702
35396,2,15,15,702
35397,2,15,15,702
35398,2,15,15,702
35399,2,15,15,702
35400,2,15,15,702
35401,2,15,15,702
35402,2,15,15,702
35403,2,15,15,702
35404,2,15,15,702
35405,2,15,15,702
35406,2,3,3,702
35407,2,15,15,702
35408,2,15,15,702
35409,2,15,15,702
35410,2,15,15,702
35411,2,15,15,702
35412,2,15,15,702
35413,2,15,15,702
35414,2,15,15,702
35415,2,15,15,702
35416,2,15,15,702
35417,2,21,15,702
35418,2,15,15,702
35419,2,15,15,702
35420,2,15,15,702
35421,2,15,15,702
35422,2,15,15,702
35423,2,15,15,702
35424,2,15,15,702
35425,2,15,15,702
35426,2,15,15,702
35427,2,15,15,702
35428,2,15,15,702
35429,2,15,15,702
35430,2,4,4,702
35431,2,15,15,702
35432,2,15,15,702
35433,2,15,15,702
35434,2,15,15,702
35435,2,15,15,702
35436,2,15,15,702
35437,2,15,15,702
35438,2,15,15,702
35439,2,15,15,702
35440,2,15,15,702
35441,2,4,4,702
35442,2,15,15,702
35443,2,15,15,702
35444,2,4,4,702
35445,2,15,15,702
35446,2,4,15,702
35447,2,15,15,702
35448,2,15,15,702
35449,2,15,15,702
35450,2,15,15,702
35451,2,15,15,702
35452,2,15,15,702
35453,2,15,15,702
35454,2,15,15,702
35455,2,15,15,702
35456,2,15,15,702
35457,2,15,15,702
35458,2,15,15,702
35459,2,15,15,702
35460,2,15,15,702
35461,2,15,15,702
35462,2,15,15,702
35463,2,15,15,702
35464,2,15,15,702
35465,2,15,15,702
35466,2,15,15,702
35467,2,15,15,702
35468,2,15,15,702
35469,2,15,15,702
35470,2,15,15,702
35471,2,15,15,702
35472,2,15,15,702
35473,2,15,15,702
35474,2,15,15,702
35475,2,15,15,702
35476,2,15,15,702
35477,2,15,15,702
35478,2,15,15,702
35479,2,15,15,702
35480,2,15,15,702
35481,2,15,15,702
35482,2,15,15,702
35483,2,15,15,702
35484,2,15,15,702
35485,2,15,15,702
35486,2,4,4,702
35487,2,15,15,702
35488,2,15,15,702
35489,2,15,15,702
35490,2,15,15,702
35491,2,15,15,702
35492,2,12,12,702
35493,2,15,15,702
35494,2,15,15,702
35495,2,15,4,702
35496,2,15,15,702
35497,2,41,41,702
35498,2,15,15,702
35499,2,15,15,702
35500,2,15,15,702
35501,2,15,15,702
35502,2,15,15,702
35503,2,15,15,702
35504,2,15,15,702
35505,2,39,39,702
35506,2,15,15,702
35507,2,15,15,702
35508,2,15,15,702
35509,2,15,15,702
35510,2,21,3,702
35511,2,15,15,702
35512,2,15,15,702
35513,2,15,15,702
35514,2,15,15,702
35515,2,15,15,702
35516,2,15,15,702
35517,2,15,15,702
35518,2,15,15,702
35519,2,15,15,702
35520,2,15,15,702
35521,2,15,15,702
35522,2,4,4,702
35523,2,15,15,702
35524,2,15,15,702
35525,2,41,41,702
35526,2,15,15,702
35527,2,15,15,702
35528,2,15,15,702
35529,2,15,15,702
35530,2,15,15,702
35531,2,15,15,702
35532,2,15,15,702
35533,2,4,4,702
35534,2,15,15,702
35535,2,15,15,702
35536,2,15,15,702
35537,2,15,15,702
35538,2,15,15,702
35539,2,4,4,702
35540,2,15,15,702
35541,2,15,15,702
35542,2,15,15,702
35543,2,15,15,702
35544,2,15,15,702
35545,2,15,15,702
35546,2,15,15,702
35547,2,15,15,702
35548,2,15,15,702
35549,2,15,15,702
35550,2,15,15,702
35551,2,15,15,702
35552,2,15,15,702
35553,2,15,15,702
35554,2,15,15,702
35555,2,15,15,702
35556,2,15,15,702
35557,2,15,15,702
35558,2,15,15,702
35559,2,15,15,702
35560,2,15,15,702
35561,2,15,15,702
35562,2,15,15,702
35563,2,15,15,702
35564,2,15,15,702
35565,2,15,15,702
35566,2,15,15,702
35567,2,21,15,702
35568,2,15,15,702
35569,2,15,15,702
35570,2,15,15,702
35571,2,15,15,702
35572,2,15,15,702
35573,2,15,15,702
35574,2,15,15,702
35575,2,15,15,702
35576,2,15,15,702
35577,2,15,15,702
35578,2,15,15,702
35579,2,15,15,702
35580,2,15,15,702
35581,2,15,15,702
35582,2,4,4,702
35583,2,21,15,702
35584,2,15,15,702
35585,2,15,15,702
35586,2,15,15,702
35587,2,15,15,702
35588,2,39,39,702
35589,2,15,15,702
35590,2,3,3,702
35591,2,15,15,702
35592,2,15,15,702
35593,2,15,15,702
35594,2,15,15,702
35595,2,15,15,702
35596,2,15,15,702
35597,2,15,15,702
35598,2,15,15,702
35599,2,15,15,702
35600,2,15,15,702
35601,2,15,15,702
35602,2,15,15,702
35603,2,15,15,702
35604,2,4,4,702
35605,2,15,15,702
35606,2,15,15,702
35607,2,15,15,702
35608,2,15,15,702
35609,2,15,15,702
35610,2,15,15,702
35611,2,15,15,702
35612,2,15,15,702
35613,2,15,15,702
35614,2,15,15,702
35615,2,15,15,702
35616,2,15,15,702
35617,2,15,15,702
35618,2,15,15,702
35619,2,15,15,702
35620,2,21,4,702
35621,2,15,15,702
35622,2,15,15,702
35623,2,15,15,702
35624,2,15,15,702
35625,2,15,15,702
35626,2,15,15,702
35627,2,4,4,702
35628,2,15,15,702
35629,2,15,15,702
35630,2,15,15,702
35631,2,15,15,702
35632,2,21,15,702
35633,2,15,15,702
35634,2,15,15,702
35635,2,15,15,702
35636,2,4,4,702
35637,2,15,15,702
35638,2,15,15,702
35639,2,15,15,702
35640,2,15,15,702
35641,2,15,15,702
35642,2,15,15,702
35643,2,15,15,702
35644,2,15,15,702
35645,2,4,4,702
35646,2,15,15,702
35647,2,15,15,702
35648,2,15,15,702
35649,2,15,15,702
35650,2,15,15,702
35651,2,4,4,702
35652,2,15,15,702
35653,2,15,15,702
35654,2,15,15,702
35655,2,15,15,702
35656,2,15,15,702
35657,2,15,15,702
35658,2,15,15,702
35659,2,15,15,702
35660,2,15,15,702
35661,2,15,15,702
35662,2,15,15,702
35663,2,15,15,702
35664,2,15,15,702
35665,2,15,15,702
35666,2,15,15,702
35667,2,15,15,702
35668,2,15,15,702
35669,2,15,15,702
35670,2,15,15,702
35671,2,15,4,702
35672,2,15,15,702
35673,2,3,3,702
35674,2,15,15,702
35675,2,15,15,702
35676,2,15,15,702
35677,2,15,15,702
35678,2,15,15,702
35679,2,15,15,702
35680,2,15,15,702
35681,2,15,15,702
35682,2,15,15,702
35683,2,15,15,702
35684,2,15,15,702
35685,2,15,15,702
35686,2,15,15,702
35687,2,15,15,702
35688,2,15,15,702
35689,2,15,15,702
35690,2,15,15,702
35691,2,15,15,702
35692,2,15,15,702
35693,2,21,15,702
35694,2,15,15,702
35695,2,15,15,702
35696,2,15,15,702
35697,2,15,15,702
35698,2,15,15,702
35699,2,15,15,702
35700,2,15,15,702
35701,2,15,15,702
35702,2,15,15,702
35703,2,15,15,702
35704,2,15,15,702
35705,2,15,15,702
35706,2,15,15,702
35707,2,15,15,702
35708,2,15,15,702
35709,2,15,15,702
35710,2,15,15,702
35711,2,15,15,702
35712,2,15,15,702
35713,2,15,15,702
35714,2,15,15,702
35715,2,15,15,702
35716,2,15,15,702
35717,2,15,15,702
35718,2,15,15,702
35719,2,15,15,702
35720,2,15,15,702
35721,2,15,15,702
35722,2,4,4,702
35723,2,15,15,702
35724,2,15,15,702
35725,2,15,15,702
35726,2,15,15,702
35727,2,15,15,702
35728,2,15,15,702
35729,2,15,15,702
35730,2,15,15,702
35731,2,15,15,702
35732,2,15,15,702
35733,2,15,15,702
35734,2,15,15,702
35735,2,15,15,702
35736,2,15,15,702
35737,2,21,15,702
35738,2,15,15,702
35739,2,15,15,702
35740,2,15,15,702
35741,2,21,15,702
35742,2,15,15,702
35743,2,15,15,702
35744,2,15,15,702
35745,2,3,3,702
35746,2,15,15,702
35747,2,15,15,702
35748,2,12,12,702
35749,2,15,15,702
35750,2,15,15,702
35751,2,15,15,702
35752,2,15,15,702
35753,2,15,15,702
35754,2,15,15,702
35755,2,15,15,702
35756,2,15,15,702
35757,2,4,4,702
35758,2,15,15,702
35759,2,15,15,702
35760,2,4,4,702
35761,2,15,15,702
35762,2,15,15,702
35763,2,15,15,702
35764,2,15,15,702
35765,2,39,39,702
35766,2,15,15,702
35767,2,15,15,702
35768,2,15,15,702
35769,2,15,15,702
35770,2,3,3,702
35771,2,15,15,702
35772,2,15,15,702
35773,2,15,15,702
35774,2,4,4,702
35775,2,15,15,702
35776,2,15,15,702
35777,2,15,15,702
35778,2,39,39,702
35779,2,15,15,702
35780,2,15,15,702
35781,2,15,15,702
35782,2,15,15,702
35783,2,15,15,702
35784,2,15,15,702
35785,2,15,15,702
35786,2,15,4,702
35787,2,15,15,702
35788,2,15,15,702
35789,2,15,15,702
35790,2,15,15,702
35791,2,15,15,702
35792,2,15,15,702
35793,2,15,15,702
35794,2,4,4,702
35795,2,15,15,702
35796,2,15,15,702
35797,2,21,15,702
35798,2,15,15,702
35799,2,15,15,702
35800,2,15,15,702
35801,2,15,15,702
35802,2,15,15,702
35803,2,15,15,702
35804,2,15,15,702
35805,2,15,15,702
35806,2,15,15,702
35807,2,15,15,702
35808,2,15,15,702
35809,2,15,15,702
35810,2,15,15,702
35811,2,15,15,702
35812,2,15,15,702
35813,2,15,15,702
35814,2,15,15,702
35815,2,15,15,702
35816,2,15,15,702
35817,2,15,15,702
35818,2,15,15,702
35819,2,15,15,702
35820,2,15,15,702
35821,2,15,15,702
35822,2,15,15,702
35823,2,15,15,702
35824,2,15,15,702
35825,2,15,15,702
35826,2,15,15,702
35827,2,15,15,702
35828,2,15,15,702
35829,2,15,15,702
35830,2,15,15,702
35831,2,15,15,702
35832,2,15,15,702
35833,2,15,15,702
35834,2,15,15,702
35835,2,15,15,702
35836,2,15,15,702
35837,2,15,15,702
35838,2,15,15,702
35839,2,15,15,702
35840,2,15,15,702
35841,2,15,15,702
35842,2,15,15,702
35843,2,4,4,702
35844,2,4,4,702
35845,2,15,15,702
35846,2,15,15,702
35847,2,15,15,702
35848,2,3,3,702
35849,2,15,15,702
35850,2,15,15,702
35851,2,15,15,702
35852,2,15,15,702
35853,2,15,15,702
35854,2,15,15,702
35855,2,15,15,702
35856,2,15,15,702
35857,2,15,15,702
35858,2,15,15,702
35859,2,15,15,702
35860,2,15,15,702
35861,2,15,15,702
35862,2,15,15,702
35863,2,15,15,702
35864,2,15,15,702
35865,2,39,41,702
35866,2,15,15,702
35867,2,15,15,702
35868,2,15,15,702
35869,2,4,4,702
35870,2,15,15,702
35871,2,15,15,702
35872,2,15,15,702
35873,2,15,15,702
35874,2,15,15,702
35875,2,15,15,702
35876,2,15,15,702
35877,2,41,41,702
35878,2,15,15,702
35879,2,15,15,702
35880,2,15,15,702
35881,2,15,15,702
35882,2,21,15,702
35883,2,15,15,702
35884,2,15,15,702
35885,2,15,15,702
35886,2,15,15,702
35887,2,15,15,702
35888,2,15,15,702
35889,2,15,15,702
35890,2,15,15,702
35891,2,15,15,702
35892,2,15,15,702
35893,2,15,15,702
35894,2,15,15,702
35895,2,21,15,702
35896,2,15,15,702
35897,2,15,15,702
35898,2,15,15,702
35899,2,15,15,702
35900,2,15,15,702
35901,2,15,15,702
35902,2,15,15,702
35903,2,15,15,702
35904,2,15,15,702
35905,2,4,4,702
35906,2,15,15,702
35907,2,15,15,702
35908,2,15,15,702
35909,2,15,15,702
35910,2,15,15,702
35911,2,15,15,702
35912,2,15,15,702
35913,2,15,15,702
35914,2,15,15,702
35915,2,3,3,702
35916,2,15,15,702
35917,2,15,15,702
35918,2,4,15,702
35919,2,15,15,702
35920,2,15,15,702
35921,2,15,15,702
35922,2,15,15,702
35923,2,15,15,702
35924,2,15,15,702
35925,2,15,15,702
35926,2,15,15,702
35927,2,15,15,702
35928,2,15,15,702
35929,2,15,15,702
35930,2,15,15,702
35931,2,15,15,702
35932,2,15,15,702
35933,2,15,15,702
35934,2,15,15,702
35935,2,15,15,702
35936,2,15,15,702
35937,2,15,15,702
35938,2,15,15,702
35939,2,15,15,702
35940,2,15,15,702
35941,2,15,15,702
35942,2,15,15,702
35943,2,15,15,702
35944,2,15,15,702
35945,2,15,15,702
35946,2,15,15,702
35947,2,15,15,702
35948,2,15,15,702
35949,2,15,15,702
35950,2,15,15,702
35951,2,15,15,702
35952,2,15,15,702
35953,2,15,15,702
35954,2,41,41,702
35955,2,12,12,702
35956,2,15,15,702
35957,2,15,15,702
35958,2,15,15,702
35959,2,15,15,702
35960,2,15,15,702
35961,2,15,15,702
35962,2,15,15,702
35963,2,15,15,702
35964,2,15,15,702
35965,2,15,15,702
35966,2,15,15,702
35967,2,15,15,702
35968,2,15,15,702
35969,2,15,15,702
35970,2,15,15,702
35971,2,15,15,702
35972,2,15,15,702
35973,2,15,15,702
35974,2,15,15,702
35975,2,15,15,702
35976,2,15,15,702
35977,2,15,15,702
35978,2,15,15,702
35979,2,41,41,702
35980,2,39,39,702
35981,2,15,15,702
35982,2,15,15,702
35983,2,15,15,702
35984,2,3,3,702
35985,2,15,15,702
35986,2,15,15,702
35987,2,15,15,702
35988,2,15,15,702
35989,2,15,15,702
35990,2,15,15,702
35991,2,39,39,702
35992,2,15,15,702
35993,2,15,15,702
35994,2,15,15,702
35995,2,15,15,702
35996,2,15,15,702
35997,2,4,4,702
35998,2,4,4,702
35999,2,15,15,702
36000,2,15,15,702
36001,2,15,15,702
36002,2,15,15,702
36003,2,15,15,702
36004,2,15,15,702
36005,2,15,15,702
36006,2,15,15,702
36007,2,15,4,702
36008,2,15,15,702
36009,2,15,15,702
36010,2,15,15,702
36011,2,15,4,702
36012,2,15,15,702
36013,2,15,15,702
36014,2,15,15,702
36015,2,15,15,702
36016,2,21,15,702
36017,2,15,15,702
36018,2,15,15,702
36019,2,15,15,702
36020,2,4,4,702
36021,2,4,4,702
36022,2,15,15,702
36023,2,15,15,702
36024,2,15,15,702
36025,2,15,15,702
36026,2,15,15,702
36027,2,3,3,702
36028,2,15,15,702
36029,2,15,15,702
36030,2,15,15,702
36031,2,15,15,702
36032,2,15,15,702
36033,2,15,15,702
36034,2,15,15,702
36035,2,15,15,702
36036,2,15,15,702
36037,2,15,4,702
36038,2,15,15,702
36039,2,15,15,702
36040,2,15,15,702
36041,2,15,15,702
36042,2,15,15,702
36043,2,15,15,702
36044,2,15,15,702
36045,2,15,15,702
36046,2,15,15,702
36047,2,21,15,702
36048,2,15,15,702
36049,2,15,15,702
36050,2,15,15,702
36051,2,15,15,702
36052,2,15,15,702
36053,2,15,15,702
36054,2,15,15,702
36055,2,15,15,702
36056,2,15,15,702
36057,2,15,15,702
36058,2,15,15,702
36059,2,15,15,702
36060,2,15,15,702
36061,2,15,15,702
36062,2,15,15,702
36063,2,41,41,702
36064,2,15,15,702
36065,2,15,15,702
36066,2,15,15,702
36067,2,15,15,702
36068,2,15,15,702
36069,2,15,15,702
36070,2,15,15,702
36071,2,15,15,702
36072,2,15,15,702
36073,2,15,15,702
36074,2,15,15,702
36075,2,15,15,702
36076,2,15,15,702
36077,2,39,39,702
36078,2,15,15,702
36079,2,15,15,702
36080,2,15,15,702
36081,2,15,15,702
36082,2,15,15,702
36083,2,15,15,702
36084,2,15,15,702
36085,2,41,41,702
36086,2,15,15,702
36087,2,15,15,702
36088,2,15,15,702
36089,2,15,15,702
36090,2,15,15,702
36091,2,15,15,702
36092,2,15,15,702
36093,2,15,15,702
36094,2,15,15,702
36095,2,15,15,702
36096,2,15,15,702
36097,2,15,15,702
36098,2,15,15,702
36099,2,15,15,702
36100,2,41,41,702
36101,2,15,15,702
36102,2,15,15,702
36103,2,3,3,702
36104,2,15,15,702
36105,2,15,15,702
36106,2,15,15,702
36107,2,15,15,702
36108,2,41,41,702
36109,2,15,15,702
36110,2,15,15,702
36111,2,15,15,702
36112,2,3,3,702
36113,2,15,15,702
36114,2,15,15,702
36115,2,15,15,702
36116,2,15,15,702
36117,2,15,15,702
36118,2,15,15,702
36119,2,15,15,702
36120,2,15,15,702
36121,2,15,15,702
36122,2,15,15,702
36123,2,15,15,702
36124,2,15,15,702
36125,2,15,15,702
36126,2,15,15,702
36127,2,4,4,702
36128,2,15,15,702
36129,2,15,15,702
36130,2,15,15,702
36131,2,15,15,702
36132,2,15,15,702
36133,2,15,15,702
36134,2,15,15,702
36135,2,15,15,702
36136,2,15,15,702
36137,2,15,15,702
36138,2,15,15,702
36139,2,15,15,702
36140,2,15,15,702
36141,2,15,15,702
36142,2,41,41,702
36143,2,15,3,702
36144,2,15,15,702
36145,2,21,4,702
36146,2,15,15,702
36147,2,15,15,702
36148,2,15,15,702
36149,2,15,15,702
36150,2,15,15,702
36151,2,15,15,702
36152,2,15,15,702
36153,2,15,15,702
36154,2,15,15,702
36155,2,15,15,702
36156,2,15,15,702
36157,2,15,15,702
36158,2,4,4,702
36159,2,15,15,702
36160,2,39,39,702
36161,2,15,15,702
36162,2,15,15,702
36163,2,15,15,702
36164,2,15,15,702
36165,2,15,15,702
36166,2,15,15,702
36167,2,15,15,702
36168,2,15,15,702
36169,2,15,15,702
36170,2,15,15,702
36171,2,4,4,702
36172,2,15,15,702
36173,2,15,15,702
36174,2,15,15,702
36175,2,15,15,702
36176,2,4,4,702
36177,2,15,15,702
36178,2,15,15,702
36179,2,15,15,702
36180,2,15,15,702
36181,2,15,15,702
36182,2,15,15,702
36183,2,15,15,702
36184,2,15,15,702
36185,2,15,15,702
36186,2,15,15,702
36187,2,15,15,702
36188,2,15,15,702
36189,2,15,15,702
36190,2,15,15,702
36191,2,15,15,702
36192,2,15,15,702
36193,2,15,15,702
36194,2,15,15,702
36195,2,15,15,702
36196,2,21,15,702
36197,2,15,15,702
36198,2,15,15,702
36199,2,15,15,702
36200,2,15,15,702
36201,2,15,15,702
36202,2,15,15,702
36203,2,15,15,702
36204,2,15,15,702
36205,2,15,15,702
36206,2,15,15,702
36207,2,15,15,702
36208,2,41,41,702
36209,2,15,15,702
36210,2,15,15,702
36211,2,4,4,702
36212,2,4,4,702
36213,2,15,15,702
36214,2,15,15,702
36215,2,15,15,702
36216,2,15,15,702
36217,2,15,15,702
36218,2,15,15,702
36219,2,15,15,702
36220,2,15,15,702
36221,2,15,15,702
36222,2,15,15,702
36223,2,15,15,702
36224,2,15,15,702
36225,2,3,3,702
36226,2,15,15,702
36227,2,15,15,702
36228,2,15,15,702
36229,2,15,15,702
36230,2,15,15,702
36231,2,4,4,702
36232,2,15,15,702
36233,2,15,15,702
36234,2,15,15,702
36235,2,15,15,702
36236,2,4,4,702
36237,2,15,15,702
36238,2,15,15,702
36239,2,15,15,702
36240,2,21,21,702
36241,2,15,15,702
36242,2,15,15,702
36243,2,15,15,702
36244,2,4,4,702
36245,2,15,15,702
36246,2,15,15,702
36247,2,15,15,702
36248,2,15,15,702
36249,2,21,15,702
36250,2,15,15,702
36251,2,41,41,702
36252,2,15,15,702
36253,2,15,15,702
36254,2,15,15,702
36255,2,15,15,702
36256,2,4,4,702
36257,2,15,15,702
36258,2,15,15,702
36259,2,15,15,702
36260,2,15,15,702
36261,2,15,15,702
36262,2,15,15,702
36263,2,15,15,702
36264,2,15,15,702
36265,2,15,15,702
36266,2,15,15,702
36267,2,15,15,702
36268,2,15,15,702
36269,2,15,15,702
36270,2,15,15,702
36271,2,15,15,702
36272,2,15,15,702
36273,2,15,15,702
36274,2,15,15,702
36275,2,15,15,702
36276,2,15,15,702
36277,2,15,15,702
36278,2,15,15,702
36279,2,15,15,702
36280,2,15,15,702
36281,2,15,15,702
36282,2,15,15,702
36283,2,15,15,702
36284,2,15,15,702
36285,2,15,15,702
36286,2,4,4,702
36287,2,15,15,702
36288,2,15,15,702
36289,2,15,15,702
36290,2,15,15,702
36291,2,3,3,702
36292,2,15,15,702
36293,2,15,15,702
36294,2,15,15,702
36295,2,15,15,702
36296,2,15,15,702
36297,2,15,15,702
36298,2,15,15,702
36299,2,15,15,702
36300,2,15,15,702
36301,2,15,15,702
36302,2,15,15,702
36303,2,15,15,702
36304,2,15,15,702
36305,2,39,39,702
36306,2,15,15,702
36307,2,15,15,702
36308,2,15,15,702
36309,2,15,15,702
36310,2,4,4,702
36311,2,15,15,702
36312,2,15,15,702
36313,2,15,15,702
36314,2,15,15,702
36315,2,15,15,702
36316,2,15,15,702
36317,2,15,15,702
36318,2,15,15,702
36319,2,15,15,702
36320,2,15,15,702
36321,2,15,15,702
36322,2,15,15,702
36323,2,15,15,702
36324,2,15,15,702
36325,2,15,15,702
36326,2,15,15,702
36327,2,15,15,702
36328,2,4,4,702
36329,2,15,15,702
36330,2,15,15,702
36331,2,15,15,702
36332,2,15,15,702
36333,2,15,15,702
36334,2,15,15,702
36335,2,15,15,702
36336,2,15,15,702
36337,2,15,15,702
36338,2,15,15,702
36339,2,15,15,702
36340,2,15,15,702
36341,2,15,15,702
36342,2,15,15,702
36343,2,15,15,702
36344,2,15,15,702
36345,2,15,15,702
36346,2,15,15,702
36347,2,15,15,702
36348,2,15,15,702
36349,2,15,15,702
36350,2,15,15,702
36351,2,15,15,702
36352,2,15,15,702
36353,2,15,15,702
36354,2,15,15,702
36355,2,15,15,702
36356,2,15,15,702
36357,2,15,15,702
36358,2,15,15,702
36359,2,15,4,702
36360,2,15,15,702
36361,2,15,15,702
36362,2,15,15,702
36363,2,15,15,702
36364,2,21,15,702
36365,2,15,15,702
36366,2,15,15,702
36367,2,15,15,702
36368,2,15,15,702
36369,2,15,15,702
36370,2,15,15,702
36371,2,15,4,702
36372,2,15,15,702
36373,2,15,15,702
36374,2,15,15,702
36375,2,15,15,702
36376,2,15,15,702
36377,2,15,15,702
36378,2,15,15,702
36379,2,15,15,702
36380,2,15,15,702
36381,2,15,15,702
36382,2,15,15,702
36383,2,15,15,702
36384,2,15,15,702
36385,2,15,15,702
36386,2,15,15,702
36387,2,15,15,702
36388,2,15,15,702
36389,2,15,15,702
36390,2,15,15,702
36391,2,21,21,702
36392,2,15,15,702
36393,2,15,15,702
36394,2,15,15,702
36395,2,15,15,702
36396,2,15,15,702
36397,2,15,15,702
36398,2,15,15,702
36399,2,15,15,702
36400,2,15,15,702
36401,2,15,15,702
36402,2,15,15,702
36403,2,15,15,702
36404,2,15,15,702
36405,2,15,15,702
36406,2,15,15,702
36407,2,15,15,702
36408,2,15,15,702
36409,2,15,15,702
36410,2,15,15,702
36411,2,15,15,702
36412,2,4,4,702
36413,2,15,15,702
36414,2,15,15,702
36415,2,15,15,702
36416,2,15,15,702
36417,2,15,15,702
36418,2,15,15,702
36419,2,15,15,702
36420,2,15,15,702
36421,2,15,15,702
36422,2,15,15,702
36423,2,15,15,702
36424,2,15,15,702
36425,2,15,15,702
36426,2,15,3,702
36427,2,15,15,702
36428,2,21,21,702
36429,2,15,15,702
36430,2,15,15,702
36431,2,15,15,702
36432,2,15,15,702
36433,2,15,15,702
36434,2,21,15,702
36435,2,15,15,702
36436,2,15,15,702
36437,2,15,15,702
36438,2,15,15,702
36439,2,15,15,702
36440,2,15,15,702
36441,2,15,15,702
36442,2,15,15,702
36443,2,15,15,702
36444,2,15,15,702
36445,2,21,15,702
36446,2,15,15,702
36447,2,15,15,702
36448,2,15,15,702
36449,2,15,15,702
36450,2,15,15,702
36451,2,15,15,702
36452,2,15,15,702
36453,2,15,15,702
36454,2,15,15,702
36455,2,15,15,702
36456,2,15,15,702
36457,2,15,15,702
36458,2,15,15,702
36459,2,15,15,702
36460,2,15,15,702
36461,2,15,15,702
36462,2,15,15,702
36463,2,4,4,702
36464,2,15,15,702
36465,2,15,15,702
36466,2,15,15,702
36467,2,15,15,702
36468,2,15,15,702
36469,2,15,15,702
36470,2,15,15,702
36471,2,15,15,702
36472,2,15,15,702
36473,2,15,15,702
36474,2,15,15,702
36475,2,15,15,702
36476,2,15,15,702
36477,2,15,15,702
36478,2,15,15,702
36479,2,4,4,702
36480,2,15,15,702
36481,2,15,15,702
36482,2,15,15,702
36483,2,15,15,702
36484,2,15,15,702
36485,2,15,15,702
36486,2,15,15,702
36487,2,15,15,702
36488,2,15,15,702
36489,2,15,15,702
36490,2,15,15,702
36491,2,15,15,702
36492,2,15,15,702
36493,2,15,15,702
36494,2,15,15,702
36495,2,15,15,702
36496,2,15,15,702
36497,2,15,15,702
36498,2,15,15,702
36499,2,15,15,702
36500,2,15,15,702
36501,2,15,15,702
36502,2,15,15,702
36503,2,15,15,702
36504,2,15,15,702
36505,2,15,15,702
36506,2,15,15,702
36507,2,15,15,702
36508,2,15,15,702
36509,2,15,15,702
36510,2,15,15,702
36511,2,20,20,702
36512,2,15,15,702
36513,2,15,15,702
36514,2,15,15,702
36515,2,15,15,702
36516,2,15,15,702
36517,2,15,15,702
36518,2,15,15,702
36519,2,15,15,702
36520,2,15,15,702
36521,2,15,15,702
36522,2,15,15,702
36523,2,15,15,702
36524,2,15,15,702
36525,2,15,15,702
36526,2,15,15,702
36527,2,15,15,702
36528,2,15,15,702
36529,2,15,15,702
36530,2,15,15,702
36531,2,15,15,702
36532,2,15,15,702
36533,2,15,15,702
36534,2,15,15,702
36535,2,15,15,702
36536,2,15,15,702
36537,2,15,15,702
36538,2,4,4,702
36539,2,15,15,702
36540,2,15,15,702
36541,2,15,15,702
36542,2,15,15,702
36543,2,15,15,702
36544,2,15,15,702
36545,2,4,15,702
36546,2,15,15,702
36547,2,15,15,702
36548,2,15,15,702
36549,2,15,15,702
36550,2,4,4,702
36551,2,15,15,702
36552,2,15,15,702
36553,2,15,15,702
36554,2,15,15,702
36555,2,15,15,702
36556,2,15,4,702
36557,2,15,15,702
36558,2,15,15,702
36559,2,15,15,702
36560,2,15,15,702
36561,2,15,15,702
36562,2,4,4,702
36563,2,15,15,702
36564,2,21,15,702
36565,2,15,15,702
36566,2,21,15,702
36567,2,15,15,702
36568,2,15,15,702
36569,2,15,15,702
36570,2,15,15,702
36571,2,15,15,702
36572,2,15,4,702
36573,2,15,15,702
36574,2,15,15,702
36575,2,15,15,702
36576,2,15,15,702
36577,2,15,15,702
36578,2,15,4,702
36579,2,15,15,702
36580,2,4,4,702
36581,2,15,15,702
36582,2,15,15,702
36583,2,15,15,702
36584,2,15,15,702
36585,2,15,15,702
36586,2,15,15,702
36587,2,15,15,702
36588,2,15,15,702
36589,2,15,15,702
36590,2,15,15,702
36591,2,15,15,702
36592,2,15,15,702
36593,2,15,15,702
36594,2,4,4,702
36595,2,15,15,702
36596,2,15,15,702
36597,2,21,15,702
36598,2,15,15,702
36599,2,15,15,702
36600,2,15,15,702
36601,2,15,15,702
36602,2,15,15,702
36603,2,4,4,702
36604,2,15,15,702
36605,2,15,15,702
36606,2,15,15,702
36607,2,4,4,702
36608,2,15,15,702
36609,2,15,15,702
36610,2,15,15,702
36611,2,15,15,702
36612,2,15,15,702
36613,2,15,15,702
36614,2,15,15,702
36615,2,15,15,702
36616,2,15,15,702
36617,2,15,15,702
36618,2,15,15,702
36619,2,15,15,702
36620,2,15,15,702
36621,2,15,15,702
36622,2,15,15,702
36623,2,15,15,702
36624,2,15,15,702
36625,2,15,15,702
36626,2,15,15,702
36627,2,15,15,702
36628,2,15,15,702
36629,2,15,15,702
36630,2,15,15,702
36631,2,15,15,702
36632,2,15,15,702
36633,2,15,15,702
36634,2,41,15,702
36635,2,15,15,702
36636,2,15,15,702
36637,2,15,15,702
36638,2,3,3,702
36639,2,15,15,702
36640,2,15,15,702
36641,2,15,15,702
36642,2,15,15,702
36643,2,39,39,702
36644,2,15,15,702
36645,2,15,15,702
36646,2,15,15,702
36647,2,15,15,702
36648,2,21,21,702
36649,2,15,15,702
36650,2,15,15,702
36651,2,15,15,702
36652,2,15,15,702
36653,2,15,15,702
36654,2,15,15,702
36655,2,15,15,702
36656,2,15,15,702
36657,2,15,15,702
36658,2,15,15,702
36659,2,15,15,702
36660,2,15,15,702
36661,2,39,39,702
36662,2,15,15,702
36663,2,15,15,702
36664,2,15,15,702
36665,2,15,15,702
36666,2,15,15,702
36667,2,4,4,702
36668,2,15,15,702
36669,2,15,15,702
36670,2,15,15,702
36671,2,15,15,702
36672,2,15,15,702
36673,2,15,15,702
36674,2,15,15,702
36675,2,15,15,702
36676,2,4,4,702
36677,2,15,15,702
36678,2,15,15,702
36679,2,15,15,702
36680,2,15,15,702
36681,2,15,15,702
36682,2,15,15,702
36683,2,15,15,702
36684,2,15,15,702
36685,2,4,4,702
36686,2,15,15,702
36687,2,15,15,702
36688,2,15,15,702
36689,2,15,15,702
36690,2,15,15,702
36691,2,39,39,702
36692,2,15,15,702
36693,2,15,15,702
36694,2,15,15,702
36695,2,15,15,702
36696,2,15,15,702
36697,2,4,15,702
36698,2,15,15,702
36699,2,15,15,702
36700,2,15,15,702
36701,2,15,15,702
36702,2,15,15,702
36703,2,15,15,702
36704,2,15,15,702
36705,2,15,15,702
36706,2,15,15,702
36707,2,15,15,702
36708,2,15,15,702
36709,2,15,15,702
36710,2,15,15,702
36711,2,15,15,702
36712,2,15,15,702
36713,2,15,15,702
36714,2,15,15,702
36715,2,15,15,702
36716,2,15,15,702
36717,2,15,15,702
36718,2,4,15,702
36719,2,15,15,702
36720,2,15,15,702
36721,2,15,15,702
36722,2,15,15,702
36723,2,15,15,702
36724,2,15,15,702
36725,2,15,15,702
36726,2,15,15,702
36727,2,15,15,702
36728,2,15,15,702
36729,2,15,15,702
36730,2,15,15,702
36731,2,15,15,702
36732,2,15,15,702
36733,2,15,15,702
36734,2,15,15,702
36735,2,15,15,702
36736,2,15,15,702
36737,2,15,15,702
36738,2,15,15,702
36739,2,15,15,702
36740,2,15,15,702
36741,2,15,15,702
36742,2,15,15,702
36743,2,15,15,702
36744,2,15,15,702
36745,2,15,15,702
36746,2,15,3,702
36747,2,15,15,702
36748,2,15,15,702
36749,2,15,15,702
36750,2,15,15,702
36751,2,15,15,702
36752,2,15,15,702
36753,2,15,15,702
36754,2,15,15,702
36755,2,15,15,702
36756,2,15,15,702
36757,2,41,41,702
36758,2,15,15,702
36759,2,21,15,702
36760,2,15,15,702
36761,2,15,15,702
36762,2,4,4,702
36763,2,15,15,702
36764,2,15,15,702
36765,2,15,15,702
36766,2,15,15,702
36767,2,15,15,702
36768,2,15,15,702
36769,2,15,15,702
36770,2,15,15,702
36771,2,15,15,702
36772,2,15,15,702
36773,2,15,15,702
36774,2,15,15,702
36775,2,15,15,702
36776,2,15,15,702
36777,2,15,15,702
36778,2,15,15,702
36779,2,15,15,702
36780,2,15,15,702
36781,2,15,15,702
36782,2,15,15,702
36783,2,15,15,702
36784,2,15,15,702
36785,2,15,15,702
36786,2,15,15,702
36787,2,15,15,702
36788,2,15,15,702
36789,2,3,3,702
36790,2,39,39,702
36791,2,15,15,702
36792,2,15,15,702
36793,2,15,15,702
36794,2,15,15,702
36795,2,15,15,702
36796,2,15,15,702
36797,2,15,15,702
36798,2,39,39,702
36799,2,15,15,702
36800,2,15,15,702
36801,2,15,15,702
36802,2,15,15,702
36803,2,15,15,702
36804,2,15,15,702
36805,2,15,4,702
36806,2,15,15,702
36807,2,15,15,702
36808,2,15,15,702
36809,2,15,15,702
36810,2,15,15,702
36811,2,15,15,702
36812,2,15,15,702
36813,2,15,15,702
36814,2,15,15,702
36815,2,15,15,702
36816,2,15,15,702
36817,2,15,15,702
36818,2,15,15,702
36819,2,15,15,702
36820,2,15,15,702
36821,2,15,15,702
36822,2,15,15,702
36823,2,15,15,702
36824,2,15,15,702
36825,2,15,15,702
36826,2,15,15,702
36827,2,15,15,702
36828,2,15,15,702
36829,2,15,15,702
36830,2,39,39,702
36831,2,15,15,702
36832,2,15,15,702
36833,2,15,15,702
36834,2,15,4,702
36835,2,15,15,702
36836,2,15,15,702
36837,2,15,15,702
36838,2,15,15,702
36839,2,15,15,702
36840,2,15,15,702
36841,2,12,12,702
36842,2,15,15,702
36843,2,15,15,702
36844,2,15,15,702
36845,2,15,15,702
36846,2,15,15,702
36847,2,15,15,702
36848,2,15,15,702
36849,2,15,15,702
36850,2,15,15,702
36851,2,15,15,702
36852,2,15,15,702
36853,2,41,41,702
36854,2,15,15,702
36855,2,15,15,702
36856,2,15,15,702
36857,2,15,15,702
36858,2,15,15,702
36859,2,15,15,702
36860,2,15,15,702
36861,2,15,15,702
36862,2,15,15,702
36863,2,15,15,702
36864,2,15,15,702
36865,2,15,15,702
36866,2,15,15,702
36867,2,15,15,702
36868,2,15,15,702
36869,2,15,15,702
36870,2,15,15,702
36871,2,41,41,702
36872,2,15,15,702
36873,2,4,4,702
36874,2,15,15,702
36875,2,15,15,702
36876,2,15,15,702
36877,2,15,15,702
36878,2,15,15,702
36879,2,15,15,702
36880,2,15,15,702
36881,2,15,15,702
36882,2,15,15,702
36883,2,15,15,702
36884,2,15,15,702
36885,2,15,15,702
36886,2,4,4,702
36887,2,3,3,702
36888,2,15,15,702
36889,2,15,15,702
36890,2,15,15,702
36891,2,15,15,702
36892,2,15,15,702
36893,2,15,15,702
36894,2,15,15,702
36895,2,15,15,702
36896,2,15,15,702
36897,2,15,15,702
36898,2,15,15,702
36899,2,15,15,702
36900,2,15,15,702
36901,2,15,15,702
36902,2,15,15,702
36903,2,3,3,702
36904,2,15,15,702
36905,2,15,15,702
36906,2,4,4,702
36907,2,15,15,702
36908,2,15,15,702
36909,2,39,39,702
36910,2,15,15,702
36911,2,15,15,702
36912,2,15,15,702
36913,2,4,4,702
36914,2,15,15,702
36915,2,15,15,702
36916,2,15,15,702
36917,2,15,15,702
36918,2,15,15,702
36919,2,15,15,702
36920,2,15,15,702
36921,2,15,15,702
36922,2,15,15,702
36923,2,15,15,702
36924,2,15,15,702
36925,2,15,15,702
36926,2,15,15,702
36927,2,15,15,702
36928,2,15,15,702
36929,2,15,15,702
36930,2,15,15,702
36931,2,15,15,702
36932,2,4,4,702
36933,2,15,15,702
36934,2,15,15,702
36935,2,15,15,702
36936,2,15,15,702
36937,2,15,15,702
36938,2,15,15,702
36939,2,15,15,702
36940,2,15,15,702
36941,2,15,15,702
36942,2,15,15,702
36943,2,15,15,702
36944,2,15,15,702
36945,2,15,15,702
36946,2,15,15,702
36947,2,15,15,702
36948,2,15,15,702
36949,2,15,15,702
36950,2,15,15,702
36951,2,15,15,702
36952,2,15,15,702
36953,2,15,15,702
36954,2,15,15,702
36955,2,15,15,702
36956,2,4,4,702
36957,2,15,15,702
36958,2,15,15,702
36959,2,41,41,702
36960,2,15,15,702
36961,2,15,15,702
36962,2,15,15,702
36963,2,15,15,702
36964,2,41,41,702
36965,2,15,15,702
36966,2,15,15,702
36967,2,15,15,702
36968,2,15,15,702
36969,2,15,15,702
36970,2,15,15,702
36971,2,15,15,702
36972,2,15,15,702
36973,2,15,15,702
36974,2,15,15,702
36975,2,15,15,702
36976,2,15,15,702
36977,2,15,15,702
36978,2,15,15,702
36979,2,15,15,702
36980,2,15,15,702
36981,2,15,15,702
36982,2,15,15,702
36983,2,15,15,702
36984,2,15,15,702
36985,2,15,15,702
36986,2,15,15,702
36987,2,15,15,702
36988,2,15,15,702
36989,2,4,4,702
36990,2,15,15,702
36991,2,15,15,702
36992,2,15,15,702
36993,2,15,15,702
36994,2,15,15,702
36995,2,15,15,702
36996,2,15,15,702
36997,2,15,15,702
36998,2,15,15,702
36999,2,15,15,702
37000,2,4,4,702
37001,2,15,15,702
37002,2,15,15,702
37003,2,15,3,702
37004,2,15,15,702
37005,2,15,15,702
37006,2,15,15,702
37007,2,15,15,702
37008,2,15,15,702
37009,2,15,15,702
37010,2,15,15,702
37011,2,4,4,702
37012,2,15,15,702
37013,2,15,15,702
37014,2,39,41,702
37015,2,15,15,702
37016,2,15,15,702
37017,2,15,15,702
37018,2,11,11,702
37019,2,15,15,702
37020,2,15,15,702
37021,2,15,15,702
37022,2,15,15,702
37023,2,15,15,702
37024,2,15,15,702
37025,2,21,15,702
37026,2,15,15,702
37027,2,15,15,702
37028,2,15,15,702
37029,2,15,15,702
37030,2,15,15,702
37031,2,15,15,702
37032,2,15,15,702
37033,2,15,15,702
37034,2,15,15,702
37035,2,15,15,702
37036,2,15,15,702
37037,2,4,4,702
37038,2,15,15,702
37039,2,15,15,702
37040,2,15,15,702
37041,2,15,15,702
37042,2,15,15,702
37043,2,15,15,702
37044,2,15,15,702
37045,2,15,15,702
37046,2,15,15,702
37047,2,15,15,702
37048,2,15,15,702
37049,2,15,15,702
37050,2,15,15,702
37051,2,15,15,702
37052,2,15,15,702
37053,2,15,15,702
37054,2,15,15,702
37055,2,15,15,702
37056,2,15,15,702
37057,2,4,4,702
37058,2,15,15,702
37059,2,15,15,702
37060,2,15,15,702
37061,2,15,15,702
37062,2,15,15,702
37063,2,15,15,702
37064,2,15,15,702
37065,2,15,15,702
37066,2,21,15,702
37067,2,15,15,702
37068,2,15,15,702
37069,2,15,15,702
37070,2,15,15,702
37071,2,15,15,702
37072,2,15,15,702
37073,2,4,4,702
37074,2,15,15,702
37075,2,15,15,702
37076,2,15,15,702
37077,2,15,15,702
37078,2,15,15,702
37079,2,15,15,702
37080,2,15,15,702
37081,2,15,15,702
37082,2,15,15,702
37083,2,15,15,702
37084,2,15,15,702
37085,2,15,15,702
37086,2,15,15,702
37087,2,15,15,702
37088,2,15,15,702
37089,2,4,4,702
37090,2,15,15,702
37091,2,15,15,702
37092,2,4,4,702
37093,2,15,15,702
37094,2,15,15,702
37095,2,15,15,702
37096,2,15,15,702
37097,2,15,12,702
37098,2,15,15,702
37099,2,4,4,702
37100,2,15,15,702
37101,2,15,15,702
37102,2,15,15,702
37103,2,15,15,702
37104,2,15,15,702
37105,2,15,15,702
37106,2,15,15,702
37107,2,15,15,702
37108,2,15,15,702
37109,2,15,15,702
37110,2,15,15,702
37111,2,15,15,702
37112,2,15,15,702
37113,2,15,15,702
37114,2,15,15,702
37115,2,15,15,702
37116,2,4,4,702
37117,2,15,15,702
37118,2,15,15,702
37119,2,15,15,702
37120,2,15,15,702
37121,2,15,15,702
37122,2,15,15,702
37123,2,15,15,702
37124,2,4,4,702
37125,2,15,15,702
37126,2,15,15,702
37127,2,15,15,702
37128,2,15,15,702
37129,2,15,15,702
37130,2,15,15,702
37131,2,15,15,702
37132,2,15,15,702
37133,2,15,15,702
37134,2,15,15,702
37135,2,15,15,702
37136,2,15,15,702
37137,2,15,15,702
37138,2,15,15,702
37139,2,15,15,702
37140,2,15,15,702
37141,2,15,15,702
37142,2,15,15,702
37143,2,15,15,702
37144,2,15,15,702
37145,2,15,15,702
37146,2,15,15,702
37147,2,15,15,702
37148,2,15,15,702
37149,2,15,15,702
37150,2,15,15,702
37151,2,15,15,702
37152,2,3,3,702
37153,2,15,15,702
37154,2,15,15,702
37155,2,15,15,702
37156,2,3,3,702
37157,2,15,15,702
37158,2,15,15,702
37159,2,15,15,702
37160,2,15,15,702
37161,2,15,15,702
37162,2,21,15,702
37163,2,15,15,702
37164,2,15,15,702
37165,2,15,15,702
37166,2,15,15,702
37167,2,15,15,702
37168,2,15,15,702
37169,2,15,15,702
37170,2,15,15,702
37171,2,4,4,702
37172,2,15,15,702
37173,2,15,15,702
37174,2,15,15,702
37175,2,15,15,702
37176,2,15,15,702
37177,2,15,15,702
37178,2,15,15,702
37179,2,15,15,702
37180,2,15,15,702
37181,2,15,15,702
37182,2,15,15,702
37183,2,15,15,702
37184,2,15,15,702
37185,2,15,15,702
37186,2,15,15,702
37187,2,15,15,702
37188,2,15,15,702
37189,2,15,15,702
37190,2,15,15,702
37191,2,15,15,702
37192,2,11,11,702
37193,2,15,15,702
37194,2,39,39,702
37195,2,20,20,702
37196,2,15,15,702
37197,2,15,15,702
37198,2,15,15,702
37199,2,15,15,702
37200,2,15,15,702
37201,2,15,15,702
37202,2,15,15,702
37203,2,15,15,702
37204,2,15,15,702
37205,2,15,15,702
37206,2,15,15,702
37207,2,15,15,702
37208,2,15,15,702
37209,2,15,15,702
37210,2,15,15,702
37211,2,4,15,702
37212,2,4,4,702
37213,2,15,15,702
37214,2,15,15,702
37215,2,15,15,702
37216,2,15,15,702
37217,2,15,15,702
37218,2,15,15,702
37219,2,15,15,702
37220,2,15,15,702
37221,2,15,15,702
37222,2,15,15,702
37223,2,15,15,702
37224,2,15,15,702
37225,2,15,15,702
37226,2,15,15,702
37227,2,15,15,702
37228,2,9,9,702
37229,2,15,15,702
37230,2,15,15,702
37231,2,3,4,702
37232,2,15,15,702
37233,2,15,15,702
37234,2,15,15,702
37235,2,15,15,702
37236,2,15,15,702
37237,2,15,15,702
37238,2,15,15,702
37239,2,15,15,702
37240,2,15,15,702
37241,2,15,15,702
37242,2,4,4,702
37243,2,15,15,702
37244,2,15,15,702
37245,2,15,15,702
37246,2,15,15,702
37247,2,15,15,702
37248,2,15,15,702
37249,2,15,15,702
37250,2,15,15,702
37251,2,15,15,702
37252,2,15,15,702
37253,2,15,15,702
37254,2,15,15,702
37255,2,15,15,702
37256,2,15,15,702
37257,2,15,15,702
37258,2,4,15,702
37259,2,15,15,702
37260,2,15,15,702
37261,2,15,15,702
37262,2,9,9,702
37263,2,9,9,702
37264,2,15,15,702
37265,2,15,15,702
37266,2,15,15,702
37267,2,15,15,702
37268,2,15,15,702
37269,2,15,15,702
37270,2,15,15,702
37271,2,15,15,702
37272,2,15,15,702
37273,2,15,15,702
37274,2,15,15,702
37275,2,15,15,702
37276,2,15,15,702
37277,2,15,15,702
37278,2,15,15,702
37279,2,15,15,702
37280,2,15,15,702
37281,2,15,15,702
37282,2,24,15,702
37283,2,15,15,702
37284,2,15,15,702
37285,2,15,15,702
37286,2,15,15,702
37287,2,15,15,702
37288,2,15,15,702
37289,2,15,15,702
37290,2,15,15,702
37291,2,15,15,702
37292,2,15,15,702
37293,2,15,15,702
37294,2,15,15,702
37295,2,15,15,702
37296,2,15,15,702
37297,2,15,15,702
37298,2,15,15,702
37299,2,15,15,702
37300,2,15,15,702
37301,2,15,15,702
37302,2,15,15,702
37303,2,15,15,702
37304,2,15,15,702
37305,2,4,4,702
37306,2,15,15,702
37307,2,15,15,702
37308,2,15,15,702
37309,2,15,15,702
37310,2,15,15,702
37311,2,15,15,702
37312,2,15,15,702
37313,2,15,15,702
37314,2,15,15,702
37315,2,15,15,702
37316,2,15,15,702
37317,2,41,41,702
37318,2,15,15,702
37319,2,15,15,702
37320,2,15,15,702
37321,2,41,41,702
37322,2,39,39,702
37323,2,15,15,702
37324,2,4,4,702
37325,2,15,15,702
37326,2,15,15,702
37327,2,15,15,702
37328,2,15,15,702
37329,2,15,15,702
37330,2,15,15,702
37331,2,15,15,702
37332,2,15,15,702
37333,2,15,15,702
37334,2,15,15,702
37335,2,15,15,702
37336,2,15,15,702
37337,2,15,15,702
37338,2,15,15,702
37339,2,15,15,702
37340,2,15,15,702
37341,2,15,15,702
37342,2,15,15,702
37343,2,12,12,702
37344,2,15,15,702
37345,2,15,15,702
37346,2,15,15,702
37347,2,15,15,702
37348,2,15,15,702
37349,2,15,15,702
37350,2,15,15,702
37351,2,15,15,702
37352,2,15,15,702
37353,2,15,15,702
37354,2,15,15,702
37355,2,15,15,702
37356,2,15,15,702
37357,2,15,15,702
37358,2,15,15,702
37359,2,15,15,702
37360,2,4,4,702
37361,2,15,15,702
37362,2,15,15,702
37363,2,15,15,702
37364,2,15,15,702
37365,2,15,15,702
37366,2,15,15,702
37367,2,15,15,702
37368,2,15,15,702
37369,2,15,15,702
37370,2,15,15,702
37371,2,15,15,702
37372,2,15,15,702
37373,2,15,15,702
37374,2,15,15,702
37375,2,15,15,702
37376,2,15,15,702
37377,2,4,4,702
37378,2,15,15,702
37379,2,15,15,702
37380,2,15,15,702
37381,2,15,15,702
37382,2,15,15,702
37383,2,15,15,702
37384,2,15,15,702
37385,2,15,15,702
37386,2,15,15,702
37387,2,15,15,702
37388,2,15,15,702
37389,2,15,15,702
37390,2,41,15,702
37391,2,15,15,702
37392,2,15,15,702
37393,2,15,15,702
37394,2,15,15,702
37395,2,15,15,702
37396,2,15,15,702
37397,2,15,15,702
37398,2,15,15,702
37399,2,15,15,702
37400,2,15,15,702
37401,2,15,15,702
37402,2,15,15,702
37403,2,15,15,702
37404,2,15,15,702
37405,2,39,39,702
37406,2,15,15,702
37407,2,15,15,702
37408,2,15,15,702
37409,2,15,15,702
37410,2,15,15,702
37411,2,15,15,702
37412,2,15,15,702
37413,2,4,4,702
37414,2,15,15,702
37415,2,15,15,702
37416,2,15,15,702
37417,2,41,41,702
37418,2,15,15,702
37419,2,15,15,702
37420,2,15,15,702
37421,2,15,15,702
37422,2,21,21,702
37423,2,15,15,702
37424,2,15,15,702
37425,2,15,15,702
37426,2,15,15,702
37427,2,15,15,702
37428,2,15,15,702
37429,2,15,15,702
37430,2,15,15,702
37431,2,15,15,702
37432,2,15,15,702
37433,2,15,15,702
37434,2,15,15,702
37435,2,15,15,702
37436,2,15,15,702
37437,2,15,15,702
37438,2,15,15,702
37439,2,15,15,702
37440,2,15,15,702
37441,2,15,15,702
37442,2,15,15,702
37443,2,41,41,702
37444,2,15,15,702
37445,2,15,15,702
37446,2,21,15,702
37447,2,15,15,702
37448,2,15,15,702
37449,2,15,15,702
37450,2,15,15,702
37451,2,15,15,702
37452,2,15,15,702
37453,2,15,15,702
37454,2,15,15,702
37455,2,15,15,702
37456,2,15,15,702
37457,2,15,15,702
37458,2,15,15,702
37459,2,15,15,702
37460,2,15,15,702
37461,2,15,15,702
37462,2,15,15,702
37463,2,15,15,702
37464,2,3,15,702
37465,2,15,15,702
37466,2,15,15,702
37467,2,15,15,702
37468,2,15,15,702
37469,2,15,15,702
37470,2,15,15,702
37471,2,15,15,702
37472,2,15,15,702
37473,2,41,41,702
37474,2,15,15,702
37475,2,15,15,702
37476,2,15,15,702
37477,2,15,15,702
37478,2,15,15,702
37479,2,15,15,702
37480,2,15,15,702
37481,2,15,15,702
37482,2,15,15,702
37483,2,15,15,702
37484,2,15,15,702
37485,2,15,15,702
37486,2,15,15,702
37487,2,15,15,702
37488,2,15,15,702
37489,2,15,15,702
37490,2,15,15,702
37491,2,15,15,702
37492,2,15,15,702
37493,2,15,15,702
37494,2,15,15,702
37495,2,15,15,702
37496,2,15,15,702
37497,2,15,15,702
37498,2,41,41,702
37499,2,15,15,702
37500,2,15,15,702
37501,2,15,15,702
37502,2,15,15,702
37503,2,15,15,702
37504,2,15,15,702
37505,2,15,15,702
37506,2,15,15,702
37507,2,15,15,702
37508,2,15,15,702
37509,2,15,15,702
37510,2,15,15,702
37511,2,15,15,702
37512,2,15,15,702
37513,2,15,15,702
37514,2,15,15,702
37515,2,41,41,702
37516,2,15,15,702
37517,2,3,3,702
37518,2,15,15,702
37519,2,15,15,702
37520,2,15,15,702
37521,2,15,15,702
37522,2,15,15,702
37523,2,15,15,702
37524,2,15,15,702
37525,2,15,15,702
37526,2,15,15,702
37527,2,15,15,702
37528,2,15,4,702
37529,2,15,15,702
37530,2,15,15,702
37531,2,15,15,702
37532,2,15,15,702
37533,2,15,15,702
37534,2,15,15,702
37535,2,15,15,702
37536,2,15,15,702
37537,2,15,15,702
37538,2,15,15,702
37539,2,15,15,702
37540,2,15,4,702
37541,2,15,15,702
37542,2,15,15,702
37543,2,15,15,702
37544,2,15,15,702
37545,2,15,15,702
37546,2,15,15,702
37547,2,15,15,702
37548,2,4,4,702
37549,2,15,15,702
37550,2,15,15,702
37551,2,15,4,702
37552,2,15,15,702
37553,2,15,15,702
37554,2,15,15,702
37555,2,4,4,702
37556,2,15,15,702
37557,2,15,15,702
37558,2,15,15,702
37559,2,15,15,702
37560,2,15,15,702
37561,2,15,15,702
37562,2,15,15,702
37563,2,15,15,702
37564,2,15,15,702
37565,2,15,15,702
37566,2,15,15,702
37567,2,15,15,702
37568,2,15,15,702
37569,2,15,15,702
37570,2,15,15,702
37571,2,15,15,702
37572,2,15,15,702
37573,2,15,15,702
37574,2,15,15,702
37575,2,15,15,702
37576,2,15,15,702
37577,2,15,15,702
37578,2,15,15,702
37579,2,4,4,702
37580,2,15,15,702
37581,2,15,15,702
37582,2,15,15,702
37583,2,15,15,702
37584,2,15,15,702
37585,2,15,15,702
37586,2,15,15,702
37587,2,15,15,702
37588,2,15,15,702
37589,2,15,15,702
37590,2,15,15,702
37591,2,15,15,702
37592,2,15,15,702
37593,2,15,15,702
37594,2,15,15,702
37595,2,15,15,702
37596,2,15,15,702
37597,2,15,15,702
37598,2,15,15,702
37599,2,15,15,702
37600,2,15,15,702
37601,2,15,15,702
37602,2,15,15,702
37603,2,15,15,702
37604,2,15,15,702
37605,2,15,15,702
37606,2,15,15,702
37607,2,15,15,702
37608,2,15,15,702
37609,2,15,15,702
37610,2,15,15,702
37611,2,15,15,702
37612,2,15,15,702
37613,2,39,39,702
37614,2,15,15,702
37615,2,15,15,702
37616,2,15,15,702
37617,2,15,15,702
37618,2,15,15,702
37619,2,15,15,702
37620,2,15,15,702
37621,2,15,15,702
37622,2,15,15,702
37623,2,15,15,702
37624,2,15,15,702
37625,2,4,4,702
37626,2,15,15,702
37627,2,15,15,702
37628,2,15,15,702
37629,2,15,15,702
37630,2,15,15,702
37631,2,15,15,702
37632,2,15,15,702
37633,2,21,15,702
37634,2,15,15,702
37635,2,15,15,702
37636,2,3,3,702
37637,2,15,15,702
37638,2,15,15,702
37639,2,15,15,702
37640,2,15,15,702
37641,2,15,15,702
37642,2,15,15,702
37643,2,15,15,702
37644,2,41,41,702
37645,2,15,15,702
37646,2,15,15,702
37647,2,15,15,702
37648,2,3,3,702
37649,2,15,15,702
37650,2,15,15,702
37651,2,15,15,702
37652,2,15,15,702
37653,2,15,15,702
37654,2,15,15,702
37655,2,15,15,702
37656,2,15,15,702
37657,2,15,15,702
37658,2,15,15,702
37659,2,4,4,702
37660,2,15,15,702
37661,2,4,4,702
37662,2,15,15,702
37663,2,15,15,702
37664,2,15,15,702
37665,2,15,15,702
37666,2,15,15,702
37667,2,15,15,702
37668,2,15,15,702
37669,2,15,15,702
37670,2,15,15,702
37671,2,15,15,702
37672,2,15,15,702
37673,2,15,15,702
37674,2,15,15,702
37675,2,15,15,702
37676,2,15,15,702
37677,2,15,15,702
37678,2,15,4,702
37679,2,15,15,702
37680,2,15,15,702
37681,2,15,15,702
37682,2,15,15,702
37683,2,21,15,702
37684,2,15,15,702
37685,2,15,15,702
37686,2,15,15,702
37687,2,15,15,702
37688,2,15,15,702
37689,2,15,15,702
37690,2,4,4,702
37691,2,15,15,702
37692,2,15,15,702
37693,2,15,15,702
37694,2,15,15,702
37695,2,15,15,702
37696,2,15,15,702
37697,2,15,15,702
37698,2,15,15,702
37699,2,15,15,702
37700,2,15,15,702
37701,2,15,15,702
37702,2,15,15,702
37703,2,15,15,702
37704,2,15,15,702
37705,2,15,15,702
37706,2,15,15,702
37707,2,15,15,702
37708,2,15,15,702
37709,2,15,15,702
37710,2,15,15,702
37711,2,15,15,702
37712,2,15,15,702
37713,2,15,15,702
37714,2,15,15,702
37715,2,15,15,702
37716,2,15,15,702
37717,2,15,15,702
37718,2,15,15,702
37719,2,15,15,702
37720,2,15,15,702
37721,2,15,15,702
37722,2,15,15,702
37723,2,15,15,702
37724,2,15,15,702
37725,2,15,15,702
37726,2,15,15,702
37727,2,15,15,702
37728,2,15,15,702
37729,2,15,15,702
37730,2,15,15,702
37731,2,15,15,702
37732,2,15,15,702
37733,2,15,15,702
37734,2,15,15,702
37735,2,15,15,702
37736,2,15,15,702
37737,2,15,15,702
37738,2,15,15,702
37739,2,15,15,702
37740,2,15,15,702
37741,2,15,15,702
37742,2,15,15,702
37743,2,15,15,702
37744,2,15,15,702
37745,2,15,15,702
37746,2,15,15,702
37747,2,15,15,702
37748,2,41,41,702
37749,2,41,41,702
37750,2,15,15,702
37751,2,15,15,702
37752,2,15,15,702
37753,2,15,15,702
37754,2,15,15,702
37755,2,15,15,702
37756,2,15,15,702
37757,2,15,15,702
37758,2,15,15,702
37759,2,15,15,702
37760,2,15,15,702
37761,2,15,15,702
37762,2,15,15,702
37763,2,15,15,702
37764,2,15,15,702
37765,2,15,15,702
37766,2,15,15,702
37767,2,15,15,702
37768,2,15,15,702
37769,2,15,15,702
37770,2,15,15,702
37771,2,15,15,702
37772,2,15,15,702
37773,2,15,15,702
37774,2,41,41,702
37775,2,15,15,702
37776,2,15,15,702
37777,2,15,15,702
37778,2,15,15,702
37779,2,15,15,702
37780,2,15,15,702
37781,2,15,15,702
37782,2,15,15,702
37783,2,15,15,702
37784,2,15,15,702
37785,2,15,15,702
37786,2,15,15,702
37787,2,12,12,702
37788,2,15,15,702
37789,2,15,15,702
37790,2,15,15,702
37791,2,15,15,702
37792,2,15,15,702
37793,2,15,15,702
37794,2,15,15,702
37795,2,15,15,702
37796,2,15,15,702
37797,2,15,15,702
37798,2,3,3,702
37799,2,15,15,702
37800,2,15,15,702
37801,2,15,15,702
37802,2,15,15,702
37803,2,15,15,702
37804,2,39,39,702
37805,2,15,15,702
37806,2,15,15,702
37807,2,15,4,702
37808,2,15,15,702
37809,2,15,15,702
37810,2,15,15,702
37811,2,15,15,702
37812,2,4,4,702
37813,2,15,15,702
37814,2,15,15,702
37815,2,15,15,702
37816,2,15,15,702
37817,2,3,3,702
37818,2,15,15,702
37819,2,15,15,702
37820,2,15,15,702
37821,2,15,15,702
37822,2,15,15,702
37823,2,15,15,702
37824,2,15,15,702
37825,2,15,15,702
37826,2,15,15,702
37827,2,15,15,702
37828,2,15,15,702
37829,2,15,15,702
37830,2,15,15,702
37831,2,15,15,702
37832,2,15,15,702
37833,2,15,15,702
37834,2,15,15,702
37835,2,4,4,702
37836,2,15,15,702
37837,2,15,15,702
37838,2,15,15,702
37839,2,15,15,702
37840,2,15,15,702
37841,2,15,15,702
37842,2,15,15,702
37843,2,15,15,702
37844,2,21,15,702
37845,2,15,15,702
37846,2,15,15,702
37847,2,15,15,702
37848,2,15,15,702
37849,2,15,15,702
37850,2,15,15,702
37851,2,15,15,702
37852,2,15,15,702
37853,2,15,15,702
37854,2,15,15,702
37855,2,15,15,702
37856,2,15,15,702
37857,2,15,15,702
37858,2,15,15,702
37859,2,15,15,702
37860,2,15,15,702
37861,2,15,15,702
37862,2,15,15,702
37863,2,15,15,702
37864,2,15,15,702
37865,2,3,3,702
37866,2,15,15,702
37867,2,21,15,702
37868,2,15,15,702
37869,2,15,15,702
37870,2,15,15,702
37871,2,15,15,702
37872,2,15,15,702
37873,2,15,15,702
37874,2,15,15,702
37875,2,15,15,702
37876,2,15,15,702
37877,2,15,15,702
37878,2,15,15,702
37879,2,15,15,702
37880,2,15,15,702
37881,2,15,15,702
37882,2,15,15,702
37883,2,15,15,702
37884,2,15,15,702
37885,2,4,15,702
37886,2,15,15,702
37887,2,15,15,702
37888,2,15,15,702
37889,2,15,15,702
37890,2,15,15,702
37891,2,15,15,702
37892,2,4,4,702
37893,2,15,15,702
37894,2,15,15,702
37895,2,15,15,702
37896,2,15,15,702
37897,2,15,15,702
37898,2,15,15,702
37899,2,15,15,702
37900,2,15,15,702
37901,2,15,15,702
37902,2,15,15,702
37903,2,15,15,702
37904,2,15,15,702
37905,2,15,15,702
37906,2,15,15,702
37907,2,15,15,702
37908,2,15,15,702
37909,2,15,15,702
37910,2,15,15,702
37911,2,15,15,702
37912,2,15,15,702
37913,2,15,15,702
37914,2,15,15,702
37915,2,15,15,702
37916,2,15,15,702
37917,2,15,15,702
37918,2,15,15,702
37919,2,15,15,702
37920,2,15,15,702
37921,2,15,15,702
37922,2,15,15,702
37923,2,15,15,702
37924,2,15,15,702
37925,2,15,3,702
37926,2,15,15,702
37927,2,15,15,702
37928,2,15,15,702
37929,2,15,15,702
37930,2,15,15,702
37931,2,15,15,702
37932,2,15,15,702
37933,2,15,15,702
37934,2,15,15,702
37935,2,15,15,702
37936,2,15,15,702
37937,2,15,15,702
37938,2,15,15,702
37939,2,21,4,702
37940,2,15,15,702
37941,2,15,15,702
37942,2,15,15,702
37943,2,15,15,702
37944,2,15,15,702
37945,2,15,15,702
37946,2,15,15,702
37947,2,15,15,702
37948,2,15,15,702
37949,2,15,15,702
37950,2,15,15,702
37951,2,15,15,702
37952,2,15,15,702
37953,2,15,15,702
37954,2,15,15,702
37955,2,15,15,702
37956,2,15,15,702
37957,2,15,15,702
37958,2,15,15,702
37959,2,15,15,702
37960,2,15,15,702
37961,2,15,15,702
37962,2,15,15,702
37963,2,4,4,702
37964,2,15,15,702
37965,2,15,15,702
37966,2,15,15,702
37967,2,15,15,702
37968,2,15,15,702
37969,2,15,15,702
37970,2,21,15,702
37971,2,15,15,702
37972,2,15,15,702
37973,2,15,15,702
37974,2,15,15,702
37975,2,15,15,702
37976,2,15,15,702
37977,2,15,15,702
37978,2,15,15,702
37979,2,15,15,702
37980,2,15,15,702
37981,2,4,15,702
37982,2,15,15,702
37983,2,15,15,702
37984,2,4,4,702
37985,2,15,15,702
37986,2,15,15,702
37987,2,15,15,702
37988,2,15,15,702
37989,2,15,15,702
37990,2,15,15,702
37991,2,39,15,702
37992,2,39,39,702
37993,2,15,15,702
37994,2,15,15,702
37995,2,15,15,702
37996,2,15,15,702
37997,2,15,15,702
37998,2,15,15,702
37999,2,15,15,702
38000,2,15,15,702
38001,2,15,15,702
38002,2,15,15,702
38003,2,15,15,702
38004,2,15,15,702
38005,2,15,15,702
38006,2,15,15,702
38007,2,15,15,702
38008,2,15,15,702
38009,2,15,15,702
38010,2,15,15,702
38011,2,15,15,702
38012,2,15,15,702
38013,2,15,15,702
38014,2,15,15,702
38015,2,15,15,702
38016,2,15,15,702
38017,2,15,15,702
38018,2,15,15,702
38019,2,15,15,702
38020,2,15,15,702
38021,2,21,21,702
38022,2,15,15,702
38023,2,15,15,702
38024,2,15,15,702
38025,2,15,15,702
38026,2,15,15,702
38027,2,4,4,702
38028,2,15,15,702
38029,2,15,15,702
38030,2,15,15,702
38031,2,15,15,702
38032,2,15,15,702
38033,2,15,15,702
38034,2,15,15,702
38035,2,15,15,702
38036,2,15,15,702
38037,2,15,15,702
38038,2,15,15,702
38039,2,15,15,702
38040,2,15,15,702
38041,2,15,15,702
38042,2,15,15,702
38043,2,15,15,702
38044,2,15,15,702
38045,2,15,15,702
38046,2,15,15,702
38047,2,15,15,702
38048,2,15,15,702
38049,2,15,15,702
38050,2,15,15,702
38051,2,15,15,702
38052,2,15,15,702
38053,2,15,15,702
38054,2,15,15,702
38055,2,15,15,702
38056,2,15,15,702
38057,2,15,15,702
38058,2,15,15,702
38059,2,15,15,702
38060,2,15,15,702
38061,2,15,15,702
38062,2,15,15,702
38063,2,15,15,702
38064,2,15,15,702
38065,2,4,4,702
38066,2,15,15,702
38067,2,15,15,702
38068,2,15,15,702
38069,2,15,15,702
38070,2,15,15,702
38071,2,15,15,702
38072,2,4,4,702
38073,2,15,15,702
38074,2,15,15,702
38075,2,15,15,702
38076,2,15,15,702
38077,2,15,15,702
38078,2,15,15,702
38079,2,15,15,702
38080,2,15,15,702
38081,2,15,15,702
38082,2,15,15,702
38083,2,15,15,702
38084,2,15,15,702
38085,2,15,15,702
38086,2,4,4,702
38087,2,15,15,702
38088,2,15,15,702
38089,2,15,15,702
38090,2,15,15,702
38091,2,15,4,702
38092,2,15,15,702
38093,2,15,15,702
38094,2,4,4,702
38095,2,15,15,702
38096,2,15,15,702
38097,2,15,15,702
38098,2,15,15,702
38099,2,15,15,702
38100,2,15,15,702
38101,2,15,15,702
38102,2,15,15,702
38103,2,15,15,702
38104,2,15,15,702
38105,2,15,15,702
38106,2,15,21,702
38107,2,15,15,702
38108,2,4,15,702
38109,2,15,15,702
38110,2,15,15,702
38111,2,15,15,702
38112,2,15,15,702
38113,2,15,15,702
38114,2,15,15,702
38115,2,15,15,702
38116,2,4,4,702
38117,2,15,15,702
38118,2,15,15,702
38119,2,15,15,702
38120,2,15,15,702
38121,2,15,15,702
38122,2,15,15,702
38123,2,15,15,702
38124,2,39,39,702
38125,2,15,15,702
38126,2,15,15,702
38127,2,21,21,702
38128,2,15,15,702
38129,2,15,15,702
38130,2,15,15,702
38131,2,15,15,702
38132,2,15,15,702
38133,2,15,15,702
38134,2,15,15,702
38135,2,15,15,702
38136,2,15,15,702
38137,2,15,15,702
38138,2,15,15,702
38139,2,15,15,702
38140,2,15,15,702
38141,2,15,15,702
38142,2,15,15,702
38143,2,15,15,702
38144,2,15,15,702
38145,2,15,15,702
38146,2,15,15,702
38147,2,15,15,702
38148,2,15,15,702
38149,2,15,15,702
38150,2,15,15,702
38151,2,15,15,702
38152,2,15,15,702
38153,2,4,4,702
38154,2,15,15,702
38155,2,24,24,702
38156,2,15,15,702
38157,2,15,15,702
38158,2,15,15,702
38159,2,15,15,702
38160,2,15,15,702
38161,2,15,15,702
38162,2,39,39,702
38163,2,15,15,702
38164,2,15,15,702
38165,2,15,15,702
38166,2,15,15,702
38167,2,15,15,702
38168,2,15,15,702
38169,2,4,4,702
38170,2,15,15,702
38171,2,15,15,702
38172,2,15,15,702
38173,2,15,15,702
38174,2,15,15,702
38175,2,15,15,702
38176,2,39,39,702
38177,2,15,15,702
38178,2,15,15,702
38179,2,15,15,702
38180,2,15,15,702
38181,2,15,15,702
38182,2,15,15,702
38183,2,21,4,702
38184,2,15,15,702
38185,2,15,15,702
38186,2,15,15,702
38187,2,15,15,702
38188,2,15,15,702
38189,2,15,15,702
38190,2,15,15,702
38191,2,15,15,702
38192,2,15,15,702
38193,2,4,4,702
38194,2,15,15,702
38195,2,15,15,702
38196,2,15,15,702
38197,2,15,15,702
38198,2,15,15,702
38199,2,15,15,702
38200,2,15,15,702
38201,2,15,15,702
38202,2,15,15,702
38203,2,15,15,702
38204,2,15,15,702
38205,2,15,15,702
38206,2,15,15,702
38207,2,15,15,702
38208,2,15,15,702
38209,2,15,15,702
38210,2,15,15,702
38211,2,15,15,702
38212,2,4,4,702
38213,2,15,15,702
38214,2,4,15,702
38215,2,15,15,702
38216,2,15,15,702
38217,2,15,15,702
38218,2,15,15,702
38219,2,15,15,702
38220,2,15,15,702
38221,2,15,15,702
38222,2,15,15,702
38223,2,15,15,702
38224,2,21,21,702
38225,2,4,4,702
38226,2,15,15,702
38227,2,15,15,702
38228,2,15,15,702
38229,2,4,4,702
38230,2,15,15,702
38231,2,15,15,702
38232,2,4,4,702
38233,2,15,15,702
38234,2,15,15,702
38235,2,15,15,702
38236,2,15,15,702
38237,2,15,15,702
38238,2,15,15,702
38239,2,15,15,702
38240,2,15,15,702
38241,2,15,15,702
38242,2,15,15,702
38243,2,15,15,702
38244,2,15,15,702
38245,2,15,15,702
38246,2,15,15,702
38247,2,15,15,702
38248,2,15,15,702
38249,2,15,15,702
38250,2,15,15,702
38251,2,15,15,702
38252,2,15,15,702
38253,2,15,15,702
38254,2,15,15,702
38255,2,15,15,702
38256,2,15,15,702
38257,2,15,15,702
38258,2,15,15,702
38259,2,15,15,702
38260,2,15,15,702
38261,2,15,15,702
38262,2,15,15,702
38263,2,21,15,702
38264,2,15,15,702
38265,2,15,15,702
38266,2,15,15,702
38267,2,15,15,702
38268,2,15,15,702
38269,2,15,15,702
38270,2,15,15,702
38271,2,15,15,702
38272,2,15,15,702
38273,2,15,15,702
38274,2,15,15,702
38275,2,15,15,702
38276,2,4,4,702
38277,2,15,15,702
38278,2,15,15,702
38279,2,24,24,702
38280,2,15,15,702
38281,2,15,15,702
38282,2,15,15,702
38283,2,15,15,702
38284,2,15,15,702
38285,2,15,15,702
38286,2,15,15,702
38287,2,15,15,702
38288,2,15,15,702
38289,2,15,15,702
38290,2,15,15,702
38291,2,15,15,702
38292,2,15,15,702
38293,2,15,15,702
38294,2,15,15,702
38295,2,15,15,702
38296,2,15,15,702
38297,2,15,15,702
38298,2,15,15,702
38299,2,15,15,702
38300,2,15,15,702
38301,2,15,15,702
38302,2,15,15,702
38303,2,15,15,702
38304,2,15,15,702
38305,2,15,15,702
38306,2,15,15,702
38307,2,15,15,702
38308,2,15,15,702
38309,2,15,15,702
38310,2,15,15,702
38311,2,15,15,702
38312,2,15,15,702
38313,2,3,3,702
38314,2,15,15,702
38315,2,15,15,702
38316,2,15,15,702
38317,2,15,15,702
38318,2,15,15,702
38319,2,15,15,702
38320,2,15,15,702
38321,2,15,15,702
38322,2,15,15,702
38323,2,15,15,702
38324,2,15,15,702
38325,2,39,39,702
38326,2,15,15,702
38327,2,15,15,702
38328,2,15,15,702
38329,2,15,15,702
38330,2,15,15,702
38331,2,15,15,702
38332,2,15,15,702
38333,2,15,15,702
38334,2,15,15,702
38335,2,15,15,702
38336,2,15,15,702
38337,2,15,15,702
38338,2,15,15,702
38339,2,15,15,702
38340,2,15,15,702
38341,2,15,15,702
38342,2,15,15,702
38343,2,15,15,702
38344,2,21,21,702
38345,2,15,15,702
38346,2,15,15,702
38347,2,15,15,702
38348,2,15,15,702
38349,2,15,15,702
38350,2,39,39,702
38351,2,15,15,702
38352,2,15,15,702
38353,2,15,15,702
38354,2,15,15,702
38355,2,15,15,702
38356,2,15,15,702
38357,2,15,15,702
38358,2,15,15,702
38359,2,15,15,702
38360,2,15,15,702
38361,2,15,15,702
38362,2,15,15,702
38363,2,15,15,702
38364,2,15,15,702
38365,2,15,15,702
38366,2,4,4,702
38367,2,15,15,702
38368,2,15,15,702
38369,2,15,15,702
38370,2,15,15,702
38371,2,21,21,702
38372,2,15,15,702
38373,2,15,15,702
38374,2,15,15,702
38375,2,15,15,702
38376,2,15,15,702
38377,2,15,15,702
38378,2,15,15,702
38379,2,15,15,702
38380,2,15,15,702
38381,2,15,15,702
38382,2,15,15,702
38383,2,15,15,702
38384,2,15,15,702
38385,2,15,15,702
38386,2,15,15,702
38387,2,15,15,702
38388,2,15,15,702
38389,2,15,15,702
38390,2,21,15,702
38391,2,15,15,702
38392,2,15,15,702
38393,2,15,15,702
38394,2,15,15,702
38395,2,15,15,702
38396,2,15,15,702
38397,2,15,15,702
38398,2,15,15,702
38399,2,15,15,702
38400,2,15,15,702
38401,2,15,15,702
38402,2,15,15,702
38403,2,15,15,702
38404,2,15,15,702
38405,2,15,15,702
38406,2,15,15,702
38407,2,15,15,702
38408,2,15,15,702
38409,2,15,15,702
38410,2,15,15,702
38411,2,15,15,702
38412,2,15,15,702
38413,2,15,15,702
38414,2,15,15,702
38415,2,15,15,702
38416,2,3,3,702
38417,2,15,15,702
38418,2,15,15,702
38419,2,15,15,702
38420,2,15,15,702
38421,2,15,15,702
38422,2,15,15,702
38423,2,15,15,702
38424,2,15,15,702
38425,2,15,15,702
38426,2,15,15,702
38427,2,15,15,702
38428,2,15,15,702
38429,2,15,15,702
38430,2,15,15,702
38431,2,15,15,702
38432,2,15,15,702
38433,2,15,15,702
38434,2,15,15,702
38435,2,15,15,702
38436,2,15,15,702
38437,2,15,15,702
38438,2,15,15,702
38439,2,15,15,702
38440,2,15,15,702
38441,2,15,15,702
38442,2,15,15,702
38443,2,15,15,702
38444,2,15,15,702
38445,2,15,15,702
38446,2,15,15,702
38447,2,15,15,702
38448,2,15,15,702
38449,2,15,15,702
38450,2,15,15,702
38451,2,15,15,702
38452,2,15,15,702
38453,2,15,15,702
38454,2,15,15,702
38455,2,15,15,702
38456,2,15,15,702
38457,2,15,15,702
38458,2,15,15,702
38459,2,15,15,702
38460,2,15,15,702
38461,2,15,15,702
38462,2,15,15,702
38463,2,15,15,702
38464,2,15,15,702
38465,2,15,15,702
38466,2,15,15,702
38467,2,15,15,702
38468,2,15,15,702
38469,2,4,4,702
38470,2,15,15,702
38471,2,15,15,702
38472,2,15,15,702
38473,2,15,15,702
38474,2,15,15,702
38475,2,15,15,702
38476,2,15,15,702
38477,2,15,15,702
38478,2,15,15,702
38479,2,15,15,702
38480,2,15,15,702
38481,2,15,15,702
38482,2,15,15,702
38483,2,15,15,702
38484,2,15,15,702
38485,2,15,15,702
38486,2,15,15,702
38487,2,15,15,702
38488,2,15,15,702
38489,2,15,15,702
38490,2,15,15,702
38491,2,15,15,702
38492,2,15,15,702
38493,2,15,15,702
38494,2,15,15,702
38495,2,15,15,702
38496,2,15,15,702
38497,2,15,15,702
38498,2,15,15,702
38499,2,15,15,702
38500,2,15,15,702
38501,2,15,15,702
38502,2,15,15,702
38503,2,15,15,702
38504,2,15,15,702
38505,2,15,15,702
38506,2,15,15,702
38507,2,15,15,702
38508,2,15,15,702
38509,2,15,15,702
38510,2,15,15,702
38511,2,15,15,702
38512,2,15,15,702
38513,2,15,15,702
38514,2,15,15,702
38515,2,15,15,702
38516,2,15,15,702
38517,2,15,15,702
38518,2,15,15,702
38519,2,15,15,702
38520,2,15,15,702
38521,2,15,15,702
38522,2,15,15,702
38523,2,15,15,702
38524,2,15,15,702
38525,2,15,15,702
38526,2,15,15,702
38527,2,15,15,702
38528,2,15,15,702
38529,2,15,15,702
38530,2,15,15,702
38531,2,15,15,702
38532,2,15,15,702
38533,2,15,15,702
38534,2,15,15,702
38535,2,15,15,702
38536,2,15,15,702
38537,2,15,15,702
38538,2,15,15,702
38539,2,4,4,702
38540,2,15,15,702
38541,2,15,15,702
38542,2,41,41,702
38543,2,15,15,702
38544,2,15,15,702
38545,2,15,15,702
38546,2,12,12,702
38547,2,41,15,702
38548,2,15,15,702
38549,2,15,15,702
38550,2,15,15,702
38551,2,15,15,702
38552,2,15,15,702
38553,2,15,15,702
38554,2,33,33,702
38555,2,15,15,702
38556,2,15,15,702
38557,2,15,15,702
38558,2,4,4,702
38559,2,15,15,702
38560,2,41,41,702
38561,2,15,15,702
38562,2,15,15,702
38563,2,15,15,702
38564,2,15,15,702
38565,2,15,15,702
38566,2,15,15,702
38567,2,15,15,702
38568,2,15,15,702
38569,2,15,15,702
38570,2,15,15,702
38571,2,15,15,702
38572,2,15,15,702
38573,2,15,15,702
38574,2,15,15,702
38575,2,15,15,702
38576,2,4,4,702
38577,2,15,15,702
38578,2,3,3,702
38579,2,15,15,702
38580,2,15,15,702
38581,2,15,15,702
38582,2,15,15,702
38583,2,15,15,702
38584,2,15,15,702
38585,2,15,15,702
38586,2,15,15,702
38587,2,15,15,702
38588,2,15,15,702
38589,2,15,4,702
38590,2,41,41,702
38591,2,15,15,702
38592,2,4,4,702
38593,2,15,15,702
38594,2,15,15,702
38595,2,15,15,702
38596,2,15,15,702
38597,2,15,15,702
38598,2,15,15,702
38599,2,15,15,702
38600,2,39,15,702
38601,2,15,15,702
38602,2,15,15,702
38603,2,15,15,702
38604,2,9,9,702
38605,2,15,15,702
38606,2,15,15,702
38607,2,15,15,702
38608,2,15,15,702
38609,2,4,4,702
38610,2,15,15,702
38611,2,15,15,702
38612,2,15,15,702
38613,2,15,15,702
38614,2,15,15,702
38615,2,15,15,702
38616,2,4,4,702
38617,2,15,15,702
38618,2,15,15,702
38619,2,15,15,702
38620,2,15,15,702
38621,2,15,15,702
38622,2,15,15,702
38623,2,15,15,702
38624,2,15,15,702
38625,2,4,4,702
38626,2,15,15,702
38627,2,15,15,702
38628,2,15,15,702
38629,2,15,15,702
38630,2,15,15,702
38631,2,15,15,702
38632,2,15,15,702
38633,2,21,21,702
38634,2,15,15,702
38635,2,15,15,702
38636,2,15,15,702
38637,2,15,15,702
38638,2,15,15,702
38639,2,15,15,702
38640,2,15,15,702
38641,2,15,15,702
38642,2,15,15,702
38643,2,15,15,702
38644,2,39,39,702
38645,2,15,15,702
38646,2,15,15,702
38647,2,15,15,702
38648,2,15,15,702
38649,2,15,15,702
38650,2,15,15,702
38651,2,15,15,702
38652,2,15,15,702
38653,2,15,15,702
38654,2,15,15,702
38655,2,15,15,702
38656,2,39,3,702
38657,2,4,4,702
38658,2,15,15,702
38659,2,15,15,702
38660,2,21,15,702
38661,2,15,15,702
38662,2,3,3,702
38663,2,15,15,702
38664,2,15,15,702
38665,2,15,15,702
38666,2,15,15,702
38667,2,15,15,702
38668,2,15,15,702
38669,2,15,15,702
38670,2,4,4,702
38671,2,15,15,702
38672,2,15,15,702
38673,2,15,15,702
38674,2,15,15,702
38675,2,15,4,702
38676,2,15,15,702
38677,2,15,15,702
38678,2,15,15,702
38679,2,15,15,702
38680,2,15,15,702
38681,2,15,15,702
38682,2,41,41,702
38683,2,15,15,702
38684,2,15,15,702
38685,2,15,15,702
38686,2,15,15,702
38687,2,15,15,702
38688,2,15,15,702
38689,2,15,15,702
38690,2,15,15,702
38691,2,41,41,702
38692,2,15,15,702
38693,2,20,15,702
38694,2,15,15,702
38695,2,15,15,702
38696,2,15,15,702
38697,2,15,4,702
38698,2,15,15,702
38699,2,15,15,702
38700,2,15,15,702
38701,2,15,15,702
38702,2,15,15,702
38703,2,15,15,702
38704,2,15,15,702
38705,2,15,15,702
38706,2,41,41,702
38707,2,15,15,702
38708,2,15,15,702
38709,2,15,15,702
38710,2,15,15,702
38711,2,4,4,702
38712,2,15,15,702
38713,2,15,15,702
38714,2,15,15,702
38715,2,15,15,702
38716,2,15,15,702
38717,2,15,15,702
38718,2,15,15,702
38719,2,15,15,702
38720,2,39,39,702
38721,2,15,15,702
38722,2,15,15,702
38723,2,15,15,702
38724,2,15,15,702
38725,2,15,15,702
38726,2,15,15,702
38727,2,15,15,702
38728,2,15,15,702
38729,2,15,15,702
38730,2,15,15,702
38731,2,15,15,702
38732,2,15,15,702
38733,2,15,15,702
38734,2,3,3,702
38735,2,4,4,702
38736,2,15,15,702
38737,2,15,15,702
38738,2,15,15,702
38739,2,15,15,702
38740,2,15,15,702
38741,2,15,15,702
38742,2,15,15,702
38743,2,15,15,702
38744,2,15,15,702
38745,2,15,15,702
38746,2,15,15,702
38747,2,15,15,702
38748,2,15,15,702
38749,2,15,15,702
38750,2,15,15,702
38751,2,15,15,702
38752,2,15,15,702
38753,2,15,15,702
38754,2,15,15,702
38755,2,15,15,702
38756,2,15,15,702
38757,2,15,15,702
38758,2,15,15,702
38759,2,39,39,702
38760,2,15,15,702
38761,2,15,15,702
38762,2,15,15,702
38763,2,15,15,702
38764,2,15,15,702
38765,2,4,4,702
38766,2,15,15,702
38767,2,4,4,702
38768,2,15,15,702
38769,2,15,15,702
38770,2,15,39,702
38771,2,15,15,702
38772,2,15,15,702
38773,2,15,15,702
38774,2,15,15,702
38775,2,15,15,702
38776,2,15,15,702
38777,2,15,15,702
38778,2,15,15,702
38779,2,15,15,702
38780,2,15,15,702
38781,2,15,15,702
38782,2,15,15,702
38783,2,15,15,702
38784,2,15,15,702
38785,2,15,15,702
38786,2,15,15,702
38787,2,15,15,702
38788,2,15,15,702
38789,2,15,15,702
38790,2,39,15,702
38791,2,15,15,702
38792,2,4,15,702
38793,2,15,15,702
38794,2,15,15,702
38795,2,15,15,702
38796,2,15,15,702
38797,2,15,15,702
38798,2,15,15,702
38799,2,15,15,702
38800,2,4,4,702
38801,2,15,15,702
38802,2,15,15,702
38803,2,15,15,702
38804,2,15,15,702
38805,2,15,15,702
38806,2,15,15,702
38807,2,15,15,702
38808,2,15,15,702
38809,2,15,15,702
38810,2,15,15,702
38811,2,15,15,702
38812,2,15,15,702
38813,2,15,15,702
38814,2,15,15,702
38815,2,15,15,702
38816,2,41,41,702
38817,2,15,15,702
38818,2,15,15,702
38819,2,15,15,702
38820,2,15,15,702
38821,2,15,15,702
38822,2,15,15,702
38823,2,15,15,702
38824,2,15,15,702
38825,2,15,15,702
38826,2,15,15,702
38827,2,15,15,702
38828,2,15,15,702
38829,2,4,4,702
38830,2,15,15,702
38831,2,15,15,702
38832,2,15,15,702
38833,2,15,15,702
38834,2,15,15,702
38835,2,15,15,702
38836,2,15,15,702
38837,2,15,15,702
38838,2,15,15,702
38839,2,15,15,702
38840,2,15,15,702
38841,2,4,4,702
38842,2,15,15,702
38843,2,15,15,702
38844,2,15,15,702
38845,2,39,39,702
38846,2,15,15,702
38847,2,15,15,702
38848,2,15,15,702
38849,2,15,15,702
38850,2,15,15,702
38851,2,15,15,702
38852,2,15,15,702
38853,2,4,4,702
38854,2,4,15,702
38855,2,15,15,702
38856,2,15,15,702
38857,2,15,15,702
38858,2,4,4,702
38859,2,15,15,702
38860,2,15,15,702
38861,2,15,15,702
38862,2,15,15,702
38863,2,15,15,702
38864,2,15,15,702
38865,2,15,15,702
38866,2,15,15,702
38867,2,15,15,702
38868,2,15,15,702
38869,2,15,15,702
38870,2,15,15,702
38871,2,15,15,702
38872,2,15,15,702
38873,2,15,15,702
38874,2,15,15,702
38875,2,15,15,702
38876,2,15,15,702
38877,2,15,15,702
38878,2,15,15,702
38879,2,15,15,702
38880,2,15,15,702
38881,2,21,15,702
38882,2,15,15,702
38883,2,15,15,702
38884,2,15,15,702
38885,2,15,15,702
38886,2,15,15,702
38887,2,15,15,702
38888,2,15,15,702
38889,2,15,15,702
38890,2,15,4,702
38891,2,15,15,702
38892,2,15,15,702
38893,2,4,4,702
38894,2,15,11,702
38895,2,15,15,702
38896,2,15,15,702
38897,2,4,4,702
38898,2,15,15,702
38899,2,15,15,702
38900,2,15,15,702
38901,2,15,15,702
38902,2,15,15,702
38903,2,15,15,702
38904,2,15,15,702
38905,2,15,15,702
38906,2,15,15,702
38907,2,15,15,702
38908,2,15,15,702
38909,2,15,15,702
38910,2,15,15,702
38911,2,15,15,702
38912,2,15,15,702
38913,2,15,15,702
38914,2,15,15,702
38915,2,4,4,702
38916,2,15,15,702
38917,2,15,15,702
38918,2,15,15,702
38919,2,15,15,702
38920,2,15,15,702
38921,2,15,15,702
38922,2,15,15,702
38923,2,15,15,702
38924,2,15,15,702
38925,2,15,15,702
38926,2,15,15,702
38927,2,15,15,702
38928,2,15,15,702
38929,2,15,4,702
38930,2,15,15,702
38931,2,4,4,702
38932,2,15,15,702
38933,2,15,15,702
38934,2,15,15,702
38935,2,15,15,702
38936,2,15,15,702
38937,2,15,15,702
38938,2,15,15,702
38939,2,15,15,702
38940,2,15,15,702
38941,2,15,15,702
38942,2,15,15,702
38943,2,15,15,702
38944,2,15,15,702
38945,2,15,15,702
38946,2,15,15,702
38947,2,15,15,702
38948,2,15,15,702
38949,2,15,15,702
38950,2,15,15,702
38951,2,15,15,702
38952,2,15,15,702
38953,2,15,15,702
38954,2,15,15,702
38955,2,15,15,702
38956,2,15,15,702
38957,2,15,15,702
38958,2,15,15,702
38959,2,15,15,702
38960,2,15,15,702
38961,2,15,15,702
38962,2,3,3,702
38963,2,15,15,702
38964,2,41,41,702
38965,2,15,15,702
38966,2,15,15,702
38967,2,15,15,702
38968,2,15,15,702
38969,2,15,15,702
38970,2,15,15,702
38971,2,15,15,702
38972,2,15,15,702
38973,2,15,15,702
38974,2,15,15,702
38975,2,15,15,702
38976,2,15,15,702
38977,2,15,15,702
38978,2,15,15,702
38979,2,39,39,702
38980,2,15,15,702
38981,2,15,15,702
38982,2,15,15,702
38983,2,15,15,702
38984,2,41,41,702
38985,2,15,15,702
38986,2,15,15,702
38987,2,15,15,702
38988,2,15,15,702
38989,2,15,15,702
38990,2,15,15,702
38991,2,15,15,702
38992,2,15,15,702
38993,2,15,15,702
38994,2,15,15,702
38995,2,15,15,702
38996,2,4,4,702
38997,2,15,15,702
38998,2,15,15,702
38999,2,15,15,702
39000,2,15,15,702
39001,2,15,15,702
39002,2,15,15,702
39003,2,15,15,702
39004,2,15,15,702
39005,2,15,15,702
39006,2,15,15,702
39007,2,15,15,702
39008,2,15,15,702
39009,2,15,15,702
39010,2,15,15,702
39011,2,15,15,702
39012,2,15,15,702
39013,2,15,15,702
39014,2,15,15,702
39015,2,15,15,702
39016,2,15,15,702
39017,2,15,15,702
39018,2,15,11,702
39019,2,15,15,702
39020,2,15,15,702
39021,2,15,15,702
39022,2,15,15,702
39023,2,15,15,702
39024,2,4,4,702
39025,2,15,15,702
39026,2,15,15,702
39027,2,15,15,702
39028,2,15,15,702
39029,2,15,15,702
39030,2,15,15,702
39031,2,15,15,702
39032,2,15,15,702
39033,2,15,15,702
39034,2,15,15,702
39035,2,15,15,702
39036,2,15,15,702
39037,2,15,15,702
39038,2,15,15,702
39039,2,15,15,702
39040,2,15,15,702
39041,2,15,15,702
39042,2,15,15,702
39043,2,15,15,702
39044,2,15,15,702
39045,2,15,15,702
39046,2,15,15,702
39047,2,15,15,702
39048,2,15,15,702
39049,2,4,4,702
39050,2,15,15,702
39051,2,15,15,702
39052,2,15,15,702
39053,2,15,15,702
39054,2,15,15,702
39055,2,15,15,702
39056,2,15,15,702
39057,2,15,15,702
39058,2,15,15,702
39059,2,15,15,702
39060,2,15,15,702
39061,2,15,15,702
39062,2,4,4,702
39063,2,15,15,702
39064,2,4,4,702
39065,2,15,15,702
39066,2,15,15,702
39067,2,15,15,702
39068,2,15,15,702
39069,2,15,15,702
39070,2,15,15,702
39071,2,15,15,702
39072,2,15,15,702
39073,2,15,15,702
39074,2,15,15,702
39075,2,15,15,702
39076,2,15,15,702
39077,2,15,15,702
39078,2,15,15,702
39079,2,15,15,702
39080,2,15,15,702
39081,2,15,15,702
39082,2,15,15,702
39083,2,15,15,702
39084,2,15,15,702
39085,2,15,15,702
39086,2,15,15,702
39087,2,15,15,702
39088,2,15,15,702
39089,2,15,15,702
39090,2,3,3,702
39091,2,15,15,702
39092,2,15,15,702
39093,2,15,15,702
39094,2,15,15,702
39095,2,15,15,702
39096,2,15,15,702
39097,2,15,15,702
39098,2,15,15,702
39099,2,15,15,702
39100,2,3,4,702
39101,2,15,15,702
39102,2,15,15,702
39103,2,15,15,702
39104,2,15,15,702
39105,2,15,15,702
39106,2,15,15,702
39107,2,15,15,702
39108,2,15,15,702
39109,2,15,15,702
39110,2,15,15,702
39111,2,15,15,702
39112,2,15,15,702
39113,2,15,15,702
39114,2,15,15,702
39115,2,4,4,702
39116,2,15,15,702
39117,2,15,15,702
39118,2,4,4,702
39119,2,15,15,702
39120,2,15,15,702
39121,2,15,15,702
39122,2,15,15,702
39123,2,15,15,702
39124,2,15,15,702
39125,2,4,4,702
39126,2,15,15,702
39127,2,15,15,702
39128,2,15,15,702
39129,2,15,15,702
39130,2,15,15,702
39131,2,15,15,702
39132,2,15,15,702
39133,2,15,15,702
39134,2,15,15,702
39135,2,15,15,702
39136,2,15,15,702
39137,2,15,15,702
39138,2,15,15,702
39139,2,21,15,702
39140,2,15,15,702
39141,2,15,15,702
39142,2,15,15,702
39143,2,15,15,702
39144,2,15,15,702
39145,2,39,15,702
39146,2,15,15,702
39147,2,15,15,702
39148,2,15,15,702
39149,2,15,15,702
39150,2,15,21,702
39151,2,15,15,702
39152,2,15,15,702
39153,2,15,15,702
39154,2,15,15,702
39155,2,41,41,702
39156,2,15,15,702
39157,2,15,15,702
39158,2,15,15,702
39159,2,15,15,702
39160,2,15,15,702
39161,2,15,15,702
39162,2,15,15,702
39163,2,4,4,702
39164,2,15,15,702
39165,2,15,3,702
39166,2,15,15,702
39167,2,15,15,702
39168,2,15,15,702
39169,2,15,15,702
39170,2,15,15,702
39171,2,15,15,702
39172,2,15,15,702
39173,2,15,15,702
39174,2,15,15,702
39175,2,21,15,702
39176,2,15,15,702
39177,2,15,15,702
39178,2,15,15,702
39179,2,15,41,702
39180,2,15,15,702
39181,2,15,15,702
39182,2,15,15,702
39183,2,15,15,702
39184,2,15,15,702
39185,2,15,15,702
39186,2,15,15,702
39187,2,15,15,702
39188,2,15,15,702
39189,2,15,15,702
39190,2,15,15,702
39191,2,15,15,702
39192,2,15,15,702
39193,2,15,15,702
39194,2,15,15,702
39195,2,15,15,702
39196,2,15,15,702
39197,2,15,15,702
39198,2,15,15,702
39199,2,15,15,702
39200,2,15,15,702
39201,2,15,15,702
39202,2,15,15,702
39203,2,15,15,702
39204,2,15,15,702
39205,2,15,15,702
39206,2,21,15,702
39207,2,15,15,702
39208,2,15,15,702
39209,2,15,15,702
39210,2,15,15,702
39211,2,15,15,702
39212,2,15,15,702
39213,2,15,4,702
39214,2,15,15,702
39215,2,15,15,702
39216,2,15,15,702
39217,2,15,15,702
39218,2,15,15,702
39219,2,15,15,702
39220,2,15,15,702
39221,2,15,15,702
39222,2,15,15,702
39223,2,15,15,702
39224,2,15,15,702
39225,2,15,15,702
39226,2,15,15,702
39227,2,15,15,702
39228,2,20,15,702
39229,2,15,15,702
39230,2,15,15,702
39231,2,15,15,702
39232,2,15,15,702
39233,2,15,15,702
39234,2,15,15,702
39235,2,15,15,702
39236,2,15,15,702
39237,2,15,15,702
39238,2,15,15,702
39239,2,15,15,702
39240,2,15,15,702
39241,2,15,15,702
39242,2,15,15,702
39243,2,15,15,702
39244,2,15,15,702
39245,2,15,15,702
39246,2,15,15,702
39247,2,15,15,702
39248,2,15,15,702
39249,2,15,15,702
39250,2,15,15,702
39251,2,4,4,702
39252,2,15,15,702
39253,2,15,15,702
39254,2,15,15,702
39255,2,15,15,702
39256,2,15,15,702
39257,2,15,15,702
39258,2,15,15,702
39259,2,15,15,702
39260,2,15,15,702
39261,2,15,4,702
39262,2,15,15,702
39263,2,15,15,702
39264,2,21,15,702
39265,2,15,15,702
39266,2,15,15,702
39267,2,15,15,702
39268,2,15,15,702
39269,2,15,15,702
39270,2,15,15,702
39271,2,15,15,702
39272,2,15,15,702
39273,2,15,15,702
39274,2,15,15,702
39275,2,15,15,702
39276,2,15,15,702
39277,2,15,15,702
39278,2,15,15,702
39279,2,15,15,702
39280,2,15,15,702
39281,2,15,15,702
39282,2,15,15,702
39283,2,15,15,702
39284,2,15,15,702
39285,2,15,15,702
39286,2,15,15,702
39287,2,15,15,702
39288,2,15,15,702
39289,2,15,15,702
39290,2,15,15,702
39291,2,15,15,702
39292,2,15,15,702
39293,2,15,15,702
39294,2,15,15,702
39295,2,15,15,702
39296,2,15,15,702
39297,2,15,15,702
39298,2,15,15,702
39299,2,15,15,702
39300,2,15,15,702
39301,2,15,15,702
39302,2,15,15,702
39303,2,15,15,702
39304,2,15,15,702
39305,2,15,15,702
39306,2,15,15,702
39307,2,15,4,702
39308,2,15,15,702
39309,2,15,15,702
39310,2,15,15,702
39311,2,15,15,702
39312,2,15,15,702
39313,2,3,3,702
39314,2,15,15,702
39315,2,15,15,702
39316,2,15,15,702
39317,2,15,15,702
39318,2,15,15,702
39319,2,15,15,702
39320,2,15,15,702
39321,2,15,15,702
39322,2,15,15,702
39323,2,15,15,702
39324,2,15,15,702
39325,2,15,15,702
39326,2,15,15,702
39327,2,15,15,702
39328,2,15,15,702
39329,2,15,15,702
39330,2,15,15,702
39331,2,15,15,702
39332,2,15,15,702
39333,2,15,15,702
39334,2,15,15,702
39335,2,15,15,702
39336,2,15,15,702
39337,2,15,15,702
39338,2,15,15,702
39339,2,15,15,702
39340,2,15,15,702
39341,2,15,15,702
39342,2,15,15,702
39343,2,15,15,702
39344,2,15,15,702
39345,2,15,15,702
39346,2,15,15,702
39347,2,15,15,702
39348,2,15,15,702
39349,2,15,15,702
39350,2,4,15,702
39351,2,15,15,702
39352,2,9,9,702
39353,2,15,15,702
39354,2,15,15,702
39355,2,15,15,702
39356,2,15,15,702
39357,2,15,15,702
39358,2,15,15,702
39359,2,15,15,702
39360,2,15,15,702
39361,2,15,15,702
39362,2,15,15,702
39363,2,15,15,702
39364,2,15,15,702
39365,2,15,15,702
39366,2,4,4,702
39367,2,15,15,702
39368,2,15,15,702
39369,2,15,15,702
39370,2,15,15,702
39371,2,15,15,702
39372,2,15,15,702
39373,2,15,15,702
39374,2,39,39,702
39375,2,15,15,702
39376,2,15,15,702
39377,2,15,15,702
39378,2,21,15,702
39379,2,15,15,702
39380,2,15,15,702
39381,2,15,15,702
39382,2,15,15,702
39383,2,15,15,702
39384,2,15,15,702
39385,2,15,15,702
39386,2,15,15,702
39387,2,15,15,702
39388,2,3,3,702
39389,2,15,15,702
39390,2,15,15,702
39391,2,15,15,702
39392,2,15,15,702
39393,2,15,15,702
39394,2,15,15,702
39395,2,15,15,702
39396,2,3,3,702
39397,2,15,15,702
39398,2,15,15,702
39399,2,15,15,702
39400,2,15,15,702
39401,2,15,15,702
39402,2,15,15,702
39403,2,15,15,702
39404,2,15,15,702
39405,2,15,15,702
39406,2,15,15,702
39407,2,15,15,702
39408,2,15,15,702
39409,2,15,15,702
39410,2,15,15,702
39411,2,15,15,702
39412,2,15,15,702
39413,2,15,15,702
39414,2,15,15,702
39415,2,15,15,702
39416,2,15,15,702
39417,2,15,15,702
39418,2,15,15,702
39419,2,15,15,702
39420,2,15,15,702
39421,2,15,15,702
39422,2,15,15,702
39423,2,15,15,702
39424,2,15,15,702
39425,2,15,15,702
39426,2,15,15,702
39427,2,15,15,702
39428,2,15,15,702
39429,2,21,15,702
39430,2,15,15,702
39431,2,15,15,702
39432,2,15,15,702
39433,2,15,15,702
39434,2,41,41,702
39435,2,15,15,702
39436,2,15,15,702
39437,2,3,3,702
39438,2,15,15,702
39439,2,15,15,702
39440,2,15,4,702
39441,2,15,15,702
39442,2,15,15,702
39443,2,15,15,702
39444,2,4,4,702
39445,2,15,15,702
39446,2,15,15,702
39447,2,15,15,702
39448,2,41,41,702
39449,2,15,15,702
39450,2,15,15,702
39451,2,15,15,702
39452,2,15,15,702
39453,2,15,15,702
39454,2,15,15,702
39455,2,15,15,702
39456,2,15,15,702
39457,2,41,41,702
39458,2,15,15,702
39459,2,15,15,702
39460,2,15,15,702
39461,2,15,15,702
39462,2,15,15,702
39463,2,15,15,702
39464,2,41,41,702
39465,2,15,15,702
39466,2,15,15,702
39467,2,15,15,702
39468,2,15,15,702
39469,2,15,15,702
39470,2,15,15,702
39471,2,15,15,702
39472,2,4,4,702
39473,2,15,15,702
39474,2,15,15,702
39475,2,15,15,702
39476,2,15,15,702
39477,2,15,15,702
39478,2,4,4,702
39479,2,15,15,702
39480,2,15,15,702
39481,2,15,15,702
39482,2,39,41,702
39483,2,15,15,702
39484,2,15,15,702
39485,2,24,24,702
39486,2,15,15,702
39487,2,15,15,702
39488,2,15,15,702
39489,2,15,15,702
39490,2,15,15,702
39491,2,3,3,702
39492,2,15,15,702
39493,2,15,15,702
39494,2,15,15,702
39495,2,15,15,702
39496,2,15,15,702
39497,2,4,4,702
39498,2,15,15,702
39499,2,15,15,702
39500,2,15,15,702
39501,2,15,15,702
39502,2,15,15,702
39503,2,15,15,702
39504,2,15,15,702
39505,2,15,15,702
39506,2,15,15,702
39507,2,15,15,702
39508,2,15,15,702
39509,2,15,15,702
39510,2,15,15,702
39511,2,15,15,702
39512,2,15,15,702
39513,2,41,41,702
39514,2,15,15,702
39515,2,15,15,702
39516,2,15,15,702
39517,2,15,15,702
39518,2,15,15,702
39519,2,15,15,702
39520,2,15,15,702
39521,2,15,15,702
39522,2,15,15,702
39523,2,15,15,702
39524,2,15,15,702
39525,2,15,15,702
39526,2,15,15,702
39527,2,15,15,702
39528,2,15,15,702
39529,2,15,15,702
39530,2,15,15,702
39531,2,15,15,702
39532,3,15,15,702
39533,3,15,15,702
39534,3,4,4,702
39535,3,15,15,702
39536,3,15,15,702
39537,3,21,15,702
39538,3,15,3,702
39539,3,15,15,702
39540,3,15,15,702
39541,3,4,4,702
39542,3,21,3,702
39543,3,15,15,702
39544,3,15,15,702
39545,3,15,15,702
39546,3,15,15,702
39547,3,15,15,702
39548,3,15,15,702
39549,3,4,4,702
39550,3,15,15,702
39551,3,15,15,702
39552,3,15,15,702
39553,3,41,41,702
39554,3,15,15,702
39555,3,15,15,702
39556,3,15,15,702
39557,3,15,15,702
39558,3,15,15,702
39559,3,15,15,702
39560,3,15,15,702
39561,3,15,15,702
39562,3,15,15,702
39563,3,15,15,702
39564,3,15,15,702
39565,3,15,15,702
39566,3,15,15,702
39567,3,15,15,702
39568,3,15,15,702
39569,3,15,15,702
39570,3,15,15,702
39571,3,15,15,702
39572,3,15,15,702
39573,3,15,15,702
39574,3,15,15,702
39575,3,15,15,702
39576,3,39,41,702
39577,3,15,15,702
39578,3,15,15,702
39579,3,15,15,702
39580,3,15,15,702
39581,3,15,15,702
39582,3,39,41,702
39583,3,15,15,702
39584,3,15,15,702
39585,3,15,15,702
39586,3,15,15,702
39587,3,20,15,702
39588,3,15,15,702
39589,3,15,15,702
39590,3,15,15,702
39591,3,15,15,702
39592,3,15,15,702
39593,3,3,3,702
39594,3,15,15,702
39595,3,15,15,702
39596,3,15,15,702
39597,3,15,15,702
39598,3,15,15,702
39599,3,15,15,702
39600,3,15,15,702
39601,3,15,15,702
39602,3,15,15,702
39603,3,15,15,702
39604,3,15,15,702
39605,3,15,15,702
39606,3,4,4,702
39607,3,15,15,702
39608,3,15,15,702
39609,3,15,15,702
39610,3,15,15,702
39611,3,15,15,702
39612,3,15,15,702
39613,3,15,15,702
39614,3,4,4,702
39615,3,15,15,702
39616,3,15,15,702
39617,3,15,15,702
39618,3,15,15,702
39619,3,15,4,702
39620,3,15,15,702
39621,3,15,15,702
39622,3,15,15,702
39623,3,15,15,702
39624,3,15,15,702
39625,3,15,15,702
39626,3,15,15,702
39627,3,15,15,702
39628,3,15,15,702
39629,3,15,15,702
39630,3,15,15,702
39631,3,15,15,702
39632,3,15,15,702
39633,3,15,15,702
39634,3,15,15,702
39635,3,15,15,702
39636,3,15,15,702
39637,3,15,15,702
39638,3,15,15,702
39639,3,15,15,702
39640,3,15,15,702
39641,3,15,15,702
39642,3,3,3,702
39643,3,15,15,702
39644,3,15,15,702
39645,3,41,41,702
39646,3,15,15,702
39647,3,15,15,702
39648,3,15,15,702
39649,3,15,15,702
39650,3,15,15,702
39651,3,15,15,702
39652,3,15,15,702
39653,3,15,15,702
39654,3,15,15,702
39655,3,15,15,702
39656,3,15,15,702
39657,3,15,15,702
39658,3,15,15,702
39659,3,15,15,702
39660,3,15,15,702
39661,3,15,15,702
39662,3,15,15,702
39663,3,15,15,702
39664,3,15,15,702
39665,3,15,15,702
39666,3,15,15,702
39667,3,4,4,702
39668,3,21,15,702
39669,3,15,15,702
39670,3,15,15,702
39671,3,15,15,702
39672,3,15,15,702
39673,3,15,15,702
39674,3,15,15,702
39675,3,15,15,702
39676,3,15,15,702
39677,3,15,15,702
39678,3,15,15,702
39679,3,15,15,702
39680,3,15,3,702
39681,3,15,15,702
39682,3,15,15,702
39683,3,15,15,702
39684,3,41,41,702
39685,3,15,15,702
39686,3,15,15,702
39687,3,15,15,702
39688,3,15,15,702
39689,3,12,12,702
39690,3,15,15,702
39691,3,15,15,702
39692,3,15,15,702
39693,3,15,15,702
39694,3,15,15,702
39695,3,15,15,702
39696,3,15,15,702
39697,3,15,15,702
39698,3,15,15,702
39699,3,15,15,702
39700,3,15,15,702
39701,3,15,15,702
39702,3,15,15,702
39703,3,15,15,702
39704,3,15,15,702
39705,3,11,11,702
39706,3,15,15,702
39707,3,15,15,702
39708,3,15,15,702
39709,3,15,15,702
39710,3,15,15,702
39711,3,15,15,702
39712,3,15,15,702
39713,3,15,15,702
39714,3,15,15,702
39715,3,15,15,702
39716,3,15,15,702
39717,3,15,15,702
39718,3,15,15,702
39719,3,15,15,702
39720,3,15,15,702
39721,3,15,15,702
39722,3,15,15,702
39723,3,15,15,702
39724,3,15,15,702
39725,3,15,15,702
39726,3,15,15,702
39727,3,3,3,702
39728,3,15,15,702
39729,3,15,15,702
39730,3,15,15,702
39731,3,15,15,702
39732,3,15,15,702
39733,3,15,15,702
39734,3,15,15,702
39735,3,15,15,702
39736,3,15,15,702
39737,3,3,3,702
39738,3,15,15,702
39739,3,15,15,702
39740,3,15,15,702
39741,3,15,15,702
39742,3,15,15,702
39743,3,15,15,702
39744,3,15,15,702
39745,3,15,15,702
39746,3,4,4,702
39747,3,15,15,702
39748,3,41,41,702
39749,3,15,15,702
39750,3,15,15,702
39751,3,15,15,702
39752,3,15,15,702
39753,3,39,41,702
39754,3,15,15,702
39755,3,15,15,702
39756,3,15,15,702
39757,3,15,15,702
39758,3,15,15,702
39759,3,15,15,702
39760,3,15,15,702
39761,3,15,15,702
39762,3,41,41,702
39763,3,15,15,702
39764,3,15,15,702
39765,3,15,15,702
39766,3,15,15,702
39767,3,15,15,702
39768,3,4,4,702
39769,3,15,15,702
39770,3,15,15,702
39771,3,15,15,702
39772,3,15,15,702
39773,3,15,15,702
39774,3,15,15,702
39775,3,15,15,702
39776,3,15,15,702
39777,3,15,15,702
39778,3,15,15,702
39779,3,4,4,702
39780,3,15,15,702
39781,3,15,15,702
39782,3,15,15,702
39783,3,15,15,702
39784,3,15,15,702
39785,3,15,15,702
39786,3,15,15,702
39787,3,15,15,702
39788,3,15,15,702
39789,3,15,15,702
39790,3,4,4,702
39791,3,21,21,702
39792,3,15,15,702
39793,3,15,15,702
39794,3,15,3,702
39795,3,15,15,702
39796,3,15,15,702
39797,3,15,15,702
39798,3,15,15,702
39799,3,15,15,702
39800,3,15,15,702
39801,3,15,15,702
39802,3,15,15,702
39803,3,15,15,702
39804,3,15,15,702
39805,3,15,15,702
39806,3,15,15,702
39807,3,15,15,702
39808,3,15,15,702
39809,3,15,15,702
39810,3,15,4,702
39811,3,15,15,702
39812,3,15,15,702
39813,3,21,15,702
39814,3,15,15,702
39815,3,15,15,702
39816,3,21,21,702
39817,3,3,3,702
39818,3,15,15,702
39819,3,15,15,702
39820,3,15,15,702
39821,3,15,15,702
39822,3,15,15,702
39823,3,15,15,702
39824,3,15,15,702
39825,3,15,15,702
39826,3,15,15,702
39827,3,21,15,702
39828,3,3,3,702
39829,3,15,15,702
39830,3,15,15,702
39831,3,15,15,702
39832,3,15,15,702
39833,3,15,15,702
39834,3,15,15,702
39835,3,15,15,702
39836,3,15,15,702
39837,3,15,15,702
39838,3,15,15,702
39839,3,15,15,702
39840,3,4,4,702
39841,3,15,15,702
39842,3,15,15,702
39843,3,15,15,702
39844,3,15,15,702
39845,3,15,15,702
39846,3,15,15,702
39847,3,15,15,702
39848,3,15,15,702
39849,3,15,15,702
39850,3,15,3,702
39851,3,15,15,702
39852,3,15,15,702
39853,3,15,4,702
39854,3,15,15,702
39855,3,15,15,702
39856,3,15,15,702
39857,3,15,15,702
39858,3,15,15,702
39859,3,4,4,702
39860,3,15,15,702
39861,3,15,15,702
39862,3,3,3,702
39863,3,15,15,702
39864,3,15,15,702
39865,3,15,15,702
39866,3,15,15,702
39867,3,15,15,702
39868,3,15,15,702
39869,3,15,15,702
39870,3,15,15,702
39871,3,21,15,702
39872,3,15,15,702
39873,3,15,15,702
39874,3,21,21,702
39875,3,41,41,702
39876,3,15,15,702
39877,3,15,15,702
39878,3,15,15,702
39879,3,21,15,702
39880,3,15,15,702
39881,3,15,15,702
39882,3,15,15,702
39883,3,15,15,702
39884,3,15,15,702
39885,3,15,15,702
39886,3,15,15,702
39887,3,15,15,702
39888,3,15,15,702
39889,3,15,15,702
39890,3,21,15,702
39891,3,15,15,702
39892,3,15,15,702
39893,3,15,15,702
39894,3,15,15,702
39895,3,4,4,702
39896,3,15,15,702
39897,3,15,15,702
39898,3,15,15,702
39899,3,4,4,702
39900,3,33,33,702
39901,3,15,15,702
39902,3,15,21,702
39903,3,15,15,702
39904,3,15,15,702
39905,3,15,15,702
39906,3,15,15,702
39907,3,15,15,702
39908,3,15,15,702
39909,3,15,15,702
39910,3,15,15,702
39911,3,15,15,702
39912,3,15,15,702
39913,3,15,15,702
39914,3,15,15,702
39915,3,15,15,702
39916,3,3,3,702
39917,3,15,15,702
39918,3,15,15,702
39919,3,15,15,702
39920,3,4,15,702
39921,3,15,15,702
39922,3,15,15,702
39923,3,15,15,702
39924,3,15,15,702
39925,3,15,15,702
39926,3,15,15,702
39927,3,15,15,702
39928,3,15,15,702
39929,3,15,15,702
39930,3,15,15,702
39931,3,21,21,702
39932,3,15,15,702
39933,3,15,15,702
39934,3,15,15,702
39935,3,3,3,702
39936,3,15,15,702
39937,3,15,15,702
39938,3,15,15,702
39939,3,15,15,702
39940,3,15,15,702
39941,3,15,15,702
39942,3,15,15,702
39943,3,15,15,702
39944,3,15,15,702
39945,3,15,15,702
39946,3,15,15,702
39947,3,15,15,702
39948,3,15,15,702
39949,3,3,3,702
39950,3,15,15,702
39951,3,15,15,702
39952,3,15,15,702
39953,3,15,15,702
39954,3,3,3,702
39955,3,15,15,702
39956,3,15,15,702
39957,3,15,15,702
39958,3,21,15,702
39959,3,15,15,702
39960,3,21,15,702
39961,3,15,15,702
39962,3,15,15,702
39963,3,15,15,702
39964,3,15,15,702
39965,3,15,15,702
39966,3,15,15,702
39967,3,15,15,702
39968,3,4,4,702
39969,3,15,15,702
39970,3,15,15,702
39971,3,15,15,702
39972,3,15,15,702
39973,3,15,15,702
39974,3,15,15,702
39975,3,15,15,702
39976,3,15,15,702
39977,3,15,15,702
39978,3,15,15,702
39979,3,15,15,702
39980,3,15,15,702
39981,3,15,15,702
39982,3,15,15,702
39983,3,15,15,702
39984,3,15,15,702
39985,3,15,15,702
39986,3,15,15,702
39987,3,15,15,702
39988,3,15,15,702
39989,3,15,15,702
39990,3,15,15,702
39991,3,41,41,702
39992,3,15,15,702
39993,3,15,15,702
39994,3,15,15,702
39995,3,15,15,702
39996,3,15,15,702
39997,3,15,15,702
39998,3,15,15,702
39999,3,15,15,702
40000,3,15,15,702
40001,3,15,15,702
40002,3,15,15,702
40003,3,15,15,702
40004,3,15,15,702
40005,3,15,15,702
40006,3,15,15,702
40007,3,15,15,702
40008,3,15,15,702
40009,3,21,15,702
40010,3,15,15,702
40011,3,15,15,702
40012,3,15,15,702
40013,3,15,15,702
40014,3,15,15,702
40015,3,15,15,702
40016,3,15,15,702
40017,3,15,15,702
40018,3,15,15,702
40019,3,15,15,702
40020,3,15,15,702
40021,3,15,15,702
40022,3,15,15,702
40023,3,15,15,702
40024,3,41,41,702
40025,3,15,15,702
40026,3,15,15,702
40027,3,15,15,702
40028,3,15,15,702
40029,3,15,15,702
40030,3,15,15,702
40031,3,15,15,702
40032,3,15,15,702
40033,3,15,15,702
40034,3,15,15,702
40035,3,15,15,702
40036,3,15,15,702
40037,3,21,15,702
40038,3,21,15,702
40039,3,3,3,702
40040,3,15,15,702
40041,3,15,15,702
40042,3,15,15,702
40043,3,15,15,702
40044,3,15,15,702
40045,3,15,15,702
40046,3,15,15,702
40047,3,15,15,702
40048,3,15,15,702
40049,3,15,15,702
40050,3,15,15,702
40051,3,15,15,702
40052,3,15,15,702
40053,3,15,15,702
40054,3,9,15,702
40055,3,15,15,702
40056,3,15,15,702
40057,3,15,15,702
40058,3,15,15,702
40059,3,15,15,702
40060,3,15,15,702
40061,3,15,15,702
40062,3,15,15,702
40063,3,15,15,702
40064,3,15,15,702
40065,3,15,15,702
40066,3,15,15,702
40067,3,15,15,702
40068,3,15,15,702
40069,3,15,15,702
40070,3,15,15,702
40071,3,15,15,702
40072,3,21,15,702
40073,3,15,15,702
40074,3,15,15,702
40075,3,15,15,702
40076,3,4,4,702
40077,3,15,15,702
40078,3,15,15,702
40079,3,15,15,702
40080,3,15,15,702
40081,3,15,15,702
40082,3,15,15,702
40083,3,15,15,702
40084,3,15,15,702
40085,3,15,15,702
40086,3,15,15,702
40087,3,15,15,702
40088,3,15,15,702
40089,3,15,15,702
40090,3,15,15,702
40091,3,3,3,702
40092,3,15,15,702
40093,3,15,15,702
40094,3,15,15,702
40095,3,15,15,702
40096,3,15,15,702
40097,3,15,15,702
40098,3,15,15,702
40099,3,15,15,702
40100,3,12,12,702
40101,3,15,15,702
40102,3,15,15,702
40103,3,15,15,702
40104,3,15,15,702
40105,3,15,15,702
40106,3,15,15,702
40107,3,15,15,702
40108,3,15,15,702
40109,3,15,15,702
40110,3,15,15,702
40111,3,15,15,702
40112,3,15,15,702
40113,3,15,15,702
40114,3,15,15,702
40115,3,15,15,702
40116,3,15,15,702
40117,3,4,4,702
40118,3,39,39,702
40119,3,39,39,702
40120,3,4,4,702
40121,3,15,15,702
40122,3,15,15,702
40123,3,15,15,702
40124,3,15,15,702
40125,3,15,15,702
40126,3,15,3,702
40127,3,15,15,702
40128,3,15,15,702
40129,3,15,15,702
40130,3,15,15,702
40131,3,15,15,702
40132,3,15,15,702
40133,3,15,15,702
40134,3,15,15,702
40135,3,4,4,702
40136,3,15,15,702
40137,3,15,15,702
40138,3,3,3,702
40139,3,40,15,702
40140,3,15,15,702
40141,3,21,15,702
40142,3,15,15,702
40143,3,15,15,702
40144,3,15,15,702
40145,3,15,15,702
40146,3,15,15,702
40147,3,15,15,702
40148,3,15,15,702
40149,3,15,15,702
40150,3,15,15,702
40151,3,15,15,702
40152,3,15,15,702
40153,3,15,15,702
40154,3,15,15,702
40155,3,15,15,702
40156,3,15,15,702
40157,3,15,15,702
40158,3,21,15,702
40159,3,15,15,702
40160,3,15,15,702
40161,3,15,15,702
40162,3,15,15,702
40163,3,15,15,702
40164,3,15,15,702
40165,3,15,15,702
40166,3,15,15,702
40167,3,15,15,702
40168,3,15,15,702
40169,3,15,15,702
40170,3,15,15,702
40171,3,15,15,702
40172,3,15,15,702
40173,3,15,15,702
40174,3,15,15,702
40175,3,3,3,702
40176,3,3,3,702
40177,3,15,15,702
40178,3,15,4,702
40179,3,15,15,702
40180,3,15,15,702
40181,3,15,15,702
40182,3,41,41,702
40183,3,15,15,702
40184,3,15,15,702
40185,3,15,15,702
40186,3,15,15,702
40187,3,15,15,702
40188,3,15,15,702
40189,3,15,15,702
40190,3,15,15,702
40191,3,15,15,702
40192,3,15,15,702
40193,3,3,3,702
40194,3,15,15,702
40195,3,15,15,702
40196,3,41,41,702
40197,3,15,15,702
40198,3,15,15,702
40199,3,15,15,702
40200,3,15,15,702
40201,3,15,15,702
40202,3,15,15,702
40203,3,15,15,702
40204,3,15,15,702
40205,3,15,15,702
40206,3,15,15,702
40207,3,15,15,702
40208,3,15,15,702
40209,3,15,15,702
40210,3,21,15,702
40211,3,4,4,702
40212,3,15,15,702
40213,3,15,15,702
40214,3,15,15,702
40215,3,15,15,702
40216,3,15,15,702
40217,3,15,15,702
40218,3,15,15,702
40219,3,3,15,702
40220,3,15,15,702
40221,3,15,15,702
40222,3,15,15,702
40223,3,15,15,702
40224,3,15,15,702
40225,3,15,15,702
40226,3,15,15,702
40227,3,15,15,702
40228,3,15,15,702
40229,3,15,15,702
40230,3,15,15,702
40231,3,15,15,702
40232,3,15,15,702
40233,3,11,11,702
40234,3,15,15,702
40235,3,15,15,702
40236,3,15,15,702
40237,3,15,15,702
40238,3,15,15,702
40239,3,15,15,702
40240,3,15,15,702
40241,3,15,15,702
40242,3,15,15,702
40243,3,15,15,702
40244,3,15,15,702
40245,3,3,3,702
40246,3,3,3,702
40247,3,15,15,702
40248,3,15,15,702
40249,3,15,15,702
40250,3,15,15,702
40251,3,15,15,702
40252,3,15,15,702
40253,3,15,15,702
40254,3,15,15,702
40255,3,15,15,702
40256,3,15,15,702
40257,3,15,15,702
40258,3,15,15,702
40259,3,15,15,702
40260,3,15,15,702
40261,3,15,15,702
40262,3,15,15,702
40263,3,15,15,702
40264,3,15,15,702
40265,3,15,15,702
40266,3,15,15,702
40267,3,15,15,702
40268,3,15,15,702
40269,3,15,15,702
40270,3,15,15,702
40271,3,15,15,702
40272,3,15,15,702
40273,3,15,15,702
40274,3,15,15,702
40275,3,15,15,702
40276,3,15,15,702
40277,3,15,15,702
40278,3,15,15,702
40279,3,15,15,702
40280,3,39,15,702
40281,3,15,15,702
40282,3,15,15,702
40283,3,3,3,702
40284,3,15,15,702
40285,3,9,15,702
40286,3,15,15,702
40287,3,15,15,702
40288,3,15,15,702
40289,3,15,15,702
40290,3,15,15,702
40291,3,15,15,702
40292,3,15,15,702
40293,3,15,15,702
40294,3,15,15,702
40295,3,15,15,702
40296,3,15,15,702
40297,3,15,15,702
40298,3,15,15,702
40299,3,15,15,702
40300,3,15,15,702
40301,3,15,15,702
40302,3,9,9,702
40303,3,15,15,702
40304,3,15,15,702
40305,3,15,15,702
40306,3,3,3,702
40307,3,15,15,702
40308,3,15,15,702
40309,3,4,4,702
40310,3,4,4,702
40311,3,15,15,702
40312,3,15,15,702
40313,3,15,15,702
40314,3,15,15,702
40315,3,15,15,702
40316,3,15,15,702
40317,3,15,15,702
40318,3,15,15,702
40319,3,15,15,702
40320,3,15,15,702
40321,3,15,15,702
40322,3,15,15,702
40323,3,15,15,702
40324,3,15,15,702
40325,3,15,15,702
40326,3,15,15,702
40327,3,15,15,702
40328,3,15,15,702
40329,3,15,15,702
40330,3,15,15,702
40331,3,15,15,702
40332,3,15,15,702
40333,3,15,15,702
40334,3,15,15,702
40335,3,15,15,702
40336,3,15,15,702
40337,3,15,15,702
40338,3,15,15,702
40339,3,15,15,702
40340,3,15,15,702
40341,3,15,15,702
40342,3,41,41,702
40343,3,15,15,702
40344,3,15,15,702
40345,3,15,15,702
40346,3,15,15,702
40347,3,15,15,702
40348,3,3,3,702
40349,3,15,15,702
40350,3,3,3,702
40351,3,15,15,702
40352,3,15,15,702
40353,3,15,15,702
40354,3,15,15,702
40355,3,15,15,702
40356,3,15,15,702
40357,3,15,15,702
40358,3,15,15,702
40359,3,15,15,702
40360,3,15,15,702
40361,3,15,15,702
40362,3,15,15,702
40363,3,15,15,702
40364,3,15,15,702
40365,3,15,15,702
40366,3,15,15,702
40367,3,15,15,702
40368,3,15,15,702
40369,3,3,15,702
40370,3,15,15,702
40371,3,15,15,702
40372,3,15,15,702
40373,3,15,15,702
40374,3,15,15,702
40375,3,15,15,702
40376,3,15,15,702
40377,3,15,15,702
40378,3,15,15,702
40379,3,15,15,702
40380,3,15,15,702
40381,3,15,15,702
40382,3,15,15,702
40383,3,15,15,702
40384,3,15,15,702
40385,3,15,15,702
40386,3,15,15,702
40387,3,15,15,702
40388,3,3,3,702
40389,3,15,15,702
40390,3,4,4,702
40391,3,15,15,702
40392,3,15,15,702
40393,3,15,15,702
40394,3,15,15,702
40395,3,15,3,702
40396,3,15,15,702
40397,3,15,15,702
40398,3,21,21,702
40399,3,4,4,702
40400,3,15,15,702
40401,3,15,15,702
40402,3,15,15,702
40403,3,15,15,702
40404,3,15,15,702
40405,3,39,39,702
40406,3,15,15,702
40407,3,15,15,702
40408,3,15,15,702
40409,3,3,3,702
40410,3,15,15,702
40411,3,15,15,702
40412,3,15,15,702
40413,3,9,15,702
40414,3,15,15,702
40415,3,15,15,702
40416,3,3,3,702
40417,3,15,15,702
40418,3,15,15,702
40419,3,15,15,702
40420,3,15,15,702
40421,3,15,15,702
40422,3,15,15,702
40423,3,15,15,702
40424,3,4,15,702
40425,3,15,15,702
40426,3,21,15,702
40427,3,15,15,702
40428,3,15,15,702
40429,3,3,3,702
40430,3,15,15,702
40431,3,15,15,702
40432,3,15,15,702
40433,3,15,15,702
40434,3,15,15,702
40435,3,15,15,702
40436,3,39,39,702
40437,3,15,15,702
40438,3,15,15,702
40439,3,15,15,702
40440,3,15,15,702
40441,3,15,15,702
40442,3,15,15,702
40443,3,3,3,702
40444,3,15,15,702
40445,3,15,15,702
40446,3,15,15,702
40447,3,15,15,702
40448,3,15,15,702
40449,3,15,15,702
40450,3,21,21,702
40451,3,15,15,702
40452,3,15,15,702
40453,3,15,15,702
40454,3,15,15,702
40455,3,15,15,702
40456,3,15,15,702
40457,3,15,15,702
40458,3,15,15,702
40459,3,15,15,702
40460,3,15,15,702
40461,3,15,15,702
40462,3,15,15,702
40463,3,15,15,702
40464,3,15,15,702
40465,3,15,15,702
40466,3,4,4,702
40467,3,15,15,702
40468,3,15,15,702
40469,3,15,15,702
40470,3,15,15,702
40471,3,39,39,702
40472,3,15,15,702
40473,3,15,15,702
40474,3,15,15,702
40475,3,15,15,702
40476,3,15,15,702
40477,3,15,15,702
40478,3,15,15,702
40479,3,15,15,702
40480,3,15,15,702
40481,3,15,15,702
40482,3,15,15,702
40483,3,4,4,702
40484,3,15,15,702
40485,3,15,15,702
40486,3,4,4,702
40487,3,15,15,702
40488,3,15,15,702
40489,3,15,15,702
40490,3,15,15,702
40491,3,15,15,702
40492,3,15,15,702
40493,3,15,15,702
40494,3,15,15,702
40495,3,15,15,702
40496,3,15,15,702
40497,3,15,15,702
40498,3,15,15,702
40499,3,4,4,702
40500,3,15,15,702
40501,3,15,15,702
40502,3,15,15,702
40503,3,15,15,702
40504,3,15,3,702
40505,3,15,15,702
40506,3,15,15,702
40507,3,15,15,702
40508,3,15,15,702
40509,3,15,15,702
40510,3,15,15,702
40511,3,15,15,702
40512,3,15,15,702
40513,3,15,15,702
40514,3,15,15,702
40515,3,15,15,702
40516,3,15,15,702
40517,3,15,15,702
40518,3,15,15,702
40519,3,15,15,702
40520,3,15,15,702
40521,3,15,15,702
40522,3,15,15,702
40523,3,15,15,702
40524,3,15,15,702
40525,3,15,15,702
40526,3,15,15,702
40527,3,15,15,702
40528,3,3,3,702
40529,3,3,3,702
40530,3,15,15,702
40531,3,15,15,702
40532,3,15,15,702
40533,3,15,15,702
40534,3,15,15,702
40535,3,15,15,702
40536,3,15,15,702
40537,3,15,15,702
40538,3,15,15,702
40539,3,15,15,702
40540,3,4,4,702
40541,3,15,15,702
40542,3,15,15,702
40543,3,15,15,702
40544,3,15,15,702
40545,3,15,15,702
40546,3,15,15,702
40547,3,15,15,702
40548,3,15,15,702
40549,3,15,15,702
40550,3,15,15,702
40551,3,15,15,702
40552,3,15,15,702
40553,3,15,15,702
40554,3,15,15,702
40555,3,15,15,702
40556,3,15,15,702
40557,3,15,15,702
40558,3,4,4,702
40559,3,15,15,702
40560,3,15,15,702
40561,3,15,15,702
40562,3,15,15,702
40563,3,15,15,702
40564,3,15,15,702
40565,3,15,15,702
40566,3,15,15,702
40567,3,15,15,702
40568,3,15,15,702
40569,3,15,15,702
40570,3,15,15,702
40571,3,15,15,702
40572,3,15,15,702
40573,3,15,15,702
40574,3,15,15,702
40575,3,15,15,702
40576,3,15,15,702
40577,3,21,21,702
40578,3,15,15,702
40579,3,15,15,702
40580,3,15,15,702
40581,3,15,15,702
40582,3,15,15,702
40583,3,15,15,702
40584,3,15,15,702
40585,3,15,15,702
40586,3,15,15,702
40587,3,3,3,702
40588,3,15,15,702
40589,3,15,15,702
40590,3,15,15,702
40591,3,15,15,702
40592,3,15,15,702
40593,3,15,15,702
40594,3,15,15,702
40595,3,15,15,702
40596,3,15,15,702
40597,3,15,15,702
40598,3,3,3,702
40599,3,15,15,702
40600,3,15,15,702
40601,3,3,3,702
40602,3,15,15,702
40603,3,15,15,702
40604,3,15,15,702
40605,3,15,15,702
40606,3,15,15,702
40607,3,15,15,702
40608,3,15,15,702
40609,3,15,15,702
40610,3,15,15,702
40611,3,15,15,702
40612,3,15,15,702
40613,3,15,15,702
40614,3,15,15,702
40615,3,15,15,702
40616,3,15,15,702
40617,3,15,15,702
40618,3,15,15,702
40619,3,15,15,702
40620,3,3,3,702
40621,3,15,15,702
40622,3,15,15,702
40623,3,15,15,702
40624,3,4,4,702
40625,3,15,15,702
40626,3,3,3,702
40627,3,15,15,702
40628,3,15,15,702
40629,3,15,15,702
40630,3,15,15,702
40631,3,39,41,702
40632,3,3,3,702
40633,3,15,15,702
40634,3,15,15,702
40635,3,15,15,702
40636,3,15,15,702
40637,3,15,15,702
40638,3,15,15,702
40639,3,15,15,702
40640,3,15,15,702
40641,3,15,15,702
40642,3,15,15,702
40643,3,15,15,702
40644,3,15,15,702
40645,3,15,15,702
40646,3,15,15,702
40647,3,15,15,702
40648,3,15,15,702
40649,3,41,41,702
40650,3,15,15,702
40651,3,15,15,702
40652,3,15,15,702
40653,3,15,15,702
40654,3,15,15,702
40655,3,15,15,702
40656,3,15,15,702
40657,3,21,15,702
40658,3,15,15,702
40659,3,15,15,702
40660,3,15,15,702
40661,3,15,15,702
40662,3,15,15,702
40663,3,15,15,702
40664,3,39,39,702
40665,3,15,15,702
40666,3,15,15,702
40667,3,15,15,702
40668,3,15,15,702
40669,3,15,15,702
40670,3,15,15,702
40671,3,21,21,702
40672,3,15,15,702
40673,3,15,15,702
40674,3,15,15,702
40675,3,15,15,702
40676,3,15,15,702
40677,3,15,15,702
40678,3,15,15,702
40679,3,3,3,702
40680,3,15,15,702
40681,3,15,15,702
40682,3,15,15,702
40683,3,15,15,702
40684,3,15,15,702
40685,3,15,15,702
40686,3,4,4,702
40687,3,15,15,702
40688,3,15,15,702
40689,3,15,3,702
40690,3,15,15,702
40691,3,15,15,702
40692,3,15,15,702
40693,3,15,15,702
40694,3,15,15,702
40695,3,15,15,702
40696,3,15,15,702
40697,3,15,15,702
40698,3,15,3,702
40699,3,15,15,702
40700,3,15,15,702
40701,3,21,21,702
40702,3,15,15,702
40703,3,15,15,702
40704,3,15,15,702
40705,3,15,15,702
40706,3,15,15,702
40707,3,15,15,702
40708,3,15,15,702
40709,3,15,15,702
40710,3,15,15,702
40711,3,15,15,702
40712,3,15,15,702
40713,3,15,15,702
40714,3,15,15,702
40715,3,15,15,702
40716,3,15,15,702
40717,3,15,15,702
40718,3,15,15,702
40719,3,15,3,702
40720,3,15,15,702
40721,3,15,15,702
40722,3,15,15,702
40723,3,15,15,702
40724,3,15,15,702
40725,3,15,4,702
40726,3,15,15,702
40727,3,15,15,702
40728,3,15,15,702
40729,3,15,15,702
40730,3,15,15,702
40731,3,15,15,702
40732,3,15,15,702
40733,3,15,15,702
40734,3,15,15,702
40735,3,15,15,702
40736,3,15,15,702
40737,3,15,15,702
40738,3,15,15,702
40739,3,15,15,702
40740,3,15,15,702
40741,3,15,15,702
40742,3,15,15,702
40743,3,15,15,702
40744,3,15,15,702
40745,3,15,15,702
40746,3,9,15,702
40747,3,15,15,702
40748,3,15,15,702
40749,3,15,15,702
40750,3,15,15,702
40751,3,3,3,702
40752,3,15,15,702
40753,3,15,15,702
40754,3,21,21,702
40755,3,15,15,702
40756,3,15,15,702
40757,3,15,15,702
40758,3,15,15,702
40759,3,15,15,702
40760,3,21,15,702
40761,3,15,15,702
40762,3,15,15,702
40763,3,15,15,702
40764,3,15,15,702
40765,3,15,15,702
40766,3,15,15,702
40767,3,15,15,702
40768,3,15,15,702
40769,3,15,15,702
40770,3,15,15,702
40771,3,15,15,702
40772,3,15,15,702
40773,3,15,15,702
40774,3,15,15,702
40775,3,15,15,702
40776,3,15,15,702
40777,3,15,15,702
40778,3,15,15,702
40779,3,15,15,702
40780,3,3,3,702
40781,3,15,15,702
40782,3,41,41,702
40783,3,4,4,702
40784,3,21,15,702
40785,3,15,15,702
40786,3,15,15,702
40787,3,15,15,702
40788,3,15,15,702
40789,3,15,15,702
40790,3,15,15,702
40791,3,15,15,702
40792,3,15,4,702
40793,3,15,15,702
40794,3,3,3,702
40795,3,15,15,702
40796,3,15,15,702
40797,3,15,15,702
40798,3,15,15,702
40799,3,4,4,702
40800,3,15,15,702
40801,3,15,15,702
40802,3,15,15,702
40803,3,15,15,702
40804,3,15,15,702
40805,3,15,15,702
40806,3,15,15,702
40807,3,15,15,702
40808,3,15,15,702
40809,3,15,15,702
40810,3,15,15,702
40811,3,15,15,702
40812,3,15,15,702
40813,3,15,15,702
40814,3,21,15,702
40815,3,15,15,702
40816,3,15,15,702
40817,3,4,4,702
40818,3,21,21,702
40819,3,15,15,702
40820,3,15,15,702
40821,3,15,15,702
40822,3,4,4,702
40823,3,15,15,702
40824,3,15,15,702
40825,3,15,15,702
40826,3,41,41,702
40827,3,15,15,702
40828,3,15,15,702
40829,3,15,15,702
40830,3,15,15,702
40831,3,15,15,702
40832,3,3,3,702
40833,3,15,15,702
40834,3,15,15,702
40835,3,15,15,702
40836,3,15,15,702
40837,3,9,15,702
40838,3,15,15,702
40839,3,15,15,702
40840,3,15,15,702
40841,3,15,15,702
40842,3,15,15,702
40843,3,15,15,702
40844,3,15,15,702
40845,3,15,15,702
40846,3,3,3,702
40847,3,15,15,702
40848,3,15,15,702
40849,3,15,15,702
40850,3,15,15,702
40851,3,15,15,702
40852,3,15,15,702
40853,3,3,3,702
40854,3,15,15,702
40855,3,15,15,702
40856,3,15,15,702
40857,3,15,15,702
40858,3,15,15,702
40859,3,15,15,702
40860,3,15,15,702
40861,3,15,15,702
40862,3,15,15,702
40863,3,15,15,702
40864,3,15,15,702
40865,3,15,15,702
40866,3,4,4,702
40867,3,21,15,702
40868,3,3,3,702
40869,3,15,15,702
40870,3,15,15,702
40871,3,15,15,702
40872,3,15,15,702
40873,3,15,15,702
40874,3,15,15,702
40875,3,15,15,702
40876,3,15,15,702
40877,3,15,15,702
40878,3,39,15,702
40879,3,15,15,702
40880,3,15,15,702
40881,3,15,15,702
40882,3,15,15,702
40883,3,15,15,702
40884,3,3,3,702
40885,3,3,3,702
40886,3,15,15,702
40887,3,15,15,702
40888,3,15,15,702
40889,3,15,15,702
40890,3,15,15,702
40891,3,15,15,702
40892,3,15,15,702
40893,3,15,15,702
40894,3,15,15,702
40895,3,15,15,702
40896,3,15,15,702
40897,3,15,15,702
40898,3,15,15,702
40899,3,15,15,702
40900,3,15,15,702
40901,3,15,15,702
40902,3,21,15,702
40903,3,20,21,702
40904,3,21,15,702
40905,3,15,15,702
40906,3,9,15,702
40907,3,15,15,702
40908,3,15,15,702
40909,3,15,15,702
40910,3,15,15,702
40911,3,15,15,702
40912,3,15,15,702
40913,3,15,15,702
40914,3,15,15,702
40915,3,15,15,702
40916,3,15,15,702
40917,3,15,15,702
40918,3,15,15,702
40919,3,15,15,702
40920,3,15,15,702
40921,3,15,15,702
40922,3,15,15,702
40923,3,4,4,702
40924,3,39,39,702
40925,3,15,15,702
40926,3,15,15,702
40927,3,15,15,702
40928,3,15,15,702
40929,3,15,15,702
40930,3,15,15,702
40931,3,15,15,702
40932,3,15,15,702
40933,3,15,15,702
40934,3,3,3,702
40935,3,15,15,702
40936,3,15,15,702
40937,3,15,15,702
40938,3,15,15,702
40939,3,15,15,702
40940,3,15,15,702
40941,3,15,15,702
40942,3,15,15,702
40943,3,15,15,702
40944,3,15,15,702
40945,3,15,15,702
40946,3,15,15,702
40947,3,15,15,702
40948,3,15,15,702
40949,3,15,15,702
40950,3,15,15,702
40951,3,3,3,702
40952,3,15,15,702
40953,3,9,15,702
40954,3,15,15,702
40955,3,15,15,702
40956,3,15,15,702
40957,3,15,15,702
40958,3,15,15,702
40959,3,15,15,702
40960,3,15,15,702
40961,3,15,15,702
40962,3,15,15,702
40963,3,15,15,702
40964,3,3,3,702
40965,3,15,15,702
40966,3,15,15,702
40967,3,15,15,702
40968,3,15,15,702
40969,3,15,15,702
40970,3,15,15,702
40971,3,4,4,702
40972,3,15,15,702
40973,3,15,15,702
40974,3,15,15,702
40975,3,15,15,702
40976,3,15,15,702
40977,3,15,15,702
40978,3,15,15,702
40979,3,15,15,702
40980,3,15,15,702
40981,3,15,15,702
40982,3,15,15,702
40983,3,15,15,702
40984,3,15,15,702
40985,3,4,4,702
40986,3,15,15,702
40987,3,15,15,702
40988,3,15,3,702
40989,3,20,15,702
40990,3,15,15,702
40991,3,21,21,702
40992,3,15,15,702
40993,3,15,15,702
40994,3,15,15,702
40995,3,15,15,702
40996,3,15,15,702
40997,3,15,15,702
40998,3,15,15,702
40999,3,15,15,702
41000,3,21,21,702
41001,3,15,15,702
41002,3,15,15,702
41003,3,15,15,702
41004,3,15,15,702
41005,3,21,15,702
41006,3,15,15,702
41007,3,15,15,702
41008,3,15,15,702
41009,3,15,15,702
41010,3,15,15,702
41011,3,15,15,702
41012,3,15,15,702
41013,3,15,15,702
41014,3,15,15,702
41015,3,15,15,702
41016,3,15,15,702
41017,3,15,15,702
41018,3,15,15,702
41019,3,15,15,702
41020,3,15,15,702
41021,3,15,15,702
41022,3,3,3,702
41023,3,15,15,702
41024,3,15,15,702
41025,3,15,15,702
41026,3,15,15,702
41027,3,15,3,702
41028,3,15,15,702
41029,3,15,15,702
41030,3,15,15,702
41031,3,15,15,702
41032,3,15,15,702
41033,3,15,15,702
41034,3,15,15,702
41035,3,15,15,702
41036,3,15,15,702
41037,3,15,15,702
41038,3,15,15,702
41039,3,15,15,702
41040,3,15,15,702
41041,3,15,15,702
41042,3,15,15,702
41043,3,12,12,702
41044,3,15,15,702
41045,3,15,15,702
41046,3,3,3,702
41047,3,15,15,702
41048,3,15,15,702
41049,3,15,15,702
41050,3,15,15,702
41051,3,15,15,702
41052,3,15,15,702
41053,3,15,15,702
41054,3,4,4,702
41055,3,15,15,702
41056,3,15,15,702
41057,3,15,15,702
41058,3,15,15,702
41059,3,15,15,702
41060,3,15,15,702
41061,3,15,15,702
41062,3,15,15,702
41063,3,15,15,702
41064,3,15,15,702
41065,3,15,15,702
41066,3,3,3,702
41067,3,15,15,702
41068,3,15,15,702
41069,3,15,15,702
41070,3,15,15,702
41071,3,15,15,702
41072,3,15,15,702
41073,3,15,15,702
41074,3,15,15,702
41075,3,15,15,702
41076,3,15,15,702
41077,3,15,15,702
41078,3,15,15,702
41079,3,15,15,702
41080,3,15,15,702
41081,3,4,4,702
41082,3,15,15,702
41083,3,15,15,702
41084,3,15,15,702
41085,3,15,15,702
41086,3,15,15,702
41087,3,15,15,702
41088,3,15,15,702
41089,3,3,3,702
41090,3,15,15,702
41091,3,15,15,702
41092,3,15,15,702
41093,3,15,15,702
41094,3,15,15,702
41095,3,15,15,702
41096,3,15,15,702
41097,3,15,15,702
41098,3,15,15,702
41099,3,21,21,702
41100,3,15,15,702
41101,3,15,15,702
41102,3,15,15,702
41103,3,15,15,702
41104,3,15,15,702
41105,3,3,3,702
41106,3,15,15,702
41107,3,21,15,702
41108,3,15,15,702
41109,3,15,15,702
41110,3,15,3,702
41111,3,15,15,702
41112,3,21,15,702
41113,3,15,15,702
41114,3,15,15,702
41115,3,15,15,702
41116,3,3,3,702
41117,3,15,15,702
41118,3,15,15,702
41119,3,15,15,702
41120,3,15,15,702
41121,3,15,15,702
41122,3,15,15,702
41123,3,21,15,702
41124,3,15,15,702
41125,3,15,15,702
41126,3,3,3,702
41127,3,15,15,702
41128,3,15,15,702
41129,3,15,15,702
41130,3,15,15,702
41131,3,4,4,702
41132,3,15,15,702
41133,3,15,15,702
41134,3,15,15,702
41135,3,15,15,702
41136,3,15,15,702
41137,3,15,15,702
41138,3,15,15,702
41139,3,15,15,702
41140,3,15,15,702
41141,3,15,15,702
41142,3,15,15,702
41143,3,15,15,702
41144,3,15,15,702
41145,3,15,15,702
41146,3,15,15,702
41147,3,15,15,702
41148,3,15,15,702
41149,3,15,15,702
41150,3,15,15,702
41151,3,15,15,702
41152,3,15,15,702
41153,3,15,15,702
41154,3,15,15,702
41155,3,15,15,702
41156,3,15,15,702
41157,3,15,15,702
41158,3,15,15,702
41159,3,15,15,702
41160,3,15,15,702
41161,3,15,15,702
41162,3,15,15,702
41163,3,15,15,702
41164,3,15,15,702
41165,3,15,15,702
41166,3,15,15,702
41167,3,15,15,702
41168,3,15,15,702
41169,3,15,15,702
41170,3,15,15,702
41171,3,15,15,702
41172,3,15,15,702
41173,3,15,15,702
41174,3,15,15,702
41175,3,15,15,702
41176,3,15,15,702
41177,3,15,15,702
41178,3,12,12,702
41179,3,15,15,702
41180,3,15,15,702
41181,3,15,15,702
41182,3,15,15,702
41183,3,15,15,702
41184,3,15,15,702
41185,3,15,15,702
41186,3,21,15,702
41187,3,15,15,702
41188,3,15,15,702
41189,3,15,15,702
41190,3,15,15,702
41191,3,41,41,702
41192,3,3,15,702
41193,3,15,15,702
41194,3,15,15,702
41195,3,15,15,702
41196,3,21,21,702
41197,3,21,15,702
41198,3,15,15,702
41199,3,15,15,702
41200,3,15,15,702
41201,3,15,15,702
41202,3,15,15,702
41203,3,15,15,702
41204,3,15,15,702
41205,3,15,15,702
41206,3,15,4,702
41207,3,15,15,702
41208,3,15,15,702
41209,3,15,15,702
41210,3,15,15,702
41211,3,15,15,702
41212,3,15,15,702
41213,3,15,15,702
41214,3,15,15,702
41215,3,15,15,702
41216,3,15,15,702
41217,3,15,15,702
41218,3,21,15,702
41219,3,3,3,702
41220,3,15,15,702
41221,3,15,15,702
41222,3,15,15,702
41223,3,15,15,702
41224,3,15,15,702
41225,3,21,3,702
41226,3,15,15,702
41227,3,15,15,702
41228,3,41,41,702
41229,3,15,15,702
41230,3,15,15,702
41231,3,15,15,702
41232,3,15,15,702
41233,3,15,15,702
41234,3,3,3,702
41235,3,15,15,702
41236,3,41,15,702
41237,3,15,15,702
41238,3,15,15,702
41239,3,3,3,702
41240,3,15,4,702
41241,3,15,15,702
41242,3,21,15,702
41243,3,15,15,702
41244,3,15,15,702
41245,3,15,15,702
41246,3,3,3,702
41247,3,15,15,702
41248,3,15,15,702
41249,3,15,15,702
41250,3,15,15,702
41251,3,15,15,702
41252,3,15,15,702
41253,3,15,15,702
41254,3,15,15,702
41255,3,15,15,702
41256,3,15,15,702
41257,3,15,15,702
41258,3,15,15,702
41259,3,15,15,702
41260,3,3,3,702
41261,3,15,15,702
41262,3,15,15,702
41263,3,15,15,702
41264,3,15,15,702
41265,3,15,15,702
41266,3,15,15,702
41267,3,15,15,702
41268,3,21,21,702
41269,3,3,3,702
41270,3,21,15,702
41271,3,4,4,702
41272,3,15,15,702
41273,3,15,15,702
41274,3,15,3,702
41275,3,15,15,702
41276,3,15,15,702
41277,3,15,15,702
41278,3,15,15,702
41279,3,15,15,702
41280,3,15,15,702
41281,3,15,15,702
41282,3,15,15,702
41283,3,15,15,702
41284,3,4,4,702
41285,3,15,15,702
41286,3,15,15,702
41287,3,15,15,702
41288,3,15,4,702
41289,3,15,15,702
41290,3,15,15,702
41291,3,15,15,702
41292,3,15,15,702
41293,3,15,15,702
41294,3,15,15,702
41295,3,15,15,702
41296,3,15,15,702
41297,3,15,15,702
41298,3,15,15,702
41299,3,15,15,702
41300,3,15,15,702
41301,3,15,15,702
41302,3,4,4,702
41303,3,15,15,702
41304,3,15,15,702
41305,3,15,15,702
41306,3,15,15,702
41307,3,4,4,702
41308,3,15,15,702
41309,3,15,15,702
41310,3,15,15,702
41311,3,15,15,702
41312,3,21,15,702
41313,3,15,15,702
41314,3,15,15,702
41315,3,15,15,702
41316,3,15,15,702
41317,3,15,15,702
41318,3,15,15,702
41319,3,15,15,702
41320,3,15,15,702
41321,3,15,15,702
41322,3,15,15,702
41323,3,15,15,702
41324,3,15,15,702
41325,3,15,15,702
41326,3,15,15,702
41327,3,21,15,702
41328,3,15,15,702
41329,3,15,15,702
41330,3,15,15,702
41331,3,15,15,702
41332,3,15,15,702
41333,3,15,15,702
41334,3,15,15,702
41335,3,15,15,702
41336,3,15,15,702
41337,3,15,15,702
41338,3,15,15,702
41339,3,15,15,702
41340,3,4,4,702
41341,3,15,15,702
41342,3,15,15,702
41343,3,15,15,702
41344,3,15,15,702
41345,3,15,15,702
41346,3,15,15,702
41347,3,15,15,702
41348,3,4,4,702
41349,3,4,4,702
41350,3,15,15,702
41351,3,15,15,702
41352,3,15,15,702
41353,3,15,15,702
41354,3,4,15,702
41355,3,15,15,702
41356,3,15,15,702
41357,3,15,15,702
41358,3,15,15,702
41359,3,15,15,702
41360,3,4,4,702
41361,3,15,15,702
41362,3,15,15,702
41363,3,15,15,702
41364,3,15,15,702
41365,3,15,15,702
41366,3,15,15,702
41367,3,15,15,702
41368,3,15,15,702
41369,3,15,15,702
41370,3,15,15,702
41371,3,15,15,702
41372,3,15,15,702
41373,3,15,15,702
41374,3,15,15,702
41375,3,15,15,702
41376,3,15,15,702
41377,3,15,15,702
41378,3,15,15,702
41379,3,15,15,702
41380,3,15,15,702
41381,3,15,15,702
41382,3,15,15,702
41383,3,15,15,702
41384,3,15,15,702
41385,3,15,15,702
41386,3,15,15,702
41387,3,15,15,702
41388,3,15,15,702
41389,3,15,15,702
41390,3,15,15,702
41391,3,15,15,702
41392,3,15,15,702
41393,3,15,15,702
41394,3,15,15,702
41395,3,15,15,702
41396,3,15,15,702
41397,3,15,15,702
41398,3,15,15,702
41399,3,15,15,702
41400,3,3,3,702
41401,3,15,15,702
41402,3,15,15,702
41403,3,15,15,702
41404,3,15,15,702
41405,3,41,15,702
41406,3,41,41,702
41407,3,15,15,702
41408,3,15,15,702
41409,3,15,15,702
41410,3,3,3,702
41411,3,4,4,702
41412,3,15,15,702
41413,3,15,15,702
41414,3,15,15,702
41415,3,15,15,702
41416,3,15,15,702
41417,3,15,15,702
41418,3,15,15,702
41419,3,15,15,702
41420,3,15,15,702
41421,3,3,3,702
41422,3,15,15,702
41423,3,15,15,702
41424,3,15,15,702
41425,3,15,15,702
41426,3,15,15,702
41427,3,15,15,702
41428,3,15,15,702
41429,3,15,15,702
41430,3,15,15,702
41431,3,15,15,702
41432,3,3,3,702
41433,3,15,15,702
41434,3,15,15,702
41435,3,15,15,702
41436,3,15,15,702
41437,3,15,15,702
41438,3,21,21,702
41439,3,15,15,702
41440,3,15,15,702
41441,3,15,15,702
41442,3,15,15,702
41443,3,15,15,702
41444,3,15,15,702
41445,3,15,15,702
41446,3,15,15,702
41447,3,15,15,702
41448,3,3,3,702
41449,3,15,15,702
41450,3,15,15,702
41451,3,15,15,702
41452,3,15,15,702
41453,3,15,15,702
41454,3,15,15,702
41455,3,15,15,702
41456,3,15,15,702
41457,3,15,15,702
41458,3,15,15,702
41459,3,15,15,702
41460,3,15,15,702
41461,3,15,15,702
41462,3,4,4,702
41463,3,15,4,702
41464,3,15,15,702
41465,3,15,15,702
41466,3,15,15,702
41467,3,15,15,702
41468,3,15,15,702
41469,3,15,4,702
41470,3,15,15,702
41471,3,15,15,702
41472,3,15,15,702
41473,3,15,15,702
41474,3,15,15,702
41475,3,15,15,702
41476,3,15,15,702
41477,3,15,15,702
41478,3,15,15,702
41479,3,15,15,702
41480,3,15,15,702
41481,3,21,15,702
41482,3,15,15,702
41483,3,3,3,702
41484,3,15,15,702
41485,3,15,15,702
41486,3,15,15,702
41487,3,15,15,702
41488,3,41,41,702
41489,3,15,15,702
41490,3,15,15,702
41491,3,15,15,702
41492,3,15,15,702
41493,3,15,15,702
41494,3,15,15,702
41495,3,15,15,702
41496,3,21,21,702
41497,3,15,15,702
41498,3,15,15,702
41499,3,15,15,702
41500,3,41,41,702
41501,3,15,15,702
41502,3,15,15,702
41503,3,15,15,702
41504,3,15,15,702
41505,3,15,15,702
41506,3,15,15,702
41507,3,15,15,702
41508,3,15,15,702
41509,3,3,3,702
41510,3,15,15,702
41511,3,15,15,702
41512,3,20,15,702
41513,3,15,15,702
41514,3,15,15,702
41515,3,15,15,702
41516,3,15,15,702
41517,3,15,15,702
41518,3,15,15,702
41519,3,15,15,702
41520,3,15,15,702
41521,3,3,3,702
41522,3,15,41,702
41523,3,15,15,702
41524,3,15,15,702
41525,3,15,15,702
41526,3,21,21,702
41527,3,4,4,702
41528,3,3,3,702
41529,3,15,15,702
41530,3,15,15,702
41531,3,15,15,702
41532,3,15,15,702
41533,3,15,15,702
41534,3,21,15,702
41535,3,15,15,702
41536,3,15,15,702
41537,3,15,15,702
41538,3,15,15,702
41539,3,15,15,702
41540,3,15,15,702
41541,3,15,15,702
41542,3,3,3,702
41543,3,15,15,702
41544,3,4,4,702
41545,3,41,41,702
41546,3,15,15,702
41547,3,15,15,702
41548,3,15,15,702
41549,3,15,15,702
41550,3,15,15,702
41551,3,15,15,702
41552,3,15,15,702
41553,3,15,15,702
41554,3,15,15,702
41555,3,15,15,702
41556,3,3,3,702
41557,3,15,15,702
41558,3,15,15,702
41559,3,15,15,702
41560,3,15,21,702
41561,3,15,15,702
41562,3,15,15,702
41563,3,15,15,702
41564,3,15,15,702
41565,3,15,15,702
41566,3,15,15,702
41567,3,15,15,702
41568,3,15,15,702
41569,3,15,15,702
41570,3,15,15,702
41571,3,15,15,702
41572,3,15,15,702
41573,3,15,15,702
41574,3,15,15,702
41575,3,15,15,702
41576,3,15,15,702
41577,3,15,15,702
41578,3,15,15,702
41579,3,15,15,702
41580,3,15,15,702
41581,3,15,15,702
41582,3,15,15,702
41583,3,15,15,702
41584,3,15,15,702
41585,3,15,15,702
41586,3,9,15,702
41587,3,15,15,702
41588,3,15,15,702
41589,3,15,15,702
41590,3,15,15,702
41591,3,21,15,702
41592,3,15,15,702
41593,3,15,15,702
41594,3,21,15,702
41595,3,15,15,702
41596,3,15,15,702
41597,3,15,15,702
41598,3,15,15,702
41599,3,15,15,702
41600,3,15,15,702
41601,3,15,15,702
41602,3,12,12,702
41603,3,15,3,702
41604,3,15,15,702
41605,3,15,15,702
41606,3,15,3,702
41607,3,15,15,702
41608,3,15,15,702
41609,3,15,15,702
41610,3,15,15,702
41611,3,15,15,702
41612,3,15,15,702
41613,3,15,15,702
41614,3,15,15,702
41615,3,15,15,702
41616,3,15,15,702
41617,3,15,15,702
41618,3,15,15,702
41619,3,15,15,702
41620,3,15,15,702
41621,3,15,15,702
41622,3,15,15,702
41623,3,15,15,702
41624,3,15,15,702
41625,3,15,12,702
41626,3,15,15,702
41627,3,15,15,702
41628,3,15,15,702
41629,3,21,15,702
41630,3,15,15,702
41631,3,15,15,702
41632,3,15,15,702
41633,3,15,15,702
41634,3,15,15,702
41635,3,15,15,702
41636,3,15,15,702
41637,3,21,15,702
41638,3,15,15,702
41639,3,15,15,702
41640,3,15,15,702
41641,3,15,15,702
41642,3,15,15,702
41643,3,15,15,702
41644,3,15,15,702
41645,3,15,15,702
41646,3,15,15,702
41647,3,15,15,702
41648,3,15,15,702
41649,3,15,15,702
41650,3,15,15,702
41651,3,15,15,702
41652,3,15,15,702
41653,3,21,15,702
41654,3,15,15,702
41655,3,21,21,702
41656,3,15,15,702
41657,3,15,4,702
41658,3,15,15,702
41659,3,15,15,702
41660,3,15,15,702
41661,3,15,15,702
41662,3,15,15,702
41663,3,15,15,702
41664,3,15,15,702
41665,3,4,4,702
41666,3,15,15,702
41667,3,15,15,702
41668,3,15,15,702
41669,3,15,15,702
41670,3,15,15,702
41671,3,15,15,702
41672,3,15,15,702
41673,3,15,15,702
41674,3,15,15,702
41675,3,3,15,702
41676,3,15,15,702
41677,3,15,15,702
41678,3,15,15,702
41679,3,15,15,702
41680,3,15,15,702
41681,3,15,15,702
41682,3,15,15,702
41683,3,15,15,702
41684,3,21,15,702
41685,3,15,15,702
41686,3,15,15,702
41687,3,15,15,702
41688,3,15,15,702
41689,3,15,15,702
41690,3,15,15,702
41691,3,4,4,702
41692,3,15,15,702
41693,3,15,15,702
41694,3,15,15,702
41695,3,15,15,702
41696,3,15,15,702
41697,3,15,15,702
41698,3,15,15,702
41699,3,15,15,702
41700,3,15,15,702
41701,3,21,15,702
41702,3,15,15,702
41703,3,15,15,702
41704,3,15,15,702
41705,3,15,15,702
41706,3,15,15,702
41707,3,15,15,702
41708,3,15,15,702
41709,3,15,15,702
41710,3,15,15,702
41711,3,15,15,702
41712,3,39,39,702
41713,3,15,15,702
41714,3,15,15,702
41715,3,21,21,702
41716,3,21,15,702
41717,3,15,15,702
41718,3,15,15,702
41719,3,3,3,702
41720,3,15,15,702
41721,3,15,15,702
41722,3,15,15,702
41723,3,15,15,702
41724,3,15,15,702
41725,3,15,15,702
41726,3,15,15,702
41727,3,15,15,702
41728,3,15,15,702
41729,3,41,15,702
41730,3,15,15,702
41731,3,15,15,702
41732,3,15,15,702
41733,3,15,15,702
41734,3,15,15,702
41735,3,15,15,702
41736,3,15,15,702
41737,3,15,15,702
41738,3,3,3,702
41739,3,15,15,702
41740,3,15,15,702
41741,3,21,15,702
41742,3,15,15,702
41743,3,15,15,702
41744,3,15,15,702
41745,3,15,15,702
41746,3,15,15,702
41747,3,15,15,702
41748,3,15,15,702
41749,3,15,15,702
41750,3,15,15,702
41751,3,15,15,702
41752,3,39,39,702
41753,3,4,4,702
41754,3,15,15,702
41755,3,15,15,702
41756,3,15,15,702
41757,3,4,4,702
41758,3,15,15,702
41759,3,15,15,702
41760,3,15,15,702
41761,3,9,9,702
41762,3,15,15,702
41763,3,15,15,702
41764,3,15,15,702
41765,3,15,15,702
41766,3,21,15,702
41767,3,21,15,702
41768,3,15,15,702
41769,3,15,15,702
41770,3,15,15,702
41771,3,15,15,702
41772,3,9,15,702
41773,3,15,15,702
41774,3,15,15,702
41775,3,15,15,702
41776,3,15,15,702
41777,3,12,12,702
41778,3,15,15,702
41779,3,15,15,702
41780,3,15,15,702
41781,3,15,15,702
41782,3,15,15,702
41783,3,15,15,702
41784,3,15,15,702
41785,3,15,15,702
41786,3,15,15,702
41787,3,15,15,702
41788,3,15,15,702
41789,3,15,15,702
41790,3,15,15,702
41791,3,15,15,702
41792,3,15,15,702
41793,3,15,15,702
41794,3,15,15,702
41795,3,15,15,702
41796,3,15,15,702
41797,3,15,15,702
41798,3,4,4,702
41799,3,15,15,702
41800,3,15,15,702
41801,3,21,15,702
41802,3,15,15,702
41803,3,15,15,702
41804,3,15,15,702
41805,3,15,15,702
41806,3,15,15,702
41807,3,15,15,702
41808,3,15,15,702
41809,3,4,4,702
41810,3,15,15,702
41811,3,15,15,702
41812,3,15,15,702
41813,3,15,15,702
41814,3,15,15,702
41815,3,15,15,702
41816,3,15,15,702
41817,3,4,4,702
41818,3,15,15,702
41819,3,15,3,702
41820,3,15,15,702
41821,3,15,15,702
41822,3,15,15,702
41823,3,3,3,702
41824,3,15,15,702
41825,3,15,15,702
41826,3,15,15,702
41827,3,15,15,702
41828,3,41,41,702
41829,3,15,15,702
41830,3,15,15,702
41831,3,15,15,702
41832,3,15,15,702
41833,3,15,15,702
41834,3,21,15,702
41835,3,15,15,702
41836,3,15,15,702
41837,3,15,15,702
41838,3,15,15,702
41839,3,15,15,702
41840,3,15,15,702
41841,3,15,15,702
41842,3,15,15,702
41843,3,21,21,702
41844,3,15,15,702
41845,3,15,15,702
41846,3,15,15,702
41847,3,21,15,702
41848,3,15,15,702
41849,3,15,15,702
41850,3,15,15,702
41851,3,15,15,702
41852,3,15,15,702
41853,3,15,15,702
41854,3,15,21,702
41855,3,15,15,702
41856,3,15,15,702
41857,3,15,15,702
41858,3,15,15,702
41859,3,15,15,702
41860,3,15,15,702
41861,3,15,15,702
41862,3,15,15,702
41863,3,15,15,702
41864,3,15,15,702
41865,3,15,15,702
41866,3,15,15,702
41867,3,15,15,702
41868,3,15,15,702
41869,3,15,15,702
41870,3,15,15,702
41871,3,39,15,702
41872,3,15,15,702
41873,3,15,15,702
41874,3,15,15,702
41875,3,15,15,702
41876,3,15,15,702
41877,3,3,15,702
41878,3,15,15,702
41879,3,15,15,702
41880,3,15,15,702
41881,3,39,39,702
41882,3,15,15,702
41883,3,4,4,702
41884,3,15,15,702
41885,3,15,15,702
41886,3,15,15,702
41887,3,15,15,702
41888,3,15,15,702
41889,3,15,15,702
41890,3,21,21,702
41891,3,15,15,702
41892,3,15,15,702
41893,3,15,15,702
41894,3,15,3,702
41895,3,15,15,702
41896,3,15,15,702
41897,3,15,15,702
41898,3,15,15,702
41899,3,15,15,702
41900,3,3,3,702
41901,3,15,15,702
41902,3,15,15,702
41903,3,15,15,702
41904,3,3,3,702
41905,3,21,15,702
41906,3,15,15,702
41907,3,15,15,702
41908,3,21,15,702
41909,3,3,3,702
41910,3,15,15,702
41911,3,15,15,702
41912,3,3,15,702
41913,3,4,4,702
41914,3,15,15,702
41915,3,11,11,702
41916,3,15,15,702
41917,3,21,15,702
41918,3,15,15,702
41919,3,15,15,702
41920,3,39,39,702
41921,3,15,15,702
41922,3,15,4,702
41923,3,15,15,702
41924,3,15,15,702
41925,3,15,15,702
41926,3,15,15,702
41927,3,15,15,702
41928,3,4,4,702
41929,3,15,15,702
41930,3,15,15,702
41931,3,15,15,702
41932,3,15,15,702
41933,3,15,15,702
41934,3,15,15,702
41935,3,15,15,702
41936,3,15,15,702
41937,3,15,15,702
41938,3,21,15,702
41939,3,4,15,702
41940,3,15,15,702
41941,3,15,15,702
41942,3,15,15,702
41943,3,15,15,702
41944,3,15,15,702
41945,3,15,15,702
41946,3,15,15,702
41947,3,15,15,702
41948,3,15,15,702
41949,3,15,15,702
41950,3,15,15,702
41951,3,15,15,702
41952,3,15,15,702
41953,3,15,15,702
41954,3,3,3,702
41955,3,15,15,702
41956,3,15,15,702
41957,3,15,15,702
41958,3,15,15,702
41959,3,15,15,702
41960,3,15,15,702
41961,3,15,15,702
41962,3,15,15,702
41963,3,15,15,702
41964,3,15,15,702
41965,3,21,15,702
41966,3,15,15,702
41967,3,15,15,702
41968,3,15,15,702
41969,3,15,15,702
41970,3,15,15,702
41971,3,15,15,702
41972,3,15,15,702
41973,3,4,4,702
41974,3,15,15,702
41975,3,15,15,702
41976,3,15,15,702
41977,3,15,15,702
41978,3,15,15,702
41979,3,15,15,702
41980,3,15,15,702
41981,3,3,3,702
41982,3,15,15,702
41983,3,15,15,702
41984,3,15,15,702
41985,3,15,15,702
41986,3,3,15,702
41987,3,4,4,702
41988,3,15,15,702
41989,3,4,4,702
41990,3,21,15,702
41991,3,15,15,702
41992,3,15,15,702
41993,3,15,15,702
41994,3,15,15,702
41995,3,15,15,702
41996,3,4,4,702
41997,3,15,15,702
41998,3,15,15,702
41999,3,4,15,702
42000,3,15,15,702
42001,3,15,15,702
42002,3,15,15,702
42003,3,15,15,702
42004,3,15,15,702
42005,3,15,15,702
42006,3,15,15,702
42007,3,15,15,702
42008,3,15,15,702
42009,3,15,15,702
42010,3,15,15,702
42011,3,15,15,702
42012,3,15,15,702
42013,3,39,39,702
42014,3,15,15,702
42015,3,15,15,702
42016,3,15,15,702
42017,3,4,4,702
42018,3,15,15,702
42019,3,15,15,702
42020,3,15,15,702
42021,3,15,15,702
42022,3,15,15,702
42023,3,15,15,702
42024,3,15,4,702
42025,3,15,15,702
42026,3,15,15,702
42027,3,15,15,702
42028,3,15,15,702
42029,3,15,15,702
42030,3,15,15,702
42031,3,15,15,702
42032,3,15,15,702
42033,3,15,15,702
42034,3,15,15,702
42035,3,15,15,702
42036,3,15,15,702
42037,3,15,15,702
42038,3,39,39,702
42039,3,15,15,702
42040,3,15,15,702
42041,3,15,15,702
42042,3,15,15,702
42043,3,15,15,702
42044,3,15,15,702
42045,3,15,15,702
42046,3,15,15,702
42047,3,15,15,702
42048,3,15,15,702
42049,3,15,15,702
42050,3,15,15,702
42051,3,15,15,702
42052,3,15,15,702
42053,3,15,15,702
42054,3,15,15,702
42055,3,15,15,702
42056,3,15,15,702
42057,3,3,3,702
42058,3,15,15,702
42059,3,15,15,702
42060,3,15,15,702
42061,3,15,15,702
42062,3,41,15,702
42063,3,15,15,702
42064,3,12,12,702
42065,3,15,15,702
42066,3,15,15,702
42067,3,15,15,702
42068,3,15,15,702
42069,3,15,3,702
42070,3,15,15,702
42071,3,15,15,702
42072,3,3,3,702
42073,3,3,3,702
42074,3,15,15,702
42075,3,3,3,702
42076,3,9,15,702
42077,3,15,15,702
42078,3,15,15,702
42079,3,15,15,702
42080,3,15,15,702
42081,3,21,15,702
42082,3,12,12,702
42083,3,15,15,702
42084,3,15,15,702
42085,3,15,15,702
42086,3,15,15,702
42087,3,15,15,702
42088,3,15,15,702
42089,3,15,15,702
42090,3,15,15,702
42091,3,15,15,702
42092,3,15,15,702
42093,3,15,15,702
42094,3,15,15,702
42095,3,15,15,702
42096,3,15,15,702
42097,3,3,3,702
42098,3,4,4,702
42099,3,15,15,702
42100,3,15,15,702
42101,3,15,15,702
42102,3,15,15,702
42103,3,15,15,702
42104,3,15,15,702
42105,3,15,15,702
42106,3,21,15,702
42107,3,15,15,702
42108,3,15,15,702
42109,3,15,15,702
42110,3,15,15,702
42111,3,15,15,702
42112,3,15,15,702
42113,3,15,15,702
42114,3,15,15,702
42115,3,15,15,702
42116,3,15,15,702
42117,3,15,15,702
42118,3,15,15,702
42119,3,15,15,702
42120,3,15,15,702
42121,3,15,15,702
42122,3,15,15,702
42123,3,15,15,702
42124,3,15,15,702
42125,3,15,15,702
42126,3,21,21,702
42127,3,15,15,702
42128,3,15,15,702
42129,3,15,15,702
42130,3,39,15,702
42131,3,15,15,702
42132,3,15,15,702
42133,3,15,15,702
42134,3,3,3,702
42135,3,15,15,702
42136,3,15,15,702
42137,3,41,41,702
42138,3,15,15,702
42139,3,15,15,702
42140,3,15,15,702
42141,3,15,15,702
42142,3,15,15,702
42143,3,15,15,702
42144,3,15,15,702
42145,3,15,15,702
42146,3,15,15,702
42147,3,15,15,702
42148,3,15,15,702
42149,3,15,15,702
42150,3,15,15,702
42151,3,15,15,702
42152,3,15,15,702
42153,3,15,15,702
42154,3,15,15,702
42155,3,15,15,702
42156,3,15,15,702
42157,3,15,15,702
42158,3,15,15,702
42159,3,41,41,702
42160,3,39,39,702
42161,3,15,15,702
42162,3,15,15,702
42163,3,15,15,702
42164,3,15,15,702
42165,3,15,15,702
42166,3,15,15,702
42167,3,15,15,702
42168,3,15,15,702
42169,3,15,3,702
42170,3,15,15,702
42171,3,15,15,702
42172,3,21,15,702
42173,3,15,15,702
42174,3,15,15,702
42175,3,21,15,702
42176,3,21,15,702
42177,3,15,15,702
42178,3,3,4,702
42179,3,15,15,702
42180,3,15,15,702
42181,3,15,15,702
42182,3,21,15,702
42183,3,15,15,702
42184,3,15,15,702
42185,3,15,15,702
42186,3,15,15,702
42187,3,15,15,702
42188,3,15,15,702
42189,3,21,15,702
42190,3,15,15,702
42191,3,15,15,702
42192,3,15,15,702
42193,3,15,15,702
42194,3,15,15,702
42195,3,15,15,702
42196,3,15,15,702
42197,3,15,15,702
42198,3,15,15,702
42199,3,15,15,702
42200,3,15,15,702
42201,3,15,15,702
42202,3,15,15,702
42203,3,15,15,702
42204,3,15,15,702
42205,3,15,15,702
42206,3,15,15,702
42207,3,15,15,702
42208,3,15,15,702
42209,3,15,15,702
42210,3,15,15,702
42211,3,15,15,702
42212,3,3,3,702
42213,3,15,15,702
42214,3,15,15,702
42215,3,15,15,702
42216,3,15,15,702
42217,3,15,15,702
42218,3,4,15,702
42219,3,15,15,702
42220,3,15,15,702
42221,3,15,15,702
42222,3,4,4,702
42223,3,15,15,702
42224,3,15,15,702
42225,3,15,15,702
42226,3,15,15,702
42227,3,15,15,702
42228,3,15,15,702
42229,3,15,15,702
42230,3,21,15,702
42231,3,15,15,702
42232,3,15,15,702
42233,3,15,15,702
42234,3,15,15,702
42235,3,15,15,702
42236,3,3,3,702
42237,3,15,15,702
42238,3,21,15,702
42239,3,15,15,702
42240,3,21,21,702
42241,3,4,4,702
42242,3,15,15,702
42243,3,4,4,702
42244,3,15,15,702
42245,3,4,15,702
42246,3,15,15,702
42247,3,15,15,702
42248,3,15,15,702
42249,3,15,15,702
42250,3,15,15,702
42251,3,15,15,702
42252,3,15,15,702
42253,3,24,24,702
42254,3,15,15,702
42255,3,15,15,702
42256,3,15,15,702
42257,3,15,15,702
42258,3,15,15,702
42259,3,15,15,702
42260,3,15,15,702
42261,3,21,21,702
42262,3,15,15,702
42263,3,15,15,702
42264,3,15,15,702
42265,3,15,15,702
42266,3,15,15,702
42267,3,15,15,702
42268,3,21,21,702
42269,3,15,15,702
42270,3,15,15,702
42271,3,15,15,702
42272,3,15,15,702
42273,3,15,15,702
42274,3,15,15,702
42275,3,15,15,702
42276,3,15,15,702
42277,3,15,15,702
42278,3,15,15,702
42279,3,15,15,702
42280,3,15,15,702
42281,3,15,15,702
42282,3,21,15,702
42283,3,15,15,702
42284,3,15,15,702
42285,3,15,15,702
42286,3,15,15,702
42287,3,15,15,702
42288,3,15,15,702
42289,3,15,15,702
42290,3,15,15,702
42291,3,15,15,702
42292,3,15,15,702
42293,3,15,11,702
42294,3,15,15,702
42295,3,15,15,702
42296,3,15,15,702
42297,3,15,15,702
42298,3,21,15,702
42299,3,15,15,702
42300,3,15,15,702
42301,3,15,15,702
42302,3,15,15,702
42303,3,15,15,702
42304,3,15,15,702
42305,3,15,15,702
42306,3,15,15,702
42307,3,15,15,702
42308,3,15,15,702
42309,3,15,15,702
42310,3,15,15,702
42311,3,15,15,702
42312,3,15,15,702
42313,3,3,3,702
42314,3,15,15,702
42315,3,15,15,702
42316,3,15,15,702
42317,3,15,15,702
42318,3,15,15,702
42319,3,15,15,702
42320,3,15,15,702
42321,3,3,3,702
42322,3,15,15,702
42323,3,15,15,702
42324,3,15,15,702
42325,3,15,15,702
42326,3,15,15,702
42327,3,15,15,702
42328,3,11,11,702
42329,3,15,15,702
42330,3,15,15,702
42331,3,15,15,702
42332,3,15,15,702
42333,3,15,15,702
42334,3,15,15,702
42335,3,15,15,702
42336,3,15,15,702
42337,3,15,15,702
42338,3,39,41,702
42339,3,15,15,702
42340,3,15,15,702
42341,3,3,3,702
42342,3,15,15,702
42343,3,15,15,702
42344,3,4,4,702
42345,3,15,15,702
42346,3,15,15,702
42347,3,15,15,702
42348,3,15,15,702
42349,3,15,15,702
42350,3,15,15,702
42351,3,15,15,702
42352,3,15,15,702
42353,3,15,15,702
42354,3,15,15,702
42355,3,15,15,702
42356,3,15,15,702
42357,3,15,15,702
42358,3,15,15,702
42359,3,15,15,702
42360,3,15,15,702
42361,3,15,15,702
42362,3,15,15,702
42363,3,15,15,702
42364,3,15,15,702
42365,3,15,15,702
42366,3,15,15,702
42367,3,15,15,702
42368,3,15,15,702
42369,3,15,15,702
42370,3,15,15,702
42371,3,15,15,702
42372,3,15,15,702
42373,3,15,15,702
42374,3,15,15,702
42375,3,15,15,702
42376,3,3,3,702
42377,3,15,15,702
42378,3,15,15,702
42379,3,15,15,702
42380,3,15,15,702
42381,3,15,15,702
42382,3,15,15,702
42383,3,41,15,702
42384,3,11,11,702
42385,3,15,15,702
42386,3,15,15,702
42387,3,15,15,702
42388,3,15,15,702
42389,3,3,15,702
42390,3,15,15,702
42391,3,39,39,702
42392,3,15,15,702
42393,3,21,15,702
42394,3,15,15,702
42395,3,15,15,702
42396,3,15,15,702
42397,3,15,15,702
42398,3,15,15,702
42399,3,15,15,702
42400,3,15,15,702
42401,3,15,15,702
42402,3,15,15,702
42403,3,15,15,702
42404,3,15,15,702
42405,3,15,15,702
42406,3,15,15,702
42407,3,15,15,702
42408,3,15,15,702
42409,3,15,15,702
42410,3,15,15,702
42411,3,15,15,702
42412,3,15,15,702
42413,3,39,39,702
42414,3,15,15,702
42415,3,15,15,702
42416,3,3,3,702
42417,3,15,15,702
42418,3,15,15,702
42419,3,15,15,702
42420,3,15,15,702
42421,3,15,15,702
42422,3,15,15,702
42423,3,21,15,702
42424,3,15,15,702
42425,3,15,15,702
42426,3,15,15,702
42427,3,15,15,702
42428,3,15,15,702
42429,3,15,15,702
42430,3,15,15,702
42431,3,15,15,702
42432,3,15,15,702
42433,3,15,15,702
42434,3,15,15,702
42435,3,15,15,702
42436,3,15,15,702
42437,3,15,15,702
42438,3,15,15,702
42439,3,15,15,702
42440,3,15,15,702
42441,3,15,15,702
42442,3,15,15,702
42443,3,15,15,702
42444,3,15,15,702
42445,3,15,15,702
42446,3,15,15,702
42447,3,15,15,702
42448,3,3,3,702
42449,3,15,15,702
42450,3,15,15,702
42451,3,15,15,702
42452,3,21,15,702
42453,3,15,15,702
42454,3,15,15,702
42455,3,15,15,702
42456,3,15,15,702
42457,3,15,15,702
42458,3,21,15,702
42459,3,15,15,702
42460,3,15,15,702
42461,3,15,15,702
42462,3,15,15,702
42463,3,15,15,702
42464,3,15,15,702
42465,3,15,15,702
42466,3,15,15,702
42467,3,15,15,702
42468,3,15,15,702
42469,3,15,15,702
42470,3,15,15,702
42471,3,9,9,702
42472,3,15,15,702
42473,3,15,15,702
42474,3,15,15,702
42475,3,15,15,702
42476,3,15,15,702
42477,3,3,3,702
42478,3,15,15,702
42479,3,3,3,702
42480,3,15,15,702
42481,3,15,15,702
42482,3,15,15,702
42483,3,3,3,702
42484,3,15,15,702
42485,3,15,15,702
42486,3,15,15,702
42487,3,15,15,702
42488,3,15,15,702
42489,3,15,15,702
42490,3,15,15,702
42491,3,3,3,702
42492,3,15,15,702
42493,3,15,15,702
42494,3,39,39,702
42495,3,15,15,702
42496,3,4,4,702
42497,3,15,15,702
42498,3,9,9,702
42499,3,3,15,702
42500,3,4,4,702
42501,3,15,15,702
42502,3,15,15,702
42503,3,15,15,702
42504,3,15,15,702
42505,3,15,15,702
42506,3,15,15,702
42507,3,15,15,702
42508,3,15,15,702
42509,3,15,15,702
42510,3,15,15,702
42511,3,15,15,702
42512,3,15,4,702
42513,3,15,15,702
42514,3,15,15,702
42515,3,15,15,702
42516,3,15,15,702
42517,3,15,15,702
42518,3,15,15,702
42519,3,15,15,702
42520,3,15,15,702
42521,3,15,15,702
42522,3,15,15,702
42523,3,15,15,702
42524,3,15,15,702
42525,3,15,15,702
42526,3,4,4,702
42527,3,15,15,702
42528,3,15,15,702
42529,3,15,15,702
42530,3,15,15,702
42531,3,15,15,702
42532,3,15,15,702
42533,3,15,15,702
42534,3,15,15,702
42535,3,15,15,702
42536,3,15,15,702
42537,3,3,3,702
42538,3,12,12,702
42539,3,15,15,702
42540,3,15,15,702
42541,3,41,41,702
42542,3,15,15,702
42543,3,15,15,702
42544,3,15,15,702
42545,3,15,15,702
42546,3,15,15,702
42547,3,20,20,702
42548,3,15,15,702
42549,3,15,15,702
42550,3,15,15,702
42551,3,3,15,702
42552,3,15,3,702
42553,3,15,15,702
42554,3,41,41,702
42555,3,15,15,702
42556,3,15,15,702
42557,3,15,15,702
42558,3,4,4,702
42559,3,15,15,702
42560,3,15,15,702
42561,3,15,15,702
42562,3,21,15,702
42563,3,15,15,702
42564,3,15,15,702
42565,3,15,15,702
42566,3,15,15,702
42567,3,15,15,702
42568,3,15,15,702
42569,3,15,15,702
42570,3,15,15,702
42571,3,15,15,702
42572,3,15,15,702
42573,3,15,15,702
42574,3,21,15,702
42575,3,15,15,702
42576,3,15,15,702
42577,3,3,3,702
42578,3,15,15,702
42579,3,15,15,702
42580,3,15,15,702
42581,3,15,15,702
42582,3,15,15,702
42583,3,15,15,702
42584,3,15,15,702
42585,3,15,15,702
42586,3,15,15,702
42587,3,21,15,702
42588,3,15,15,702
42589,3,15,15,702
42590,3,15,15,702
42591,3,15,21,702
42592,3,15,15,702
42593,3,15,15,702
42594,3,15,15,702
42595,3,15,15,702
42596,3,15,15,702
42597,3,15,15,702
42598,3,15,15,702
42599,3,15,15,702
42600,3,15,15,702
42601,3,15,15,702
42602,3,15,15,702
42603,3,15,15,702
42604,3,15,15,702
42605,3,15,15,702
42606,3,4,4,702
42607,3,15,15,702
42608,3,15,15,702
42609,3,15,4,702
42610,3,15,15,702
42611,3,15,15,702
42612,3,15,15,702
42613,3,21,15,702
42614,3,15,15,702
42615,3,15,15,702
42616,3,15,15,702
42617,3,15,15,702
42618,3,15,15,702
42619,3,15,15,702
42620,3,15,15,702
42621,3,21,15,702
42622,3,15,15,702
42623,3,15,15,702
42624,3,15,15,702
42625,3,15,15,702
42626,3,15,15,702
42627,3,15,15,702
42628,3,15,15,702
42629,3,15,15,702
42630,3,15,15,702
42631,3,15,15,702
42632,3,15,15,702
42633,3,15,15,702
42634,3,15,15,702
42635,3,15,15,702
42636,3,15,15,702
42637,3,15,15,702
42638,3,15,15,702
42639,3,3,3,702
42640,3,15,15,702
42641,3,15,15,702
42642,3,3,3,702
42643,3,15,15,702
42644,3,15,15,702
42645,3,15,15,702
42646,3,15,15,702
42647,3,15,15,702
42648,3,15,15,702
42649,3,15,15,702
42650,3,15,15,702
42651,3,15,15,702
42652,3,15,15,702
42653,3,15,15,702
42654,3,15,15,702
42655,3,15,15,702
42656,3,15,15,702
42657,3,15,15,702
42658,3,15,15,702
42659,3,15,15,702
42660,3,15,15,702
42661,3,15,15,702
42662,3,21,15,702
42663,3,15,15,702
42664,3,15,15,702
42665,3,15,15,702
42666,3,15,15,702
42667,3,15,15,702
42668,3,15,15,702
42669,3,21,15,702
42670,3,15,15,702
42671,3,15,15,702
42672,3,15,15,702
42673,3,15,15,702
42674,3,15,15,702
42675,3,15,15,702
42676,3,15,15,702
42677,3,21,15,702
42678,3,21,15,702
42679,3,15,15,702
42680,3,15,15,702
42681,3,15,15,702
42682,3,15,15,702
42683,3,15,15,702
42684,3,15,15,702
42685,3,15,15,702
42686,3,15,15,702
42687,3,15,15,702
42688,3,15,15,702
42689,3,15,15,702
42690,3,15,15,702
42691,3,15,15,702
42692,3,15,15,702
42693,3,15,15,702
42694,3,21,15,702
42695,3,15,15,702
42696,3,15,15,702
42697,3,15,15,702
42698,3,15,15,702
42699,3,15,15,702
42700,3,15,15,702
42701,3,15,15,702
42702,3,15,15,702
42703,3,15,15,702
42704,3,15,15,702
42705,3,15,15,702
42706,3,15,15,702
42707,3,15,15,702
42708,3,15,15,702
42709,3,15,15,702
42710,3,15,15,702
42711,3,33,33,702
42712,3,15,15,702
42713,3,15,15,702
42714,3,15,15,702
42715,3,15,15,702
42716,3,15,15,702
42717,3,15,15,702
42718,3,15,15,702
42719,3,15,15,702
42720,3,21,15,702
42721,3,15,15,702
42722,3,15,15,702
42723,3,15,15,702
42724,3,3,3,702
42725,3,15,15,702
42726,3,15,15,702
42727,3,15,15,702
42728,3,3,3,702
42729,3,15,15,702
42730,3,15,15,702
42731,3,15,15,702
42732,3,15,15,702
42733,3,15,15,702
42734,3,15,15,702
42735,3,15,15,702
42736,3,15,15,702
42737,3,15,15,702
42738,3,15,15,702
42739,3,15,15,702
42740,3,15,15,702
42741,3,15,15,702
42742,3,15,15,702
42743,3,15,15,702
42744,3,15,15,702
42745,3,15,15,702
42746,3,15,15,702
42747,3,21,15,702
42748,3,15,15,702
42749,3,20,15,702
42750,3,15,15,702
42751,3,15,15,702
42752,3,15,15,702
42753,3,15,15,702
42754,3,15,15,702
42755,3,15,15,702
42756,3,15,15,702
42757,3,15,15,702
42758,3,15,15,702
42759,3,15,15,702
42760,3,15,15,702
42761,3,15,15,702
42762,3,15,15,702
42763,3,15,15,702
42764,3,15,15,702
42765,3,15,15,702
42766,3,15,15,702
42767,3,15,15,702
42768,3,15,15,702
42769,3,15,15,702
42770,3,15,15,702
42771,3,15,15,702
42772,3,15,15,702
42773,3,15,15,702
42774,3,15,15,702
42775,3,15,15,702
42776,3,21,15,702
42777,3,15,15,702
42778,3,9,15,702
42779,3,15,15,702
42780,3,15,15,702
42781,3,15,15,702
42782,3,15,15,702
42783,3,15,15,702
42784,3,15,15,702
42785,3,3,3,702
42786,3,15,15,702
42787,3,15,15,702
42788,3,15,15,702
42789,3,15,15,702
42790,3,15,15,702
42791,3,15,15,702
42792,3,15,15,702
42793,3,15,15,702
42794,3,3,3,702
42795,3,15,15,702
42796,3,15,15,702
42797,3,15,15,702
42798,3,15,15,702
42799,3,15,15,702
42800,3,15,4,702
42801,3,15,15,702
42802,3,15,15,702
42803,3,39,39,702
42804,3,15,15,702
42805,3,15,15,702
42806,3,15,15,702
42807,3,39,39,702
42808,3,15,15,702
42809,3,3,3,702
42810,3,15,15,702
42811,3,21,15,702
42812,3,15,15,702
42813,3,15,15,702
42814,3,15,15,702
42815,3,3,3,702
42816,3,15,15,702
42817,3,15,15,702
42818,3,15,15,702
42819,3,4,4,702
42820,3,15,15,702
42821,3,15,15,702
42822,3,15,15,702
42823,3,15,15,702
42824,3,15,15,702
42825,3,15,15,702
42826,3,15,15,702
42827,3,15,15,702
42828,3,15,15,702
42829,3,15,15,702
42830,3,15,15,702
42831,3,15,15,702
42832,3,15,15,702
42833,3,15,15,702
42834,3,15,15,702
42835,3,3,3,702
42836,3,15,15,702
42837,3,15,15,702
42838,3,15,15,702
42839,3,15,15,702
42840,3,15,15,702
42841,3,15,15,702
42842,3,15,15,702
42843,3,15,15,702
42844,3,15,15,702
42845,3,15,15,702
42846,3,15,15,702
42847,3,15,15,702
42848,3,15,15,702
42849,3,3,3,702
42850,3,15,15,702
42851,3,3,3,702
42852,3,15,15,702
42853,3,15,15,702
42854,3,9,9,702
42855,3,15,15,702
42856,3,15,15,702
42857,3,15,15,702
42858,3,21,21,702
42859,3,15,15,702
42860,3,15,15,702
42861,3,15,15,702
42862,3,15,15,702
42863,3,15,15,702
42864,3,15,15,702
42865,3,15,15,702
42866,3,15,15,702
42867,3,15,15,702
42868,3,15,15,702
42869,3,15,15,702
42870,3,15,15,702
42871,3,15,15,702
42872,3,20,20,702
42873,3,15,15,702
42874,3,15,15,702
42875,3,15,15,702
42876,3,15,15,702
42877,3,15,15,702
42878,3,15,15,702
42879,3,39,39,702
42880,3,15,15,702
42881,3,15,15,702
42882,3,15,15,702
42883,3,15,15,702
42884,3,15,15,702
42885,3,4,4,702
42886,3,15,15,702
42887,3,15,15,702
42888,3,15,15,702
42889,3,3,15,702
42890,3,15,15,702
42891,3,15,15,702
42892,3,15,15,702
42893,3,15,15,702
42894,3,15,15,702
42895,3,15,15,702
42896,3,4,4,702
42897,3,15,15,702
42898,3,15,15,702
42899,3,15,15,702
42900,3,15,15,702
42901,3,15,15,702
42902,3,15,15,702
42903,3,15,15,702
42904,3,15,15,702
42905,3,15,15,702
42906,3,15,15,702
42907,3,41,41,702
42908,3,15,15,702
42909,3,15,15,702
42910,3,15,15,702
42911,3,15,15,702
42912,3,15,15,702
42913,3,15,15,702
42914,3,15,15,702
42915,3,15,15,702
42916,3,15,15,702
42917,3,15,15,702
42918,3,4,4,702
42919,3,15,15,702
42920,3,4,4,702
42921,3,15,15,702
42922,3,15,15,702
42923,3,15,15,702
42924,3,15,15,702
42925,3,15,15,702
42926,3,15,15,702
42927,3,15,15,702
42928,3,21,15,702
42929,3,15,15,702
42930,3,15,15,702
42931,3,15,15,702
42932,3,15,15,702
42933,3,15,15,702
42934,3,15,15,702
42935,3,15,15,702
42936,3,15,15,702
42937,3,15,15,702
42938,3,9,15,702
42939,3,15,15,702
42940,3,41,41,702
42941,3,15,15,702
42942,3,15,15,702
42943,3,15,15,702
42944,3,15,15,702
42945,3,41,41,702
42946,3,15,15,702
42947,3,15,15,702
42948,3,15,15,702
42949,3,15,15,702
42950,3,15,15,702
42951,3,15,15,702
42952,3,15,15,702
42953,3,15,15,702
42954,3,15,15,702
42955,3,15,15,702
42956,3,9,15,702
42957,3,3,3,702
42958,3,15,15,702
42959,3,15,15,702
42960,3,15,15,702
42961,3,15,15,702
42962,3,15,15,702
42963,3,15,15,702
42964,3,15,15,702
42965,3,15,15,702
42966,3,24,4,702
42967,3,15,15,702
42968,3,15,15,702
42969,3,15,15,702
42970,3,21,15,702
42971,3,15,15,702
42972,3,3,3,702
42973,3,15,15,702
42974,3,15,15,702
42975,3,15,15,702
42976,3,15,15,702
42977,3,3,3,702
42978,3,15,15,702
42979,3,15,15,702
42980,3,15,15,702
42981,3,15,15,702
42982,3,15,15,702
42983,3,15,15,702
42984,3,15,15,702
42985,3,15,15,702
42986,3,15,15,702
42987,3,4,4,702
42988,3,15,15,702
42989,3,15,15,702
42990,3,15,15,702
42991,3,15,15,702
42992,3,15,15,702
42993,3,3,3,702
42994,3,15,15,702
42995,3,15,15,702
42996,3,15,15,702
42997,3,15,15,702
42998,3,15,15,702
42999,3,15,15,702
43000,3,15,15,702
43001,3,15,15,702
43002,3,15,15,702
43003,3,4,4,702
43004,3,15,15,702
43005,3,15,15,702
43006,3,15,15,702
43007,3,15,15,702
43008,3,15,15,702
43009,3,3,3,702
43010,3,15,15,702
43011,3,15,15,702
43012,3,15,15,702
43013,3,15,15,702
43014,3,15,15,702
43015,3,15,15,702
43016,3,15,15,702
43017,3,15,15,702
43018,3,15,15,702
43019,3,15,15,702
43020,3,21,15,702
43021,3,15,15,702
43022,3,15,15,702
43023,3,15,15,702
43024,3,15,15,702
43025,3,15,15,702
43026,3,15,15,702
43027,3,15,15,702
43028,3,15,15,702
43029,3,4,4,702
43030,3,41,41,702
43031,3,15,15,702
43032,3,15,15,702
43033,3,15,15,702
43034,3,15,15,702
43035,3,15,4,702
43036,3,15,15,702
43037,3,15,15,702
43038,3,15,15,702
43039,3,15,15,702
43040,3,15,15,702
43041,3,15,15,702
43042,3,15,15,702
43043,3,15,15,702
43044,3,15,15,702
43045,3,15,15,702
43046,3,15,15,702
43047,3,15,15,702
43048,3,15,15,702
43049,3,15,15,702
43050,3,15,15,702
43051,3,39,41,702
43052,3,15,15,702
43053,3,15,15,702
43054,3,15,15,702
43055,3,15,15,702
43056,3,15,15,702
43057,3,15,15,702
43058,3,15,15,702
43059,3,15,15,702
43060,3,15,15,702
43061,3,15,15,702
43062,3,15,15,702
43063,3,15,15,702
43064,3,15,15,702
43065,3,15,15,702
43066,3,15,15,702
43067,3,15,15,702
43068,3,15,15,702
43069,3,15,15,702
43070,3,15,15,702
43071,3,15,15,702
43072,3,15,15,702
43073,3,15,15,702
43074,3,3,3,702
43075,3,15,15,702
43076,3,15,15,702
43077,3,15,15,702
43078,3,15,15,702
43079,3,15,15,702
43080,3,15,15,702
43081,3,15,15,702
43082,3,15,15,702
43083,3,15,15,702
43084,3,15,15,702
43085,3,21,15,702
43086,3,15,15,702
43087,3,15,15,702
43088,3,15,15,702
43089,3,3,3,702
43090,3,15,15,702
43091,3,15,15,702
43092,3,15,15,702
43093,3,15,15,702
43094,3,4,4,702
43095,3,15,15,702
43096,3,15,15,702
43097,3,15,15,702
43098,3,15,15,702
43099,3,15,15,702
43100,3,15,15,702
43101,3,15,15,702
43102,3,4,4,702
43103,3,15,15,702
43104,3,15,15,702
43105,3,15,15,702
43106,3,15,15,702
43107,3,15,15,702
43108,3,15,15,702
43109,3,15,15,702
43110,3,15,3,702
43111,3,15,15,702
43112,3,15,15,702
43113,3,15,15,702
43114,3,15,15,702
43115,3,15,15,702
43116,3,3,3,702
43117,3,15,15,702
43118,3,15,15,702
43119,3,15,15,702
43120,3,15,15,702
43121,3,15,15,702
43122,3,15,15,702
43123,3,15,15,702
43124,3,15,15,702
43125,3,15,15,702
43126,3,15,15,702
43127,3,15,15,702
43128,3,15,15,702
43129,3,15,15,702
43130,3,15,15,702
43131,3,15,15,702
43132,3,15,15,702
43133,3,15,15,702
43134,3,15,15,702
43135,3,41,41,702
43136,3,15,15,702
43137,3,15,15,702
43138,3,15,15,702
43139,3,15,15,702
43140,3,15,15,702
43141,3,15,15,702
43142,3,15,15,702
43143,3,15,15,702
43144,3,3,3,702
43145,3,15,15,702
43146,3,21,15,702
43147,3,15,15,702
43148,3,15,15,702
43149,3,15,15,702
43150,3,4,4,702
43151,3,15,15,702
43152,3,15,15,702
43153,3,15,15,702
43154,3,15,15,702
43155,3,15,15,702
43156,3,39,41,702
43157,3,15,15,702
43158,3,15,15,702
43159,3,15,15,702
43160,3,15,15,702
43161,3,15,15,702
43162,3,15,15,702
43163,3,15,15,702
43164,3,15,15,702
43165,3,15,15,702
43166,3,15,15,702
43167,3,15,15,702
43168,3,15,15,702
43169,3,15,15,702
43170,3,15,15,702
43171,3,3,3,702
43172,3,3,3,702
43173,3,15,15,702
43174,3,15,15,702
43175,3,15,15,702
43176,3,15,15,702
43177,3,3,3,702
43178,3,15,15,702
43179,3,15,15,702
43180,3,15,15,702
43181,3,3,3,702
43182,3,15,15,702
43183,3,15,15,702
43184,3,15,15,702
43185,3,4,4,702
43186,3,15,15,702
43187,3,15,15,702
43188,3,15,15,702
43189,3,15,15,702
43190,3,15,15,702
43191,3,15,15,702
43192,3,15,15,702
43193,3,4,4,702
43194,3,15,3,702
43195,3,41,41,702
43196,3,15,15,702
43197,3,15,15,702
43198,3,3,3,702
43199,3,39,39,702
43200,3,15,15,702
43201,3,15,15,702
43202,3,3,3,702
43203,3,15,15,702
43204,3,15,15,702
43205,3,4,15,702
43206,3,21,15,702
43207,3,15,15,702
43208,3,15,15,702
43209,3,15,15,702
43210,3,15,15,702
43211,3,15,15,702
43212,3,15,15,702
43213,3,15,15,702
43214,3,41,41,702
43215,3,15,15,702
43216,3,15,15,702
43217,3,15,15,702
43218,3,3,3,702
43219,3,15,15,702
43220,3,15,15,702
43221,3,15,15,702
43222,3,15,15,702
43223,3,15,15,702
43224,3,15,15,702
43225,3,3,3,702
43226,3,15,15,702
43227,3,15,15,702
43228,3,15,15,702
43229,3,15,15,702
43230,3,15,15,702
43231,3,21,15,702
43232,3,15,15,702
43233,3,15,15,702
43234,3,15,15,702
43235,3,15,15,702
43236,3,15,15,702
43237,3,15,15,702
43238,3,15,15,702
43239,3,15,15,702
43240,3,15,15,702
43241,3,15,15,702
43242,3,15,15,702
43243,3,15,15,702
43244,3,15,15,702
43245,3,15,15,702
43246,3,15,15,702
43247,3,15,15,702
43248,3,15,15,702
43249,3,15,15,702
43250,3,15,15,702
43251,3,21,15,702
43252,3,15,15,702
43253,3,15,15,702
43254,3,15,15,702
43255,3,15,15,702
43256,3,15,15,702
43257,3,15,15,702
43258,3,15,15,702
43259,3,15,15,702
43260,3,15,15,702
43261,3,15,15,702
43262,3,3,3,702
43263,3,15,15,702
43264,3,15,15,702
43265,3,15,15,702
43266,3,15,15,702
43267,3,15,15,702
43268,3,15,15,702
43269,3,15,15,702
43270,3,15,15,702
43271,3,15,15,702
43272,3,9,9,702
43273,3,15,15,702
43274,3,15,15,702
43275,3,15,15,702
43276,3,15,15,702
43277,3,15,15,702
43278,3,15,15,702
43279,3,15,15,702
43280,3,15,15,702
43281,3,15,15,702
43282,3,15,15,702
43283,3,15,15,702
43284,3,11,11,702
43285,3,15,15,702
43286,3,15,15,702
43287,3,15,15,702
43288,3,15,15,702
43289,3,15,15,702
43290,3,15,15,702
43291,3,15,15,702
43292,3,15,15,702
43293,3,15,15,702
43294,3,3,3,702
43295,3,15,15,702
43296,3,15,15,702
43297,3,15,15,702
43298,3,15,15,702
43299,3,3,3,702
43300,3,15,15,702
43301,3,15,15,702
43302,3,15,15,702
43303,3,15,15,702
43304,3,3,3,702
43305,3,15,15,702
43306,3,15,15,702
43307,3,15,15,702
43308,3,15,15,702
43309,3,15,15,702
43310,3,39,39,702
43311,3,15,15,702
43312,3,15,15,702
43313,3,15,15,702
43314,3,15,15,702
43315,3,15,15,702
43316,3,15,15,702
43317,3,15,15,702
43318,3,15,15,702
43319,3,15,15,702
43320,3,15,15,702
43321,3,15,15,702
43322,3,15,15,702
43323,3,15,15,702
43324,3,15,15,702
43325,3,15,15,702
43326,3,15,15,702
43327,3,15,15,702
43328,3,15,15,702
43329,3,15,15,702
43330,3,15,15,702
43331,3,15,15,702
43332,3,9,9,702
43333,3,15,15,702
43334,3,21,15,702
43335,3,41,41,702
43336,3,15,15,702
43337,3,15,15,702
43338,3,15,15,702
43339,3,15,15,702
43340,3,15,15,702
43341,3,15,15,702
43342,3,4,4,702
43343,3,15,15,702
43344,3,15,15,702
43345,3,15,15,702
43346,3,15,15,702
43347,3,15,15,702
43348,3,15,15,702
43349,3,15,15,702
43350,3,15,15,702
43351,3,15,15,702
43352,3,15,15,702
43353,3,15,15,702
43354,3,15,15,702
43355,3,15,15,702
43356,3,15,15,702
43357,3,15,15,702
43358,3,15,15,702
43359,3,15,15,702
43360,3,15,15,702
43361,3,3,3,702
43362,3,15,15,702
43363,3,15,15,702
43364,3,15,15,702
43365,3,15,15,702
43366,3,15,15,702
43367,3,15,15,702
43368,3,15,15,702
43369,3,15,15,702
43370,3,15,15,702
43371,3,15,15,702
43372,3,15,15,702
43373,3,15,15,702
43374,3,15,15,702
43375,3,15,15,702
43376,3,15,15,702
43377,3,15,15,702
43378,3,15,15,702
43379,3,15,15,702
43380,3,15,15,702
43381,3,21,3,702
43382,3,15,15,702
43383,3,15,15,702
43384,3,15,15,702
43385,3,15,15,702
43386,3,15,15,702
43387,3,15,15,702
43388,3,15,15,702
43389,3,15,15,702
43390,3,15,15,702
43391,3,15,15,702
43392,3,15,15,702
43393,3,15,15,702
43394,3,15,3,702
43395,3,15,15,702
43396,3,15,15,702
43397,3,15,15,702
43398,3,15,15,702
43399,3,15,15,702
43400,3,15,15,702
43401,3,15,15,702
43402,3,15,15,702
43403,3,3,4,702
43404,3,15,15,702
43405,3,15,15,702
43406,3,15,15,702
43407,3,15,15,702
43408,3,15,15,702
43409,3,15,15,702
43410,3,15,15,702
43411,3,15,15,702
43412,3,15,15,702
43413,3,15,15,702
43414,3,15,15,702
43415,3,15,15,702
43416,3,15,15,702
43417,3,15,21,702
43418,3,15,15,702
43419,3,3,3,702
43420,3,15,15,702
43421,3,15,15,702
43422,3,15,15,702
43423,3,21,15,702
43424,3,15,15,702
43425,3,15,15,702
43426,3,21,15,702
43427,3,15,15,702
43428,3,15,15,702
43429,3,15,15,702
43430,3,15,15,702
43431,3,15,15,702
43432,3,15,15,702
43433,3,15,15,702
43434,3,9,15,702
43435,3,15,15,702
43436,3,15,15,702
43437,3,15,15,702
43438,3,15,15,702
43439,3,15,15,702
43440,3,15,15,702
43441,3,15,15,702
43442,3,15,15,702
43443,3,15,15,702
43444,3,15,15,702
43445,3,15,15,702
43446,3,15,15,702
43447,3,3,3,702
43448,3,15,15,702
43449,3,15,15,702
43450,3,15,15,702
43451,3,15,15,702
43452,3,15,15,702
43453,3,15,15,702
43454,3,15,15,702
43455,3,15,15,702
43456,3,15,15,702
43457,3,15,15,702
43458,3,15,15,702
43459,3,15,15,702
43460,3,15,15,702
43461,3,15,15,702
43462,3,3,3,702
43463,3,15,15,702
43464,3,15,15,702
43465,3,15,15,702
43466,3,15,15,702
43467,3,3,3,702
43468,3,39,39,702
43469,3,15,15,702
43470,3,15,15,702
43471,3,15,15,702
43472,3,15,15,702
43473,3,15,15,702
43474,3,15,15,702
43475,3,15,15,702
43476,3,15,15,702
43477,3,15,15,702
43478,3,15,15,702
43479,3,15,15,702
43480,3,3,3,702
43481,3,4,4,702
43482,3,15,15,702
43483,3,15,15,702
43484,3,15,15,702
43485,3,15,15,702
43486,3,15,15,702
43487,3,4,4,702
43488,3,15,15,702
43489,3,3,3,702
43490,3,15,15,702
43491,3,15,15,702
43492,3,15,15,702
43493,3,15,15,702
43494,3,15,15,702
43495,3,15,15,702
43496,3,15,15,702
43497,3,15,15,702
43498,3,15,15,702
43499,3,15,15,702
43500,3,15,15,702
43501,3,15,15,702
43502,3,15,15,702
43503,3,15,15,702
43504,3,15,15,702
43505,3,15,15,702
43506,3,39,39,702
43507,3,15,15,702
43508,3,4,4,702
43509,3,15,15,702
43510,3,15,15,702
43511,3,15,15,702
43512,3,3,3,702
43513,3,15,15,702
43514,3,15,15,702
43515,3,4,4,702
43516,3,15,15,702
43517,3,15,15,702
43518,3,15,15,702
43519,3,4,4,702
43520,3,21,15,702
43521,3,15,15,702
43522,3,15,15,702
43523,3,15,15,702
43524,3,15,15,702
43525,3,15,15,702
43526,3,15,15,702
43527,3,15,15,702
43528,3,15,15,702
43529,3,15,15,702
43530,3,15,15,702
43531,3,15,15,702
43532,3,15,15,702
43533,3,15,15,702
43534,3,3,15,702
43535,3,15,15,702
43536,3,21,15,702
43537,3,15,15,702
43538,3,15,15,702
43539,3,21,15,702
43540,3,15,15,702
43541,3,15,15,702
43542,3,15,15,702
43543,3,21,4,702
43544,3,15,15,702
43545,3,15,15,702
43546,3,15,15,702
43547,3,15,15,702
43548,3,15,15,702
43549,3,15,15,702
43550,3,15,15,702
43551,3,15,15,702
43552,3,15,15,702
43553,3,15,15,702
43554,3,15,15,702
43555,3,15,15,702
43556,3,15,15,702
43557,3,3,3,702
43558,3,15,15,702
43559,3,15,15,702
43560,3,15,15,702
43561,3,15,15,702
43562,3,15,15,702
43563,3,15,15,702
43564,3,15,15,702
43565,3,15,15,702
43566,3,3,3,702
43567,3,21,21,702
43568,3,15,15,702
43569,3,15,15,702
43570,3,15,15,702
43571,3,15,15,702
43572,3,15,15,702
43573,3,15,15,702
43574,3,15,15,702
43575,3,15,15,702
43576,3,15,15,702
43577,3,15,15,702
43578,3,15,15,702
43579,3,15,15,702
43580,3,15,15,702
43581,3,15,15,702
43582,3,15,15,702
43583,3,4,12,702
43584,3,15,15,702
43585,3,15,15,702
43586,3,15,15,702
43587,3,15,15,702
43588,3,15,15,702
43589,3,15,15,702
43590,3,15,15,702
43591,3,15,15,702
43592,3,15,15,702
43593,3,15,15,702
43594,3,15,15,702
43595,3,15,15,702
43596,3,15,15,702
43597,3,15,15,702
43598,3,15,15,702
43599,3,15,15,702
43600,3,21,21,702
43601,3,15,15,702
43602,3,15,15,702
43603,3,15,15,702
43604,3,15,15,702
43605,3,15,15,702
43606,3,15,15,702
43607,3,15,15,702
43608,3,15,15,702
43609,3,15,15,702
43610,3,3,3,702
43611,3,15,15,702
43612,3,15,15,702
43613,3,15,15,702
43614,3,15,15,702
43615,3,15,15,702
43616,3,15,15,702
43617,3,15,15,702
43618,3,15,15,702
43619,3,15,15,702
43620,3,15,15,702
43621,3,15,15,702
43622,3,3,3,702
43623,3,15,15,702
43624,3,15,15,702
43625,3,15,15,702
43626,3,15,15,702
43627,3,15,15,702
43628,3,4,4,702
43629,3,15,15,702
43630,3,15,15,702
43631,3,15,15,702
43632,3,15,15,702
43633,3,15,15,702
43634,3,15,15,702
43635,3,15,15,702
43636,3,15,15,702
43637,3,15,15,702
43638,3,15,15,702
43639,3,15,15,702
43640,3,20,15,702
43641,3,15,15,702
43642,3,15,15,702
43643,3,15,15,702
43644,3,15,15,702
43645,3,15,15,702
43646,3,15,15,702
43647,3,15,15,702
43648,3,15,15,702
43649,3,15,15,702
43650,3,15,15,702
43651,3,15,15,702
43652,3,15,15,702
43653,3,15,15,702
43654,3,15,15,702
43655,3,15,15,702
43656,3,15,15,702
43657,3,15,15,702
43658,3,15,15,702
43659,3,3,3,702
43660,3,9,15,702
43661,3,4,4,702
43662,3,15,15,702
43663,3,15,15,702
43664,3,15,15,702
43665,3,15,15,702
43666,3,4,4,702
43667,3,4,4,702
43668,3,15,15,702
43669,3,15,15,702
43670,3,15,15,702
43671,3,15,15,702
43672,3,15,15,702
43673,3,15,15,702
43674,3,15,15,702
43675,3,15,15,702
43676,3,15,15,702
43677,3,15,15,702
43678,3,15,15,702
43679,3,15,15,702
43680,3,15,15,702
43681,3,15,15,702
43682,3,15,15,702
43683,3,15,15,702
43684,3,15,15,702
43685,3,15,15,702
43686,3,15,15,702
43687,3,15,15,702
43688,3,15,15,702
43689,3,15,15,702
43690,3,15,15,702
43691,3,15,15,702
43692,3,15,15,702
43693,3,15,15,702
43694,3,15,15,702
43695,3,15,15,702
43696,3,15,15,702
43697,3,15,15,702
43698,3,15,15,702
43699,3,15,15,702
43700,3,15,15,702
43701,3,15,15,702
43702,3,3,3,702
43703,3,15,15,702
43704,3,15,15,702
43705,3,15,15,702
43706,3,15,15,702
43707,3,15,15,702
43708,3,15,15,702
43709,3,15,15,702
43710,3,15,15,702
43711,3,15,15,702
43712,3,21,21,702
43713,3,15,15,702
43714,3,15,15,702
43715,3,15,15,702
43716,3,15,15,702
43717,3,4,4,702
43718,3,15,15,702
43719,3,15,15,702
43720,3,15,15,702
43721,3,15,15,702
43722,3,21,15,702
43723,3,15,15,702
43724,3,15,15,702
43725,3,15,15,702
43726,3,15,15,702
43727,3,9,9,702
43728,3,15,15,702
43729,3,15,15,702
43730,3,21,21,702
43731,3,15,15,702
43732,3,15,15,702
43733,3,15,15,702
43734,3,15,15,702
43735,3,15,15,702
43736,3,15,15,702
43737,3,21,15,702
43738,3,15,15,702
43739,3,15,15,702
43740,3,3,3,702
43741,3,15,15,702
43742,3,15,15,702
43743,3,15,15,702
43744,3,15,15,702
43745,3,15,15,702
43746,3,15,15,702
43747,3,15,15,702
43748,3,15,15,702
43749,3,15,15,702
43750,3,15,15,702
43751,3,15,15,702
43752,3,15,15,702
43753,3,15,15,702
43754,3,15,15,702
43755,3,15,15,702
43756,3,15,3,702
43757,3,15,15,702
43758,3,15,15,702
43759,3,15,15,702
43760,3,15,15,702
43761,3,15,15,702
43762,3,15,15,702
43763,3,15,15,702
43764,3,15,15,702
43765,3,21,15,702
43766,3,15,15,702
43767,3,15,15,702
43768,3,15,15,702
43769,3,15,15,702
43770,3,15,15,702
43771,3,15,15,702
43772,3,15,15,702
43773,3,15,15,702
43774,3,15,15,702
43775,3,15,15,702
43776,3,15,15,702
43777,3,15,15,702
43778,3,39,15,702
43779,3,15,15,702
43780,3,15,15,702
43781,3,15,15,702
43782,3,3,3,702
43783,3,15,15,702
43784,3,15,15,702
43785,3,15,15,702
43786,3,15,15,702
43787,3,15,15,702
43788,3,15,15,702
43789,3,15,15,702
43790,3,15,15,702
43791,3,15,15,702
43792,3,15,15,702
43793,3,15,15,702
43794,3,15,15,702
43795,3,15,15,702
43796,3,15,15,702
43797,3,15,15,702
43798,3,15,15,702
43799,3,15,21,702
43800,3,3,3,702
43801,3,15,15,702
43802,3,15,15,702
43803,3,15,15,702
43804,3,15,15,702
43805,3,15,15,702
43806,3,21,15,702
43807,3,15,15,702
43808,3,15,15,702
43809,3,15,15,702
43810,3,15,15,702
43811,3,15,3,702
43812,3,15,15,702
43813,3,15,15,702
43814,3,15,15,702
43815,3,21,15,702
43816,3,15,15,702
43817,3,21,21,702
43818,3,15,15,702
43819,3,15,15,702
43820,3,15,15,702
43821,3,15,15,702
43822,3,15,15,702
43823,3,15,15,702
43824,3,15,15,702
43825,3,15,15,702
43826,3,15,15,702
43827,3,15,15,702
43828,3,15,15,702
43829,3,15,15,702
43830,3,15,15,702
43831,3,15,15,702
43832,3,21,15,702
43833,3,15,15,702
43834,3,15,15,702
43835,3,15,15,702
43836,3,15,15,702
43837,3,15,15,702
43838,3,15,15,702
43839,3,15,15,702
43840,3,15,15,702
43841,3,15,15,702
43842,3,15,15,702
43843,3,15,15,702
43844,3,15,15,702
43845,3,15,15,702
43846,3,3,3,702
43847,3,15,15,702
43848,3,15,15,702
43849,3,15,15,702
43850,3,15,15,702
43851,3,3,3,702
43852,3,15,15,702
43853,3,15,15,702
43854,3,15,15,702
43855,3,15,15,702
43856,3,15,15,702
43857,3,15,15,702
43858,3,15,15,702
43859,3,15,15,702
43860,3,15,15,702
43861,3,15,15,702
43862,3,15,15,702
43863,3,15,15,702
43864,3,15,15,702
43865,3,15,15,702
43866,3,15,15,702
43867,3,15,15,702
43868,3,15,15,702
43869,3,15,15,702
43870,3,15,15,702
43871,3,15,15,702
43872,3,15,15,702
43873,3,21,21,702
43874,3,15,15,702
43875,3,15,15,702
43876,3,15,21,702
43877,3,15,15,702
43878,3,15,15,702
43879,3,15,15,702
43880,3,15,15,702
43881,3,15,15,702
43882,3,41,15,702
43883,3,15,15,702
43884,3,15,15,702
43885,3,15,15,702
43886,3,15,15,702
43887,3,15,15,702
43888,3,15,15,702
43889,3,4,15,702
43890,3,15,15,702
43891,3,15,15,702
43892,3,15,3,702
43893,3,9,9,702
43894,3,15,15,702
43895,3,15,15,702
43896,3,15,15,702
43897,3,15,15,702
43898,3,15,15,702
43899,3,15,15,702
43900,3,15,15,702
43901,3,15,15,702
43902,3,15,15,702
43903,3,15,15,702
43904,3,21,15,702
43905,3,15,15,702
43906,3,15,15,702
43907,3,15,15,702
43908,3,3,3,702
43909,3,15,15,702
43910,3,15,15,702
43911,3,15,15,702
43912,3,4,4,702
43913,3,15,15,702
43914,3,15,15,702
43915,3,15,15,702
43916,3,15,15,702
43917,3,15,15,702
43918,3,21,15,702
43919,3,3,3,702
43920,3,15,15,702
43921,3,15,15,702
43922,3,15,15,702
43923,3,15,15,702
43924,3,15,15,702
43925,3,15,15,702
43926,3,15,15,702
43927,3,15,15,702
43928,3,15,15,702
43929,3,15,15,702
43930,3,15,15,702
43931,3,15,15,702
43932,3,15,15,702
43933,3,15,15,702
43934,3,15,15,702
43935,3,15,15,702
43936,3,11,11,702
43937,3,15,15,702
43938,3,15,15,702
43939,3,15,15,702
43940,3,15,15,702
43941,3,15,15,702
43942,3,15,15,702
43943,3,15,15,702
43944,3,15,15,702
43945,3,15,15,702
43946,3,15,15,702
43947,3,21,15,702
43948,3,15,15,702
43949,3,15,15,702
43950,3,15,15,702
43951,3,15,15,702
43952,3,15,15,702
43953,3,15,15,702
43954,3,15,15,702
43955,3,15,15,702
43956,3,15,4,702
43957,3,15,15,702
43958,3,15,15,702
43959,3,9,15,702
43960,3,15,15,702
43961,3,15,15,702
43962,3,15,15,702
43963,3,15,15,702
43964,3,15,15,702
43965,3,15,15,702
43966,3,15,15,702
43967,3,15,15,702
43968,3,15,15,702
43969,3,15,15,702
43970,3,15,15,702
43971,3,15,15,702
43972,3,15,15,702
43973,3,15,15,702
43974,3,15,15,702
43975,3,15,15,702
43976,3,15,15,702
43977,3,15,15,702
43978,3,15,15,702
43979,3,15,15,702
43980,3,15,15,702
43981,3,15,15,702
43982,3,15,15,702
43983,3,15,15,702
43984,3,15,15,702
43985,3,15,15,702
43986,3,15,15,702
43987,3,15,15,702
43988,3,15,15,702
43989,3,15,15,702
43990,3,15,15,702
43991,3,15,15,702
43992,3,15,15,702
43993,3,15,15,702
43994,3,15,15,702
43995,3,15,15,702
43996,3,15,15,702
43997,3,15,15,702
43998,3,15,15,702
43999,3,20,15,702
44000,3,15,15,702
44001,3,15,15,702
44002,3,15,15,702
44003,3,15,15,702
44004,3,15,15,702
44005,3,15,15,702
44006,3,15,15,702
44007,3,15,15,702
44008,3,15,15,702
44009,3,15,15,702
44010,3,15,15,702
44011,3,15,15,702
44012,3,15,15,702
44013,3,15,15,702
44014,3,15,15,702
44015,3,15,15,702
44016,3,39,39,702
44017,3,15,15,702
44018,3,15,15,702
44019,3,15,15,702
44020,3,15,15,702
44021,3,21,15,702
44022,3,15,15,702
44023,3,3,3,702
44024,3,3,3,702
44025,3,15,15,702
44026,3,4,4,702
44027,3,15,15,702
44028,3,15,15,702
44029,3,41,41,702
44030,3,15,15,702
44031,3,15,15,702
44032,3,15,15,702
44033,3,3,3,702
44034,3,15,15,702
44035,3,15,15,702
44036,3,15,15,702
44037,3,15,15,702
44038,3,15,15,702
44039,3,3,3,702
44040,3,15,15,702
44041,3,15,15,702
44042,3,3,3,702
44043,3,15,15,702
44044,3,15,15,702
44045,3,15,15,702
44046,3,15,15,702
44047,3,15,15,702
44048,3,15,15,702
44049,3,15,15,702
44050,3,15,15,702
44051,3,15,4,702
44052,3,15,15,702
44053,3,3,3,702
44054,3,15,15,702
44055,3,15,15,702
44056,3,15,15,702
44057,3,15,15,702
44058,3,3,3,702
44059,3,15,15,702
44060,3,4,4,702
44061,3,15,15,702
44062,3,15,15,702
44063,3,15,15,702
44064,3,15,15,702
44065,3,15,15,702
44066,3,21,15,702
44067,3,15,15,702
44068,3,15,15,702
44069,3,15,15,702
44070,3,15,15,702
44071,3,15,15,702
44072,3,15,15,702
44073,3,15,15,702
44074,3,15,15,702
44075,3,3,3,702
44076,3,15,15,702
44077,3,15,15,702
44078,3,15,15,702
44079,3,3,3,702
44080,3,15,15,702
44081,3,15,15,702
44082,3,15,15,702
44083,3,15,15,702
44084,3,15,15,702
44085,3,15,15,702
44086,3,15,15,702
44087,3,15,15,702
44088,3,15,15,702
44089,3,15,15,702
44090,3,4,4,702
44091,3,15,15,702
44092,3,15,15,702
44093,3,15,15,702
44094,3,15,15,702
44095,3,15,15,702
44096,3,4,4,702
44097,3,15,15,702
44098,3,15,15,702
44099,3,15,15,702
44100,3,15,15,702
44101,3,15,15,702
44102,3,15,15,702
44103,3,15,15,702
44104,3,15,15,702
44105,3,15,15,702
44106,3,15,15,702
44107,3,3,3,702
44108,3,15,15,702
44109,3,15,15,702
44110,3,15,15,702
44111,3,15,15,702
44112,3,15,15,702
44113,3,15,15,702
44114,3,15,15,702
44115,3,15,15,702
44116,3,15,15,702
44117,3,15,15,702
44118,3,15,15,702
44119,3,15,15,702
44120,3,15,15,702
44121,3,15,15,702
44122,3,15,15,702
44123,3,15,15,702
44124,3,15,15,702
44125,3,15,15,702
44126,3,15,15,702
44127,3,15,15,702
44128,3,15,15,702
44129,3,15,15,702
44130,3,15,15,702
44131,3,15,15,702
44132,3,15,15,702
44133,3,15,15,702
44134,3,15,15,702
44135,3,15,15,702
44136,3,15,15,702
44137,3,15,15,702
44138,3,15,15,702
44139,3,15,15,702
44140,3,15,15,702
44141,3,15,15,702
44142,3,15,15,702
44143,3,15,15,702
44144,3,4,15,702
44145,3,15,15,702
44146,3,15,15,702
44147,3,15,15,702
44148,3,15,15,702
44149,3,15,15,702
44150,3,15,15,702
44151,3,15,15,702
44152,3,15,15,702
44153,3,15,15,702
44154,3,15,15,702
44155,3,15,15,702
44156,3,21,15,702
44157,3,15,15,702
44158,3,15,15,702
44159,3,15,15,702
44160,3,15,15,702
44161,3,15,15,702
44162,3,15,15,702
44163,3,3,3,702
44164,3,15,15,702
44165,3,3,3,702
44166,3,15,15,702
44167,3,15,15,702
44168,3,15,15,702
44169,3,15,15,702
44170,3,15,15,702
44171,3,15,15,702
44172,3,15,15,702
44173,3,15,15,702
44174,3,15,15,702
44175,3,15,15,702
44176,3,15,15,702
44177,3,15,15,702
44178,3,15,15,702
44179,3,15,15,702
44180,3,15,15,702
44181,3,41,41,702
44182,3,15,15,702
44183,3,15,15,702
44184,3,15,15,702
44185,3,15,15,702
44186,3,15,15,702
44187,3,4,4,702
44188,3,15,15,702
44189,3,15,15,702
44190,3,15,15,702
44191,3,15,15,702
44192,3,15,15,702
44193,3,15,15,702
44194,3,15,15,702
44195,3,15,15,702
44196,3,15,15,702
44197,3,15,15,702
44198,3,15,15,702
44199,3,15,15,702
44200,3,4,4,702
44201,3,15,15,702
44202,3,15,15,702
44203,3,15,15,702
44204,3,3,3,702
44205,3,15,15,702
44206,3,3,3,702
44207,3,15,15,702
44208,3,15,15,702
44209,3,15,15,702
44210,3,15,15,702
44211,3,15,15,702
44212,3,15,15,702
44213,3,15,15,702
44214,3,15,15,702
44215,3,15,15,702
44216,3,15,15,702
44217,3,15,15,702
44218,3,15,15,702
44219,3,15,15,702
44220,3,15,15,702
44221,3,15,15,702
44222,3,15,15,702
44223,3,15,15,702
44224,3,15,15,702
44225,3,4,4,702
44226,3,15,15,702
44227,3,15,15,702
44228,3,15,3,702
44229,3,15,15,702
44230,3,15,15,702
44231,3,15,15,702
44232,3,15,15,702
44233,3,15,15,702
44234,3,15,15,702
44235,3,15,15,702
44236,3,4,4,702
44237,3,15,15,702
44238,3,15,15,702
44239,3,15,15,702
44240,3,15,15,702
44241,3,15,15,702
44242,3,15,15,702
44243,3,15,15,702
44244,3,15,15,702
44245,3,15,15,702
44246,3,15,15,702
44247,3,15,15,702
44248,3,15,15,702
44249,3,15,15,702
44250,3,15,15,702
44251,3,15,15,702
44252,3,4,4,702
44253,3,15,15,702
44254,3,15,15,702
44255,3,15,15,702
44256,3,15,15,702
44257,3,15,15,702
44258,3,15,15,702
44259,3,15,15,702
44260,3,15,15,702
44261,3,15,15,702
44262,3,15,15,702
44263,3,15,15,702
44264,3,15,15,702
44265,3,15,15,702
44266,3,15,15,702
44267,3,15,15,702
44268,3,15,15,702
44269,3,39,39,702
44270,3,15,15,702
44271,3,15,15,702
44272,3,15,15,702
44273,3,15,15,702
44274,3,15,15,702
44275,3,21,15,702
44276,3,15,15,702
44277,3,15,15,702
44278,3,15,15,702
44279,3,15,15,702
44280,3,21,15,702
44281,3,15,15,702
44282,3,15,15,702
44283,3,15,15,702
44284,3,15,15,702
44285,3,3,3,702
44286,3,15,15,702
44287,3,15,15,702
44288,3,15,15,702
44289,3,15,15,702
44290,3,15,15,702
44291,3,15,15,702
44292,3,15,15,702
44293,3,15,15,702
44294,3,15,15,702
44295,3,15,15,702
44296,3,3,15,702
44297,3,15,15,702
44298,3,15,15,702
44299,3,15,15,702
44300,3,15,15,702
44301,3,15,15,702
44302,3,15,15,702
44303,3,15,15,702
44304,3,15,15,702
44305,3,15,15,702
44306,3,15,15,702
44307,3,15,15,702
44308,3,15,15,702
44309,3,15,15,702
44310,3,15,15,702
44311,3,15,15,702
44312,3,15,15,702
44313,3,15,15,702
44314,3,15,15,702
44315,3,15,15,702
44316,3,15,15,702
44317,3,15,15,702
44318,3,15,15,702
44319,3,15,15,702
44320,3,15,15,702
44321,3,15,15,702
44322,3,15,15,702
44323,3,15,15,702
44324,3,15,15,702
44325,3,15,15,702
44326,3,15,15,702
44327,3,15,15,702
44328,3,15,15,702
44329,3,21,15,702
44330,3,15,15,702
44331,3,15,15,702
44332,3,15,15,702
44333,3,3,3,702
44334,3,15,15,702
44335,3,15,15,702
44336,3,15,15,702
44337,3,15,15,702
44338,3,15,15,702
44339,3,41,41,702
44340,3,3,3,702
44341,3,15,15,702
44342,3,15,15,702
44343,3,15,15,702
44344,3,15,15,702
44345,3,15,15,702
44346,3,15,15,702
44347,3,15,15,702
44348,3,15,15,702
44349,3,15,15,702
44350,3,15,15,702
44351,3,15,15,702
44352,3,15,15,702
44353,3,15,15,702
44354,3,15,15,702
44355,3,15,15,702
44356,3,15,15,702
44357,3,15,15,702
44358,3,15,15,702
44359,3,15,15,702
44360,3,15,4,702
44361,3,15,15,702
44362,3,15,15,702
44363,3,15,15,702
44364,3,15,15,702
44365,3,15,15,702
44366,3,15,15,702
44367,3,15,15,702
44368,3,15,15,702
44369,3,15,15,702
44370,3,15,15,702
44371,3,15,15,702
44372,3,15,15,702
44373,3,15,15,702
44374,3,15,15,702
44375,3,15,15,702
44376,3,15,15,702
44377,3,15,15,702
44378,3,15,15,702
44379,3,15,15,702
44380,3,15,15,702
44381,3,15,15,702
44382,3,15,15,702
44383,3,15,15,702
44384,3,15,15,702
44385,3,15,15,702
44386,3,15,15,702
44387,3,15,15,702
44388,3,15,15,702
44389,3,15,15,702
44390,3,15,15,702
44391,3,21,15,702
44392,3,15,15,702
44393,3,15,15,702
44394,3,15,15,702
44395,3,15,15,702
44396,3,15,15,702
44397,3,15,15,702
44398,3,15,15,702
44399,3,15,15,702
44400,3,15,15,702
44401,3,15,15,702
44402,3,15,15,702
44403,3,15,15,702
44404,3,15,15,702
44405,3,15,4,702
44406,3,15,15,702
44407,3,15,15,702
44408,3,15,15,702
44409,3,15,15,702
44410,3,21,15,702
44411,3,15,15,702
44412,3,15,15,702
44413,3,15,15,702
44414,3,15,15,702
44415,3,15,15,702
44416,3,15,15,702
44417,3,15,15,702
44418,3,15,15,702
44419,3,15,15,702
44420,3,15,15,702
44421,3,15,15,702
44422,3,15,15,702
44423,3,4,15,702
44424,3,15,15,702
44425,3,15,15,702
44426,3,15,15,702
44427,3,15,15,702
44428,3,15,15,702
44429,3,15,15,702
44430,3,15,15,702
44431,3,15,15,702
44432,3,15,15,702
44433,3,15,15,702
44434,3,15,15,702
44435,3,15,15,702
44436,3,15,15,702
44437,3,15,15,702
44438,3,15,15,702
44439,3,15,15,702
44440,3,15,15,702
44441,3,15,15,702
44442,3,15,15,702
44443,3,15,15,702
44444,3,15,15,702
44445,3,4,4,702
44446,3,15,15,702
44447,3,15,15,702
44448,3,15,4,702
44449,3,15,15,702
44450,3,15,15,702
44451,3,15,15,702
44452,3,15,15,702
44453,3,15,15,702
44454,3,15,15,702
44455,3,15,15,702
44456,3,15,15,702
44457,3,15,15,702
44458,3,15,15,702
44459,3,15,15,702
44460,3,15,15,702
44461,3,15,15,702
44462,3,15,15,702
44463,3,15,15,702
44464,3,15,15,702
44465,3,15,15,702
44466,3,15,15,702
44467,3,15,15,702
44468,3,15,15,702
44469,3,15,15,702
44470,3,15,15,702
44471,3,15,15,702
44472,3,15,15,702
44473,3,41,41,702
44474,3,15,15,702
44475,3,15,15,702
44476,3,15,15,702
44477,3,21,21,702
44478,3,15,15,702
44479,3,15,15,702
44480,3,15,15,702
44481,3,4,4,702
44482,3,15,15,702
44483,3,15,15,702
44484,3,15,15,702
44485,3,15,15,702
44486,3,15,15,702
44487,3,15,15,702
44488,3,15,15,702
44489,3,15,15,702
44490,3,15,15,702
44491,3,15,15,702
44492,3,15,15,702
44493,3,15,15,702
44494,3,15,15,702
44495,3,15,15,702
44496,3,3,3,702
44497,3,15,15,702
44498,3,4,4,702
44499,3,15,15,702
44500,3,3,3,702
44501,3,15,15,702
44502,3,3,3,702
44503,3,15,15,702
44504,3,15,15,702
44505,3,15,15,702
44506,3,15,15,702
44507,3,3,3,702
44508,3,15,15,702
44509,3,41,41,702
44510,3,15,15,702
44511,3,15,15,702
44512,3,15,15,702
44513,3,11,11,702
44514,3,3,3,702
44515,3,15,15,702
44516,3,15,15,702
44517,3,15,15,702
44518,3,4,4,702
44519,3,15,15,702
44520,3,15,15,702
44521,3,15,15,702
44522,3,15,15,702
44523,3,15,15,702
44524,3,15,15,702
44525,3,21,15,702
44526,3,15,15,702
44527,3,15,15,702
44528,3,21,15,702
44529,3,15,15,702
44530,3,15,15,702
44531,3,15,15,702
44532,3,15,15,702
44533,3,15,15,702
44534,3,15,15,702
44535,3,15,15,702
44536,3,15,15,702
44537,3,4,4,702
44538,3,15,15,702
44539,3,15,15,702
44540,3,15,15,702
44541,3,21,15,702
44542,3,21,15,702
44543,3,15,15,702
44544,3,15,15,702
44545,3,15,15,702
44546,3,21,21,702
44547,3,15,15,702
44548,3,15,15,702
44549,3,15,15,702
44550,3,15,15,702
44551,3,15,15,702
44552,3,15,15,702
44553,3,15,15,702
44554,3,15,15,702
44555,3,15,15,702
44556,3,39,39,702
44557,3,15,15,702
44558,3,15,15,702
44559,3,21,15,702
44560,3,15,15,702
44561,3,15,15,702
44562,3,15,15,702
44563,3,15,15,702
44564,3,15,15,702
44565,3,15,15,702
44566,3,15,15,702
44567,3,15,15,702
44568,3,15,15,702
44569,3,15,15,702
44570,3,15,15,702
44571,3,15,15,702
44572,3,15,15,702
44573,3,15,15,702
44574,3,15,15,702
44575,3,15,15,702
44576,3,15,15,702
44577,3,15,15,702
44578,3,15,15,702
44579,3,15,15,702
44580,3,15,15,702
44581,3,15,15,702
44582,3,15,15,702
44583,3,3,3,702
44584,3,15,15,702
44585,3,15,15,702
44586,3,15,15,702
44587,3,15,15,702
44588,3,15,4,702
44589,3,15,15,702
44590,3,15,15,702
44591,3,15,15,702
44592,3,15,15,702
44593,3,15,15,702
44594,3,4,4,702
44595,3,15,15,702
44596,3,15,15,702
44597,3,15,15,702
44598,3,15,15,702
44599,3,15,15,702
44600,3,15,15,702
44601,3,21,15,702
44602,3,15,15,702
44603,3,15,15,702
44604,3,15,15,702
44605,3,15,15,702
44606,3,15,15,702
44607,3,15,15,702
44608,3,15,15,702
44609,3,4,4,702
44610,3,15,15,702
44611,3,4,4,702
44612,3,15,15,702
44613,3,15,15,702
44614,3,15,15,702
44615,3,4,4,702
44616,3,15,15,702
44617,3,15,15,702
44618,3,15,15,702
44619,3,4,4,702
44620,3,15,15,702
44621,3,15,15,702
44622,3,15,15,702
44623,3,15,15,702
44624,3,15,15,702
44625,3,15,15,702
44626,3,15,15,702
44627,3,15,15,702
44628,3,15,15,702
44629,3,15,15,702
44630,3,4,4,702
44631,3,15,15,702
44632,3,21,15,702
44633,3,15,15,702
44634,3,15,15,702
44635,3,4,4,702
44636,3,15,15,702
44637,3,15,15,702
44638,3,15,15,702
44639,3,15,15,702
44640,3,15,15,702
44641,3,21,15,702
44642,3,15,15,702
44643,3,15,15,702
44644,3,15,15,702
44645,3,15,15,702
44646,3,21,15,702
44647,3,15,15,702
44648,3,15,15,702
44649,3,4,15,702
44650,3,15,15,702
44651,3,15,15,702
44652,3,15,15,702
44653,3,15,15,702
44654,3,15,15,702
44655,3,15,15,702
44656,3,15,15,702
44657,3,15,15,702
44658,3,15,15,702
44659,3,15,15,702
44660,3,21,15,702
44661,3,15,15,702
44662,3,15,15,702
44663,3,15,15,702
44664,3,15,15,702
44665,3,15,15,702
44666,3,15,15,702
44667,3,15,15,702
44668,3,15,15,702
44669,3,4,4,702
44670,3,15,15,702
44671,3,15,15,702
44672,3,15,15,702
44673,3,15,15,702
44674,3,15,15,702
44675,3,15,15,702
44676,3,15,15,702
44677,3,15,15,702
44678,3,15,15,702
44679,3,21,15,702
44680,3,15,15,702
44681,3,15,15,702
44682,3,15,15,702
44683,3,15,4,702
44684,3,15,15,702
44685,3,15,15,702
44686,3,15,15,702
44687,3,15,15,702
44688,3,15,15,702
44689,3,15,15,702
44690,3,15,15,702
44691,3,15,15,702
44692,3,41,41,702
44693,3,15,15,702
44694,3,15,15,702
44695,3,15,15,702
44696,3,15,15,702
44697,3,15,15,702
44698,3,15,15,702
44699,3,15,15,702
44700,3,15,15,702
44701,3,15,15,702
44702,3,15,15,702
44703,3,15,15,702
44704,3,21,15,702
44705,3,15,15,702
44706,3,15,15,702
44707,3,15,15,702
44708,3,15,15,702
44709,3,15,15,702
44710,3,15,15,702
44711,3,3,3,702
44712,3,15,15,702
44713,3,15,15,702
44714,3,15,15,702
44715,3,15,15,702
44716,3,15,15,702
44717,3,15,15,702
44718,3,15,15,702
44719,3,15,15,702
44720,3,3,3,702
44721,3,15,15,702
44722,3,15,15,702
44723,3,15,15,702
44724,3,15,15,702
44725,3,15,15,702
44726,3,15,15,702
44727,3,15,15,702
44728,3,15,15,702
44729,3,15,15,702
44730,3,15,15,702
44731,3,21,15,702
44732,3,3,3,702
44733,3,15,15,702
44734,3,41,41,702
44735,3,15,15,702
44736,3,15,15,702
44737,3,15,15,702
44738,3,15,15,702
44739,3,39,39,702
44740,3,15,15,702
44741,3,15,15,702
44742,3,15,15,702
44743,3,39,39,702
44744,3,15,15,702
44745,3,15,15,702
44746,3,3,15,702
44747,3,15,15,702
44748,3,15,15,702
44749,3,15,15,702
44750,3,41,41,702
44751,3,15,15,702
44752,3,15,15,702
44753,3,15,15,702
44754,3,15,15,702
44755,3,15,15,702
44756,3,15,15,702
44757,3,15,15,702
44758,3,15,15,702
44759,3,3,3,702
44760,3,3,3,702
44761,3,15,15,702
44762,3,15,15,702
44763,3,15,15,702
44764,3,15,15,702
44765,3,15,15,702
44766,3,15,15,702
44767,3,15,15,702
44768,3,39,39,702
44769,3,15,15,702
44770,3,15,15,702
44771,3,3,3,702
44772,3,15,15,702
44773,3,3,3,702
44774,3,15,15,702
44775,3,15,15,702
44776,3,15,15,702
44777,3,15,15,702
44778,3,15,15,702
44779,3,15,15,702
44780,3,39,39,702
44781,3,15,15,702
44782,3,15,15,702
44783,3,15,15,702
44784,3,15,15,702
44785,3,15,15,702
44786,3,15,15,702
44787,3,15,15,702
44788,3,15,15,702
44789,3,15,15,702
44790,3,39,39,702
44791,3,15,15,702
44792,3,15,15,702
44793,3,15,15,702
44794,3,15,21,702
44795,3,15,15,702
44796,3,15,15,702
44797,3,15,15,702
44798,3,15,15,702
44799,3,15,15,702
44800,3,15,15,702
44801,3,15,15,702
44802,3,15,15,702
44803,3,15,15,702
44804,3,3,3,702
44805,3,15,15,702
44806,3,15,15,702
44807,3,15,15,702
44808,3,15,15,702
44809,3,15,15,702
44810,3,15,15,702
44811,3,15,15,702
44812,3,15,15,702
44813,3,15,15,702
44814,3,15,15,702
44815,3,15,15,702
44816,3,15,15,702
44817,3,15,15,702
44818,3,15,15,702
44819,3,15,15,702
44820,3,15,15,702
44821,3,15,15,702
44822,3,15,15,702
44823,3,15,15,702
44824,3,15,15,702
44825,3,15,15,702
44826,3,15,15,702
44827,3,15,15,702
44828,3,15,15,702
44829,3,15,15,702
44830,3,15,15,702
44831,3,15,15,702
44832,3,15,15,702
44833,3,4,4,702
44834,3,15,15,702
44835,3,15,15,702
44836,3,15,15,702
44837,3,15,15,702
44838,3,15,15,702
44839,3,15,15,702
44840,3,15,15,702
44841,3,3,3,702
44842,3,15,15,702
44843,3,15,15,702
44844,3,15,15,702
44845,3,15,15,702
44846,3,15,15,702
44847,3,15,15,702
44848,3,15,15,702
44849,3,15,15,702
44850,3,15,15,702
44851,3,15,15,702
44852,3,39,39,702
44853,3,21,15,702
44854,3,15,15,702
44855,3,15,15,702
44856,3,15,15,702
44857,3,15,15,702
44858,3,15,15,702
44859,3,15,15,702
44860,3,15,15,702
44861,3,3,3,702
44862,3,15,15,702
44863,3,3,3,702
44864,3,15,15,702
44865,3,15,15,702
44866,3,15,15,702
44867,3,15,15,702
44868,3,15,15,702
44869,3,15,15,702
44870,3,39,15,702
44871,3,15,15,702
44872,3,15,15,702
44873,3,15,15,702
44874,3,15,15,702
44875,3,15,15,702
44876,3,15,15,702
44877,3,15,15,702
44878,3,15,15,702
44879,3,15,15,702
44880,3,15,15,702
44881,3,15,15,702
44882,3,15,15,702
44883,3,15,15,702
44884,3,15,15,702
44885,3,15,15,702
44886,3,15,15,702
44887,3,15,15,702
44888,3,15,15,702
44889,3,15,15,702
44890,3,15,15,702
44891,3,15,15,702
44892,3,15,15,702
44893,3,3,3,702
44894,3,15,15,702
44895,3,21,21,702
44896,3,15,15,702
44897,3,41,41,702
44898,3,15,15,702
44899,3,15,15,702
44900,3,15,15,702
44901,3,15,15,702
44902,3,15,15,702
44903,3,15,15,702
44904,3,4,4,702
44905,3,15,15,702
44906,3,15,15,702
44907,3,15,15,702
44908,3,15,15,702
44909,3,15,15,702
44910,3,15,15,702
44911,3,15,15,702
44912,3,15,15,702
44913,3,4,4,702
44914,3,15,15,702
44915,3,15,15,702
44916,3,15,15,702
44917,3,15,15,702
44918,3,15,15,702
44919,3,15,15,702
44920,3,15,15,702
44921,3,3,3,702
44922,3,15,15,702
44923,3,15,15,702
44924,3,15,15,702
44925,3,15,15,702
44926,3,15,15,702
44927,3,15,15,702
44928,3,15,15,702
44929,3,15,15,702
44930,3,3,3,702
44931,3,15,15,702
44932,3,15,15,702
44933,3,15,15,702
44934,3,15,15,702
44935,3,21,15,702
44936,3,15,15,702
44937,3,15,15,702
44938,3,15,15,702
44939,3,41,41,702
44940,3,15,15,702
44941,3,3,3,702
44942,3,15,15,702
44943,3,15,15,702
44944,3,4,4,702
44945,3,15,15,702
44946,3,4,4,702
44947,3,15,15,702
44948,3,39,41,702
44949,3,3,3,702
44950,3,15,15,702
44951,3,3,3,702
44952,3,15,15,702
44953,3,15,15,702
44954,3,15,15,702
44955,3,15,15,702
44956,3,15,15,702
44957,3,4,4,702
44958,3,15,15,702
44959,3,15,15,702
44960,3,15,15,702
44961,3,15,15,702
44962,3,15,15,702
44963,3,15,15,702
44964,3,15,15,702
44965,3,15,15,702
44966,3,15,15,702
44967,3,15,15,702
44968,3,15,15,702
44969,3,15,15,702
44970,3,15,15,702
44971,3,15,15,702
44972,3,15,3,702
44973,3,15,15,702
44974,3,15,15,702
44975,3,15,15,702
44976,3,3,3,702
44977,3,15,15,702
44978,3,15,15,702
44979,3,15,15,702
44980,3,15,15,702
44981,3,15,15,702
44982,3,15,15,702
44983,3,15,15,702
44984,3,15,15,702
44985,3,15,15,702
44986,3,15,15,702
44987,3,15,15,702
44988,3,15,15,702
44989,3,15,15,702
44990,3,15,15,702
44991,3,15,15,702
44992,3,15,15,702
44993,3,15,15,702
44994,3,15,15,702
44995,3,15,15,702
44996,3,15,15,702
44997,3,3,3,702
44998,3,15,15,702
44999,3,15,15,702
45000,3,15,15,702
45001,3,15,15,702
45002,3,15,15,702
45003,3,3,3,702
45004,3,15,15,702
45005,3,15,15,702
45006,3,15,15,702
45007,3,15,15,702
45008,3,15,15,702
45009,3,15,15,702
45010,3,3,3,702
45011,3,15,15,702
45012,3,15,15,702
45013,3,21,15,702
45014,3,15,15,702
45015,3,21,15,702
45016,3,15,15,702
45017,3,15,15,702
45018,3,15,15,702
45019,3,15,15,702
45020,3,21,21,702
45021,3,15,15,702
45022,3,15,15,702
45023,3,15,15,702
45024,3,15,15,702
45025,3,15,15,702
45026,3,15,15,702
45027,3,15,15,702
45028,3,15,15,702
45029,3,21,15,702
45030,3,15,15,702
45031,3,15,15,702
45032,3,15,15,702
45033,3,15,15,702
45034,3,15,15,702
45035,3,15,15,702
45036,3,15,15,702
45037,3,4,4,702
45038,3,15,15,702
45039,3,15,15,702
45040,3,15,15,702
45041,3,15,15,702
45042,3,15,15,702
45043,3,15,15,702
45044,3,15,15,702
45045,3,15,15,702
45046,3,15,15,702
45047,3,15,15,702
45048,3,15,15,702
45049,3,15,15,702
45050,3,15,15,702
45051,3,3,3,702
45052,3,15,15,702
45053,3,15,15,702
45054,3,15,15,702
45055,3,15,15,702
45056,3,15,15,702
45057,3,15,15,702
45058,3,15,15,702
45059,3,15,15,702
45060,3,3,3,702
45061,3,15,15,702
45062,3,15,15,702
45063,3,15,15,702
45064,3,15,15,702
45065,3,15,15,702
45066,3,3,3,702
45067,3,15,15,702
45068,3,15,15,702
45069,3,3,3,702
45070,3,15,15,702
45071,3,15,15,702
45072,3,15,15,702
45073,3,15,15,702
45074,3,15,15,702
45075,3,41,41,702
45076,3,15,15,702
45077,3,15,15,702
45078,3,15,15,702
45079,3,15,15,702
45080,3,15,15,702
45081,3,15,3,702
45082,3,15,15,702
45083,3,15,15,702
45084,3,15,15,702
45085,3,4,4,702
45086,3,15,15,702
45087,3,15,15,702
45088,3,15,15,702
45089,3,15,15,702
45090,3,4,4,702
45091,3,15,15,702
45092,3,15,15,702
45093,3,15,3,702
45094,3,15,15,702
45095,3,15,15,702
45096,3,15,15,702
45097,3,15,15,702
45098,3,15,15,702
45099,3,15,15,702
45100,3,15,15,702
45101,3,15,15,702
45102,3,15,15,702
45103,3,15,15,702
45104,3,15,15,702
45105,3,15,15,702
45106,3,15,15,702
45107,3,15,15,702
45108,3,15,15,702
45109,3,15,15,702
45110,3,15,15,702
45111,3,15,15,702
45112,3,15,15,702
45113,3,15,15,702
45114,3,15,15,702
45115,3,15,15,702
45116,3,15,15,702
45117,3,3,3,702
45118,3,15,15,702
45119,3,15,15,702
45120,3,3,4,702
45121,3,15,15,702
45122,3,15,15,702
45123,3,15,15,702
45124,3,15,15,702
45125,3,15,15,702
45126,3,15,15,702
45127,3,15,15,702
45128,3,15,15,702
45129,3,15,15,702
45130,3,15,15,702
45131,3,15,15,702
45132,3,15,15,702
45133,3,15,15,702
45134,3,15,15,702
45135,3,15,15,702
45136,3,15,15,702
45137,3,15,15,702
45138,3,15,15,702
45139,3,15,15,702
45140,3,15,15,702
45141,3,15,15,702
45142,3,15,15,702
45143,3,15,15,702
45144,3,15,15,702
45145,3,15,15,702
45146,3,15,15,702
45147,3,15,15,702
45148,3,21,21,702
45149,3,15,15,702
45150,3,4,4,702
45151,3,15,15,702
45152,3,15,15,702
45153,3,15,15,702
45154,3,15,15,702
45155,3,15,15,702
45156,3,15,15,702
45157,3,15,15,702
45158,3,15,15,702
45159,3,15,15,702
45160,3,15,15,702
45161,3,15,15,702
45162,3,15,15,702
45163,3,15,15,702
45164,3,15,15,702
45165,3,15,15,702
45166,3,15,15,702
45167,3,41,41,702
45168,3,3,3,702
45169,3,15,15,702
45170,3,15,15,702
45171,3,15,15,702
45172,3,21,21,702
45173,3,15,15,702
45174,3,15,15,702
45175,3,15,15,702
45176,3,15,15,702
45177,3,15,15,702
45178,3,15,15,702
45179,3,15,15,702
45180,3,15,15,702
45181,3,15,15,702
45182,3,15,15,702
45183,3,15,15,702
45184,3,15,15,702
45185,3,15,4,702
45186,3,15,15,702
45187,3,21,21,702
45188,3,21,15,702
45189,3,15,15,702
45190,3,21,21,702
45191,3,15,15,702
45192,3,4,4,702
45193,3,15,15,702
45194,3,15,15,702
45195,3,15,15,702
45196,3,21,15,702
45197,3,15,15,702
45198,3,15,15,702
45199,3,15,15,702
45200,3,15,15,702
45201,3,15,15,702
45202,3,15,15,702
45203,3,15,15,702
45204,3,3,3,702
45205,3,15,15,702
45206,3,15,15,702
45207,3,21,15,702
45208,3,15,15,702
45209,3,15,15,702
45210,3,3,3,702
45211,3,15,15,702
45212,3,15,15,702
45213,3,4,4,702
45214,3,15,15,702
45215,3,15,15,702
45216,3,15,15,702
45217,3,15,15,702
45218,3,15,15,702
45219,3,15,15,702
45220,3,15,15,702
45221,3,21,3,702
45222,3,11,11,702
45223,3,15,15,702
45224,3,15,15,702
45225,3,15,15,702
45226,3,15,15,702
45227,3,15,15,702
45228,3,15,15,702
45229,3,15,15,702
45230,3,15,15,702
45231,3,15,15,702
45232,3,15,15,702
45233,3,15,15,702
45234,3,15,15,702
45235,3,15,15,702
45236,3,39,39,702
45237,3,15,15,702
45238,3,15,15,702
45239,3,15,15,702
45240,3,15,15,702
45241,3,15,15,702
45242,3,4,4,702
45243,3,15,15,702
45244,3,15,15,702
45245,3,15,15,702
45246,3,15,15,702
45247,3,15,15,702
45248,3,4,4,702
45249,3,15,15,702
45250,3,15,15,702
45251,3,15,15,702
45252,3,15,15,702
45253,3,15,15,702
45254,3,15,15,702
45255,3,15,15,702
45256,3,15,15,702
45257,3,15,15,702
45258,3,15,15,702
45259,3,15,15,702
45260,3,15,15,702
45261,3,15,15,702
45262,3,15,15,702
45263,3,15,15,702
45264,3,15,15,702
45265,3,15,15,702
45266,3,15,15,702
45267,3,15,15,702
45268,3,21,15,702
45269,3,15,15,702
45270,3,15,15,702
45271,3,15,15,702
45272,3,15,15,702
45273,3,15,15,702
45274,3,3,3,702
45275,3,39,39,702
45276,3,3,3,702
45277,3,15,15,702
45278,3,15,15,702
45279,3,4,4,702
45280,3,15,15,702
45281,3,15,15,702
45282,3,15,15,702
45283,3,15,15,702
45284,3,15,15,702
45285,3,3,3,702
45286,3,3,3,702
45287,3,15,15,702
45288,3,15,15,702
45289,3,4,4,702
45290,3,15,15,702
45291,3,15,15,702
45292,3,21,15,702
45293,3,15,15,702
45294,3,15,15,702
45295,3,15,15,702
45296,3,15,15,702
45297,3,15,15,702
45298,3,15,15,702
45299,3,15,15,702
45300,3,15,15,702
45301,3,15,15,702
45302,3,15,15,702
45303,3,15,15,702
45304,3,15,15,702
45305,3,15,15,702
45306,3,15,15,702
45307,3,15,15,702
45308,3,15,4,702
45309,3,15,15,702
45310,3,15,15,702
45311,3,4,4,702
45312,3,15,15,702
45313,3,15,15,702
45314,3,15,15,702
45315,3,15,15,702
45316,3,15,15,702
45317,3,15,15,702
45318,3,15,15,702
45319,3,15,15,702
45320,3,15,15,702
45321,3,15,15,702
45322,3,15,15,702
45323,3,15,15,702
45324,3,15,15,702
45325,3,15,15,702
45326,3,15,15,702
45327,3,15,15,702
45328,3,39,41,702
45329,3,15,15,702
45330,3,15,15,702
45331,3,15,15,702
45332,3,15,15,702
45333,3,15,15,702
45334,3,15,15,702
45335,3,3,3,702
45336,3,15,15,702
45337,3,15,15,702
45338,3,15,15,702
45339,3,15,15,702
45340,3,15,15,702
45341,3,15,15,702
45342,3,15,15,702
45343,3,15,15,702
45344,3,15,15,702
45345,3,15,15,702
45346,3,15,15,702
45347,3,15,15,702
45348,3,15,15,702
45349,3,15,15,702
45350,3,15,15,702
45351,3,15,15,702
45352,3,15,15,702
45353,3,15,15,702
45354,3,15,15,702
45355,3,15,15,702
45356,3,15,15,702
45357,3,21,46,702
45358,3,15,15,702
45359,3,21,21,702
45360,3,15,15,702
45361,3,15,15,702
45362,3,15,15,702
45363,3,15,15,702
45364,3,15,15,702
45365,3,15,15,702
45366,3,3,3,702
45367,3,15,15,702
45368,3,15,15,702
45369,3,15,15,702
45370,3,15,21,702
45371,3,15,15,702
45372,3,15,15,702
45373,3,21,15,702
45374,3,15,15,702
45375,3,15,15,702
45376,3,15,15,702
45377,3,15,15,702
45378,3,15,15,702
45379,3,15,15,702
45380,3,15,15,702
45381,3,15,15,702
45382,3,15,15,702
45383,3,15,15,702
45384,3,15,15,702
45385,3,4,4,702
45386,3,15,15,702
45387,3,15,15,702
45388,3,15,15,702
45389,3,15,15,702
45390,3,15,15,702
45391,3,15,15,702
45392,3,4,4,702
45393,3,15,15,702
45394,3,4,4,702
45395,3,15,15,702
45396,3,15,15,702
45397,3,39,39,702
45398,3,15,4,702
45399,3,15,12,702
45400,3,15,15,702
45401,3,15,15,702
45402,3,15,15,702
45403,3,11,11,702
45404,3,15,15,702
45405,3,15,15,702
45406,3,15,15,702
45407,3,15,15,702
45408,3,15,15,702
45409,3,15,15,702
45410,3,15,15,702
45411,3,15,15,702
45412,3,15,15,702
45413,3,15,15,702
45414,3,15,15,702
45415,3,15,15,702
45416,3,15,15,702
45417,3,15,15,702
45418,3,15,15,702
45419,3,15,15,702
45420,3,41,15,702
45421,3,15,15,702
45422,3,15,15,702
45423,3,15,15,702
45424,3,15,15,702
45425,3,15,15,702
45426,3,15,15,702
45427,3,15,15,702
45428,3,15,15,702
45429,3,15,15,702
45430,3,15,15,702
45431,3,15,15,702
45432,3,15,15,702
45433,3,15,15,702
45434,3,15,15,702
45435,3,15,15,702
45436,3,15,15,702
45437,3,39,41,702
45438,3,15,15,702
45439,3,15,15,702
45440,3,15,15,702
45441,3,15,15,702
45442,3,15,15,702
45443,3,15,15,702
45444,3,15,15,702
45445,3,15,15,702
45446,3,15,15,702
45447,3,15,3,702
45448,3,3,15,702
45449,3,15,15,702
45450,3,15,15,702
45451,3,15,15,702
45452,3,15,15,702
45453,3,3,3,702
45454,3,15,15,702
45455,3,15,15,702
45456,3,15,4,702
45457,3,15,15,702
45458,3,15,15,702
45459,3,4,4,702
45460,3,15,15,702
45461,3,15,15,702
45462,3,15,15,702
45463,3,15,15,702
45464,3,15,15,702
45465,3,15,15,702
45466,3,15,15,702
45467,3,15,15,702
45468,3,15,15,702
45469,3,15,15,702
45470,3,15,15,702
45471,3,15,15,702
45472,3,15,15,702
45473,3,15,15,702
45474,3,15,15,702
45475,3,15,15,702
45476,3,15,15,702
45477,3,15,15,702
45478,3,15,15,702
45479,3,21,15,702
45480,3,15,15,702
45481,3,15,15,702
45482,3,15,15,702
45483,3,4,4,702
45484,3,15,15,702
45485,3,15,15,702
45486,3,15,15,702
45487,3,15,15,702
45488,3,15,15,702
45489,3,15,15,702
45490,3,15,15,702
45491,3,4,4,702
45492,3,15,15,702
45493,3,15,15,702
45494,3,15,15,702
45495,3,15,15,702
45496,3,15,15,702
45497,3,15,15,702
45498,3,15,15,702
45499,3,15,15,702
45500,3,15,15,702
45501,3,15,15,702
45502,3,15,15,702
45503,3,15,15,702
45504,3,15,15,702
45505,3,15,15,702
45506,3,15,15,702
45507,3,9,9,702
45508,3,15,15,702
45509,3,15,15,702
45510,3,15,15,702
45511,3,15,15,702
45512,3,15,15,702
45513,3,15,15,702
45514,3,15,15,702
45515,3,15,21,702
45516,3,15,3,702
45517,3,15,15,702
45518,3,15,15,702
45519,3,15,15,702
45520,3,15,15,702
45521,3,15,15,702
45522,3,15,15,702
45523,3,15,15,702
45524,3,15,15,702
45525,3,15,15,702
45526,3,21,15,702
45527,3,4,4,702
45528,3,15,15,702
45529,3,15,15,702
45530,3,15,15,702
45531,3,15,15,702
45532,3,15,15,702
45533,3,15,15,702
45534,3,15,15,702
45535,3,15,15,702
45536,3,15,15,702
45537,3,15,15,702
45538,3,15,15,702
45539,3,15,15,702
45540,3,15,15,702
45541,3,15,15,702
45542,3,15,15,702
45543,3,15,15,702
45544,3,21,21,702
45545,3,15,15,702
45546,3,15,15,702
45547,3,15,15,702
45548,3,15,15,702
45549,3,15,15,702
45550,3,15,15,702
45551,3,15,15,702
45552,3,15,15,702
45553,3,15,15,702
45554,3,15,15,702
45555,3,15,15,702
45556,3,15,15,702
45557,3,15,15,702
45558,3,15,15,702
45559,3,15,15,702
45560,3,15,15,702
45561,3,15,15,702
45562,3,15,15,702
45563,3,15,15,702
45564,3,15,15,702
45565,3,15,15,702
45566,3,15,15,702
45567,3,15,15,702
45568,3,15,15,702
45569,3,15,15,702
45570,3,15,15,702
45571,3,15,15,702
45572,3,15,15,702
45573,3,4,4,702
45574,3,15,15,702
45575,3,15,15,702
45576,3,15,15,702
45577,3,15,15,702
45578,3,15,15,702
45579,3,15,15,702
45580,3,21,15,702
45581,3,3,3,702
45582,3,15,15,702
45583,3,15,15,702
45584,3,21,15,702
45585,3,15,15,702
45586,3,15,15,702
45587,3,15,15,702
45588,3,15,15,702
45589,3,15,15,702
45590,3,15,15,702
45591,3,15,15,702
45592,3,15,15,702
45593,3,15,15,702
45594,3,15,15,702
45595,3,15,15,702
45596,3,15,15,702
45597,3,15,15,702
45598,3,15,15,702
45599,3,15,15,702
45600,3,15,15,702
45601,3,15,15,702
45602,3,15,15,702
45603,3,15,15,702
45604,3,15,15,702
45605,3,15,15,702
45606,3,15,15,702
45607,3,15,15,702
45608,3,15,15,702
45609,3,15,15,702
45610,3,3,3,702
45611,3,15,15,702
45612,3,15,15,702
45613,3,15,15,702
45614,3,15,15,702
45615,3,15,15,702
45616,3,15,15,702
45617,3,15,15,702
45618,3,15,15,702
45619,3,15,15,702
45620,3,15,15,702
45621,3,15,15,702
45622,3,15,15,702
45623,3,15,15,702
45624,3,15,15,702
45625,3,15,15,702
45626,3,15,15,702
45627,3,15,15,702
45628,3,15,15,702
45629,3,3,3,702
45630,3,3,3,702
45631,3,15,15,702
45632,3,39,39,702
45633,3,15,15,702
45634,3,15,15,702
45635,3,15,15,702
45636,3,15,15,702
45637,3,15,15,702
45638,3,15,15,702
45639,3,15,15,702
45640,3,15,15,702
45641,3,15,15,702
45642,3,15,15,702
45643,3,15,15,702
45644,3,15,15,702
45645,3,15,15,702
45646,3,15,15,702
45647,3,15,15,702
45648,3,15,15,702
45649,3,15,15,702
45650,3,15,15,702
45651,3,15,15,702
45652,3,15,15,702
45653,3,15,15,702
45654,3,15,15,702
45655,3,15,15,702
45656,3,39,39,702
45657,3,15,15,702
45658,3,15,3,702
45659,3,15,15,702
45660,3,15,15,702
45661,3,15,15,702
45662,3,15,15,702
45663,3,15,15,702
45664,3,15,15,702
45665,3,15,15,702
45666,3,3,3,702
45667,3,15,15,702
45668,3,15,15,702
45669,3,15,15,702
45670,3,15,15,702
45671,3,15,15,702
45672,3,4,4,702
45673,3,15,15,702
45674,3,15,15,702
45675,3,15,15,702
45676,3,15,15,702
45677,3,4,4,702
45678,3,3,3,702
45679,3,15,15,702
45680,3,15,15,702
45681,3,15,15,702
45682,3,15,15,702
45683,3,15,15,702
45684,3,4,4,702
45685,3,15,15,702
45686,3,15,15,702
45687,3,15,15,702
45688,3,15,15,702
45689,3,15,15,702
45690,3,15,15,702
45691,3,15,15,702
45692,3,15,15,702
45693,3,15,15,702
45694,3,41,41,702
45695,3,15,15,702
45696,3,15,15,702
45697,3,15,15,702
45698,3,15,15,702
45699,3,15,15,702
45700,3,4,15,702
45701,3,15,15,702
45702,3,4,4,702
45703,3,15,15,702
45704,3,15,15,702
45705,3,15,15,702
45706,3,15,15,702
45707,3,15,15,702
45708,3,15,15,702
45709,3,15,15,702
45710,3,15,15,702
45711,3,15,15,702
45712,3,15,15,702
45713,3,4,4,702
45714,3,39,41,702
45715,3,15,15,702
45716,3,15,15,702
45717,3,3,3,702
45718,3,15,15,702
45719,3,15,15,702
45720,3,15,15,702
45721,3,15,15,702
45722,3,15,15,702
45723,3,15,15,702
45724,3,15,15,702
45725,3,15,15,702
45726,3,15,15,702
45727,3,15,15,702
45728,3,15,15,702
45729,3,15,15,702
45730,3,15,15,702
45731,3,15,15,702
45732,3,15,3,702
45733,3,15,15,702
45734,3,15,15,702
45735,3,15,15,702
45736,3,15,15,702
45737,3,15,15,702
45738,3,15,15,702
45739,3,15,15,702
45740,3,3,3,702
45741,3,15,15,702
45742,3,15,15,702
45743,3,3,3,702
45744,3,15,15,702
45745,3,15,15,702
45746,3,9,15,702
45747,3,3,3,702
45748,3,3,3,702
45749,3,15,15,702
45750,3,15,15,702
45751,3,39,39,702
45752,3,15,15,702
45753,3,15,15,702
45754,3,3,3,702
45755,3,15,4,702
45756,3,15,15,702
45757,3,15,15,702
45758,3,15,15,702
45759,3,15,15,702
45760,3,15,15,702
45761,3,15,15,702
45762,3,4,4,702
45763,3,15,15,702
45764,3,15,15,702
45765,3,9,9,702
45766,3,15,15,702
45767,3,15,15,702
45768,3,15,15,702
45769,3,15,15,702
45770,3,15,15,702
45771,3,15,15,702
45772,3,3,3,702
45773,3,15,15,702
45774,3,15,15,702
45775,3,15,15,702
45776,3,15,15,702
45777,3,4,4,702
45778,3,15,15,702
45779,3,15,15,702
45780,3,15,15,702
45781,3,15,15,702
45782,3,15,15,702
45783,3,15,15,702
45784,3,15,15,702
45785,3,4,4,702
45786,3,15,15,702
45787,3,15,15,702
45788,3,15,15,702
45789,3,15,15,702
45790,3,15,15,702
45791,3,15,15,702
45792,3,15,15,702
45793,3,15,15,702
45794,3,15,15,702
45795,3,15,4,702
45796,3,15,15,702
45797,3,15,15,702
45798,3,15,15,702
45799,3,15,15,702
45800,3,15,15,702
45801,3,15,15,702
45802,3,15,15,702
45803,3,15,15,702
45804,3,15,15,702
45805,3,15,15,702
45806,3,21,21,702
45807,3,15,15,702
45808,3,15,15,702
45809,3,15,15,702
45810,3,15,15,702
45811,3,15,15,702
45812,3,15,15,702
45813,3,15,15,702
45814,3,15,15,702
45815,3,4,4,702
45816,3,15,15,702
45817,3,15,15,702
45818,3,39,39,702
45819,3,15,15,702
45820,3,15,15,702
45821,3,15,15,702
45822,3,15,15,702
45823,3,15,3,702
45824,3,15,15,702
45825,3,15,15,702
45826,3,15,15,702
45827,3,15,15,702
45828,3,3,3,702
45829,3,15,15,702
45830,3,41,41,702
45831,3,15,15,702
45832,3,15,15,702
45833,3,15,15,702
45834,3,41,41,702
45835,3,4,4,702
45836,3,15,15,702
45837,3,15,15,702
45838,3,15,15,702
45839,3,15,15,702
45840,3,15,15,702
45841,3,15,15,702
45842,3,15,15,702
45843,3,15,15,702
45844,3,15,15,702
45845,3,15,15,702
45846,3,15,15,702
45847,3,15,15,702
45848,3,15,15,702
45849,3,15,15,702
45850,3,15,15,702
45851,3,15,15,702
45852,3,15,15,702
45853,3,15,15,702
45854,3,15,15,702
45855,3,21,15,702
45856,3,15,15,702
45857,3,15,15,702
45858,3,15,15,702
45859,3,15,15,702
45860,3,15,15,702
45861,3,15,15,702
45862,3,15,15,702
45863,3,15,15,702
45864,3,15,15,702
45865,3,15,15,702
45866,3,15,15,702
45867,3,15,15,702
45868,3,3,3,702
45869,3,15,15,702
45870,3,15,15,702
45871,3,15,15,702
45872,3,15,15,702
45873,3,15,15,702
45874,3,15,15,702
45875,3,15,15,702
45876,3,21,15,702
45877,3,15,15,702
45878,3,3,3,702
45879,3,15,4,702
45880,3,15,15,702
45881,3,15,15,702
45882,3,15,15,702
45883,3,15,15,702
45884,3,15,15,702
45885,3,15,15,702
45886,3,15,15,702
45887,3,15,15,702
45888,3,3,3,702
45889,3,15,15,702
45890,3,15,15,702
45891,3,15,15,702
45892,3,15,15,702
45893,3,15,15,702
45894,3,15,15,702
45895,3,15,15,702
45896,3,15,15,702
45897,3,15,15,702
45898,3,15,12,702
45899,3,15,15,702
45900,3,15,15,702
45901,3,15,15,702
45902,3,15,15,702
45903,3,15,15,702
45904,3,15,15,702
45905,3,15,15,702
45906,3,15,15,702
45907,3,11,11,702
45908,3,15,15,702
45909,3,15,15,702
45910,3,15,15,702
45911,3,15,15,702
45912,3,15,15,702
45913,3,15,15,702
45914,3,15,15,702
45915,3,15,15,702
45916,3,3,3,702
45917,3,15,15,702
45918,3,15,15,702
45919,3,41,41,702
45920,3,15,15,702
45921,3,15,15,702
45922,3,3,3,702
45923,3,15,15,702
45924,3,15,15,702
45925,3,15,15,702
45926,3,15,15,702
45927,3,15,15,702
45928,3,15,15,702
45929,3,24,24,702
45930,3,15,15,702
45931,3,15,15,702
45932,3,15,15,702
45933,3,15,15,702
45934,3,15,15,702
45935,3,15,15,702
45936,3,15,15,702
45937,3,4,4,702
45938,3,15,15,702
45939,3,15,15,702
45940,3,15,15,702
45941,3,15,15,702
45942,3,15,15,702
45943,3,15,15,702
45944,3,3,3,702
45945,3,9,15,702
45946,3,21,15,702
45947,3,15,15,702
45948,3,15,15,702
45949,3,15,15,702
45950,3,15,15,702
45951,3,15,15,702
45952,3,15,15,702
45953,3,15,15,702
45954,3,21,21,702
45955,3,21,15,702
45956,3,15,15,702
45957,3,15,15,702
45958,3,15,15,702
45959,3,15,15,702
45960,3,15,15,702
45961,3,15,15,702
45962,3,15,15,702
45963,3,15,15,702
45964,3,15,15,702
45965,3,15,15,702
45966,3,15,15,702
45967,3,15,15,702
45968,3,15,15,702
45969,3,4,4,702
45970,3,15,15,702
45971,3,15,15,702
45972,3,15,15,702
45973,3,15,15,702
45974,3,21,15,702
45975,3,15,15,702
45976,3,15,15,702
45977,3,15,15,702
45978,3,15,15,702
45979,3,15,15,702
45980,3,15,15,702
45981,3,15,15,702
45982,3,15,15,702
45983,3,15,15,702
45984,3,15,15,702
45985,3,15,15,702
45986,3,15,15,702
45987,3,15,15,702
45988,3,15,15,702
45989,3,15,15,702
45990,3,15,15,702
45991,3,15,15,702
45992,3,15,15,702
45993,3,15,15,702
45994,3,15,15,702
45995,3,15,15,702
45996,3,15,15,702
45997,3,15,15,702
45998,3,41,41,702
45999,3,15,15,702
46000,3,15,15,702
46001,3,21,15,702
46002,3,15,15,702
46003,3,15,15,702
46004,3,15,15,702
46005,3,4,4,702
46006,3,15,15,702
46007,3,15,15,702
46008,3,15,15,702
46009,3,15,15,702
46010,3,15,15,702
46011,3,15,15,702
46012,3,15,15,702
46013,3,15,15,702
46014,3,15,15,702
46015,3,15,15,702
46016,3,15,15,702
46017,3,15,15,702
46018,3,15,15,702
46019,3,15,15,702
46020,3,15,15,702
46021,3,15,15,702
46022,3,15,15,702
46023,3,15,15,702
46024,3,15,15,702
46025,3,21,15,702
46026,3,15,15,702
46027,3,15,15,702
46028,3,15,15,702
46029,3,15,15,702
46030,3,21,15,702
46031,3,15,15,702
46032,3,15,15,702
46033,3,3,3,702
46034,3,3,3,702
46035,3,3,3,702
46036,3,9,15,702
46037,3,15,15,702
46038,3,15,15,702
46039,3,15,15,702
46040,3,15,15,702
46041,3,3,3,702
46042,3,15,15,702
46043,3,15,15,702
46044,3,15,15,702
46045,3,15,15,702
46046,3,15,15,702
46047,3,21,15,702
46048,3,15,15,702
46049,3,15,15,702
46050,3,15,15,702
46051,3,15,15,702
46052,3,15,15,702
46053,3,15,15,702
46054,3,15,15,702
46055,3,15,15,702
46056,3,15,15,702
46057,3,15,15,702
46058,3,15,15,702
46059,3,15,15,702
46060,3,15,15,702
46061,3,15,15,702
46062,3,15,15,702
46063,3,15,15,702
46064,3,15,15,702
46065,3,15,15,702
46066,3,15,15,702
46067,3,15,15,702
46068,3,15,15,702
46069,3,15,15,702
46070,3,39,15,702
46071,3,15,15,702
46072,3,15,15,702
46073,3,15,15,702
46074,3,15,15,702
46075,3,15,15,702
46076,3,15,15,702
46077,3,15,15,702
46078,3,15,15,702
46079,3,15,15,702
46080,3,15,15,702
46081,3,15,15,702
46082,3,15,15,702
46083,3,15,15,702
46084,3,15,15,702
46085,3,15,15,702
46086,3,15,15,702
46087,3,15,15,702
46088,3,15,15,702
46089,3,15,15,702
46090,3,4,4,702
46091,3,15,15,702
46092,3,4,4,702
46093,3,15,15,702
46094,3,15,15,702
46095,3,21,15,702
46096,3,15,15,702
46097,3,15,15,702
46098,3,15,15,702
46099,3,15,15,702
46100,3,15,15,702
46101,3,15,15,702
46102,3,15,15,702
46103,3,15,15,702
46104,3,15,15,702
46105,3,15,15,702
46106,3,15,15,702
46107,3,15,15,702
46108,3,15,15,702
46109,3,15,15,702
46110,3,15,15,702
46111,3,15,15,702
46112,3,15,15,702
46113,3,3,3,702
46114,3,15,15,702
46115,3,15,15,702
46116,3,15,15,702
46117,3,15,15,702
46118,3,15,15,702
46119,3,11,11,702
46120,3,15,15,702
46121,3,15,15,702
46122,3,20,20,702
46123,3,41,41,702
46124,3,15,15,702
46125,3,15,15,702
46126,3,15,15,702
46127,3,15,15,702
46128,3,4,4,702
46129,3,15,15,702
46130,3,3,3,702
46131,3,15,15,702
46132,3,15,15,702
46133,3,15,15,702
46134,3,3,3,702
46135,3,15,15,702
46136,3,39,39,702
46137,3,15,15,702
46138,3,15,15,702
46139,3,15,15,702
46140,3,21,15,702
46141,3,3,3,702
46142,3,15,15,702
46143,3,15,15,702
46144,3,15,15,702
46145,3,15,15,702
46146,3,15,4,702
46147,3,15,15,702
46148,3,15,15,702
46149,3,15,15,702
46150,3,15,15,702
46151,3,15,15,702
46152,3,15,15,702
46153,3,15,15,702
46154,3,15,15,702
46155,3,15,15,702
46156,3,21,15,702
46157,3,15,15,702
46158,3,15,15,702
46159,3,15,15,702
46160,3,15,15,702
46161,3,15,3,702
46162,3,15,15,702
46163,3,15,15,702
46164,3,15,15,702
46165,3,4,4,702
46166,3,21,15,702
46167,3,3,3,702
46168,3,3,3,702
46169,3,15,15,702
46170,3,4,4,702
46171,3,15,15,702
46172,3,21,15,702
46173,3,15,15,702
46174,3,15,15,702
46175,3,15,15,702
46176,3,15,15,702
46177,3,15,15,702
46178,3,15,15,702
46179,3,15,15,702
46180,3,15,4,702
46181,3,3,3,702
46182,3,15,15,702
46183,3,4,4,702
46184,3,15,15,702
46185,3,15,15,702
46186,3,21,21,702
46187,3,15,15,702
46188,3,15,15,702
46189,3,15,15,702
46190,3,15,15,702
46191,3,15,15,702
46192,3,15,15,702
46193,3,15,15,702
46194,3,15,15,702
46195,3,15,15,702
46196,3,15,15,702
46197,3,4,4,702
46198,3,15,15,702
46199,3,15,15,702
46200,3,15,15,702
46201,3,15,15,702
46202,3,39,39,702
46203,3,15,15,702
46204,3,41,41,702
46205,3,15,15,702
46206,3,15,15,702
46207,3,15,15,702
46208,3,15,15,702
46209,3,15,15,702
46210,3,15,15,702
46211,3,15,15,702
46212,3,15,15,702
46213,3,15,15,702
46214,3,39,41,702
46215,3,15,15,702
46216,3,15,15,702
46217,3,15,15,702
46218,3,15,15,702
46219,3,15,15,702
46220,3,15,15,702
46221,3,15,15,702
46222,3,15,15,702
46223,3,15,15,702
46224,3,15,15,702
46225,3,15,15,702
46226,3,15,15,702
46227,3,15,15,702
46228,3,15,15,702
46229,3,15,15,702
46230,3,3,3,702
46231,3,15,15,702
46232,3,15,15,702
46233,3,15,15,702
46234,3,15,15,702
46235,3,15,15,702
46236,3,15,15,702
46237,3,39,39,702
46238,3,15,15,702
46239,3,15,15,702
46240,3,15,15,702
46241,3,3,3,702
46242,3,9,9,702
46243,3,15,15,702
46244,3,3,3,702
46245,3,15,15,702
46246,3,15,15,702
46247,3,15,15,702
46248,3,4,4,702
46249,3,15,15,702
46250,3,15,15,702
46251,3,15,15,702
46252,3,15,15,702
46253,3,21,21,702
46254,3,15,15,702
46255,3,15,15,702
46256,3,15,15,702
46257,3,15,15,702
46258,3,15,15,702
46259,3,15,15,702
46260,3,3,3,702
46261,3,15,15,702
46262,3,15,15,702
46263,3,15,15,702
46264,3,15,15,702
46265,3,15,15,702
46266,3,15,15,702
46267,3,15,15,702
46268,3,15,15,702
46269,3,15,15,702
46270,3,15,15,702
46271,3,15,15,702
46272,3,3,3,702
46273,3,21,15,702
46274,3,15,15,702
46275,3,15,15,702
46276,3,21,15,702
46277,3,15,15,702
46278,3,15,15,702
46279,3,3,15,702
46280,3,15,15,702
46281,3,15,15,702
46282,3,15,15,702
46283,3,15,15,702
46284,3,15,15,702
46285,3,15,15,702
46286,3,15,15,702
46287,3,15,15,702
46288,3,15,15,702
46289,3,15,15,702
46290,3,15,15,702
46291,3,15,15,702
46292,3,15,15,702
46293,3,39,39,702
46294,3,15,15,702
46295,3,15,15,702
46296,3,9,15,702
46297,3,15,15,702
46298,3,15,15,702
46299,3,15,15,702
46300,3,15,15,702
46301,3,15,15,702
46302,3,15,15,702
46303,3,4,4,702
46304,3,15,15,702
46305,3,21,15,702
46306,3,4,4,702
46307,3,15,15,702
46308,3,15,15,702
46309,3,15,15,702
46310,3,15,15,702
46311,3,15,15,702
46312,3,15,15,702
46313,3,15,15,702
46314,3,15,15,702
46315,3,15,15,702
46316,3,15,15,702
46317,3,15,15,702
46318,3,15,15,702
46319,3,15,15,702
46320,3,15,15,702
46321,3,15,15,702
46322,3,15,15,702
46323,3,15,15,702
46324,3,15,15,702
46325,3,21,15,702
46326,3,15,15,702
46327,3,15,15,702
46328,3,15,4,702
46329,3,15,15,702
46330,3,15,15,702
46331,3,15,15,702
46332,3,15,15,702
46333,3,15,15,702
46334,3,15,15,702
46335,3,15,15,702
46336,3,15,15,702
46337,3,15,15,702
46338,3,15,15,702
46339,3,15,15,702
46340,3,15,15,702
46341,3,15,15,702
46342,3,15,15,702
46343,3,15,15,702
46344,3,15,15,702
46345,3,15,15,702
46346,3,15,15,702
46347,3,15,15,702
46348,3,15,15,702
46349,3,15,15,702
46350,3,15,4,702
46351,3,15,15,702
46352,3,15,15,702
46353,3,15,15,702
46354,3,15,15,702
46355,3,15,15,702
46356,3,15,15,702
46357,3,15,15,702
46358,3,15,15,702
46359,3,15,15,702
46360,3,3,3,702
46361,3,15,15,702
46362,3,15,15,702
46363,3,21,15,702
46364,3,15,15,702
46365,3,15,15,702
46366,3,15,3,702
46367,3,15,15,702
46368,3,4,4,702
46369,3,15,15,702
46370,3,15,15,702
46371,3,15,15,702
46372,3,15,15,702
46373,3,15,15,702
46374,3,15,15,702
46375,3,15,15,702
46376,3,3,3,702
46377,3,15,15,702
46378,3,15,15,702
46379,3,3,3,702
46380,3,15,15,702
46381,3,15,15,702
46382,3,15,15,702
46383,3,15,15,702
46384,3,15,15,702
46385,3,15,15,702
46386,3,15,15,702
46387,3,15,15,702
46388,3,15,15,702
46389,3,39,39,702
46390,3,15,15,702
46391,3,15,15,702
46392,3,15,15,702
46393,3,15,15,702
46394,3,15,15,702
46395,3,15,15,702
46396,3,15,15,702
46397,3,4,4,702
46398,3,15,15,702
46399,3,15,15,702
46400,3,15,15,702
46401,3,15,15,702
46402,3,15,15,702
46403,3,15,15,702
46404,3,15,15,702
46405,3,15,15,702
46406,3,15,15,702
46407,3,3,3,702
46408,3,15,15,702
46409,3,15,15,702
46410,3,15,15,702
46411,3,15,15,702
46412,3,15,15,702
46413,3,15,15,702
46414,3,21,15,702
46415,3,15,15,702
46416,3,21,21,702
46417,3,15,15,702
46418,3,15,15,702
46419,3,15,15,702
46420,3,21,15,702
46421,3,15,15,702
46422,3,15,15,702
46423,3,15,15,702
46424,3,15,15,702
46425,3,3,15,702
46426,3,15,15,702
46427,3,15,15,702
46428,3,15,15,702
46429,3,11,11,702
46430,3,15,15,702
46431,3,3,3,702
46432,3,15,15,702
46433,3,4,4,702
46434,3,15,15,702
46435,3,15,15,702
46436,3,15,15,702
46437,3,15,15,702
46438,3,15,15,702
46439,3,15,15,702
46440,3,15,15,702
46441,3,15,15,702
46442,3,15,15,702
46443,3,15,15,702
46444,3,15,15,702
46445,3,15,15,702
46446,3,15,15,702
46447,3,4,4,702
46448,3,20,15,702
46449,3,39,39,702
46450,3,15,15,702
46451,3,15,15,702
46452,3,15,15,702
46453,3,15,15,702
46454,3,15,15,702
46455,3,15,15,702
46456,3,15,15,702
46457,3,15,15,702
46458,3,15,21,702
46459,3,4,4,702
46460,3,15,15,702
46461,3,15,15,702
46462,3,15,15,702
46463,3,15,15,702
46464,3,15,15,702
46465,3,15,15,702
46466,3,15,15,702
46467,3,21,15,702
46468,3,3,3,702
46469,3,15,15,702
46470,3,15,15,702
46471,3,15,15,702
46472,3,15,15,702
46473,3,15,15,702
46474,3,15,15,702
46475,3,15,15,702
46476,3,21,15,702
46477,3,15,15,702
46478,3,15,15,702
46479,3,15,15,702
46480,3,15,15,702
46481,3,15,15,702
46482,3,15,15,702
46483,3,15,15,702
46484,3,15,15,702
46485,3,15,15,702
46486,3,15,15,702
46487,3,15,15,702
46488,3,15,15,702
46489,3,15,15,702
46490,3,15,15,702
46491,3,15,15,702
46492,3,15,15,702
46493,3,15,15,702
46494,3,15,15,702
46495,3,15,15,702
46496,3,15,15,702
46497,3,15,15,702
46498,3,15,15,702
46499,3,15,15,702
46500,3,41,41,702
46501,3,4,4,702
46502,3,15,15,702
46503,3,15,15,702
46504,3,15,15,702
46505,3,15,15,702
46506,3,15,15,702
46507,3,4,15,702
46508,3,15,15,702
46509,3,15,15,702
46510,3,15,15,702
46511,3,15,15,702
46512,3,15,15,702
46513,3,15,15,702
46514,3,15,15,702
46515,3,15,15,702
46516,3,15,15,702
46517,3,15,15,702
46518,3,15,15,702
46519,3,15,15,702
46520,3,15,15,702
46521,3,4,3,702
46522,3,15,15,702
46523,3,15,15,702
46524,3,15,15,702
46525,3,15,15,702
46526,3,15,15,702
46527,3,15,15,702
46528,3,15,15,702
46529,3,21,21,702
46530,3,15,15,702
46531,3,15,15,702
46532,3,39,39,702
46533,3,15,15,702
46534,3,15,15,702
46535,3,15,15,702
46536,3,15,15,702
46537,3,15,15,702
46538,3,15,15,702
46539,3,15,15,702
46540,3,15,15,702
46541,3,15,15,702
46542,3,15,15,702
46543,3,15,15,702
46544,3,15,15,702
46545,3,15,15,702
46546,3,15,15,702
46547,3,15,15,702
46548,3,4,4,702
46549,3,15,15,702
46550,3,15,15,702
46551,3,39,39,702
46552,3,21,15,702
46553,3,15,15,702
46554,3,15,15,702
46555,3,15,15,702
46556,3,15,15,702
46557,3,15,15,702
46558,3,15,15,702
46559,3,15,15,702
46560,3,15,15,702
46561,3,15,15,702
46562,3,15,15,702
46563,3,15,15,702
46564,3,15,15,702
46565,3,15,15,702
46566,3,15,15,702
46567,3,15,15,702
46568,3,15,15,702
46569,3,15,15,702
46570,3,15,15,702
46571,3,15,15,702
46572,3,15,15,702
46573,3,15,15,702
46574,3,15,15,702
46575,3,15,15,702
46576,3,15,15,702
46577,3,3,3,702
46578,3,15,15,702
46579,3,4,4,702
46580,3,15,15,702
46581,3,15,15,702
46582,3,21,15,702
46583,3,15,15,702
46584,3,15,15,702
46585,3,15,15,702
46586,3,21,15,702
46587,3,15,15,702
46588,3,15,15,702
46589,3,21,21,702
46590,3,15,15,702
46591,3,15,15,702
46592,3,15,15,702
46593,3,15,15,702
46594,3,15,15,702
46595,3,15,15,702
46596,3,15,15,702
46597,3,15,15,702
46598,3,15,3,702
46599,3,15,15,702
46600,3,15,15,702
46601,3,15,15,702
46602,3,15,15,702
46603,3,15,15,702
46604,3,15,15,702
46605,3,15,15,702
46606,3,15,15,702
46607,3,15,15,702
46608,3,15,15,702
46609,3,15,15,702
46610,3,15,15,702
46611,3,15,15,702
46612,3,15,3,702
46613,3,39,39,702
46614,3,15,15,702
46615,3,21,15,702
46616,3,15,15,702
46617,3,15,15,702
46618,3,15,15,702
46619,3,15,15,702
46620,3,21,15,702
46621,3,15,15,702
46622,3,15,15,702
46623,3,15,15,702
46624,3,15,15,702
46625,3,15,15,702
46626,3,15,15,702
46627,3,15,15,702
46628,3,15,15,702
46629,3,15,15,702
46630,3,15,15,702
46631,3,15,15,702
46632,3,15,15,702
46633,3,3,4,702
46634,3,15,15,702
46635,3,15,15,702
46636,3,15,15,702
46637,3,15,15,702
46638,3,15,15,702
46639,3,15,15,702
46640,3,15,15,702
46641,3,15,15,702
46642,3,15,15,702
46643,3,21,21,702
46644,3,15,15,702
46645,3,15,15,702
46646,3,15,15,702
46647,3,4,4,702
46648,3,15,15,702
46649,3,15,15,702
46650,3,15,15,702
46651,3,15,15,702
46652,3,15,15,702
46653,3,15,15,702
46654,3,15,15,702
46655,3,15,15,702
46656,3,15,15,702
46657,3,15,15,702
46658,3,15,15,702
46659,3,15,15,702
46660,3,15,15,702
46661,3,15,15,702
46662,3,15,15,702
46663,3,15,15,702
46664,3,15,15,702
46665,3,15,15,702
46666,3,15,15,702
46667,3,41,41,702
46668,3,41,41,702
46669,3,15,15,702
46670,3,15,15,702
46671,3,11,11,702
46672,3,15,15,702
46673,3,15,15,702
46674,3,15,15,702
46675,3,4,15,702
46676,3,15,15,702
46677,3,15,15,702
46678,3,15,15,702
46679,3,15,15,702
46680,3,15,15,702
46681,3,15,15,702
46682,3,15,15,702
46683,3,15,15,702
46684,3,15,15,702
46685,3,15,15,702
46686,3,4,4,702
46687,3,15,15,702
46688,3,15,15,702
46689,3,15,15,702
46690,3,15,15,702
46691,3,15,15,702
46692,3,15,15,702
46693,3,15,15,702
46694,3,15,15,702
46695,3,15,15,702
46696,3,15,15,702
46697,3,15,15,702
46698,3,15,15,702
46699,3,15,15,702
46700,3,15,15,702
46701,3,15,15,702
46702,3,15,15,702
46703,3,9,15,702
46704,3,15,15,702
46705,3,15,15,702
46706,3,15,15,702
46707,3,15,15,702
46708,3,3,3,702
46709,3,15,15,702
46710,3,15,15,702
46711,3,15,15,702
46712,3,39,39,702
46713,3,15,15,702
46714,3,15,15,702
46715,3,15,15,702
46716,3,15,15,702
46717,3,15,15,702
46718,3,3,3,702
46719,3,15,15,702
46720,3,15,15,702
46721,3,15,15,702
46722,3,15,15,702
46723,3,15,15,702
46724,3,15,15,702
46725,3,15,15,702
46726,3,15,15,702
46727,3,15,15,702
46728,3,15,15,702
46729,3,15,15,702
46730,3,15,15,702
46731,3,15,15,702
46732,3,15,15,702
46733,3,15,15,702
46734,3,15,15,702
46735,3,39,39,702
46736,3,15,15,702
46737,3,15,15,702
46738,3,15,15,702
46739,3,15,15,702
46740,3,15,15,702
46741,3,15,15,702
46742,3,15,15,702
46743,3,15,15,702
46744,3,15,15,702
46745,3,15,15,702
46746,3,15,15,702
46747,3,15,15,702
46748,3,15,15,702
46749,3,15,15,702
46750,3,15,15,702
46751,3,15,15,702
46752,3,15,15,702
46753,3,9,9,702
46754,3,15,15,702
46755,3,15,15,702
46756,3,15,15,702
46757,3,15,15,702
46758,3,15,15,702
46759,3,15,15,702
46760,3,15,15,702
46761,3,21,15,702
46762,3,15,15,702
46763,3,15,15,702
46764,3,15,15,702
46765,3,15,15,702
46766,3,15,15,702
46767,3,15,15,702
46768,3,15,15,702
46769,3,15,15,702
46770,3,15,15,702
46771,3,15,15,702
46772,3,3,3,702
46773,3,15,15,702
46774,3,15,15,702
46775,3,15,15,702
46776,3,15,15,702
46777,3,4,4,702
46778,3,4,4,702
46779,3,15,15,702
46780,3,15,15,702
46781,3,39,39,702
46782,3,15,15,702
46783,3,15,15,702
46784,3,15,15,702
46785,3,15,15,702
46786,3,15,15,702
46787,3,3,3,702
46788,3,3,3,702
46789,3,15,15,702
46790,3,15,15,702
46791,3,15,15,702
46792,3,15,15,702
46793,3,15,15,702
46794,3,15,15,702
46795,3,15,15,702
46796,3,15,15,702
46797,3,15,15,702
46798,3,15,15,702
46799,3,15,15,702
46800,3,15,3,702
46801,3,15,15,702
46802,3,15,15,702
46803,3,15,15,702
46804,3,15,15,702
46805,3,21,15,702
46806,3,15,15,702
46807,3,15,15,702
46808,3,3,3,702
46809,3,15,15,702
46810,3,15,15,702
46811,3,15,15,702
46812,3,15,15,702
46813,3,15,15,702
46814,3,15,15,702
46815,3,15,15,702
46816,3,15,15,702
46817,3,15,15,702
46818,3,15,15,702
46819,3,15,15,702
46820,3,15,15,702
46821,3,21,15,702
46822,3,15,15,702
46823,3,15,15,702
46824,3,15,15,702
46825,3,15,15,702
46826,3,15,15,702
46827,3,15,15,702
46828,3,15,15,702
46829,3,15,15,702
46830,3,15,15,702
46831,3,15,15,702
46832,3,15,15,702
46833,3,15,15,702
46834,3,15,15,702
46835,3,15,15,702
46836,3,15,15,702
46837,3,15,15,702
46838,3,15,15,702
46839,3,15,15,702
46840,3,15,15,702
46841,3,15,15,702
46842,3,15,15,702
46843,3,21,21,702
46844,3,15,3,702
46845,3,15,15,702
46846,3,41,41,702
46847,3,15,15,702
46848,3,4,4,702
46849,3,15,15,702
46850,3,15,15,702
46851,3,15,15,702
46852,3,4,4,702
46853,3,15,15,702
46854,3,15,15,702
46855,3,15,15,702
46856,3,3,3,702
46857,3,15,15,702
46858,3,15,15,702
46859,3,21,15,702
46860,3,15,15,702
46861,3,15,15,702
46862,3,15,15,702
46863,3,15,15,702
46864,3,15,15,702
46865,3,15,15,702
46866,3,15,15,702
46867,3,15,15,702
46868,3,15,15,702
46869,3,15,15,702
46870,3,15,15,702
46871,3,15,15,702
46872,3,15,15,702
46873,3,15,15,702
46874,3,15,15,702
46875,3,15,15,702
46876,3,15,15,702
46877,3,15,15,702
46878,3,15,15,702
46879,3,15,15,702
46880,3,15,15,702
46881,3,41,41,702
46882,3,15,15,702
46883,3,15,15,702
46884,3,9,15,702
46885,3,15,15,702
46886,3,15,15,702
46887,3,15,15,702
46888,3,15,15,702
46889,3,15,15,702
46890,3,15,15,702
46891,3,15,15,702
46892,3,15,3,702
46893,3,15,15,702
46894,3,15,15,702
46895,3,15,15,702
46896,3,41,41,702
46897,3,4,4,702
46898,3,15,15,702
46899,3,15,15,702
46900,3,15,15,702
46901,3,4,4,702
46902,3,15,15,702
46903,3,15,15,702
46904,3,15,15,702
46905,3,3,3,702
46906,3,21,15,702
46907,3,15,15,702
46908,3,15,15,702
46909,3,4,4,702
46910,3,15,15,702
46911,3,15,15,702
46912,3,15,15,702
46913,3,4,4,702
46914,3,4,4,702
46915,3,3,3,702
46916,3,15,15,702
46917,3,15,15,702
46918,3,15,15,702
46919,3,15,15,702
46920,3,15,15,702
46921,3,15,15,702
46922,3,15,15,702
46923,3,15,15,702
46924,3,15,15,702
46925,3,15,15,702
46926,3,15,15,702
46927,3,15,15,702
46928,3,15,15,702
46929,3,15,15,702
46930,3,15,15,702
46931,3,3,3,702
46932,3,15,15,702
46933,3,15,15,702
46934,3,15,15,702
46935,3,15,15,702
46936,3,15,15,702
46937,3,4,4,702
46938,3,15,15,702
46939,3,15,15,702
46940,3,15,15,702
46941,3,15,15,702
46942,3,15,15,702
46943,3,15,15,702
46944,3,15,15,702
46945,3,15,15,702
46946,3,15,15,702
46947,3,15,15,702
46948,3,15,15,702
46949,3,15,15,702
46950,3,15,15,702
46951,3,15,15,702
46952,3,15,15,702
46953,3,15,15,702
46954,3,41,41,702
46955,3,21,21,702
46956,3,15,15,702
46957,3,15,15,702
46958,3,15,15,702
46959,3,15,15,702
46960,3,15,15,702
46961,3,15,15,702
46962,3,15,15,702
46963,3,15,15,702
46964,3,3,3,702
46965,3,15,15,702
46966,3,15,15,702
46967,3,15,15,702
46968,3,15,15,702
46969,3,15,15,702
46970,3,15,15,702
46971,3,4,4,702
46972,3,15,15,702
46973,3,15,15,702
46974,3,15,15,702
46975,3,15,15,702
46976,3,3,3,702
46977,3,15,15,702
46978,3,15,15,702
46979,3,15,15,702
46980,3,15,15,702
46981,3,15,15,702
46982,3,15,15,702
46983,3,15,15,702
46984,3,15,15,702
46985,3,15,15,702
46986,3,15,15,702
46987,3,15,15,702
46988,3,15,15,702
46989,3,15,15,702
46990,3,15,15,702
46991,3,15,15,702
46992,3,3,3,702
46993,3,15,15,702
46994,3,39,41,702
46995,3,15,15,702
46996,3,15,15,702
46997,3,15,15,702
46998,3,15,15,702
46999,3,15,15,702
47000,3,15,15,702
47001,3,15,15,702
47002,3,15,15,702
47003,3,15,15,702
47004,3,15,15,702
47005,3,15,15,702
47006,3,15,15,702
47007,3,15,15,702
47008,3,15,15,702
47009,3,15,15,702
47010,3,15,15,702
47011,3,15,15,702
47012,3,15,15,702
47013,3,15,15,702
47014,3,15,15,702
47015,3,15,15,702
47016,3,3,3,702
47017,3,15,15,702
47018,3,15,15,702
47019,3,15,15,702
47020,3,15,15,702
47021,3,15,15,702
47022,3,15,15,702
47023,3,15,15,702
47024,3,3,3,702
47025,3,15,15,702
47026,3,15,15,702
47027,3,15,15,702
47028,3,15,15,702
47029,3,15,15,702
47030,3,15,15,702
47031,3,15,15,702
47032,3,15,15,702
47033,3,15,15,702
47034,3,15,15,702
47035,3,15,15,702
47036,3,15,15,702
47037,3,15,15,702
47038,3,15,15,702
47039,3,9,9,702
47040,3,15,15,702
47041,3,15,15,702
47042,3,15,15,702
47043,3,15,15,702
47044,3,15,15,702
47045,3,15,15,702
47046,3,39,39,702
47047,3,15,15,702
47048,3,15,15,702
47049,3,21,21,702
47050,3,15,15,702
47051,3,15,15,702
47052,3,15,15,702
47053,3,15,15,702
47054,3,15,15,702
47055,3,15,15,702
47056,3,15,15,702
47057,3,15,15,702
47058,3,15,15,702
47059,3,15,15,702
47060,3,15,15,702
47061,3,15,15,702
47062,3,15,15,702
47063,3,15,15,702
47064,3,15,15,702
47065,3,15,15,702
47066,3,15,15,702
47067,3,15,15,702
47068,3,15,15,702
47069,3,15,15,702
47070,3,15,15,702
47071,3,15,15,702
47072,3,15,15,702
47073,3,15,15,702
47074,3,15,15,702
47075,3,15,15,702
47076,3,15,15,702
47077,3,15,15,702
47078,3,15,15,702
47079,3,15,15,702
47080,3,15,15,702
47081,3,39,41,702
47082,3,15,15,702
47083,3,15,15,702
47084,3,15,15,702
47085,3,15,15,702
47086,3,21,21,702
47087,3,3,3,702
47088,3,15,15,702
47089,3,15,15,702
47090,3,15,15,702
47091,3,15,15,702
47092,3,15,15,702
47093,3,15,15,702
47094,3,15,15,702
47095,3,15,15,702
47096,3,15,15,702
47097,3,15,15,702
47098,3,4,15,702
47099,3,15,15,702
47100,3,15,15,702
47101,3,15,15,702
47102,3,15,15,702
47103,3,15,15,702
47104,3,15,15,702
47105,3,15,15,702
47106,3,15,15,702
47107,3,21,15,702
47108,3,15,15,702
47109,3,15,15,702
47110,3,15,15,702
47111,3,21,21,702
47112,3,15,15,702
47113,3,15,15,702
47114,3,15,15,702
47115,3,15,15,702
47116,3,15,15,702
47117,3,15,15,702
47118,3,15,15,702
47119,3,4,4,702
47120,3,15,15,702
47121,3,15,15,702
47122,3,39,15,702
47123,3,15,15,702
47124,3,15,15,702
47125,3,15,15,702
47126,3,15,15,702
47127,3,15,15,702
47128,3,15,15,702
47129,3,15,15,702
47130,3,15,15,702
47131,3,15,15,702
47132,3,15,15,702
47133,3,15,15,702
47134,3,21,15,702
47135,3,15,15,702
47136,3,15,15,702
47137,3,15,15,702
47138,3,15,15,702
47139,3,9,9,702
47140,3,15,15,702
47141,3,4,4,702
47142,3,15,15,702
47143,3,15,15,702
47144,3,15,15,702
47145,3,15,15,702
47146,3,15,15,702
47147,3,15,15,702
47148,3,15,15,702
47149,3,15,15,702
47150,3,21,21,702
47151,3,4,4,702
47152,3,12,12,702
47153,3,15,15,702
47154,3,15,15,702
47155,3,15,15,702
47156,3,15,15,702
47157,3,15,15,702
47158,3,15,15,702
47159,3,15,15,702
47160,3,15,15,702
47161,3,15,15,702
47162,3,15,15,702
47163,3,15,15,702
47164,3,15,15,702
47165,3,15,15,702
47166,3,15,15,702
47167,3,41,41,702
47168,3,15,15,702
47169,3,15,15,702
47170,3,15,15,702
47171,3,15,15,702
47172,3,3,15,702
47173,3,15,15,702
47174,3,15,15,702
47175,3,15,15,702
47176,3,15,15,702
47177,3,15,15,702
47178,3,15,15,702
47179,3,39,39,702
47180,3,15,15,702
47181,3,15,15,702
47182,3,15,15,702
47183,3,15,15,702
47184,3,15,15,702
47185,3,15,15,702
47186,3,15,15,702
47187,3,15,15,702
47188,3,15,15,702
47189,3,15,15,702
47190,3,15,15,702
47191,3,4,4,702
47192,3,15,15,702
47193,3,15,15,702
47194,3,15,15,702
47195,3,15,15,702
47196,3,3,3,702
47197,3,15,15,702
47198,3,15,15,702
47199,3,3,3,702
47200,3,15,15,702
47201,3,15,15,702
47202,3,15,15,702
47203,3,15,15,702
47204,3,15,15,702
47205,3,15,15,702
47206,3,15,15,702
47207,3,15,15,702
47208,3,21,21,702
47209,3,15,15,702
47210,3,15,15,702
47211,3,15,15,702
47212,3,15,15,702
47213,3,15,15,702
47214,3,15,15,702
47215,3,15,15,702
47216,3,39,41,702
47217,3,15,15,702
47218,3,15,15,702
47219,3,39,39,702
47220,3,15,15,702
47221,3,15,15,702
47222,3,15,15,702
47223,3,15,15,702
47224,3,15,15,702
47225,3,15,15,702
47226,3,15,15,702
47227,3,15,15,702
47228,3,15,15,702
47229,3,15,15,702
47230,3,15,15,702
47231,3,15,15,702
47232,3,21,15,702
47233,3,15,15,702
47234,3,15,15,702
47235,3,15,15,702
47236,3,15,15,702
47237,3,15,15,702
47238,3,15,15,702
47239,3,15,15,702
47240,3,15,15,702
47241,3,41,41,702
47242,3,15,15,702
47243,3,15,15,702
47244,3,15,15,702
47245,3,15,15,702
47246,3,15,15,702
47247,3,15,15,702
47248,3,15,15,702
47249,3,15,15,702
47250,3,3,3,702
47251,3,15,15,702
47252,3,4,4,702
47253,3,15,15,702
47254,3,15,15,702
47255,3,15,15,702
47256,3,21,15,702
47257,3,15,15,702
47258,3,15,15,702
47259,3,15,15,702
47260,3,15,15,702
47261,3,15,15,702
47262,3,15,15,702
47263,3,9,15,702
47264,3,15,15,702
47265,3,15,15,702
47266,3,15,15,702
47267,3,21,21,702
47268,3,15,15,702
47269,3,15,15,702
47270,3,15,3,702
47271,3,3,3,702
47272,3,3,3,702
47273,3,15,15,702
47274,3,15,15,702
47275,3,15,15,702
47276,3,12,12,702
47277,3,15,15,702
47278,3,15,15,702
47279,3,15,15,702
47280,3,15,15,702
47281,3,15,15,702
47282,3,15,15,702
47283,3,15,15,702
47284,3,15,15,702
47285,3,15,15,702
47286,3,15,15,702
47287,3,15,15,702
47288,3,15,15,702
47289,3,15,15,702
47290,3,15,15,702
47291,3,15,15,702
47292,3,15,15,702
47293,3,15,15,702
47294,3,15,15,702
47295,3,15,15,702
47296,3,15,15,702
47297,3,15,15,702
47298,3,15,15,702
47299,3,15,15,702
47300,3,15,15,702
47301,3,15,15,702
47302,3,15,15,702
47303,3,15,15,702
47304,3,15,15,702
47305,3,15,15,702
47306,3,15,15,702
47307,3,15,15,702
47308,3,15,15,702
47309,3,15,15,702
47310,3,15,15,702
47311,3,39,15,702
47312,3,15,15,702
47313,3,15,15,702
47314,3,15,15,702
47315,3,15,15,702
47316,3,21,15,702
47317,3,21,15,702
47318,3,15,15,702
47319,3,3,15,702
47320,3,15,15,702
47321,3,15,15,702
47322,3,15,15,702
47323,3,15,15,702
47324,3,15,15,702
47325,3,15,15,702
47326,3,4,4,702
47327,3,15,15,702
47328,3,15,15,702
47329,3,15,15,702
47330,3,15,15,702
47331,3,15,15,702
47332,3,15,15,702
47333,3,15,15,702
47334,3,15,15,702
47335,3,15,15,702
47336,3,15,15,702
47337,3,15,15,702
47338,3,15,15,702
47339,3,15,15,702
47340,3,15,15,702
47341,3,15,15,702
47342,3,15,15,702
47343,3,15,15,702
47344,3,15,15,702
47345,3,15,15,702
47346,3,15,15,702
47347,3,15,15,702
47348,3,15,15,702
47349,3,15,15,702
47350,3,15,15,702
47351,3,15,15,702
47352,3,39,39,702
47353,3,15,15,702
47354,3,15,15,702
47355,3,15,15,702
47356,3,15,15,702
47357,3,15,15,702
47358,3,15,15,702
47359,3,15,15,702
47360,3,41,41,702
47361,3,15,15,702
47362,3,15,15,702
47363,3,15,15,702
47364,3,15,15,702
47365,3,15,15,702
47366,3,15,15,702
47367,3,15,15,702
47368,3,15,15,702
47369,3,15,15,702
47370,3,15,15,702
47371,3,15,15,702
47372,3,15,15,702
47373,3,15,15,702
47374,3,15,15,702
47375,3,15,15,702
47376,3,15,15,702
47377,3,15,15,702
47378,3,15,15,702
47379,3,15,15,702
47380,3,15,15,702
47381,3,15,15,702
47382,3,15,15,702
47383,3,15,15,702
47384,3,15,15,702
47385,3,15,15,702
47386,3,15,15,702
47387,3,15,15,702
47388,3,15,15,702
47389,3,3,3,702
47390,3,15,15,702
47391,3,15,15,702
47392,3,15,15,702
47393,3,15,15,702
47394,3,15,15,702
47395,3,15,15,702
47396,3,4,15,702
47397,3,15,15,702
47398,3,15,15,702
47399,3,15,15,702
47400,3,15,15,702
47401,3,15,15,702
47402,3,15,15,702
47403,3,15,15,702
47404,3,15,15,702
47405,3,3,3,702
47406,3,15,15,702
47407,3,15,15,702
47408,3,3,3,702
47409,3,15,15,702
47410,3,15,15,702
47411,3,41,41,702
47412,3,15,15,702
47413,3,15,15,702
47414,3,15,15,702
47415,3,15,15,702
47416,3,15,15,702
47417,3,15,15,702
47418,3,15,15,702
47419,3,15,15,702
47420,3,15,15,702
47421,3,15,15,702
47422,3,15,15,702
47423,3,15,15,702
47424,3,15,15,702
47425,3,15,15,702
47426,3,15,15,702
47427,3,15,15,702
47428,3,15,15,702
47429,3,15,15,702
47430,3,3,3,702
47431,3,4,4,702
47432,3,15,15,702
47433,3,15,15,702
47434,3,15,15,702
47435,3,15,15,702
47436,3,15,15,702
47437,3,15,15,702
47438,3,15,15,702
47439,3,15,15,702
47440,3,15,15,702
47441,3,15,15,702
47442,3,15,15,702
47443,3,15,15,702
47444,3,15,15,702
47445,3,15,15,702
47446,3,15,15,702
47447,3,15,15,702
47448,3,15,15,702
47449,3,15,15,702
47450,3,15,15,702
47451,3,15,15,702
47452,3,15,15,702
47453,3,15,15,702
47454,3,15,15,702
47455,3,15,15,702
47456,3,15,15,702
47457,3,15,15,702
47458,3,3,3,702
47459,3,15,15,702
47460,3,15,15,702
47461,3,15,15,702
47462,3,15,15,702
47463,3,15,15,702
47464,3,15,15,702
47465,3,15,15,702
47466,3,15,15,702
47467,3,15,15,702
47468,3,15,15,702
47469,3,15,15,702
47470,3,21,15,702
47471,3,15,15,702
47472,3,15,15,702
47473,3,41,41,702
47474,3,15,15,702
47475,3,15,15,702
47476,3,15,15,702
47477,3,15,15,702
47478,3,15,15,702
47479,3,15,15,702
47480,3,15,15,702
47481,3,21,15,702
47482,3,15,15,702
47483,3,15,15,702
47484,3,3,3,702
47485,3,15,15,702
47486,3,15,15,702
47487,3,15,15,702
47488,3,15,15,702
47489,3,15,15,702
47490,3,15,15,702
47491,3,15,15,702
47492,3,21,21,702
47493,3,15,15,702
47494,3,4,4,702
47495,3,15,15,702
47496,3,15,15,702
47497,3,15,15,702
47498,3,15,15,702
47499,3,15,4,702
47500,3,15,15,702
47501,3,3,3,702
47502,3,15,15,702
47503,3,15,15,702
47504,3,15,15,702
47505,3,15,15,702
47506,3,15,15,702
47507,3,15,15,702
47508,3,15,15,702
47509,3,15,15,702
47510,3,15,15,702
47511,3,15,15,702
47512,3,15,15,702
47513,3,11,11,702
47514,3,15,15,702
47515,3,15,15,702
47516,3,15,15,702
47517,3,15,15,702
47518,3,15,15,702
47519,3,15,15,702
47520,3,15,15,702
47521,3,15,15,702
47522,3,15,15,702
47523,3,15,15,702
47524,3,15,15,702
47525,3,15,15,702
47526,3,15,15,702
47527,3,15,15,702
47528,3,15,15,702
47529,3,15,15,702
47530,3,15,15,702
47531,3,15,15,702
47532,3,15,15,702
47533,3,15,15,702
47534,3,15,15,702
47535,3,15,15,702
47536,3,15,15,702
47537,3,15,15,702
47538,3,15,15,702
47539,3,15,15,702
47540,3,15,15,702
47541,3,15,15,702
47542,3,15,15,702
47543,3,15,15,702
47544,3,15,15,702
47545,3,15,15,702
47546,3,15,15,702
47547,3,15,15,702
47548,3,15,15,702
47549,3,15,15,702
47550,3,15,15,702
47551,3,15,15,702
47552,3,15,15,702
47553,3,3,3,702
47554,3,15,15,702
47555,3,15,15,702
47556,3,15,15,702
47557,3,15,15,702
47558,3,15,15,702
47559,3,21,15,702
47560,3,15,15,702
47561,3,3,3,702
47562,3,15,15,702
47563,3,3,3,702
47564,3,15,15,702
47565,3,15,15,702
47566,3,15,15,702
47567,3,15,15,702
47568,3,15,15,702
47569,3,15,15,702
47570,3,21,15,702
47571,3,15,15,702
47572,3,15,15,702
47573,3,15,15,702
47574,3,15,15,702
47575,3,15,15,702
47576,3,4,4,702
47577,3,15,15,702
47578,3,15,15,702
47579,3,15,15,702
47580,3,15,15,702
47581,3,15,15,702
47582,3,15,15,702
47583,3,15,15,702
47584,3,15,15,702
47585,3,15,15,702
47586,3,15,15,702
47587,3,15,15,702
47588,3,15,15,702
47589,3,15,15,702
47590,3,15,15,702
47591,3,15,15,702
47592,3,15,15,702
47593,3,15,15,702
47594,3,15,15,702
47595,3,15,15,702
47596,3,15,15,702
47597,3,15,15,702
47598,3,15,15,702
47599,3,15,15,702
47600,3,15,15,702
47601,3,15,15,702
47602,3,15,15,702
47603,3,15,15,702
47604,3,21,15,702
47605,3,4,4,702
47606,3,15,15,702
47607,3,15,15,702
47608,3,15,15,702
47609,3,15,15,702
47610,3,15,15,702
47611,3,3,3,702
47612,3,4,4,702
47613,3,15,15,702
47614,3,15,15,702
47615,3,21,15,702
47616,3,15,15,702
47617,3,15,15,702
47618,3,15,15,702
47619,3,15,15,702
47620,3,15,15,702
47621,3,15,15,702
47622,3,15,15,702
47623,3,15,15,702
47624,3,15,15,702
47625,3,41,41,702
47626,3,15,15,702
47627,3,15,15,702
47628,3,15,15,702
47629,3,15,15,702
47630,3,9,15,702
47631,3,15,15,702
47632,3,15,15,702
47633,3,15,15,702
47634,3,15,15,702
47635,3,15,15,702
47636,3,15,15,702
47637,3,15,4,702
47638,3,15,15,702
47639,3,15,15,702
47640,3,15,15,702
47641,3,15,15,702
47642,3,15,15,702
47643,3,15,15,702
47644,3,15,15,702
47645,3,15,15,702
47646,3,15,15,702
47647,3,15,15,702
47648,3,15,15,702
47649,3,15,15,702
47650,3,15,15,702
47651,3,15,15,702
47652,3,15,15,702
47653,3,15,15,702
47654,3,15,15,702
47655,3,15,15,702
47656,3,3,3,702
47657,3,15,15,702
47658,3,15,15,702
47659,3,15,3,702
47660,3,15,15,702
47661,3,15,15,702
47662,3,15,15,702
47663,3,15,15,702
47664,3,15,15,702
47665,3,15,15,702
47666,3,15,15,702
47667,3,15,15,702
47668,3,15,15,702
47669,3,15,15,702
47670,3,15,15,702
47671,3,15,15,702
47672,3,15,15,702
47673,3,15,15,702
47674,3,15,15,702
47675,3,15,15,702
47676,3,15,15,702
47677,3,15,15,702
47678,3,15,15,702
47679,3,15,15,702
47680,3,15,15,702
47681,3,15,15,702
47682,3,15,15,702
47683,3,3,3,702
47684,3,15,15,702
47685,3,15,15,702
47686,3,15,15,702
47687,3,15,15,702
47688,3,15,15,702
47689,3,21,21,702
47690,3,15,15,702
47691,3,15,15,702
47692,3,15,15,702
47693,3,15,4,702
47694,3,15,15,702
47695,3,15,15,702
47696,3,15,15,702
47697,3,15,15,702
47698,3,15,15,702
47699,3,21,15,702
47700,3,15,15,702
47701,3,3,3,702
47702,3,15,15,702
47703,3,15,15,702
47704,3,15,15,702
47705,3,15,15,702
47706,3,15,15,702
47707,3,15,15,702
47708,3,15,15,702
47709,3,15,15,702
47710,3,15,15,702
47711,3,15,15,702
47712,3,15,15,702
47713,3,4,4,702
47714,3,15,15,702
47715,3,15,15,702
47716,3,15,15,702
47717,3,15,15,702
47718,3,15,15,702
47719,3,15,15,702
47720,3,15,15,702
47721,3,3,3,702
47722,3,15,15,702
47723,3,15,15,702
47724,3,15,15,702
47725,3,15,15,702
47726,3,15,15,702
47727,3,15,15,702
47728,3,15,15,702
47729,3,39,39,702
47730,3,15,15,702
47731,3,15,15,702
47732,3,15,15,702
47733,3,15,15,702
47734,3,15,15,702
47735,3,15,15,702
47736,3,15,15,702
47737,3,15,15,702
47738,3,15,15,702
47739,3,15,15,702
47740,3,15,15,702
47741,3,15,15,702
47742,3,15,15,702
47743,3,15,15,702
47744,3,15,15,702
47745,3,3,3,702
47746,3,15,15,702
47747,3,15,15,702
47748,3,15,15,702
47749,3,15,15,702
47750,3,15,15,702
47751,3,15,15,702
47752,3,15,15,702
47753,3,15,15,702
47754,3,15,15,702
47755,3,15,15,702
47756,3,15,15,702
47757,3,3,3,702
47758,3,15,15,702
47759,3,15,15,702
47760,3,15,15,702
47761,3,15,15,702
47762,3,15,15,702
47763,3,15,15,702
47764,3,15,15,702
47765,3,15,15,702
47766,3,15,15,702
47767,3,4,4,702
47768,3,15,15,702
47769,3,3,3,702
47770,3,15,15,702
47771,3,15,15,702
47772,3,15,15,702
47773,3,15,15,702
47774,3,15,15,702
47775,3,15,15,702
47776,3,15,15,702
47777,3,15,15,702
47778,3,15,15,702
47779,3,15,15,702
47780,3,15,15,702
47781,3,15,15,702
47782,3,15,15,702
47783,3,15,15,702
47784,3,15,15,702
47785,3,15,15,702
47786,3,15,15,702
47787,3,15,15,702
47788,3,15,15,702
47789,3,15,15,702
47790,3,15,15,702
47791,3,15,3,702
47792,3,15,15,702
47793,3,15,15,702
47794,3,15,15,702
47795,3,15,15,702
47796,3,15,15,702
47797,3,15,15,702
47798,3,4,4,702
47799,3,15,15,702
47800,3,15,15,702
47801,3,15,15,702
47802,3,15,15,702
47803,3,15,15,702
47804,3,15,15,702
47805,3,15,15,702
47806,3,15,15,702
47807,3,15,3,702
47808,3,15,15,702
47809,3,3,3,702
47810,3,15,15,702
47811,3,15,15,702
47812,3,15,15,702
47813,3,15,15,702
47814,3,15,15,702
47815,3,39,39,702
47816,3,21,15,702
47817,3,21,15,702
47818,3,15,15,702
47819,3,4,4,702
47820,3,15,15,702
47821,3,15,15,702
47822,3,15,15,702
47823,3,15,15,702
47824,3,15,15,702
47825,3,15,15,702
47826,3,15,15,702
47827,3,15,15,702
47828,3,15,15,702
47829,3,15,15,702
47830,3,15,15,702
47831,3,15,15,702
47832,3,4,4,702
47833,3,15,15,702
47834,3,15,15,702
47835,3,15,15,702
47836,3,15,15,702
47837,3,4,4,702
47838,3,15,15,702
47839,3,15,15,702
47840,3,15,15,702
47841,3,15,15,702
47842,3,21,15,702
47843,3,15,15,702
47844,3,15,15,702
47845,3,15,15,702
47846,3,15,15,702
47847,3,15,15,702
47848,3,15,15,702
47849,3,15,15,702
47850,3,15,15,702
47851,3,15,15,702
47852,3,15,15,702
47853,3,15,15,702
47854,3,15,15,702
47855,3,15,15,702
47856,3,15,15,702
47857,3,15,15,702
47858,3,15,15,702
47859,3,15,15,702
47860,3,15,15,702
47861,3,15,15,702
47862,3,15,15,702
47863,3,4,4,702
47864,3,15,15,702
47865,3,15,15,702
47866,3,15,15,702
47867,3,15,15,702
47868,3,41,41,702
47869,3,15,15,702
47870,3,15,15,702
47871,3,15,15,702
47872,3,15,15,702
47873,3,39,39,702
47874,3,15,15,702
47875,3,15,15,702
47876,3,15,15,702
47877,3,15,15,702
47878,3,15,15,702
47879,3,4,4,702
47880,3,24,24,702
47881,3,15,4,702
47882,3,15,15,702
47883,3,15,15,702
47884,3,15,15,702
47885,3,15,15,702
47886,3,15,15,702
47887,3,15,15,702
47888,3,15,15,702
47889,3,15,15,702
47890,3,15,15,702
47891,3,15,15,702
47892,3,15,15,702
47893,3,15,15,702
47894,3,15,15,702
47895,3,4,4,702
47896,3,15,15,702
47897,3,15,15,702
47898,3,15,15,702
47899,3,15,15,702
47900,3,15,15,702
47901,3,15,15,702
47902,3,15,15,702
47903,3,15,15,702
47904,3,21,15,702
47905,3,15,15,702
47906,3,15,15,702
47907,3,15,15,702
47908,3,15,15,702
47909,3,15,15,702
47910,3,15,15,702
47911,3,15,15,702
47912,3,21,15,702
47913,3,15,15,702
47914,3,15,15,702
47915,3,15,15,702
47916,3,15,15,702
47917,3,15,15,702
47918,3,15,15,702
47919,3,15,15,702
47920,3,15,15,702
47921,3,15,15,702
47922,3,15,15,702
47923,3,15,15,702
47924,3,15,15,702
47925,3,15,15,702
47926,3,15,15,702
47927,3,15,15,702
47928,3,15,15,702
47929,3,15,15,702
47930,3,15,15,702
47931,3,15,15,702
47932,3,15,15,702
47933,3,15,15,702
47934,3,15,15,702
47935,3,15,15,702
47936,3,15,15,702
47937,3,15,15,702
47938,3,15,15,702
47939,3,15,15,702
47940,3,15,15,702
47941,3,15,15,702
47942,3,21,15,702
47943,3,15,15,702
47944,3,39,39,702
47945,3,15,15,702
47946,3,15,15,702
47947,3,15,15,702
47948,3,15,15,702
47949,3,15,15,702
47950,3,15,15,702
47951,3,15,15,702
47952,3,15,15,702
47953,3,15,15,702
47954,3,15,15,702
47955,3,15,15,702
47956,3,15,15,702
47957,3,15,15,702
47958,3,15,12,702
47959,3,15,15,702
47960,3,3,3,702
47961,3,15,15,702
47962,3,39,39,702
47963,3,15,15,702
47964,3,15,15,702
47965,3,15,15,702
47966,3,15,15,702
47967,3,15,15,702
47968,3,15,15,702
47969,3,15,15,702
47970,3,15,15,702
47971,3,15,15,702
47972,3,15,15,702
47973,3,15,15,702
47974,3,15,15,702
47975,3,15,15,702
47976,3,15,15,702
47977,3,15,15,702
47978,3,15,15,702
47979,3,15,15,702
47980,3,15,15,702
47981,3,15,15,702
47982,3,15,15,702
47983,3,15,15,702
47984,3,15,15,702
47985,3,15,15,702
47986,3,15,15,702
47987,3,3,15,702
47988,3,3,3,702
47989,3,21,21,702
47990,3,4,4,702
47991,3,4,4,702
47992,3,15,15,702
47993,3,9,9,702
47994,3,15,15,702
47995,3,3,3,702
47996,3,3,3,702
47997,3,15,15,702
47998,3,15,15,702
47999,3,15,15,702
48000,3,15,15,702
48001,3,15,15,702
48002,3,15,15,702
48003,3,15,15,702
48004,3,15,15,702
48005,3,15,15,702
48006,3,15,15,702
48007,3,15,15,702
48008,3,15,15,702
48009,3,15,15,702
48010,3,15,15,702
48011,3,15,15,702
48012,3,15,15,702
48013,3,15,15,702
48014,3,15,11,702
48015,3,15,15,702
48016,3,15,15,702
48017,3,15,15,702
48018,3,3,4,702
48019,3,15,15,702
48020,3,15,15,702
48021,3,15,15,702
48022,3,15,15,702
48023,3,15,15,702
48024,3,15,15,702
48025,3,21,15,702
48026,3,15,15,702
48027,3,15,15,702
48028,3,15,15,702
48029,3,15,15,702
48030,3,15,15,702
48031,3,15,15,702
48032,3,15,15,702
48033,3,15,15,702
48034,3,15,15,702
48035,3,15,15,702
48036,3,41,41,702
48037,3,15,15,702
48038,3,15,15,702
48039,3,21,15,702
48040,3,15,15,702
48041,3,15,15,702
48042,3,4,15,702
48043,3,21,15,702
48044,3,15,15,702
48045,3,15,15,702
48046,3,15,15,702
48047,3,15,15,702
48048,3,15,15,702
48049,3,15,15,702
48050,3,15,15,702
48051,3,15,15,702
48052,3,3,3,702
48053,3,15,15,702
48054,3,15,15,702
48055,3,15,15,702
48056,3,15,15,702
48057,3,15,15,702
48058,3,15,15,702
48059,3,15,15,702
48060,3,15,15,702
48061,3,15,15,702
48062,3,15,15,702
48063,3,15,15,702
48064,3,15,15,702
48065,3,15,15,702
48066,3,15,15,702
48067,3,15,15,702
48068,3,15,15,702
48069,3,15,15,702
48070,3,15,15,702
48071,3,41,41,702
48072,3,3,3,702
48073,3,15,15,702
48074,3,15,15,702
48075,3,15,15,702
48076,3,15,15,702
48077,3,15,15,702
48078,3,15,15,702
48079,3,15,15,702
48080,3,3,3,702
48081,3,15,15,702
48082,3,15,15,702
48083,3,15,15,702
48084,3,15,15,702
48085,3,15,15,702
48086,3,3,3,702
48087,3,15,15,702
48088,3,15,15,702
48089,3,15,15,702
48090,3,15,15,702
48091,3,15,15,702
48092,3,15,15,702
48093,3,41,41,702
48094,3,15,15,702
48095,3,15,15,702
48096,3,15,15,702
48097,3,15,15,702
48098,3,15,15,702
48099,3,15,15,702
48100,3,15,15,702
48101,3,15,15,702
48102,3,15,15,702
48103,3,15,15,702
48104,3,15,15,702
48105,3,15,15,702
48106,3,15,15,702
48107,3,15,15,702
48108,3,15,15,702
48109,3,15,15,702
48110,3,21,15,702
48111,3,15,15,702
48112,3,15,15,702
48113,3,3,15,702
48114,3,15,15,702
48115,3,15,15,702
48116,3,15,15,702
48117,3,15,15,702
48118,3,15,15,702
48119,3,15,15,702
48120,3,15,15,702
48121,3,15,15,702
48122,3,15,15,702
48123,3,15,15,702
48124,3,15,15,702
48125,3,15,15,702
48126,3,15,15,702
48127,3,15,15,702
48128,3,15,15,702
48129,3,15,15,702
48130,3,15,15,702
48131,3,15,15,702
48132,3,15,15,702
48133,3,3,3,702
48134,3,15,15,702
48135,3,15,15,702
48136,3,15,15,702
48137,3,15,15,702
48138,3,15,15,702
48139,3,15,15,702
48140,3,15,15,702
48141,3,15,4,702
48142,3,15,15,702
48143,3,15,15,702
48144,3,15,15,702
48145,3,15,15,702
48146,3,15,15,702
48147,3,15,15,702
48148,3,15,15,702
48149,3,15,15,702
48150,3,15,15,702
48151,3,15,15,702
48152,3,4,4,702
48153,3,15,15,702
48154,3,15,12,702
48155,3,15,15,702
48156,3,15,15,702
48157,3,15,15,702
48158,3,15,15,702
48159,3,15,15,702
48160,3,15,15,702
48161,3,15,15,702
48162,3,15,15,702
48163,3,15,15,702
48164,3,21,15,702
48165,3,15,15,702
48166,3,15,15,702
48167,3,15,15,702
48168,3,15,15,702
48169,3,15,15,702
48170,3,3,3,702
48171,3,3,3,702
48172,3,15,15,702
48173,3,15,15,702
48174,3,15,15,702
48175,3,15,15,702
48176,3,15,15,702
48177,3,15,15,702
48178,3,15,15,702
48179,3,15,15,702
48180,3,15,15,702
48181,3,15,15,702
48182,3,15,15,702
48183,3,15,15,702
48184,3,15,15,702
48185,3,15,15,702
48186,3,15,15,702
48187,3,15,15,702
48188,3,15,15,702
48189,3,15,15,702
48190,3,15,15,702
48191,3,21,15,702
48192,3,15,15,702
48193,3,15,15,702
48194,3,15,15,702
48195,3,15,15,702
48196,3,15,15,702
48197,3,15,15,702
48198,3,15,15,702
48199,3,15,15,702
48200,3,15,15,702
48201,3,15,15,702
48202,3,15,15,702
48203,3,15,15,702
48204,3,15,15,702
48205,3,15,15,702
48206,3,4,4,702
48207,3,15,15,702
48208,3,15,15,702
48209,3,15,15,702
48210,3,15,15,702
48211,3,15,15,702
48212,3,15,15,702
48213,3,15,15,702
48214,3,15,15,702
48215,3,15,15,702
48216,3,15,15,702
48217,3,15,15,702
48218,3,15,15,702
48219,3,3,3,702
48220,3,15,15,702
48221,3,15,15,702
48222,3,15,15,702
48223,3,15,15,702
48224,3,15,15,702
48225,3,15,15,702
48226,3,41,41,702
48227,3,15,15,702
48228,3,15,15,702
48229,3,15,15,702
48230,3,21,15,702
48231,3,15,15,702
48232,3,21,15,702
48233,3,15,15,702
48234,3,15,15,702
48235,3,15,15,702
48236,3,15,15,702
48237,3,4,4,702
48238,3,15,15,702
48239,3,15,15,702
48240,3,15,15,702
48241,3,4,4,702
48242,3,15,15,702
48243,3,3,3,702
48244,3,15,15,702
48245,3,15,15,702
48246,3,15,15,702
48247,3,15,15,702
48248,3,15,15,702
48249,3,15,15,702
48250,3,15,15,702
48251,3,15,15,702
48252,3,15,15,702
48253,3,15,15,702
48254,3,15,15,702
48255,3,3,3,702
48256,3,15,15,702
48257,3,15,15,702
48258,3,15,15,702
48259,3,15,15,702
48260,3,15,15,702
48261,3,15,15,702
48262,3,15,15,702
48263,3,15,15,702
48264,3,15,15,702
48265,3,15,15,702
48266,3,15,15,702
48267,3,15,15,702
48268,3,15,15,702
48269,3,15,15,702
48270,3,20,20,702
48271,3,4,4,702
48272,3,15,15,702
48273,3,15,15,702
48274,3,15,15,702
48275,3,4,4,702
48276,3,15,15,702
48277,3,20,20,702
48278,3,21,15,702
48279,3,15,15,702
48280,3,15,15,702
48281,3,21,21,702
48282,3,4,4,702
48283,3,15,15,702
48284,3,15,15,702
48285,3,15,15,702
48286,3,15,15,702
48287,3,15,15,702
48288,3,15,15,702
48289,3,15,15,702
48290,3,15,15,702
48291,3,15,15,702
48292,3,15,15,702
48293,3,15,15,702
48294,3,15,15,702
48295,3,15,15,702
48296,3,15,15,702
48297,3,15,15,702
48298,3,15,15,702
48299,3,15,15,702
48300,3,15,15,702
48301,3,21,21,702
48302,3,15,15,702
48303,3,15,15,702
48304,3,21,21,702
48305,3,21,21,702
48306,3,15,15,702
48307,3,15,15,702
48308,3,15,15,702
48309,3,15,15,702
48310,3,15,15,702
48311,3,15,15,702
48312,3,15,15,702
48313,3,15,15,702
48314,3,15,12,702
48315,3,3,3,702
48316,3,15,15,702
48317,3,3,3,702
48318,3,15,15,702
48319,3,15,15,702
48320,3,15,15,702
48321,3,15,15,702
48322,3,15,15,702
48323,3,15,15,702
48324,3,15,15,702
48325,3,15,15,702
48326,3,15,15,702
48327,3,15,15,702
48328,3,15,15,702
48329,3,15,15,702
48330,3,3,3,702
48331,3,15,15,702
48332,3,15,15,702
48333,3,15,15,702
48334,3,15,15,702
48335,3,15,15,702
48336,3,15,15,702
48337,3,15,15,702
48338,3,15,15,702
48339,3,15,15,702
48340,3,15,15,702
48341,3,15,15,702
48342,3,15,15,702
48343,3,15,15,702
48344,3,15,15,702
48345,3,21,15,702
48346,3,15,15,702
48347,3,15,15,702
48348,3,15,15,702
48349,3,15,15,702
48350,3,15,15,702
48351,3,15,15,702
48352,3,41,41,702
48353,3,15,15,702
48354,3,4,4,702
48355,3,15,15,702
48356,3,15,15,702
48357,3,15,15,702
48358,3,15,15,702
48359,3,15,15,702
48360,3,15,15,702
48361,3,15,15,702
48362,3,15,15,702
48363,3,4,4,702
48364,3,3,15,702
48365,3,15,15,702
48366,3,15,15,702
48367,3,15,15,702
48368,3,15,15,702
48369,3,15,15,702
48370,3,15,15,702
48371,3,21,21,702
48372,3,15,15,702
48373,3,15,15,702
48374,3,15,15,702
48375,3,15,15,702
48376,3,15,15,702
48377,3,15,15,702
48378,3,21,15,702
48379,3,15,15,702
48380,3,15,15,702
48381,3,15,15,702
48382,3,15,15,702
48383,3,15,15,702
48384,3,15,15,702
48385,3,4,4,702
48386,3,15,4,702
48387,3,15,15,702
48388,3,48,48,702
48389,3,15,15,702
48390,3,15,15,702
48391,3,15,15,702
48392,3,21,15,702
48393,3,15,15,702
48394,3,15,15,702
48395,3,15,15,702
48396,3,15,15,702
48397,3,15,15,702
48398,3,15,15,702
48399,3,15,15,702
48400,3,15,15,702
48401,3,15,15,702
48402,3,9,15,702
48403,3,15,15,702
48404,3,15,15,702
48405,3,15,15,702
48406,3,15,15,702
48407,3,15,15,702
48408,3,15,15,702
48409,3,15,15,702
48410,3,3,3,702
48411,3,39,39,702
48412,3,3,3,702
48413,3,15,15,702
48414,3,15,15,702
48415,3,15,15,702
48416,3,15,15,702
48417,3,15,15,702
48418,3,15,15,702
48419,3,15,15,702
48420,3,15,15,702
48421,3,15,15,702
48422,3,3,3,702
48423,3,15,15,702
48424,3,15,15,702
48425,3,15,15,702
48426,3,15,15,702
48427,3,15,15,702
48428,3,15,15,702
48429,3,41,41,702
48430,3,15,15,702
48431,3,15,15,702
48432,3,15,15,702
48433,3,15,15,702
48434,3,15,15,702
48435,3,15,15,702
48436,3,15,15,702
48437,3,15,15,702
48438,3,15,15,702
48439,3,15,15,702
48440,3,15,15,702
48441,3,15,15,702
48442,3,9,15,702
48443,3,15,15,702
48444,3,4,4,702
48445,3,15,15,702
48446,3,15,15,702
48447,3,15,15,702
48448,3,15,15,702
48449,3,15,15,702
48450,3,15,15,702
48451,3,15,15,702
48452,3,21,4,702
48453,3,15,15,702
48454,3,15,15,702
48455,3,15,15,702
48456,3,15,15,702
48457,3,39,41,702
48458,3,15,15,702
48459,3,15,15,702
48460,3,15,15,702
48461,3,3,3,702
48462,3,3,3,702
48463,3,15,15,702
48464,3,15,15,702
48465,3,15,15,702
48466,3,4,4,702
48467,3,15,15,702
48468,3,15,15,702
48469,3,39,41,702
48470,3,15,15,702
48471,3,15,15,702
48472,3,15,15,702
48473,3,15,15,702
48474,3,15,15,702
48475,3,15,15,702
48476,3,15,15,702
48477,3,15,15,702
48478,3,15,15,702
48479,3,15,15,702
48480,3,15,15,702
48481,3,15,15,702
48482,3,15,15,702
48483,3,15,15,702
48484,3,15,15,702
48485,3,15,15,702
48486,3,15,15,702
48487,3,15,15,702
48488,3,15,15,702
48489,3,15,15,702
48490,3,15,15,702
48491,3,15,15,702
48492,3,15,15,702
48493,3,21,21,702
48494,3,15,15,702
48495,3,15,15,702
48496,3,15,15,702
48497,3,41,15,702
48498,3,15,15,702
48499,3,15,15,702
48500,3,15,15,702
48501,3,3,3,702
48502,3,3,3,702
48503,3,15,15,702
48504,3,15,15,702
48505,3,15,15,702
48506,3,15,15,702
48507,3,41,41,702
48508,3,15,15,702
48509,3,15,15,702
48510,3,15,15,702
48511,3,15,15,702
48512,3,3,3,702
48513,3,15,15,702
48514,3,15,15,702
48515,3,15,15,702
48516,3,15,48,702
48517,3,15,15,702
48518,3,15,15,702
48519,3,15,15,702
48520,3,41,41,702
48521,3,39,39,702
48522,3,15,15,702
48523,3,15,15,702
48524,3,15,15,702
48525,3,15,15,702
48526,3,15,15,702
48527,3,21,21,702
48528,3,15,15,702
48529,3,15,15,702
48530,3,15,15,702
48531,3,15,15,702
48532,3,15,15,702
48533,3,39,41,702
48534,3,15,15,702
48535,3,15,15,702
48536,3,3,3,702
48537,3,15,15,702
48538,3,15,15,702
48539,3,15,15,702
48540,3,15,15,702
48541,3,15,15,702
48542,3,21,15,702
48543,3,15,15,702
48544,3,15,15,702
48545,3,15,15,702
48546,3,15,15,702
48547,3,15,15,702
48548,3,15,15,702
48549,3,15,15,702
48550,3,15,15,702
48551,3,21,15,702
48552,3,15,15,702
48553,3,15,15,702
48554,3,41,41,702
48555,3,15,15,702
48556,3,15,15,702
48557,3,15,15,702
48558,3,4,4,702
48559,3,15,15,702
48560,3,15,15,702
48561,3,15,4,702
48562,3,15,15,702
48563,3,15,15,702
48564,3,15,15,702
48565,3,15,15,702
48566,3,15,15,702
48567,3,15,15,702
48568,3,15,15,702
48569,3,21,21,702
48570,3,15,15,702
48571,3,15,15,702
48572,3,15,15,702
48573,3,15,15,702
48574,3,15,15,702
48575,3,15,15,702
48576,3,15,15,702
48577,3,15,15,702
48578,3,15,15,702
48579,3,15,15,702
48580,3,15,15,702
48581,3,15,15,702
48582,3,15,15,702
48583,3,15,15,702
48584,3,15,15,702
48585,3,15,15,702
48586,3,15,15,702
48587,3,21,21,702
48588,3,15,15,702
48589,3,3,3,702
48590,3,15,15,702
48591,3,15,15,702
48592,3,15,15,702
48593,3,15,15,702
48594,3,15,15,702
48595,3,15,15,702
48596,3,15,15,702
48597,3,15,15,702
48598,3,15,15,702
48599,3,15,15,702
48600,3,15,15,702
48601,3,15,15,702
48602,3,15,15,702
48603,3,15,15,702
48604,3,15,15,702
48605,3,15,15,702
48606,3,15,15,702
48607,3,15,15,702
48608,3,15,15,702
48609,3,15,15,702
48610,3,15,15,702
48611,3,15,15,702
48612,3,15,15,702
48613,3,15,15,702
48614,3,15,15,702
48615,3,15,15,702
48616,3,15,15,702
48617,3,15,15,702
48618,3,15,15,702
48619,3,4,4,702
48620,3,15,15,702
48621,3,15,15,702
48622,3,15,15,702
48623,3,15,15,702
48624,3,21,15,702
48625,3,15,15,702
48626,3,15,15,702
48627,3,15,15,702
48628,3,15,15,702
48629,3,15,15,702
48630,3,15,15,702
48631,3,15,15,702
48632,3,4,4,702
48633,3,3,3,702
48634,3,15,15,702
48635,3,15,15,702
48636,3,15,15,702
48637,3,15,15,702
48638,3,3,3,702
48639,3,21,15,702
48640,3,15,15,702
48641,3,15,15,702
48642,3,15,15,702
48643,3,15,15,702
48644,3,15,15,702
48645,3,15,15,702
48646,3,15,15,702
48647,3,15,15,702
48648,3,15,15,702
48649,3,15,15,702
48650,3,15,15,702
48651,3,15,15,702
48652,3,15,15,702
48653,3,15,15,702
48654,3,15,15,702
48655,3,4,4,702
48656,3,21,21,702
48657,3,15,15,702
48658,3,15,15,702
48659,3,15,15,702
48660,3,39,39,702
48661,3,15,15,702
48662,3,15,15,702
48663,3,15,15,702
48664,3,15,15,702
48665,3,15,15,702
48666,3,15,15,702
48667,3,4,4,702
48668,3,15,15,702
48669,3,15,15,702
48670,3,21,15,702
48671,3,15,15,702
48672,3,3,3,702
48673,3,15,15,702
48674,3,15,15,702
48675,3,15,15,702
48676,3,15,15,702
48677,3,15,15,702
48678,3,15,15,702
48679,3,15,15,702
48680,3,15,15,702
48681,3,15,15,702
48682,3,15,15,702
48683,3,15,15,702
48684,3,21,15,702
48685,3,15,15,702
48686,3,15,15,702
48687,3,15,15,702
48688,3,15,15,702
48689,3,15,15,702
48690,3,15,15,702
48691,3,15,15,702
48692,3,15,15,702
48693,3,15,15,702
48694,3,15,15,702
48695,3,15,15,702
48696,3,39,39,702
48697,3,15,15,702
48698,3,15,15,702
48699,3,15,15,702
48700,3,15,15,702
48701,3,15,15,702
48702,3,15,15,702
48703,3,15,15,702
48704,3,15,15,702
48705,3,15,15,702
48706,3,15,15,702
48707,3,15,15,702
48708,3,15,15,702
48709,3,15,15,702
48710,3,15,15,702
48711,3,15,15,702
48712,3,15,15,702
48713,3,15,15,702
48714,3,15,15,702
48715,3,15,15,702
48716,3,15,15,702
48717,3,15,15,702
48718,3,15,15,702
48719,3,15,15,702
48720,3,4,4,702
48721,3,15,15,702
48722,3,15,15,702
48723,3,15,15,702
48724,3,15,15,702
48725,3,15,15,702
48726,3,15,15,702
48727,3,15,15,702
48728,3,15,15,702
48729,3,15,15,702
48730,3,15,15,702
48731,3,15,15,702
48732,3,15,15,702
48733,3,15,15,702
48734,3,15,15,702
48735,3,15,15,702
48736,3,15,15,702
48737,3,15,15,702
48738,3,15,15,702
48739,3,15,15,702
48740,3,15,15,702
48741,3,15,15,702
48742,3,4,15,702
48743,3,39,39,702
48744,3,15,15,702
48745,3,21,21,702
48746,3,15,15,702
48747,3,15,15,702
48748,3,15,15,702
48749,3,15,15,702
48750,3,15,15,702
48751,3,15,15,702
48752,3,15,15,702
48753,3,15,15,702
48754,3,15,15,702
48755,3,9,15,702
48756,3,15,15,702
48757,3,15,15,702
48758,3,4,4,702
48759,3,15,15,702
48760,3,15,15,702
48761,3,15,15,702
48762,3,41,41,702
48763,3,15,15,702
48764,3,15,15,702
48765,3,15,15,702
48766,3,15,15,702
48767,3,15,15,702
48768,3,21,15,702
48769,3,15,15,702
48770,3,15,15,702
48771,3,15,15,702
48772,3,15,15,702
48773,3,15,15,702
48774,3,15,15,702
48775,3,15,15,702
48776,3,15,15,702
48777,3,15,15,702
48778,3,15,15,702
48779,3,15,15,702
48780,3,4,4,702
48781,3,15,15,702
48782,3,15,15,702
48783,3,21,15,702
48784,3,15,15,702
48785,3,15,15,702
48786,3,15,15,702
48787,3,15,15,702
48788,3,15,15,702
48789,3,15,15,702
48790,3,15,15,702
48791,3,15,15,702
48792,3,15,15,702
48793,3,15,15,702
48794,3,15,15,702
48795,3,15,15,702
48796,3,15,15,702
48797,3,21,21,702
48798,3,3,3,702
48799,3,15,15,702
48800,3,15,15,702
48801,3,15,15,702
48802,3,15,15,702
48803,3,15,15,702
48804,3,15,15,702
48805,3,15,15,702
48806,3,15,15,702
48807,3,39,39,702
48808,3,15,15,702
48809,3,15,15,702
48810,3,15,15,702
48811,3,15,15,702
48812,3,15,15,702
48813,3,15,15,702
48814,3,21,15,702
48815,3,15,15,702
48816,3,15,15,702
48817,3,15,15,702
48818,3,15,15,702
48819,3,15,15,702
48820,3,15,15,702
48821,3,15,15,702
48822,3,15,15,702
48823,3,15,15,702
48824,3,15,15,702
48825,3,15,15,702
48826,3,4,4,702
48827,3,15,15,702
48828,3,3,3,702
48829,3,15,15,702
48830,3,39,15,702
48831,3,15,15,702
48832,3,15,15,702
48833,3,15,15,702
48834,3,15,15,702
48835,3,4,4,702
48836,3,15,15,702
48837,3,15,15,702
48838,3,15,15,702
48839,3,15,15,702
48840,3,15,15,702
48841,3,15,15,702
48842,3,15,15,702
48843,3,15,15,702
48844,3,15,15,702
48845,3,15,15,702
48846,3,15,15,702
48847,3,15,15,702
48848,3,15,15,702
48849,3,15,15,702
48850,3,21,21,702
48851,3,15,15,702
48852,3,15,15,702
48853,3,3,3,702
48854,3,21,15,702
48855,3,15,15,702
48856,3,3,3,702
48857,3,15,15,702
48858,3,15,15,702
48859,3,15,15,702
48860,3,15,15,702
48861,3,15,15,702
48862,3,15,15,702
48863,3,15,15,702
48864,3,15,15,702
48865,3,21,15,702
48866,3,15,15,702
48867,3,15,15,702
48868,3,15,15,702
48869,3,15,15,702
48870,3,3,3,702
48871,3,15,15,702
48872,3,15,15,702
48873,3,15,15,702
48874,3,15,15,702
48875,3,15,15,702
48876,3,15,15,702
48877,3,15,15,702
48878,3,15,15,702
48879,3,15,15,702
48880,3,15,15,702
48881,3,15,15,702
48882,3,15,15,702
48883,3,39,39,702
48884,3,15,15,702
48885,3,21,15,702
48886,3,15,15,702
48887,3,15,15,702
48888,3,15,15,702
48889,3,15,15,702
48890,3,15,15,702
48891,3,15,15,702
48892,3,15,15,702
48893,3,15,15,702
48894,3,15,15,702
48895,3,15,15,702
48896,3,15,15,702
48897,3,15,15,702
48898,3,15,15,702
48899,3,15,15,702
48900,3,15,15,702
48901,3,15,15,702
48902,3,15,15,702
48903,3,15,15,702
48904,3,15,15,702
48905,3,15,15,702
48906,3,15,15,702
48907,3,15,15,702
48908,3,15,15,702
48909,3,15,15,702
48910,3,4,4,702
48911,3,15,15,702
48912,3,15,15,702
48913,3,15,15,702
48914,3,21,21,702
48915,3,15,15,702
48916,3,15,15,702
48917,3,15,15,702
48918,3,24,24,702
48919,3,15,15,702
48920,3,15,15,702
48921,3,15,15,702
48922,3,15,15,702
48923,3,15,15,702
48924,3,15,15,702
48925,3,15,15,702
48926,3,15,15,702
48927,3,15,15,702
48928,3,15,15,702
48929,3,15,15,702
48930,3,15,15,702
48931,3,15,15,702
48932,3,15,15,702
48933,3,15,15,702
48934,3,15,15,702
48935,3,15,15,702
48936,3,15,15,702
48937,3,15,15,702
48938,3,15,15,702
48939,3,21,21,702
48940,3,15,15,702
48941,3,15,15,702
48942,3,15,15,702
48943,3,15,15,702
48944,3,15,15,702
48945,3,15,15,702
48946,3,15,15,702
48947,3,15,15,702
48948,3,15,15,702
48949,3,15,3,702
48950,3,15,15,702
48951,3,15,15,702
48952,3,15,21,702
48953,3,9,9,702
48954,3,15,15,702
48955,3,15,15,702
48956,3,3,3,702
48957,3,15,15,702
48958,3,15,15,702
48959,3,15,15,702
48960,3,15,15,702
48961,3,15,15,702
48962,3,15,15,702
48963,3,15,15,702
48964,3,15,15,702
48965,3,15,15,702
48966,3,11,11,702
48967,3,15,15,702
48968,3,15,15,702
48969,3,15,15,702
48970,3,15,15,702
48971,3,15,15,702
48972,3,15,15,702
48973,3,15,15,702
48974,3,15,15,702
48975,3,15,15,702
48976,3,15,15,702
48977,3,15,15,702
48978,3,39,15,702
48979,3,15,15,702
48980,3,15,15,702
48981,3,15,15,702
48982,3,15,15,702
48983,3,15,15,702
48984,3,15,15,702
48985,3,15,15,702
48986,3,15,15,702
48987,3,21,15,702
48988,3,15,15,702
48989,3,15,15,702
48990,3,15,15,702
48991,3,15,15,702
48992,3,15,15,702
48993,3,15,15,702
48994,3,39,39,702
48995,3,15,15,702
48996,3,15,15,702
48997,3,15,15,702
48998,3,15,15,702
48999,3,4,4,702
49000,3,15,15,702
49001,3,15,15,702
49002,3,15,15,702
49003,3,15,15,702
49004,3,15,15,702
49005,3,15,15,702
49006,3,3,3,702
49007,3,15,15,702
49008,3,15,15,702
49009,3,15,15,702
49010,3,15,15,702
49011,3,15,15,702
49012,3,15,15,702
49013,3,15,15,702
49014,3,15,15,702
49015,3,15,15,702
49016,3,15,15,702
49017,3,15,15,702
49018,3,3,3,702
49019,3,4,4,702
49020,3,15,15,702
49021,3,15,15,702
49022,3,15,15,702
49023,3,20,15,702
49024,3,15,15,702
49025,3,15,15,702
49026,3,21,15,702
49027,3,41,15,702
49028,3,15,15,702
49029,3,3,3,702
49030,3,15,15,702
49031,3,15,15,702
49032,3,15,15,702
49033,3,15,15,702
49034,3,15,15,702
49035,3,15,15,702
49036,3,15,3,702
49037,3,15,15,702
49038,3,15,15,702
49039,3,15,15,702
49040,3,15,15,702
49041,3,15,15,702
49042,3,15,15,702
49043,3,15,15,702
49044,3,15,15,702
49045,3,15,15,702
49046,3,15,15,702
49047,3,15,15,702
49048,3,15,15,702
49049,3,3,3,702
49050,3,15,15,702
49051,3,15,15,702
49052,3,21,15,702
49053,3,15,15,702
49054,3,15,15,702
49055,3,15,15,702
49056,3,15,15,702
49057,3,15,15,702
49058,3,15,15,702
49059,3,15,15,702
49060,3,15,15,702
49061,3,21,15,702
49062,3,15,15,702
49063,3,15,15,702
49064,3,15,15,702
49065,3,15,15,702
49066,3,15,15,702
49067,3,15,15,702
49068,3,15,15,702
49069,3,15,15,702
49070,3,9,15,702
49071,3,15,15,702
49072,3,15,15,702
49073,3,15,15,702
49074,3,15,15,702
49075,3,15,15,702
49076,3,15,15,702
49077,3,15,15,702
49078,3,15,15,702
49079,3,15,15,702
49080,3,15,15,702
49081,3,15,15,702
49082,3,15,15,702
49083,3,15,15,702
49084,3,15,15,702
49085,3,15,4,702
49086,3,15,15,702
49087,3,15,15,702
49088,3,15,15,702
49089,3,15,15,702
49090,3,15,15,702
49091,3,15,15,702
49092,3,15,15,702
49093,3,15,15,702
49094,3,15,15,702
49095,3,9,15,702
49096,3,15,15,702
49097,3,15,15,702
49098,3,15,15,702
49099,3,15,15,702
49100,3,15,15,702
49101,3,15,15,702
49102,3,3,15,702
49103,3,15,15,702
49104,3,15,15,702
49105,3,15,15,702
49106,3,15,15,702
49107,3,15,15,702
49108,3,15,15,702
49109,3,4,4,702
49110,3,3,3,702
49111,3,15,15,702
49112,3,15,15,702
49113,3,15,15,702
49114,3,15,15,702
49115,3,15,15,702
49116,3,3,3,702
49117,3,15,15,702
49118,3,15,15,702
49119,3,15,15,702
49120,3,15,15,702
49121,3,15,15,702
49122,3,15,15,702
49123,3,41,41,702
49124,3,15,15,702
49125,3,15,15,702
49126,3,15,15,702
49127,3,21,15,702
49128,3,15,15,702
49129,3,15,15,702
49130,3,3,15,702
49131,3,15,15,702
49132,3,15,15,702
49133,3,15,15,702
49134,3,15,15,702
49135,3,21,15,702
49136,3,21,3,702
49137,3,15,15,702
49138,3,3,3,702
49139,3,15,15,702
49140,3,15,15,702
49141,3,4,4,702
49142,3,15,15,702
49143,3,15,15,702
49144,3,15,15,702
49145,3,3,3,702
49146,3,15,15,702
49147,3,15,15,702
49148,3,4,4,702
49149,3,15,15,702
49150,3,15,15,702
49151,3,15,15,702
49152,3,15,15,702
49153,3,15,15,702
49154,3,15,15,702
49155,3,15,15,702
49156,3,15,15,702
49157,3,15,15,702
49158,3,15,15,702
49159,3,15,15,702
49160,3,15,15,702
49161,3,15,15,702
49162,3,15,15,702
49163,3,15,15,702
49164,3,15,15,702
49165,3,15,15,702
49166,3,15,15,702
49167,3,15,15,702
49168,3,15,15,702
49169,3,15,15,702
49170,3,15,15,702
49171,3,15,15,702
49172,3,15,15,702
49173,3,15,15,702
49174,3,15,15,702
49175,3,15,15,702
49176,3,15,15,702
49177,3,3,3,702
49178,3,15,15,702
49179,3,15,15,702
49180,3,21,15,702
49181,3,15,15,702
49182,3,15,15,702
49183,3,15,15,702
49184,3,15,15,702
49185,3,15,15,702
49186,3,15,15,702
49187,3,15,15,702
49188,3,15,15,702
49189,3,15,15,702
49190,3,15,15,702
49191,3,15,15,702
49192,3,15,15,702
49193,3,15,15,702
49194,3,15,15,702
49195,3,15,15,702
49196,3,15,15,702
49197,3,15,15,702
49198,3,15,15,702
49199,3,39,41,702
49200,3,15,15,702
49201,3,15,15,702
49202,3,15,15,702
49203,3,15,15,702
49204,3,15,15,702
49205,3,15,15,702
49206,3,15,15,702
49207,3,15,15,702
49208,3,15,15,702
49209,3,15,15,702
49210,3,15,15,702
49211,3,15,15,702
49212,3,21,21,702
49213,3,15,15,702
49214,3,15,15,702
49215,3,15,15,702
49216,3,15,15,702
49217,3,15,15,702
49218,3,15,15,702
49219,3,15,15,702
49220,3,15,15,702
49221,3,15,15,702
49222,3,15,15,702
49223,3,15,15,702
49224,3,15,15,702
49225,3,15,15,702
49226,3,15,15,702
49227,3,15,15,702
49228,3,15,15,702
49229,3,15,15,702
49230,3,4,4,702
49231,3,39,15,702
49232,3,15,15,702
49233,3,15,15,702
49234,3,21,15,702
49235,3,15,15,702
49236,3,15,15,702
49237,3,15,15,702
49238,3,15,15,702
49239,3,15,15,702
49240,3,15,15,702
49241,3,15,15,702
49242,3,15,15,702
49243,3,15,15,702
49244,3,15,15,702
49245,3,15,15,702
49246,3,15,15,702
49247,3,21,15,702
49248,3,15,15,702
49249,3,15,15,702
49250,3,15,15,702
49251,3,3,3,702
49252,3,15,15,702
49253,3,15,15,702
49254,3,4,4,702
49255,3,15,15,702
49256,3,15,15,702
49257,3,15,15,702
49258,3,15,15,702
49259,3,15,15,702
49260,3,15,15,702
49261,3,15,15,702
49262,3,15,15,702
49263,3,15,15,702
49264,3,15,15,702
49265,3,15,15,702
49266,3,15,15,702
49267,3,15,15,702
49268,3,15,15,702
49269,3,15,15,702
49270,3,15,15,702
49271,3,15,15,702
49272,3,15,15,702
49273,3,15,15,702
49274,3,15,15,702
49275,3,15,15,702
49276,3,15,15,702
49277,3,15,15,702
49278,3,15,15,702
49279,3,15,15,702
49280,3,15,15,702
49281,3,15,15,702
49282,3,15,15,702
49283,3,15,15,702
49284,3,15,15,702
49285,3,15,15,702
49286,3,15,15,702
49287,3,15,15,702
49288,3,15,15,702
49289,3,15,15,702
49290,3,15,15,702
49291,3,15,15,702
49292,3,15,15,702
49293,3,15,15,702
49294,3,3,3,702
49295,3,21,21,702
49296,3,15,15,702
49297,3,15,15,702
49298,3,15,15,702
49299,3,15,15,702
49300,3,15,15,702
49301,3,15,15,702
49302,3,15,15,702
49303,3,39,15,702
49304,3,15,15,702
49305,3,15,15,702
49306,3,15,15,702
49307,3,15,15,702
49308,3,15,15,702
49309,3,15,15,702
49310,3,15,15,702
49311,3,15,15,702
49312,3,15,15,702
49313,3,15,15,702
49314,3,15,15,702
49315,3,15,15,702
49316,3,15,15,702
49317,3,15,15,702
49318,3,15,15,702
49319,3,21,21,702
49320,3,15,15,702
49321,3,15,3,702
49322,3,15,15,702
49323,3,15,15,702
49324,3,15,15,702
49325,3,15,15,702
49326,3,15,15,702
49327,3,15,15,702
49328,3,15,15,702
49329,3,15,15,702
49330,3,15,15,702
49331,3,15,15,702
49332,3,21,21,702
49333,3,15,15,702
49334,3,15,15,702
49335,3,41,41,702
49336,3,15,15,702
49337,3,15,15,702
49338,3,15,3,702
49339,3,15,15,702
49340,3,15,15,702
49341,3,15,15,702
49342,3,15,15,702
49343,3,15,15,702
49344,3,15,15,702
49345,3,15,15,702
49346,3,15,15,702
49347,3,15,15,702
49348,3,15,15,702
49349,3,15,15,702
49350,3,15,15,702
49351,3,15,15,702
49352,3,15,15,702
49353,3,15,15,702
49354,3,15,15,702
49355,3,15,15,702
49356,3,15,15,702
49357,3,15,15,702
49358,3,15,15,702
49359,3,15,15,702
49360,3,3,3,702
49361,3,15,15,702
49362,3,15,15,702
49363,3,15,15,702
49364,3,15,15,702
49365,3,9,9,702
49366,3,15,15,702
49367,3,15,15,702
49368,3,15,15,702
49369,3,15,15,702
49370,3,4,4,702
49371,3,15,15,702
49372,3,15,15,702
49373,3,15,15,702
49374,3,15,15,702
49375,3,3,3,702
49376,3,21,15,702
49377,3,15,15,702
49378,3,15,15,702
49379,3,15,15,702
49380,3,15,15,702
49381,3,15,15,702
49382,3,15,15,702
49383,3,15,15,702
49384,3,15,15,702
49385,3,3,15,702
49386,3,15,15,702
49387,3,15,15,702
49388,3,15,15,702
49389,3,15,15,702
49390,3,15,15,702
49391,3,15,15,702
49392,3,41,41,702
49393,3,15,15,702
49394,3,15,15,702
49395,3,15,15,702
49396,3,15,15,702
49397,3,4,4,702
49398,3,15,15,702
49399,3,15,15,702
49400,3,15,15,702
49401,3,15,15,702
49402,3,15,15,702
49403,3,15,15,702
49404,3,15,15,702
49405,3,4,4,702
49406,3,15,4,702
49407,3,4,15,702
49408,3,15,15,702
49409,3,15,15,702
49410,3,15,15,702
49411,3,15,15,702
49412,3,15,15,702
49413,3,4,4,702
49414,3,15,15,702
49415,3,15,15,702
49416,3,15,15,702
49417,3,15,15,702
49418,3,15,15,702
49419,3,15,15,702
49420,3,15,15,702
49421,3,15,15,702
49422,3,15,15,702
49423,3,15,15,702
49424,3,15,15,702
49425,3,15,15,702
49426,3,15,15,702
49427,3,15,15,702
49428,3,39,39,702
49429,3,15,15,702
49430,3,3,3,702
49431,3,3,15,702
49432,3,3,3,702
49433,3,15,15,702
49434,3,15,15,702
49435,3,15,15,702
49436,3,15,15,702
49437,3,15,15,702
49438,3,15,15,702
49439,3,15,15,702
49440,3,15,15,702
49441,3,15,15,702
49442,3,15,15,702
49443,3,15,15,702
49444,3,15,15,702
49445,3,15,15,702
49446,3,15,15,702
49447,3,15,15,702
49448,3,15,15,702
49449,3,15,15,702
49450,3,15,15,702
49451,3,15,15,702
49452,3,15,15,702
49453,3,15,15,702
49454,3,15,15,702
49455,3,15,15,702
49456,3,15,15,702
49457,3,15,15,702
49458,3,15,15,702
49459,3,15,15,702
49460,3,15,15,702
49461,3,15,15,702
49462,3,15,15,702
49463,3,3,3,702
49464,3,15,15,702
49465,3,15,15,702
49466,3,15,15,702
49467,3,15,15,702
49468,3,15,15,702
49469,3,15,15,702
49470,3,15,15,702
49471,3,15,15,702
49472,3,15,15,702
49473,3,15,15,702
49474,3,15,15,702
49475,3,15,4,702
49476,3,15,15,702
49477,3,15,15,702
49478,3,15,15,702
49479,3,15,15,702
49480,3,15,15,702
49481,3,15,15,702
49482,3,15,15,702
49483,3,15,15,702
49484,3,15,15,702
49485,3,41,41,702
49486,3,3,3,702
49487,3,15,4,702
49488,3,15,15,702
49489,3,15,15,702
49490,3,15,15,702
49491,3,15,15,702
49492,3,15,15,702
49493,3,15,15,702
49494,3,39,39,702
49495,3,15,15,702
49496,3,15,15,702
49497,3,15,15,702
49498,3,15,15,702
49499,3,15,15,702
49500,3,15,15,702
49501,3,15,15,702
49502,3,15,15,702
49503,3,15,15,702
49504,3,15,15,702
49505,3,15,15,702
49506,3,15,15,702
49507,3,15,15,702
49508,3,15,15,702
49509,3,15,15,702
49510,3,15,15,702
49511,3,15,15,702
49512,3,15,15,702
49513,3,15,4,702
49514,3,15,15,702
49515,3,15,15,702
49516,3,15,15,702
49517,3,15,15,702
49518,3,15,15,702
49519,3,15,15,702
49520,3,15,15,702
49521,3,15,15,702
49522,3,15,15,702
49523,3,15,15,702
49524,3,3,3,702
49525,3,4,4,702
49526,3,15,15,702
49527,3,15,15,702
49528,3,15,15,702
49529,3,15,15,702
49530,3,9,15,702
49531,3,15,15,702
49532,3,15,15,702
49533,3,15,15,702
49534,3,15,15,702
49535,3,3,3,702
49536,3,15,15,702
49537,3,15,15,702
49538,3,15,15,702
49539,3,15,15,702
49540,3,15,15,702
49541,3,15,15,702
49542,3,21,21,702
49543,3,15,15,702
49544,3,15,15,702
49545,3,15,15,702
49546,3,15,15,702
49547,3,15,15,702
49548,3,15,15,702
49549,3,15,15,702
49550,3,15,15,702
49551,3,15,15,702
49552,3,15,15,702
49553,3,15,15,702
49554,3,15,15,702
49555,3,15,15,702
49556,3,15,15,702
49557,3,15,15,702
49558,3,15,15,702
49559,3,15,15,702
49560,3,15,15,702
49561,3,15,15,702
49562,3,15,15,702
49563,3,15,15,702
49564,3,15,15,702
49565,3,15,15,702
49566,3,15,15,702
49567,3,15,15,702
49568,3,3,3,702
49569,3,15,15,702
49570,3,15,15,702
49571,3,3,3,702
49572,3,15,15,702
49573,3,15,15,702
49574,3,15,15,702
49575,3,15,15,702
49576,3,15,15,702
49577,3,21,15,702
49578,3,15,15,702
49579,3,21,15,702
49580,3,15,15,702
49581,3,15,15,702
49582,3,15,15,702
49583,3,15,15,702
49584,3,21,15,702
49585,3,15,15,702
49586,3,15,15,702
49587,3,21,15,702
49588,3,15,15,702
49589,3,3,3,702
49590,3,15,15,702
49591,3,15,15,702
49592,3,15,15,702
49593,3,15,15,702
49594,3,15,15,702
49595,3,4,4,702
49596,3,15,15,702
49597,3,15,15,702
49598,3,15,15,702
49599,3,15,15,702
49600,3,15,15,702
49601,3,15,15,702
49602,3,15,15,702
49603,3,15,15,702
49604,3,15,15,702
49605,3,15,15,702
49606,3,21,15,702
49607,3,15,15,702
49608,3,15,15,702
49609,3,15,15,702
49610,3,15,15,702
49611,3,15,15,702
49612,3,15,15,702
49613,3,15,15,702
49614,3,15,15,702
49615,3,15,15,702
49616,3,15,15,702
49617,3,15,15,702
49618,3,15,15,702
49619,3,15,15,702
49620,3,15,15,702
49621,3,15,15,702
49622,3,15,15,702
49623,3,15,15,702
49624,3,15,15,702
49625,3,15,15,702
49626,3,15,15,702
49627,3,15,15,702
49628,3,15,15,702
49629,3,15,15,702
49630,3,15,15,702
49631,3,15,15,702
49632,3,15,15,702
49633,3,15,15,702
49634,3,15,15,702
49635,3,15,15,702
49636,3,15,15,702
49637,3,3,3,702
49638,3,15,15,702
49639,3,15,15,702
49640,3,15,15,702
49641,3,15,15,702
49642,3,15,15,702
49643,3,15,15,702
49644,3,15,15,702
49645,3,15,15,702
49646,3,15,15,702
49647,3,15,15,702
49648,3,15,15,702
49649,3,15,15,702
49650,3,15,15,702
49651,3,15,15,702
49652,3,15,15,702
49653,3,15,15,702
49654,3,15,15,702
49655,3,4,4,702
49656,3,15,15,702
49657,3,39,39,702
49658,3,15,15,702
49659,3,9,9,702
49660,3,15,15,702
49661,3,15,15,702
49662,3,15,15,702
49663,3,15,15,702
49664,3,15,15,702
49665,3,15,15,702
49666,3,15,15,702
49667,3,4,4,702
49668,3,15,15,702
49669,3,15,15,702
49670,3,15,15,702
49671,3,15,15,702
49672,3,15,15,702
49673,3,4,4,702
49674,3,15,15,702
49675,3,15,4,702
49676,3,15,15,702
49677,3,15,15,702
49678,3,15,15,702
49679,3,15,15,702
49680,3,15,15,702
49681,3,15,15,702
49682,3,3,15,702
49683,3,15,15,702
49684,3,15,15,702
49685,3,15,15,702
49686,3,15,15,702
49687,3,15,15,702
49688,3,15,15,702
49689,3,15,15,702
49690,3,15,15,702
49691,3,15,15,702
49692,3,15,15,702
49693,3,15,15,702
49694,3,15,15,702
49695,3,15,15,702
49696,3,15,15,702
49697,3,15,15,702
49698,3,3,3,702
49699,3,15,15,702
49700,3,15,15,702
49701,3,3,3,702
49702,3,15,15,702
49703,3,15,15,702
49704,3,3,3,702
49705,3,15,15,702
49706,3,15,15,702
49707,3,15,15,702
49708,3,15,15,702
49709,3,15,15,702
49710,3,15,15,702
49711,3,15,15,702
49712,3,15,15,702
49713,3,15,15,702
49714,3,15,15,702
49715,3,15,15,702
49716,3,15,15,702
49717,3,15,15,702
49718,3,15,15,702
49719,3,15,15,702
49720,3,15,15,702
49721,3,15,15,702
49722,3,4,4,702
49723,3,15,15,702
49724,3,15,15,702
49725,3,15,15,702
49726,3,15,15,702
49727,3,15,15,702
49728,3,15,15,702
49729,3,15,15,702
49730,3,15,15,702
49731,3,15,15,702
49732,3,15,15,702
49733,3,15,15,702
49734,3,15,15,702
49735,3,21,15,702
49736,3,15,15,702
49737,3,15,15,702
49738,3,15,15,702
49739,3,15,15,702
49740,3,15,15,702
49741,3,15,15,702
49742,3,15,15,702
49743,3,15,15,702
49744,3,15,15,702
49745,3,15,4,702
49746,3,15,15,702
49747,3,3,3,702
49748,3,15,15,702
49749,3,15,15,702
49750,3,15,15,702
49751,3,4,4,702
49752,3,15,15,702
49753,3,15,15,702
49754,3,15,15,702
49755,3,4,4,702
49756,3,15,15,702
49757,3,3,3,702
49758,3,15,15,702
49759,3,15,15,702
49760,3,15,15,702
49761,3,4,4,702
49762,3,15,15,702
49763,3,15,15,702
49764,3,15,15,702
49765,3,15,15,702
49766,3,15,15,702
49767,3,3,3,702
49768,3,15,15,702
49769,3,21,15,702
49770,3,15,15,702
49771,3,15,15,702
49772,3,15,15,702
49773,3,15,15,702
49774,3,15,15,702
49775,3,15,15,702
49776,3,15,15,702
49777,3,4,4,702
49778,3,15,15,702
49779,3,15,15,702
49780,3,15,15,702
49781,3,15,15,702
49782,3,15,15,702
49783,3,15,15,702
49784,3,15,15,702
49785,3,15,15,702
49786,3,15,15,702
49787,3,15,15,702
49788,3,15,15,702
49789,3,15,15,702
49790,3,15,15,702
49791,3,21,15,702
49792,3,15,15,702
49793,3,15,15,702
49794,3,15,15,702
49795,3,15,15,702
49796,3,15,15,702
49797,3,15,15,702
49798,3,15,15,702
49799,3,15,15,702
49800,3,15,15,702
49801,3,15,15,702
49802,3,15,15,702
49803,3,15,15,702
49804,3,15,15,702
49805,3,15,15,702
49806,3,15,15,702
49807,3,15,15,702
49808,3,15,15,702
49809,3,15,15,702
49810,3,41,41,702
49811,3,15,15,702
49812,3,15,15,702
49813,3,21,21,702
49814,3,15,15,702
49815,3,4,4,702
49816,3,15,15,702
49817,3,15,15,702
49818,3,15,15,702
49819,3,15,15,702
49820,3,15,15,702
49821,3,15,15,702
49822,3,15,15,702
49823,3,15,15,702
49824,3,15,15,702
49825,3,15,15,702
49826,3,15,15,702
49827,3,15,15,702
49828,3,39,41,702
49829,3,15,15,702
49830,3,15,15,702
49831,3,15,15,702
49832,3,15,15,702
49833,3,41,41,702
49834,3,4,4,702
49835,3,15,15,702
49836,3,15,15,702
49837,3,15,15,702
49838,3,41,41,702
49839,3,4,4,702
49840,3,15,15,702
49841,3,15,15,702
49842,3,15,15,702
49843,3,15,15,702
49844,3,15,15,702
49845,3,15,15,702
49846,3,15,15,702
49847,3,15,15,702
49848,3,15,15,702
49849,3,15,15,702
49850,3,15,15,702
49851,3,15,15,702
49852,3,15,15,702
49853,3,15,15,702
49854,3,15,15,702
49855,3,15,15,702
49856,3,15,15,702
49857,3,15,15,702
49858,3,15,15,702
49859,3,15,15,702
49860,3,15,15,702
49861,3,15,15,702
49862,3,15,15,702
49863,3,15,15,702
49864,3,15,15,702
49865,3,15,15,702
49866,3,15,15,702
49867,3,15,15,702
49868,3,15,15,702
49869,3,15,15,702
49870,3,15,15,702
49871,3,15,15,702
49872,3,15,15,702
49873,3,15,15,702
49874,3,15,15,702
49875,3,15,15,702
49876,3,15,15,702
49877,3,15,15,702
49878,3,15,15,702
49879,3,15,15,702
49880,3,15,15,702
49881,3,15,15,702
49882,3,15,15,702
49883,3,15,15,702
49884,3,15,15,702
49885,3,15,15,702
49886,3,15,15,702
49887,3,15,15,702
49888,3,15,15,702
49889,3,15,15,702
49890,3,15,15,702
49891,3,15,15,702
49892,3,15,15,702
49893,3,15,15,702
49894,3,15,15,702
49895,3,15,15,702
49896,3,15,15,702
49897,3,15,15,702
49898,3,15,15,702
49899,3,15,15,702
49900,3,15,15,702
49901,3,15,15,702
49902,3,15,15,702
49903,3,15,15,702
49904,3,15,15,702
49905,3,15,15,702
49906,3,15,15,702
49907,3,15,15,702
49908,3,15,15,702
49909,3,15,15,702
49910,3,15,15,702
49911,3,15,15,702
49912,3,15,15,702
49913,3,15,15,702
49914,3,15,15,702
49915,3,15,15,702
49916,3,15,15,702
49917,3,21,21,702
49918,3,15,15,702
49919,3,15,15,702
49920,3,39,39,702
49921,3,15,15,702
49922,3,15,15,702
49923,3,15,15,702
49924,3,15,15,702
49925,3,15,15,702
49926,3,15,15,702
49927,3,15,15,702
49928,3,15,15,702
49929,3,15,15,702
49930,3,15,15,702
49931,3,15,15,702
49932,3,15,15,702
49933,3,15,15,702
49934,3,15,15,702
49935,3,15,15,702
49936,3,15,15,702
49937,3,15,15,702
49938,3,15,15,702
49939,3,15,15,702
49940,3,15,15,702
49941,3,15,15,702
49942,3,15,15,702
49943,3,15,15,702
49944,3,15,15,702
49945,3,15,15,702
49946,3,4,4,702
49947,3,15,15,702
49948,3,15,15,702
49949,3,15,15,702
49950,3,15,15,702
49951,3,15,15,702
49952,3,39,39,702
49953,3,9,9,702
49954,3,4,4,702
49955,3,15,15,702
49956,3,15,15,702
49957,3,15,15,702
49958,3,21,15,702
49959,3,15,15,702
49960,3,15,11,702
49961,3,15,15,702
49962,3,15,15,702
49963,3,3,3,702
49964,3,15,15,702
49965,3,15,15,702
49966,3,15,15,702
49967,3,15,15,702
49968,3,15,15,702
49969,3,15,15,702
49970,3,15,15,702
49971,3,15,15,702
49972,3,15,15,702
49973,3,15,15,702
49974,3,15,15,702
49975,3,15,15,702
49976,3,15,15,702
49977,3,15,15,702
49978,3,15,15,702
49979,3,4,4,702
49980,3,15,3,702
49981,3,15,15,702
49982,3,15,15,702
49983,3,15,15,702
49984,3,15,15,702
49985,3,15,15,702
49986,3,15,15,702
49987,3,15,15,702
49988,3,21,21,702
49989,3,15,15,702
49990,3,3,3,702
49991,3,15,15,702
49992,3,39,39,702
49993,3,15,15,702
49994,3,15,15,702
49995,3,15,15,702
49996,3,15,15,702
49997,3,15,15,702
49998,3,15,15,702
49999,3,4,15,702
