id,class_cvp,class_2025,stable_20_,n_matches
0,1,4,4,662
1,1,15,15,677
2,1,15,15,564
3,1,15,15,659
4,1,15,15,675
5,1,15,15,603
6,1,15,15,244
7,1,15,15,612
8,1,15,15,687
9,1,15,15,678
10,1,15,15,680
11,1,15,15,656
12,1,39,39,649
13,1,15,15,428
14,1,39,39,676
15,1,15,15,372
16,1,15,15,667
17,1,15,15,484
18,1,15,15,635
19,1,15,15,641
20,1,15,15,675
21,1,15,15,644
22,1,15,15,688
23,1,15,15,659
24,1,15,15,453
25,1,15,15,485
26,1,9,9,653
27,1,4,4,682
28,1,15,15,684
29,1,15,15,678
30,1,15,15,681
31,1,15,15,660
32,1,15,15,672
33,1,4,4,656
34,1,15,15,588
35,1,15,15,691
36,1,15,15,686
37,1,15,15,667
38,1,15,15,671
39,1,4,4,54
40,1,15,15,682
41,1,15,15,536
42,1,15,15,586
43,1,41,41,669
44,1,15,15,542
45,1,15,15,672
46,1,15,15,643
47,1,15,15,143
48,1,15,15,653
49,1,15,15,674
50,1,15,15,567
51,1,41,41,675
52,1,15,15,430
53,1,15,15,637
54,1,15,15,670
55,1,15,15,476
56,1,15,15,639
57,1,15,15,673
58,1,15,15,669
59,1,15,15,459
60,1,15,15,672
61,1,15,15,655
62,1,15,15,647
63,1,15,15,672
64,1,15,15,466
65,1,15,15,677
66,1,15,15,663
67,1,15,4,666
68,1,15,15,682
69,1,15,15,497
70,1,15,15,640
71,1,15,15,666
72,1,15,15,671
73,1,15,15,672
74,1,15,15,171
75,1,15,15,676
76,1,15,15,347
77,1,41,41,682
78,1,15,15,684
79,1,15,15,634
80,1,15,15,680
81,1,15,15,645
82,1,15,15,538
83,1,39,39,93
84,1,15,15,422
85,1,4,4,668
86,1,15,15,688
87,1,15,15,687
88,1,15,15,671
89,1,15,15,663
90,1,15,15,687
91,1,15,15,676
92,1,15,15,344
93,1,15,15,682
94,1,15,15,676
95,1,15,15,487
96,1,15,15,670
97,1,15,15,619
98,1,15,15,659
99,1,15,15,612
100,1,21,15,240
101,1,15,15,642
102,1,11,11,606
103,1,15,15,671
104,1,15,15,685
105,1,15,15,670
106,1,15,15,676
107,1,15,15,684
108,1,15,15,679
109,1,15,15,676
110,1,15,15,686
111,1,15,15,393
112,1,15,15,682
113,1,15,15,685
114,1,15,15,686
115,1,15,15,598
116,1,15,12,634
117,1,15,15,383
118,1,15,15,669
119,1,15,15,590
120,1,15,15,444
121,1,15,15,474
122,1,15,15,376
123,1,15,15,684
124,1,15,15,652
125,1,41,41,669
126,1,39,39,619
127,1,15,15,455
128,1,15,15,518
129,1,15,15,645
130,1,15,15,680
131,1,15,15,488
132,1,15,15,578
133,1,15,15,297
134,1,15,15,424
135,1,15,15,686
136,1,21,21,519
137,1,15,15,625
138,1,15,15,686
139,1,15,15,664
140,1,39,39,667
141,1,15,15,686
142,1,15,15,676
143,1,15,15,496
144,1,15,15,675
145,1,15,15,675
146,1,15,15,613
147,1,15,15,279
148,1,15,15,678
149,1,15,15,512
150,1,15,15,422
151,1,15,15,668
152,1,15,15,689
153,1,15,15,667
154,1,15,15,668
155,1,4,4,276
156,1,15,15,685
157,1,15,3,83
158,1,15,15,675
159,1,4,4,633
160,1,15,15,550
161,1,15,15,677
162,1,15,15,683
163,1,15,15,541
164,1,15,15,678
165,1,15,15,634
166,1,15,15,679
167,1,15,15,604
168,1,15,15,679
169,1,15,15,686
170,1,15,15,638
171,1,15,15,689
172,1,4,4,646
173,1,15,15,237
174,1,15,15,542
175,1,15,15,669
176,1,15,15,660
177,1,15,15,659
178,1,15,15,667
179,1,15,15,657
180,1,4,4,622
181,1,15,15,570
182,1,15,15,686
183,1,15,15,547
184,1,15,15,554
185,1,15,15,634
186,1,15,15,685
187,1,15,15,491
188,1,15,15,680
189,1,15,15,692
190,1,15,15,539
191,1,15,15,661
192,1,15,15,673
193,1,15,15,618
194,1,15,15,124
195,1,15,15,568
196,1,15,15,363
197,1,15,15,362
198,1,15,15,679
199,1,15,15,589
200,1,15,15,580
201,1,15,15,681
202,1,12,12,612
203,1,15,15,687
204,1,15,15,667
205,1,15,15,143
206,1,15,15,180
207,1,21,15,680
208,1,15,15,686
209,1,15,15,658
210,1,15,15,628
211,1,15,15,679
212,1,15,15,370
213,1,15,15,50
214,1,15,15,682
215,1,15,15,663
216,1,15,15,597
217,1,15,15,671
218,1,21,15,506
219,1,15,15,691
220,1,15,15,165
221,1,15,15,685
222,1,15,15,675
223,1,15,15,673
224,1,15,15,684
225,1,15,15,671
226,1,15,15,670
227,1,12,12,655
228,1,15,15,681
229,1,15,15,655
230,1,15,15,664
231,1,15,15,357
232,1,15,15,624
233,1,15,15,186
234,1,15,15,686
235,1,15,15,661
236,1,15,15,585
237,1,15,15,672
238,1,15,15,658
239,1,41,41,671
240,1,15,15,677
241,1,15,15,686
242,1,15,15,675
243,1,15,15,644
244,1,4,4,657
245,1,15,15,683
246,1,15,15,671
247,1,15,15,644
248,1,15,15,607
249,1,15,15,650
250,1,15,15,646
251,1,15,15,634
252,1,15,15,669
253,1,15,15,691
254,1,4,15,152
255,1,21,15,6
256,1,15,15,483
257,1,15,15,684
258,1,15,15,680
259,1,15,15,299
260,1,15,15,601
261,1,15,15,684
262,1,15,15,555
263,1,15,15,683
264,1,15,15,556
265,1,15,15,669
266,1,15,15,673
267,1,15,15,273
268,1,15,15,641
269,1,15,15,687
270,1,15,15,682
271,1,15,15,675
272,1,15,15,593
273,1,15,15,666
274,1,15,15,689
275,1,15,15,661
276,1,15,15,670
277,1,12,12,687
278,1,15,4,675
279,1,15,15,667
280,1,15,15,652
281,1,15,15,659
282,1,15,15,324
283,1,15,15,683
284,1,15,15,254
285,1,15,15,197
286,1,15,15,670
287,1,15,15,639
288,1,15,15,683
289,1,15,15,89
290,1,4,4,614
291,1,15,15,663
292,1,15,15,673
293,1,15,15,691
294,1,15,15,625
295,1,15,15,612
296,1,15,15,445
297,1,15,15,678
298,1,15,15,619
299,1,4,4,502
300,1,9,9,665
301,1,15,15,656
302,1,15,15,470
303,1,15,15,689
304,1,15,15,672
305,1,15,15,662
306,1,15,15,613
307,1,15,15,674
308,1,15,15,554
309,1,15,15,685
310,1,39,39,667
311,1,15,15,667
312,1,15,15,658
313,1,15,15,680
314,1,39,39,654
315,1,15,15,684
316,1,15,15,659
317,1,41,41,625
318,1,4,4,688
319,1,15,15,676
320,1,15,15,361
321,1,15,15,683
322,1,15,15,653
323,1,15,15,685
324,1,15,15,232
325,1,15,15,678
326,1,15,15,664
327,1,15,15,682
328,1,15,15,615
329,1,15,15,564
330,1,4,4,666
331,1,15,15,117
332,1,15,15,669
333,1,15,15,689
334,1,15,15,670
335,1,15,15,644
336,1,4,4,670
337,1,15,15,635
338,1,15,15,160
339,1,15,15,659
340,1,15,15,627
341,1,15,15,657
342,1,4,4,667
343,1,15,15,680
344,1,15,15,619
345,1,15,15,583
346,1,15,15,648
347,1,15,15,685
348,1,15,15,270
349,1,15,15,668
350,1,15,15,652
351,1,15,15,682
352,1,15,15,598
353,1,15,15,6
354,1,15,15,671
355,1,15,15,680
356,1,15,15,674
357,1,15,15,579
358,1,15,15,684
359,1,15,15,645
360,1,12,12,614
361,1,15,15,659
362,1,15,15,217
363,1,15,15,508
364,1,41,41,679
365,1,4,4,475
366,1,15,15,675
367,1,15,15,666
368,1,15,15,662
369,1,15,15,669
370,1,4,4,589
371,1,15,15,494
372,1,41,41,507
373,1,15,15,642
374,1,15,15,688
375,1,15,15,223
376,1,21,15,493
377,1,15,15,692
378,1,15,15,663
379,1,15,15,484
380,1,15,15,681
381,1,15,15,660
382,1,15,15,688
383,1,15,15,53
384,1,15,15,672
385,1,15,15,669
386,1,15,15,611
387,1,15,15,646
388,1,15,15,670
389,1,15,15,648
390,1,15,15,654
391,1,15,15,677
392,1,20,15,510
393,1,15,15,685
394,1,15,15,680
395,1,15,15,656
396,1,15,15,616
397,1,15,15,398
398,1,15,15,663
399,1,15,15,681
400,1,15,15,685
401,1,41,41,559
402,1,15,15,647
403,1,15,15,630
404,1,12,12,315
405,1,15,15,654
406,1,15,15,686
407,1,4,4,644
408,1,15,15,648
409,1,15,15,666
410,1,15,15,684
411,1,15,15,687
412,1,15,15,644
413,1,15,15,656
414,1,15,15,678
415,1,15,15,662
416,1,15,11,249
417,1,15,15,617
418,1,3,3,606
419,1,15,15,653
420,1,4,4,576
421,1,15,15,685
422,1,15,15,685
423,1,15,15,130
424,1,15,15,679
425,1,15,15,690
426,1,15,15,679
427,1,15,15,671
428,1,15,15,680
429,1,15,15,637
430,1,15,15,675
431,1,15,15,605
432,1,15,15,307
433,1,15,15,673
434,1,15,15,677
435,1,39,39,10
436,1,15,15,424
437,1,15,15,298
438,1,15,15,634
439,1,15,15,268
440,1,21,21,654
441,1,15,15,612
442,1,15,15,677
443,1,15,15,676
444,1,15,15,686
445,1,41,41,675
446,1,15,15,654
447,1,15,15,645
448,1,15,15,685
449,1,15,15,665
450,1,15,15,640
451,1,15,15,601
452,1,15,15,683
453,1,15,15,687
454,1,15,15,670
455,1,15,15,680
456,1,15,15,529
457,1,15,15,664
458,1,15,15,682
459,1,15,15,693
460,1,15,15,683
461,1,15,15,655
462,1,15,15,681
463,1,15,15,687
464,1,15,15,504
465,1,15,15,633
466,1,39,15,649
467,1,15,15,666
468,1,15,15,552
469,1,15,15,657
470,1,15,15,681
471,1,15,15,554
472,1,15,15,647
473,1,11,11,659
474,1,15,15,644
475,1,15,15,256
476,1,15,15,550
477,1,15,15,640
478,1,4,15,648
479,1,15,15,563
480,1,15,15,630
481,1,15,15,686
482,1,15,15,690
483,1,15,15,629
484,1,15,15,682
485,1,11,11,584
486,1,15,15,686
487,1,15,15,164
488,1,15,15,652
489,1,15,15,289
490,1,15,15,37
491,1,15,15,625
492,1,15,15,691
493,1,15,4,557
494,1,15,15,692
495,1,15,15,689
496,1,15,15,685
497,1,15,15,660
498,1,15,15,417
499,1,15,15,689
500,1,15,15,687
501,1,15,15,683
502,1,9,9,688
503,1,41,41,681
504,1,21,15,599
505,1,15,15,688
506,1,15,15,684
507,1,15,15,545
508,1,15,15,633
509,1,15,15,684
510,1,15,15,682
511,1,15,15,667
512,1,15,15,658
513,1,15,15,677
514,1,15,15,668
515,1,15,15,671
516,1,15,15,587
517,1,15,15,693
518,1,15,15,662
519,1,15,15,667
520,1,15,15,664
521,1,15,15,618
522,1,15,15,349
523,1,15,15,295
524,1,15,15,664
525,1,15,15,127
526,1,15,15,660
527,1,15,15,521
528,1,15,15,667
529,1,15,15,683
530,1,15,15,653
531,1,15,15,86
532,1,15,15,526
533,1,15,15,582
534,1,15,15,663
535,1,15,15,674
536,1,15,15,690
537,1,15,15,607
538,1,15,15,665
539,1,15,15,654
540,1,15,15,386
541,1,15,15,502
542,1,15,15,486
543,1,15,15,541
544,1,15,15,397
545,1,4,4,634
546,1,15,15,152
547,1,15,15,674
548,1,15,15,683
549,1,4,4,669
550,1,4,3,385
551,1,15,15,323
552,1,15,15,622
553,1,15,15,463
554,1,15,15,595
555,1,15,15,664
556,1,15,15,630
557,1,3,3,207
558,1,15,15,678
559,1,15,15,677
560,1,15,15,625
561,1,15,15,645
562,1,15,15,668
563,1,15,15,677
564,1,15,15,656
565,1,15,15,465
566,1,15,15,685
567,1,15,15,688
568,1,15,15,687
569,1,15,15,662
570,1,15,15,332
571,1,15,15,657
572,1,15,15,256
573,1,15,15,670
574,1,15,15,680
575,1,15,15,682
576,1,4,4,670
577,1,4,4,507
578,1,15,4,627
579,1,15,15,682
580,1,15,15,674
581,1,15,4,639
582,1,15,15,679
583,1,15,15,212
584,1,15,15,654
585,1,15,15,643
586,1,15,15,282
587,1,15,15,602
588,1,15,15,671
589,1,15,15,671
590,1,15,15,630
591,1,15,15,316
592,1,15,15,646
593,1,15,15,679
594,1,15,15,654
595,1,9,9,561
596,1,15,15,673
597,1,15,15,683
598,1,15,15,540
599,1,15,4,158
600,1,15,15,666
601,1,15,15,691
602,1,15,15,637
603,1,15,15,592
604,1,15,15,688
605,1,15,15,654
606,1,15,15,504
607,1,15,15,559
608,1,15,15,678
609,1,15,15,608
610,1,15,15,685
611,1,15,15,671
612,1,15,15,671
613,1,15,15,680
614,1,15,15,646
615,1,15,15,687
616,1,4,4,677
617,1,15,15,672
618,1,15,15,661
619,1,15,15,609
620,1,15,15,683
621,1,15,15,669
622,1,15,15,690
623,1,15,15,29
624,1,4,4,653
625,1,15,15,479
626,1,15,15,464
627,1,11,11,534
628,1,21,15,648
629,1,4,4,610
630,1,15,15,668
631,1,15,15,670
632,1,15,15,677
633,1,15,15,691
634,1,15,15,674
635,1,15,15,661
636,1,15,15,186
637,1,15,15,663
638,1,4,4,679
639,1,15,15,665
640,1,15,15,689
641,1,15,15,641
642,1,15,15,371
643,1,15,15,667
644,1,15,15,654
645,1,15,15,676
646,1,15,15,655
647,1,15,15,586
648,1,15,15,629
649,1,15,15,655
650,1,15,15,500
651,1,15,15,401
652,1,15,15,667
653,1,15,15,684
654,1,15,15,688
655,1,15,15,588
656,1,15,15,685
657,1,15,15,645
658,1,15,15,675
659,1,15,15,667
660,1,15,15,635
661,1,15,15,683
662,1,15,15,671
663,1,15,15,656
664,1,15,15,274
665,1,15,15,678
666,1,15,15,668
667,1,15,15,537
668,1,15,15,687
669,1,15,15,620
670,1,15,4,594
671,1,15,15,671
672,1,15,15,666
673,1,15,15,686
674,1,15,15,679
675,1,15,15,564
676,1,15,15,686
677,1,15,15,603
678,1,15,15,111
679,1,15,15,638
680,1,15,15,260
681,1,15,15,614
682,1,15,15,603
683,1,15,15,638
684,1,15,15,668
685,1,15,15,676
686,1,15,15,636
687,1,15,15,648
688,1,15,15,695
689,1,15,15,649
690,1,15,15,660
691,1,15,15,688
692,1,15,15,626
693,1,4,4,673
694,1,15,15,681
695,1,15,15,678
696,1,15,15,478
697,1,15,15,645
698,1,15,15,490
699,1,15,15,687
700,1,3,3,638
701,1,15,15,656
702,1,4,4,679
703,1,15,15,664
704,1,15,15,342
705,1,15,15,584
706,1,15,15,688
707,1,15,15,668
708,1,15,15,478
709,1,15,15,563
710,1,15,15,668
711,1,15,15,666
712,1,15,15,300
713,1,15,15,681
714,1,15,15,590
715,1,15,15,577
716,1,15,15,672
717,1,15,15,659
718,1,15,15,598
719,1,15,15,685
720,1,15,15,607
721,1,21,15,661
722,1,15,15,653
723,1,15,15,666
724,1,15,15,667
725,1,15,15,683
726,1,15,15,477
727,1,4,4,611
728,1,15,15,522
729,1,15,15,658
730,1,15,15,425
731,1,15,15,619
732,1,15,15,680
733,1,15,15,651
734,1,15,15,668
735,1,15,15,691
736,1,3,3,69
737,1,15,15,677
738,1,15,15,680
739,1,15,15,621
740,1,15,15,670
741,1,15,15,687
742,1,15,15,43
743,1,15,15,651
744,1,15,15,676
745,1,15,15,682
746,1,15,15,687
747,1,15,15,662
748,1,15,41,605
749,1,15,15,689
750,1,15,15,152
751,1,15,15,680
752,1,15,15,620
753,1,15,15,680
754,1,15,15,661
755,1,15,15,227
756,1,15,15,680
757,1,15,15,297
758,1,15,15,39
759,1,15,15,647
760,1,15,15,683
761,1,15,15,599
762,1,15,15,608
763,1,15,15,683
764,1,15,15,600
765,1,15,15,681
766,1,15,15,584
767,1,15,15,655
768,1,15,15,52
769,1,15,15,453
770,1,15,15,633
771,1,15,15,675
772,1,4,4,688
773,1,15,15,683
774,1,15,15,316
775,1,15,15,670
776,1,15,15,672
777,1,15,15,606
778,1,15,15,668
779,1,21,15,615
780,1,15,15,682
781,1,15,15,672
782,1,15,15,198
783,1,21,15,164
784,1,15,15,679
785,1,15,15,676
786,1,15,15,675
787,1,15,15,567
788,1,15,15,685
789,1,15,15,683
790,1,39,39,605
791,1,15,15,658
792,1,15,15,683
793,1,15,15,684
794,1,21,15,23
795,1,15,15,665
796,1,15,15,681
797,1,15,15,677
798,1,15,15,683
799,1,15,15,672
800,1,15,15,666
801,1,15,15,639
802,1,4,4,669
803,1,15,15,646
804,1,15,15,668
805,1,4,4,652
806,1,15,15,685
807,1,15,15,661
808,1,15,15,627
809,1,15,15,620
810,1,15,15,607
811,1,15,15,463
812,1,15,15,653
813,1,15,15,663
814,1,15,15,633
815,1,15,15,678
816,1,15,15,674
817,1,15,15,636
818,1,15,15,661
819,1,15,15,672
820,1,15,15,578
821,1,15,15,672
822,1,15,15,680
823,1,15,15,292
824,1,12,12,657
825,1,15,15,665
826,1,15,15,680
827,1,15,15,660
828,1,15,15,664
829,1,15,15,631
830,1,15,15,657
831,1,15,15,683
832,1,15,15,674
833,1,15,15,661
834,1,15,15,674
835,1,15,15,683
836,1,15,15,606
837,1,15,15,399
838,1,15,15,674
839,1,21,15,366
840,1,15,15,668
841,1,15,15,657
842,1,15,15,664
843,1,15,15,653
844,1,15,15,192
845,1,15,15,617
846,1,15,15,652
847,1,15,15,611
848,1,15,15,670
849,1,15,15,687
850,1,15,15,686
851,1,15,15,658
852,1,15,15,683
853,1,41,41,683
854,1,15,15,669
855,1,15,15,680
856,1,15,15,639
857,1,15,15,628
858,1,15,15,376
859,1,15,15,640
860,1,15,15,670
861,1,15,15,491
862,1,15,15,683
863,1,15,15,677
864,1,15,15,267
865,1,15,15,688
866,1,15,15,693
867,1,15,15,299
868,1,15,15,616
869,1,15,15,663
870,1,15,15,679
871,1,15,15,658
872,1,15,15,682
873,1,15,15,683
874,1,15,15,535
875,1,15,15,688
876,1,15,15,649
877,1,21,15,198
878,1,15,15,679
879,1,15,15,684
880,1,15,15,643
881,1,15,15,688
882,1,15,15,552
883,1,15,15,680
884,1,15,15,607
885,1,15,15,680
886,1,15,15,648
887,1,15,15,376
888,1,15,15,634
889,1,15,15,555
890,1,15,15,676
891,1,15,15,342
892,1,15,15,657
893,1,15,15,662
894,1,15,15,676
895,1,15,15,668
896,1,15,15,685
897,1,15,15,695
898,1,15,15,677
899,1,15,15,663
900,1,15,15,393
901,1,15,15,654
902,1,15,15,679
903,1,15,15,188
904,1,15,15,497
905,1,15,15,674
906,1,15,15,662
907,1,15,15,684
908,1,15,15,290
909,1,15,15,677
910,1,15,15,673
911,1,15,15,684
912,1,15,15,677
913,1,41,41,543
914,1,15,15,637
915,1,15,15,679
916,1,15,15,628
917,1,15,15,671
918,1,15,15,687
919,1,15,15,563
920,1,15,15,685
921,1,4,4,657
922,1,15,15,652
923,1,15,15,686
924,1,15,15,355
925,1,15,15,654
926,1,15,15,655
927,1,15,15,669
928,1,15,15,668
929,1,15,15,656
930,1,15,15,621
931,1,15,15,676
932,1,15,15,684
933,1,15,15,665
934,1,15,15,676
935,1,15,15,688
936,1,21,15,647
937,1,15,15,683
938,1,15,15,681
939,1,15,4,672
940,1,15,4,640
941,1,15,12,451
942,1,15,15,677
943,1,15,15,657
944,1,15,15,652
945,1,4,15,655
946,1,15,15,525
947,1,15,15,298
948,1,15,15,202
949,1,15,15,687
950,1,15,15,633
951,1,41,41,637
952,1,15,15,681
953,1,15,15,653
954,1,15,15,665
955,1,15,15,686
956,1,15,15,666
957,1,15,15,544
958,1,15,15,642
959,1,15,15,688
960,1,15,15,663
961,1,15,15,687
962,1,15,15,556
963,1,15,15,58
964,1,15,15,451
965,1,15,15,669
966,1,15,15,683
967,1,15,15,343
968,1,15,15,593
969,1,15,15,585
970,1,15,4,621
971,1,15,15,653
972,1,15,15,676
973,1,15,15,682
974,1,15,15,629
975,1,15,15,683
976,1,15,15,530
977,1,15,15,680
978,1,15,15,660
979,1,15,15,676
980,1,15,15,573
981,1,15,15,655
982,1,15,15,523
983,1,15,15,151
984,1,15,15,511
985,1,15,15,422
986,1,15,15,651
987,1,4,4,594
988,1,15,15,624
989,1,15,15,651
990,1,15,15,656
991,1,15,15,684
992,1,15,15,682
993,1,15,15,549
994,1,15,15,667
995,1,15,15,666
996,1,15,15,224
997,1,15,15,676
998,1,15,15,454
999,1,15,15,577
1000,1,15,15,686
1001,1,15,15,672
1002,1,12,12,683
1003,1,15,15,449
1004,1,15,15,684
1005,1,15,4,610
1006,1,15,15,676
1007,1,21,15,573
1008,1,15,15,686
1009,1,4,4,674
1010,1,15,15,75
1011,1,15,15,675
1012,1,15,15,678
1013,1,15,15,661
1014,1,15,15,94
1015,1,15,15,120
1016,1,15,15,620
1017,1,15,15,630
1018,1,15,15,678
1019,1,15,15,621
1020,1,15,4,666
1021,1,15,15,676
1022,1,15,15,682
1023,1,4,4,637
1024,1,15,15,687
1025,1,15,15,688
1026,1,15,15,675
1027,1,15,15,685
1028,1,41,41,664
1029,1,15,15,643
1030,1,15,15,651
1031,1,15,15,649
1032,1,15,15,685
1033,1,15,15,562
1034,1,15,15,673
1035,1,21,15,408
1036,1,15,15,690
1037,1,15,15,680
1038,1,15,15,678
1039,1,15,15,696
1040,1,15,15,682
1041,1,15,15,650
1042,1,15,15,660
1043,1,15,15,684
1044,1,15,15,672
1045,1,15,15,668
1046,1,15,15,680
1047,1,15,15,598
1048,1,15,15,669
1049,1,21,15,632
1050,1,15,15,684
1051,1,15,15,675
1052,1,15,15,670
1053,1,15,15,685
1054,1,15,15,643
1055,1,15,15,680
1056,1,15,15,280
1057,1,15,15,662
1058,1,15,15,673
1059,1,15,15,274
1060,1,15,4,640
1061,1,15,15,442
1062,1,15,15,661
1063,1,15,15,690
1064,1,15,15,677
1065,1,15,15,658
1066,1,15,15,656
1067,1,15,15,679
1068,1,15,15,676
1069,1,15,15,670
1070,1,15,15,462
1071,1,15,12,225
1072,1,15,15,685
1073,1,15,15,523
1074,1,15,15,673
1075,1,15,15,656
1076,1,15,15,679
1077,1,15,15,663
1078,1,15,15,386
1079,1,15,15,676
1080,1,15,15,605
1081,1,15,15,684
1082,1,15,15,296
1083,1,4,4,537
1084,1,15,15,673
1085,1,15,15,689
1086,1,15,15,652
1087,1,15,15,660
1088,1,15,15,663
1089,1,15,15,676
1090,1,15,15,686
1091,1,15,15,462
1092,1,15,15,679
1093,1,41,15,556
1094,1,21,15,667
1095,1,15,15,663
1096,1,15,15,656
1097,1,15,15,638
1098,1,15,15,663
1099,1,15,15,640
1100,1,15,15,271
1101,1,15,15,680
1102,1,15,15,664
1103,1,15,15,677
1104,1,15,15,674
1105,1,15,15,670
1106,1,15,15,675
1107,1,15,15,673
1108,1,15,15,284
1109,1,15,15,680
1110,1,15,15,666
1111,1,15,15,682
1112,1,15,15,657
1113,1,15,15,660
1114,1,15,15,528
1115,1,15,15,682
1116,1,39,39,634
1117,1,15,15,670
1118,1,15,15,590
1119,1,15,15,170
1120,1,15,15,659
1121,1,15,15,668
1122,1,15,15,688
1123,1,15,15,76
1124,1,15,15,643
1125,1,15,15,667
1126,1,15,15,114
1127,1,15,15,637
1128,1,15,15,671
1129,1,4,15,680
1130,1,15,15,675
1131,1,15,15,682
1132,1,15,15,665
1133,1,15,15,654
1134,1,15,15,659
1135,1,15,15,578
1136,1,15,15,678
1137,1,15,15,688
1138,1,15,15,632
1139,1,15,15,683
1140,1,15,15,330
1141,1,39,39,666
1142,1,15,15,672
1143,1,15,15,631
1144,1,15,15,683
1145,1,15,15,310
1146,1,15,15,549
1147,1,15,15,684
1148,1,15,15,661
1149,1,15,15,130
1150,1,15,15,656
1151,1,15,15,673
1152,1,15,15,577
1153,1,15,15,671
1154,1,15,15,603
1155,1,15,15,689
1156,1,15,15,690
1157,1,15,15,673
1158,1,15,15,573
1159,1,4,4,652
1160,1,4,4,686
1161,1,15,15,688
1162,1,15,15,676
1163,1,15,15,286
1164,1,15,15,685
1165,1,15,15,687
1166,1,15,15,598
1167,1,15,15,649
1168,1,15,15,598
1169,1,15,15,675
1170,1,15,15,652
1171,1,15,15,621
1172,1,15,15,647
1173,1,15,15,550
1174,1,15,15,663
1175,1,15,15,684
1176,1,15,15,690
1177,1,15,15,658
1178,1,15,15,622
1179,1,15,15,686
1180,1,15,15,298
1181,1,15,15,313
1182,1,15,15,674
1183,1,15,15,588
1184,1,15,15,615
1185,1,15,15,648
1186,1,15,15,604
1187,1,15,15,450
1188,1,15,15,682
1189,1,15,15,663
1190,1,15,15,632
1191,1,21,15,322
1192,1,15,15,315
1193,1,15,15,682
1194,1,15,15,632
1195,1,4,4,352
1196,1,4,4,654
1197,1,15,15,671
1198,1,15,15,676
1199,1,15,15,685
1200,1,15,15,625
1201,1,4,4,645
1202,1,15,15,664
1203,1,21,15,12
1204,1,15,15,685
1205,1,15,15,667
1206,1,15,15,679
1207,1,3,3,258
1208,1,15,15,689
1209,1,15,15,660
1210,1,15,15,680
1211,1,15,15,652
1212,1,15,15,390
1213,1,15,15,631
1214,1,15,15,645
1215,1,15,15,686
1216,1,15,15,674
1217,1,15,15,688
1218,1,15,15,630
1219,1,15,15,686
1220,1,15,15,631
1221,1,4,4,619
1222,1,15,15,668
1223,1,15,15,591
1224,1,15,15,630
1225,1,15,15,667
1226,1,15,15,591
1227,1,15,15,670
1228,1,4,4,675
1229,1,15,15,660
1230,1,15,15,684
1231,1,15,15,655
1232,1,21,15,550
1233,1,15,15,564
1234,1,21,15,677
1235,1,15,15,696
1236,1,15,15,652
1237,1,15,15,577
1238,1,15,15,679
1239,1,15,15,665
1240,1,15,15,680
1241,1,15,15,646
1242,1,15,15,682
1243,1,15,15,675
1244,1,15,15,692
1245,1,15,15,639
1246,1,4,4,601
1247,1,15,15,677
1248,1,15,15,618
1249,1,15,15,309
1250,1,15,15,500
1251,1,15,15,557
1252,1,15,15,666
1253,1,12,12,632
1254,1,15,15,657
1255,1,15,15,654
1256,1,15,15,670
1257,1,15,15,56
1258,1,4,4,407
1259,1,3,4,567
1260,1,15,15,579
1261,1,15,15,632
1262,1,15,15,669
1263,1,15,15,664
1264,1,15,15,667
1265,1,41,41,687
1266,1,15,15,687
1267,1,15,12,671
1268,1,15,15,562
1269,1,15,15,670
1270,1,15,15,665
1271,1,15,15,677
1272,1,15,15,683
1273,1,15,15,673
1274,1,15,15,632
1275,1,15,15,239
1276,1,15,15,679
1277,1,4,4,473
1278,1,15,15,657
1279,1,15,15,685
1280,1,4,4,659
1281,1,15,15,666
1282,1,15,15,272
1283,1,15,15,652
1284,1,15,15,116
1285,1,15,15,619
1286,1,15,15,675
1287,1,15,15,660
1288,1,15,15,674
1289,1,4,4,589
1290,1,15,15,63
1291,1,15,15,680
1292,1,15,15,681
1293,1,15,15,669
1294,1,15,15,337
1295,1,15,15,687
1296,1,21,15,539
1297,1,15,15,30
1298,1,15,15,672
1299,1,15,15,500
1300,1,15,15,662
1301,1,15,15,653
1302,1,15,15,392
1303,1,15,15,653
1304,1,15,15,669
1305,1,15,15,616
1306,1,15,15,445
1307,1,15,15,686
1308,1,15,15,642
1309,1,15,15,678
1310,1,15,15,679
1311,1,15,15,256
1312,1,15,15,680
1313,1,21,15,591
1314,1,15,15,672
1315,1,15,15,674
1316,1,15,15,655
1317,1,15,15,212
1318,1,15,15,585
1319,1,15,15,616
1320,1,15,15,628
1321,1,15,15,162
1322,1,15,15,666
1323,1,15,15,662
1324,1,15,15,414
1325,1,15,15,679
1326,1,15,15,662
1327,1,15,15,665
1328,1,4,4,537
1329,1,15,15,626
1330,1,15,15,660
1331,1,15,15,610
1332,1,15,15,648
1333,1,15,15,671
1334,1,15,15,677
1335,1,15,15,679
1336,1,21,15,65
1337,1,15,15,190
1338,1,15,12,672
1339,1,15,15,633
1340,1,15,15,682
1341,1,15,15,480
1342,1,15,15,685
1343,1,15,15,663
1344,1,15,15,659
1345,1,15,15,475
1346,1,4,4,398
1347,1,15,15,673
1348,1,39,39,650
1349,1,15,15,671
1350,1,15,15,678
1351,1,15,15,681
1352,1,15,15,644
1353,1,15,15,313
1354,1,4,4,548
1355,1,15,15,666
1356,1,15,15,549
1357,1,15,15,678
1358,1,15,15,687
1359,1,15,15,642
1360,1,15,15,592
1361,1,15,15,642
1362,1,15,15,673
1363,1,15,15,651
1364,1,15,15,673
1365,1,15,15,688
1366,1,15,15,446
1367,1,15,15,658
1368,1,15,15,592
1369,1,41,41,667
1370,1,15,15,607
1371,1,15,15,610
1372,1,15,15,620
1373,1,15,15,626
1374,1,15,15,652
1375,1,15,15,631
1376,1,15,4,288
1377,1,15,15,655
1378,1,15,15,679
1379,1,15,4,666
1380,1,15,15,461
1381,1,15,15,556
1382,1,15,15,587
1383,1,15,15,662
1384,1,3,3,509
1385,1,15,15,682
1386,1,15,15,652
1387,1,15,15,665
1388,1,15,15,673
1389,1,15,15,679
1390,1,15,15,642
1391,1,15,15,649
1392,1,15,15,654
1393,1,15,15,678
1394,1,15,15,686
1395,1,15,15,687
1396,1,15,15,680
1397,1,15,4,675
1398,1,21,15,337
1399,1,15,15,664
1400,1,15,15,618
1401,1,15,15,651
1402,1,15,15,201
1403,1,15,15,661
1404,1,15,15,674
1405,1,15,15,668
1406,1,15,15,688
1407,1,15,15,650
1408,1,15,15,685
1409,1,15,15,640
1410,1,15,15,611
1411,1,15,15,678
1412,1,15,15,681
1413,1,15,15,515
1414,1,15,15,628
1415,1,15,15,642
1416,1,15,15,630
1417,1,15,15,399
1418,1,39,39,661
1419,1,15,15,267
1420,1,15,15,683
1421,1,15,15,627
1422,1,39,39,616
1423,1,15,15,674
1424,1,39,39,682
1425,1,15,15,683
1426,1,39,39,349
1427,1,15,4,680
1428,1,15,15,538
1429,1,15,15,675
1430,1,15,15,469
1431,1,15,15,580
1432,1,15,15,671
1433,1,15,15,663
1434,1,15,15,682
1435,1,15,15,318
1436,1,15,15,687
1437,1,15,15,449
1438,1,15,15,596
1439,1,15,15,673
1440,1,15,15,686
1441,1,15,15,244
1442,1,15,15,29
1443,1,15,15,567
1444,1,15,15,248
1445,1,15,15,681
1446,1,15,15,659
1447,1,15,15,570
1448,1,15,15,660
1449,1,15,15,681
1450,1,15,15,611
1451,1,15,15,573
1452,1,15,15,675
1453,1,15,15,670
1454,1,15,15,639
1455,1,15,15,308
1456,1,15,15,98
1457,1,15,15,660
1458,1,3,3,590
1459,1,4,4,673
1460,1,15,15,668
1461,1,15,15,682
1462,1,15,15,213
1463,1,15,15,652
1464,1,15,15,506
1465,1,15,15,680
1466,1,15,15,681
1467,1,15,15,669
1468,1,15,15,674
1469,1,15,15,675
1470,1,21,15,469
1471,1,15,15,678
1472,1,15,15,556
1473,1,15,15,630
1474,1,15,15,475
1475,1,15,15,624
1476,1,15,15,486
1477,1,15,15,678
1478,1,15,15,665
1479,1,15,15,540
1480,1,15,15,669
1481,1,4,4,643
1482,1,15,15,658
1483,1,15,15,592
1484,1,15,15,645
1485,1,21,15,340
1486,1,15,15,662
1487,1,15,15,672
1488,1,15,15,687
1489,1,15,15,685
1490,1,15,15,590
1491,1,15,4,653
1492,1,15,15,675
1493,1,15,15,157
1494,1,4,4,622
1495,1,15,15,662
1496,1,15,15,628
1497,1,15,15,661
1498,1,15,15,683
1499,1,15,15,648
1500,1,15,15,684
1501,1,15,15,683
1502,1,15,15,689
1503,1,15,15,683
1504,1,15,15,685
1505,1,15,15,686
1506,1,15,15,690
1507,1,15,15,686
1508,1,21,15,686
1509,1,15,15,154
1510,1,15,15,677
1511,1,15,15,632
1512,1,15,15,647
1513,1,15,15,205
1514,1,4,4,648
1515,1,15,15,430
1516,1,15,15,637
1517,1,15,15,685
1518,1,15,15,506
1519,1,15,15,624
1520,1,15,15,673
1521,1,15,15,687
1522,1,21,15,649
1523,1,15,15,672
1524,1,15,15,642
1525,1,15,15,684
1526,1,15,15,667
1527,1,15,15,519
1528,1,15,15,632
1529,1,15,15,683
1530,1,21,15,681
1531,1,4,4,670
1532,1,15,15,669
1533,1,15,15,686
1534,1,15,15,676
1535,1,15,15,692
1536,1,4,15,333
1537,1,15,15,661
1538,1,15,15,561
1539,1,21,15,648
1540,1,15,15,651
1541,1,15,15,665
1542,1,15,15,683
1543,1,41,41,657
1544,1,15,15,651
1545,1,15,15,603
1546,1,21,15,200
1547,1,15,15,691
1548,1,15,15,498
1549,1,15,15,689
1550,1,21,15,237
1551,1,15,15,615
1552,1,15,15,4
1553,1,15,15,544
1554,1,41,15,679
1555,1,15,15,636
1556,1,15,15,640
1557,1,15,15,643
1558,1,15,15,678
1559,1,15,15,343
1560,1,15,15,627
1561,1,15,15,692
1562,1,20,12,607
1563,1,15,15,212
1564,1,15,15,630
1565,1,15,15,684
1566,1,15,15,683
1567,1,4,4,621
1568,1,15,15,666
1569,1,15,15,676
1570,1,15,4,376
1571,1,15,15,668
1572,1,15,15,686
1573,1,15,15,667
1574,1,15,15,672
1575,1,39,39,667
1576,1,15,15,418
1577,1,15,15,479
1578,1,15,15,607
1579,1,15,15,463
1580,1,15,15,669
1581,1,15,15,301
1582,1,15,15,676
1583,1,15,15,681
1584,1,15,15,664
1585,1,15,15,210
1586,1,15,15,620
1587,1,15,15,686
1588,1,15,15,683
1589,1,15,15,678
1590,1,15,15,665
1591,1,15,15,654
1592,1,15,15,616
1593,1,15,15,692
1594,1,15,15,617
1595,1,15,15,677
1596,1,21,15,150
1597,1,39,39,673
1598,1,15,15,613
1599,1,15,15,648
1600,1,15,15,678
1601,1,15,15,663
1602,1,15,15,491
1603,1,15,15,680
1604,1,15,15,673
1605,1,15,15,520
1606,1,15,15,686
1607,1,15,15,666
1608,1,15,15,603
1609,1,15,15,640
1610,1,15,15,364
1611,1,15,15,687
1612,1,15,15,18
1613,1,15,15,334
1614,1,15,15,682
1615,1,4,4,659
1616,1,15,15,669
1617,1,15,15,678
1618,1,15,15,689
1619,1,15,15,638
1620,1,15,15,684
1621,1,15,15,670
1622,1,15,15,665
1623,1,15,15,685
1624,1,15,15,666
1625,1,15,15,73
1626,1,15,15,688
1627,1,15,15,686
1628,1,15,15,505
1629,1,15,15,620
1630,1,15,15,682
1631,1,15,15,660
1632,1,15,15,271
1633,1,15,15,655
1634,1,15,15,661
1635,1,15,15,685
1636,1,15,15,682
1637,1,15,15,651
1638,1,15,15,531
1639,1,4,15,619
1640,1,15,15,654
1641,1,15,15,664
1642,1,15,15,688
1643,1,15,15,671
1644,1,15,15,673
1645,1,15,15,690
1646,1,15,15,133
1647,1,15,4,667
1648,1,15,15,681
1649,1,12,12,641
1650,1,15,4,659
1651,1,15,15,665
1652,1,15,15,445
1653,1,15,15,631
1654,1,15,15,444
1655,1,15,15,639
1656,1,15,15,612
1657,1,15,15,332
1658,1,15,15,688
1659,1,4,4,171
1660,1,15,15,263
1661,1,15,15,685
1662,1,15,15,553
1663,1,15,15,674
1664,1,15,15,622
1665,1,15,15,663
1666,1,15,15,631
1667,1,15,15,670
1668,1,15,15,525
1669,1,15,15,645
1670,1,15,15,665
1671,1,15,15,581
1672,1,15,15,674
1673,1,15,15,664
1674,1,4,4,320
1675,1,15,15,682
1676,1,15,15,139
1677,1,15,15,634
1678,1,15,15,666
1679,1,15,15,539
1680,1,15,15,645
1681,1,15,15,535
1682,1,15,15,675
1683,1,15,15,669
1684,1,15,15,596
1685,1,15,15,396
1686,1,15,15,685
1687,1,15,15,674
1688,1,15,15,636
1689,1,15,15,659
1690,1,15,15,437
1691,1,15,15,276
1692,1,15,15,599
1693,1,15,15,681
1694,1,15,15,447
1695,1,15,15,678
1696,1,15,15,641
1697,1,15,15,657
1698,1,15,15,669
1699,1,39,39,660
1700,1,15,15,644
1701,1,15,15,662
1702,1,15,15,685
1703,1,15,15,676
1704,1,15,15,677
1705,1,15,15,671
1706,1,39,39,685
1707,1,15,15,682
1708,1,15,15,686
1709,1,15,15,689
1710,1,15,15,667
1711,1,15,15,679
1712,1,15,15,673
1713,1,15,15,665
1714,1,15,15,685
1715,1,15,15,683
1716,1,15,15,676
1717,1,21,15,160
1718,1,15,15,627
1719,1,15,15,623
1720,1,15,15,664
1721,1,15,15,655
1722,1,15,15,290
1723,1,15,15,658
1724,1,15,15,640
1725,1,15,15,689
1726,1,15,15,575
1727,1,15,15,319
1728,1,15,15,657
1729,1,15,15,585
1730,1,21,15,627
1731,1,15,15,476
1732,1,15,15,684
1733,1,15,15,451
1734,1,15,15,677
1735,1,15,15,677
1736,1,15,15,601
1737,1,15,15,345
1738,1,15,15,673
1739,1,15,15,129
1740,1,15,15,686
1741,1,15,15,636
1742,1,15,15,650
1743,1,15,15,192
1744,1,15,15,664
1745,1,15,15,656
1746,1,15,15,601
1747,1,15,15,684
1748,1,15,15,647
1749,1,15,15,182
1750,1,15,15,687
1751,1,21,15,684
1752,1,15,15,533
1753,1,15,15,685
1754,1,15,15,676
1755,1,15,15,649
1756,1,15,15,668
1757,1,4,4,678
1758,1,15,15,682
1759,1,15,15,666
1760,1,4,4,667
1761,1,15,15,674
1762,1,15,15,677
1763,1,15,15,644
1764,1,15,15,554
1765,1,15,15,654
1766,1,15,15,682
1767,1,15,15,677
1768,1,4,4,277
1769,1,15,15,656
1770,1,15,15,672
1771,1,4,4,529
1772,1,15,15,219
1773,1,15,15,666
1774,1,15,15,660
1775,1,4,4,614
1776,1,15,15,652
1777,1,15,15,672
1778,1,15,15,669
1779,1,15,15,676
1780,1,15,15,360
1781,1,15,15,540
1782,1,15,15,659
1783,1,15,4,477
1784,1,15,15,661
1785,1,15,15,657
1786,1,15,15,658
1787,1,15,15,672
1788,1,15,15,437
1789,1,15,15,605
1790,1,15,15,535
1791,1,15,15,671
1792,1,15,15,687
1793,1,15,15,677
1794,1,15,15,613
1795,1,15,15,686
1796,1,15,15,680
1797,1,15,15,569
1798,1,15,15,688
1799,1,15,15,684
1800,1,15,15,675
1801,1,15,15,687
1802,1,15,15,682
1803,1,15,15,693
1804,1,15,15,310
1805,1,15,15,682
1806,1,15,15,673
1807,1,15,15,115
1808,1,15,15,593
1809,1,15,15,652
1810,1,15,15,654
1811,1,15,15,685
1812,1,15,15,690
1813,1,15,15,680
1814,1,15,15,691
1815,1,15,15,651
1816,1,15,15,682
1817,1,15,15,521
1818,1,15,15,647
1819,1,15,15,645
1820,1,15,15,551
1821,1,15,15,605
1822,1,15,15,665
1823,1,15,15,668
1824,1,15,15,687
1825,1,15,15,657
1826,1,15,15,684
1827,1,15,15,672
1828,1,15,15,602
1829,1,15,15,658
1830,1,15,15,656
1831,1,15,15,585
1832,1,15,15,302
1833,1,15,15,642
1834,1,15,15,660
1835,1,3,15,496
1836,1,4,4,638
1837,1,15,4,649
1838,1,15,3,613
1839,1,15,15,648
1840,1,15,15,116
1841,1,15,15,680
1842,1,15,15,678
1843,1,15,15,406
1844,1,4,15,374
1845,1,15,15,629
1846,1,15,15,582
1847,1,15,15,60
1848,1,15,15,660
1849,1,4,4,538
1850,1,15,15,634
1851,1,15,15,640
1852,1,15,15,656
1853,1,15,15,682
1854,1,4,4,160
1855,1,15,15,657
1856,1,15,15,676
1857,1,15,15,625
1858,1,15,15,672
1859,1,15,15,688
1860,1,15,15,598
1861,1,4,4,644
1862,1,15,15,688
1863,1,9,9,680
1864,1,15,15,676
1865,1,15,15,637
1866,1,15,15,687
1867,1,15,15,634
1868,1,15,15,638
1869,1,15,15,689
1870,1,4,4,607
1871,1,15,15,664
1872,1,15,15,626
1873,1,41,15,642
1874,1,15,15,277
1875,1,15,15,652
1876,1,21,21,675
1877,1,15,15,609
1878,1,15,15,664
1879,1,15,15,644
1880,1,21,15,606
1881,1,15,15,686
1882,1,15,15,685
1883,1,15,15,657
1884,1,15,15,593
1885,1,15,15,43
1886,1,15,15,677
1887,1,15,15,671
1888,1,15,15,676
1889,1,15,15,685
1890,1,15,15,658
1891,1,15,15,679
1892,1,15,15,309
1893,1,21,15,318
1894,1,20,15,221
1895,1,15,15,669
1896,1,15,15,683
1897,1,15,15,568
1898,1,15,15,594
1899,1,15,15,672
1900,1,15,15,688
1901,1,21,15,678
1902,1,15,15,535
1903,1,15,15,682
1904,1,15,15,669
1905,1,15,15,549
1906,1,15,15,686
1907,1,15,15,682
1908,1,4,4,672
1909,1,15,15,684
1910,1,15,15,635
1911,1,15,15,430
1912,1,15,15,655
1913,1,15,15,685
1914,1,15,15,621
1915,1,15,15,655
1916,1,15,15,641
1917,1,15,15,607
1918,1,15,15,644
1919,1,15,15,685
1920,1,15,15,643
1921,1,15,15,688
1922,1,15,15,650
1923,1,15,15,629
1924,1,15,15,632
1925,1,15,15,246
1926,1,15,15,689
1927,1,15,15,670
1928,1,15,15,691
1929,1,15,15,676
1930,1,15,15,688
1931,1,15,15,624
1932,1,15,15,668
1933,1,15,15,680
1934,1,15,15,658
1935,1,15,15,28
1936,1,15,15,682
1937,1,15,15,147
1938,1,15,15,668
1939,1,15,15,673
1940,1,15,15,668
1941,1,15,15,626
1942,1,15,15,666
1943,1,15,15,641
1944,1,15,15,612
1945,1,15,15,679
1946,1,15,15,669
1947,1,15,15,665
1948,1,15,15,667
1949,1,15,15,629
1950,1,15,15,499
1951,1,15,15,297
1952,1,15,15,656
1953,1,15,15,621
1954,1,15,15,655
1955,1,15,15,660
1956,1,15,15,275
1957,1,15,15,215
1958,1,15,15,574
1959,1,4,15,673
1960,1,15,15,685
1961,1,15,15,665
1962,1,15,15,627
1963,1,15,15,677
1964,1,15,15,648
1965,1,15,15,638
1966,1,15,15,454
1967,1,15,15,422
1968,1,15,15,627
1969,1,15,15,653
1970,1,15,15,623
1971,1,15,15,665
1972,1,15,15,685
1973,1,15,15,617
1974,1,15,15,658
1975,1,15,15,690
1976,1,15,15,422
1977,1,15,15,678
1978,1,15,15,668
1979,1,15,15,670
1980,1,15,15,254
1981,1,15,15,682
1982,1,15,15,609
1983,1,21,15,647
1984,1,15,15,674
1985,1,15,15,683
1986,1,15,15,73
1987,1,15,15,422
1988,1,15,15,674
1989,1,41,41,685
1990,1,15,15,678
1991,1,15,15,683
1992,1,15,15,474
1993,1,15,15,674
1994,1,15,15,677
1995,1,15,15,690
1996,1,15,15,651
1997,1,15,15,638
1998,1,15,15,674
1999,1,15,15,679
2000,1,15,15,546
2001,1,15,15,670
2002,1,12,15,664
2003,1,15,15,679
2004,1,15,15,402
2005,1,15,15,526
2006,1,15,15,657
2007,1,15,15,656
2008,1,15,15,501
2009,1,15,15,681
2010,1,15,15,600
2011,1,15,15,662
2012,1,15,15,596
2013,1,15,15,627
2014,1,15,15,670
2015,1,15,15,175
2016,1,15,15,689
2017,1,15,15,673
2018,1,15,15,664
2019,1,15,15,673
2020,1,15,15,577
2021,1,15,15,683
2022,1,15,15,676
2023,1,15,15,664
2024,1,15,15,624
2025,1,15,15,670
2026,1,15,15,639
2027,1,15,15,693
2028,1,15,15,681
2029,1,15,15,656
2030,1,15,15,649
2031,1,15,15,647
2032,1,21,15,537
2033,1,15,15,541
2034,1,15,15,690
2035,1,15,15,650
2036,1,15,15,679
2037,1,15,15,653
2038,1,15,15,448
2039,1,15,15,666
2040,1,15,15,674
2041,1,15,15,647
2042,1,15,15,654
2043,1,15,15,681
2044,1,15,15,450
2045,1,15,15,679
2046,1,12,12,599
2047,1,15,15,671
2048,1,15,15,622
2049,1,15,15,646
2050,1,15,15,677
2051,1,15,15,490
2052,1,21,21,669
2053,1,15,15,646
2054,1,15,15,647
2055,1,15,15,687
2056,1,15,15,668
2057,1,41,41,662
2058,1,15,15,670
2059,1,15,15,507
2060,1,41,41,684
2061,1,15,15,661
2062,1,15,15,535
2063,1,15,15,648
2064,1,15,15,676
2065,1,15,15,72
2066,1,15,15,625
2067,1,15,15,686
2068,1,15,15,659
2069,1,15,15,671
2070,1,15,15,545
2071,1,15,15,662
2072,1,15,15,671
2073,1,15,15,672
2074,1,15,15,672
2075,1,15,15,671
2076,1,15,15,649
2077,1,15,15,685
2078,1,15,15,663
2079,1,15,15,685
2080,1,15,15,599
2081,1,15,15,673
2082,1,15,15,676
2083,1,15,15,649
2084,1,15,15,647
2085,1,15,15,676
2086,1,15,15,677
2087,1,15,15,409
2088,1,15,15,131
2089,1,15,15,685
2090,1,15,15,616
2091,1,15,15,683
2092,1,15,15,663
2093,1,15,15,551
2094,1,15,15,618
2095,1,15,15,443
2096,1,15,15,476
2097,1,15,15,687
2098,1,15,15,676
2099,1,15,15,662
2100,1,15,15,177
2101,1,15,15,680
2102,1,4,4,204
2103,1,20,20,516
2104,1,15,15,681
2105,1,15,15,682
2106,1,15,15,672
2107,1,15,15,662
2108,1,15,15,663
2109,1,15,15,37
2110,1,15,15,648
2111,1,15,15,494
2112,1,15,15,668
2113,1,15,15,426
2114,1,15,15,668
2115,1,15,15,667
2116,1,15,15,34
2117,1,15,15,653
2118,1,15,15,685
2119,1,15,4,33
2120,1,15,15,505
2121,1,4,4,637
2122,1,15,15,681
2123,1,15,15,672
2124,1,15,15,674
2125,1,15,15,670
2126,1,15,15,673
2127,1,15,15,621
2128,1,4,4,669
2129,1,15,15,677
2130,1,15,4,675
2131,1,41,41,662
2132,1,15,15,637
2133,1,15,15,674
2134,1,15,15,666
2135,1,15,15,620
2136,1,15,15,685
2137,1,15,15,668
2138,1,15,15,578
2139,1,15,15,678
2140,1,15,15,687
2141,1,15,15,683
2142,1,15,15,684
2143,1,15,15,677
2144,1,15,15,674
2145,1,15,15,674
2146,1,15,15,678
2147,1,15,15,687
2148,1,15,15,370
2149,1,15,15,671
2150,1,15,15,635
2151,1,15,15,662
2152,1,15,15,681
2153,1,15,15,663
2154,1,15,15,674
2155,1,15,15,656
2156,1,15,15,685
2157,1,15,15,651
2158,1,25,15,300
2159,1,15,15,361
2160,1,15,15,683
2161,1,15,15,666
2162,1,15,15,674
2163,1,15,15,649
2164,1,15,15,672
2165,1,15,15,656
2166,1,4,4,629
2167,1,15,4,576
2168,1,15,15,671
2169,1,15,15,642
2170,1,15,15,544
2171,1,15,15,380
2172,1,15,15,307
2173,1,15,15,641
2174,1,15,15,669
2175,1,15,15,675
2176,1,3,3,589
2177,1,15,15,596
2178,1,15,15,463
2179,1,12,12,553
2180,1,15,15,588
2181,1,15,15,671
2182,1,15,15,383
2183,1,15,15,677
2184,1,15,15,670
2185,1,15,15,660
2186,1,15,15,655
2187,1,15,15,676
2188,1,15,15,647
2189,1,21,21,625
2190,1,15,15,672
2191,1,15,15,685
2192,1,15,15,667
2193,1,15,15,492
2194,1,15,15,576
2195,1,15,15,677
2196,1,15,15,563
2197,1,15,15,645
2198,1,15,15,680
2199,1,15,15,644
2200,1,15,15,684
2201,1,15,15,32
2202,1,15,15,686
2203,1,15,15,554
2204,1,15,15,686
2205,1,15,15,622
2206,1,15,15,684
2207,1,15,15,641
2208,1,15,15,574
2209,1,15,15,668
2210,1,15,15,575
2211,1,15,15,643
2212,1,15,15,684
2213,1,15,15,671
2214,1,15,15,667
2215,1,15,15,469
2216,1,15,15,311
2217,1,4,4,618
2218,1,15,15,656
2219,1,15,15,675
2220,1,15,15,667
2221,1,39,15,677
2222,1,15,15,655
2223,1,15,15,686
2224,1,15,15,682
2225,1,39,39,659
2226,1,15,15,680
2227,1,15,15,679
2228,1,15,15,669
2229,1,15,15,671
2230,1,15,15,682
2231,1,15,15,654
2232,1,15,15,684
2233,1,15,15,597
2234,1,15,15,620
2235,1,15,15,399
2236,1,15,15,686
2237,1,15,15,387
2238,1,15,15,684
2239,1,15,15,689
2240,1,12,12,202
2241,1,15,15,112
2242,1,4,4,609
2243,1,39,39,571
2244,1,15,15,663
2245,1,15,15,684
2246,1,15,15,676
2247,1,24,24,664
2248,1,15,15,348
2249,1,15,15,673
2250,1,15,15,680
2251,1,15,15,628
2252,1,15,15,681
2253,1,15,15,669
2254,1,15,15,682
2255,1,15,15,690
2256,1,15,15,686
2257,1,15,4,614
2258,1,15,15,670
2259,1,15,15,685
2260,1,15,15,681
2261,1,15,15,671
2262,1,15,15,679
2263,1,15,15,647
2264,1,15,15,684
2265,1,15,15,685
2266,1,15,15,674
2267,1,15,15,685
2268,1,15,15,599
2269,1,15,15,681
2270,1,15,15,17
2271,1,15,15,674
2272,1,15,15,636
2273,1,4,4,596
2274,1,15,15,646
2275,1,15,15,685
2276,1,40,15,677
2277,1,15,15,657
2278,1,15,15,656
2279,1,15,15,517
2280,1,41,41,685
2281,1,15,15,658
2282,1,15,15,670
2283,1,15,15,292
2284,1,15,15,621
2285,1,15,15,642
2286,1,15,15,648
2287,1,15,15,680
2288,1,15,15,678
2289,1,15,15,573
2290,1,15,15,681
2291,1,15,15,388
2292,1,15,15,680
2293,1,15,15,684
2294,1,15,15,690
2295,1,15,15,637
2296,1,15,15,683
2297,1,15,15,688
2298,1,15,15,645
2299,1,15,15,684
2300,1,15,15,647
2301,1,15,15,669
2302,1,15,15,607
2303,1,15,15,664
2304,1,15,15,590
2305,1,15,15,686
2306,1,15,15,663
2307,1,15,15,523
2308,1,15,15,684
2309,1,15,15,672
2310,1,15,15,683
2311,1,15,15,618
2312,1,12,4,638
2313,1,15,15,686
2314,1,15,15,673
2315,1,15,15,617
2316,1,15,15,640
2317,1,15,15,649
2318,1,15,15,590
2319,1,15,15,644
2320,1,15,15,405
2321,1,15,15,59
2322,1,15,15,646
2323,1,15,15,667
2324,1,15,15,432
2325,1,15,15,650
2326,1,15,15,602
2327,1,15,15,595
2328,1,15,15,687
2329,1,15,15,666
2330,1,15,15,658
2331,1,15,15,641
2332,1,15,15,685
2333,1,15,15,662
2334,1,15,15,673
2335,1,15,15,258
2336,1,15,15,673
2337,1,4,4,626
2338,1,15,15,578
2339,1,15,15,655
2340,1,15,15,670
2341,1,15,15,684
2342,1,24,24,687
2343,1,39,39,670
2344,1,15,15,563
2345,1,15,15,688
2346,1,15,15,621
2347,1,15,15,650
2348,1,15,15,620
2349,1,15,15,676
2350,1,21,15,402
2351,1,15,15,114
2352,1,15,15,656
2353,1,15,15,485
2354,1,15,15,219
2355,1,15,15,678
2356,1,15,15,673
2357,1,15,15,673
2358,1,15,15,444
2359,1,15,15,392
2360,1,15,15,671
2361,1,15,15,680
2362,1,15,15,681
2363,1,15,15,664
2364,1,4,4,302
2365,1,15,15,669
2366,1,15,15,484
2367,1,39,39,642
2368,1,21,15,175
2369,1,15,15,680
2370,1,4,4,670
2371,1,15,15,662
2372,1,15,15,643
2373,1,15,15,636
2374,1,15,15,665
2375,1,15,15,685
2376,1,15,15,423
2377,1,15,15,646
2378,1,15,15,585
2379,1,15,15,678
2380,1,15,15,678
2381,1,15,15,677
2382,1,15,15,673
2383,1,15,15,676
2384,1,15,15,646
2385,1,15,15,659
2386,1,15,15,653
2387,1,15,15,639
2388,1,15,15,653
2389,1,15,15,677
2390,1,15,15,686
2391,1,15,15,677
2392,1,15,15,607
2393,1,15,15,639
2394,1,15,15,590
2395,1,15,15,662
2396,1,15,15,649
2397,1,15,15,657
2398,1,15,15,679
2399,1,15,15,659
2400,1,15,15,570
2401,1,15,15,132
2402,1,15,15,507
2403,1,15,15,661
2404,1,15,15,285
2405,1,15,15,665
2406,1,15,15,682
2407,1,15,15,688
2408,1,21,15,677
2409,1,15,15,659
2410,1,15,15,682
2411,1,15,15,678
2412,1,15,15,668
2413,1,15,15,646
2414,1,41,41,677
2415,1,15,15,646
2416,1,15,15,679
2417,1,15,15,609
2418,1,15,15,683
2419,1,15,15,637
2420,1,15,15,677
2421,1,15,15,665
2422,1,15,15,487
2423,1,15,15,662
2424,1,15,15,516
2425,1,15,15,681
2426,1,15,15,671
2427,1,15,15,428
2428,1,15,15,582
2429,1,15,15,673
2430,1,15,15,81
2431,1,15,15,623
2432,1,39,41,677
2433,1,15,15,683
2434,1,15,15,512
2435,1,15,15,674
2436,1,15,15,676
2437,1,15,15,675
2438,1,15,15,668
2439,1,15,15,673
2440,1,15,15,685
2441,1,15,15,672
2442,1,15,15,399
2443,1,15,15,682
2444,1,15,15,613
2445,1,15,15,684
2446,1,15,15,674
2447,1,15,15,632
2448,1,15,15,682
2449,1,15,15,685
2450,1,15,15,592
2451,1,15,15,673
2452,1,15,15,676
2453,1,15,15,490
2454,1,15,15,630
2455,1,21,15,629
2456,1,15,15,674
2457,1,15,15,673
2458,1,15,15,665
2459,1,15,15,681
2460,1,15,15,387
2461,1,15,15,638
2462,1,21,15,643
2463,1,15,15,630
2464,1,15,15,597
2465,1,21,15,613
2466,1,15,15,643
2467,1,15,15,324
2468,1,15,15,631
2469,1,15,15,675
2470,1,15,15,637
2471,1,15,15,664
2472,1,15,15,631
2473,1,15,15,666
2474,1,15,15,593
2475,1,15,15,534
2476,1,15,15,683
2477,1,15,15,684
2478,1,15,15,673
2479,1,4,4,92
2480,1,15,15,657
2481,1,41,41,646
2482,1,15,15,665
2483,1,15,15,672
2484,1,15,15,519
2485,1,15,15,681
2486,1,15,15,671
2487,1,15,15,657
2488,1,15,15,684
2489,1,15,15,688
2490,1,15,15,664
2491,1,15,15,668
2492,1,15,15,641
2493,1,15,15,683
2494,1,15,15,672
2495,1,15,15,586
2496,1,15,15,634
2497,1,15,15,680
2498,1,15,15,654
2499,1,15,15,625
2500,1,15,15,652
2501,1,15,15,685
2502,1,15,15,560
2503,1,15,15,311
2504,1,15,15,680
2505,1,15,15,682
2506,1,15,15,670
2507,1,15,15,506
2508,1,15,15,651
2509,1,15,15,331
2510,1,15,15,690
2511,1,15,15,690
2512,1,39,39,643
2513,1,15,15,682
2514,1,15,15,674
2515,1,15,15,658
2516,1,15,15,645
2517,1,15,15,627
2518,1,15,15,685
2519,1,15,15,653
2520,1,15,15,674
2521,1,15,15,575
2522,1,15,15,676
2523,1,15,15,610
2524,1,15,15,667
2525,1,15,15,303
2526,1,15,15,674
2527,1,15,15,652
2528,1,15,15,616
2529,1,15,15,172
2530,1,15,15,665
2531,1,15,15,609
2532,1,15,15,634
2533,1,15,15,572
2534,1,15,15,662
2535,1,15,15,676
2536,1,15,15,372
2537,1,15,15,640
2538,1,21,15,329
2539,1,15,12,102
2540,1,15,15,598
2541,1,15,15,99
2542,1,15,15,681
2543,1,15,15,672
2544,1,15,15,675
2545,1,15,15,566
2546,1,15,15,679
2547,1,15,15,167
2548,1,21,15,464
2549,1,15,15,679
2550,1,15,15,664
2551,1,15,15,684
2552,1,15,15,682
2553,1,15,15,668
2554,1,15,15,675
2555,1,21,15,593
2556,1,15,15,686
2557,1,15,15,680
2558,1,15,15,675
2559,1,15,15,686
2560,1,4,4,584
2561,1,15,15,662
2562,1,15,15,590
2563,1,15,15,668
2564,1,41,41,674
2565,1,4,4,648
2566,1,15,15,427
2567,1,15,15,684
2568,1,15,15,533
2569,1,15,15,550
2570,1,15,15,650
2571,1,15,15,662
2572,1,15,15,658
2573,1,15,15,330
2574,1,15,15,550
2575,1,15,15,484
2576,1,15,4,644
2577,1,41,41,667
2578,1,15,15,236
2579,1,15,15,682
2580,1,15,15,670
2581,1,9,9,671
2582,1,15,15,618
2583,1,15,15,689
2584,1,15,15,662
2585,1,15,15,121
2586,1,15,15,684
2587,1,15,15,685
2588,1,15,15,434
2589,1,15,15,685
2590,1,15,15,114
2591,1,15,15,678
2592,1,15,15,682
2593,1,15,15,674
2594,1,15,15,484
2595,1,15,15,683
2596,1,15,15,646
2597,1,41,41,383
2598,1,15,15,630
2599,1,15,15,673
2600,1,15,15,633
2601,1,15,15,91
2602,1,15,15,669
2603,1,15,15,681
2604,1,15,15,684
2605,1,15,15,473
2606,1,15,15,682
2607,1,15,15,558
2608,1,15,15,166
2609,1,39,39,681
2610,1,15,15,633
2611,1,15,15,593
2612,1,15,15,456
2613,1,15,15,680
2614,1,15,15,644
2615,1,15,15,532
2616,1,41,41,664
2617,1,15,15,683
2618,1,15,15,683
2619,1,15,15,651
2620,1,15,15,689
2621,1,15,15,643
2622,1,15,15,659
2623,1,15,15,678
2624,1,15,15,610
2625,1,39,39,658
2626,1,15,15,244
2627,1,15,15,682
2628,1,15,15,630
2629,1,15,15,675
2630,1,15,15,683
2631,1,15,15,684
2632,1,15,15,687
2633,1,15,15,647
2634,1,15,15,680
2635,1,4,4,654
2636,1,15,15,358
2637,1,15,15,177
2638,1,15,15,667
2639,1,15,15,617
2640,1,15,15,682
2641,1,12,12,179
2642,1,21,21,458
2643,1,15,15,553
2644,1,4,4,665
2645,1,15,15,690
2646,1,15,15,619
2647,1,15,15,668
2648,1,15,15,443
2649,1,15,15,676
2650,1,15,15,682
2651,1,15,15,387
2652,1,15,15,196
2653,1,15,15,497
2654,1,15,15,677
2655,1,15,15,579
2656,1,15,15,104
2657,1,15,15,613
2658,1,15,15,692
2659,1,12,12,56
2660,1,15,15,684
2661,1,15,15,673
2662,1,15,15,660
2663,1,15,15,680
2664,1,15,15,677
2665,1,15,15,538
2666,1,15,15,685
2667,1,15,15,678
2668,1,15,15,572
2669,1,21,15,648
2670,1,15,15,689
2671,1,15,15,670
2672,1,15,15,683
2673,1,15,15,626
2674,1,15,15,678
2675,1,15,15,625
2676,1,15,15,632
2677,1,41,41,595
2678,1,15,15,685
2679,1,15,15,527
2680,1,15,15,680
2681,1,15,15,691
2682,1,15,15,526
2683,1,15,15,690
2684,1,15,15,540
2685,1,15,15,606
2686,1,15,15,659
2687,1,15,15,672
2688,1,41,41,678
2689,1,15,15,685
2690,1,15,15,644
2691,1,15,15,676
2692,1,15,15,326
2693,1,15,15,685
2694,1,9,9,678
2695,1,15,15,673
2696,1,15,15,676
2697,1,41,41,681
2698,1,15,15,438
2699,1,15,15,669
2700,1,15,15,683
2701,1,15,15,673
2702,1,15,15,666
2703,1,15,15,681
2704,1,15,15,650
2705,1,15,15,672
2706,1,15,15,536
2707,1,15,15,494
2708,1,15,15,352
2709,1,15,15,593
2710,1,15,15,305
2711,1,15,15,679
2712,1,15,15,570
2713,1,15,15,665
2714,1,15,15,688
2715,1,15,15,673
2716,1,15,15,664
2717,1,15,15,686
2718,1,15,15,681
2719,1,15,15,646
2720,1,39,39,644
2721,1,15,15,667
2722,1,15,15,647
2723,1,15,15,668
2724,1,15,15,632
2725,1,15,15,683
2726,1,15,15,669
2727,1,15,15,308
2728,1,15,15,641
2729,1,15,15,678
2730,1,15,15,589
2731,1,15,15,671
2732,1,15,15,682
2733,1,15,15,679
2734,1,15,15,676
2735,1,15,15,657
2736,1,15,15,211
2737,1,15,15,669
2738,1,15,15,654
2739,1,15,15,669
2740,1,15,15,637
2741,1,15,15,677
2742,1,15,15,684
2743,1,15,15,656
2744,1,15,15,676
2745,1,15,15,630
2746,1,15,15,683
2747,1,39,39,685
2748,1,15,15,624
2749,1,15,15,667
2750,1,15,15,508
2751,1,15,15,653
2752,1,15,15,668
2753,1,15,15,661
2754,1,15,15,671
2755,1,15,15,686
2756,1,15,15,675
2757,1,4,4,541
2758,1,15,15,676
2759,1,15,15,687
2760,1,15,15,680
2761,1,15,15,471
2762,1,9,9,609
2763,1,15,15,661
2764,1,15,15,676
2765,1,15,15,669
2766,1,15,15,678
2767,1,15,15,674
2768,1,15,15,683
2769,1,15,15,672
2770,1,15,15,145
2771,1,15,15,663
2772,1,15,15,686
2773,1,4,4,644
2774,1,15,15,676
2775,1,15,15,365
2776,1,15,15,675
2777,1,15,15,659
2778,1,15,15,645
2779,1,15,15,435
2780,1,15,4,532
2781,1,15,15,686
2782,1,12,12,557
2783,1,15,15,118
2784,1,15,15,616
2785,1,15,15,616
2786,1,15,15,667
2787,1,15,15,236
2788,1,15,15,666
2789,1,15,15,656
2790,1,15,15,667
2791,1,15,15,642
2792,1,15,15,682
2793,1,15,15,686
2794,1,15,15,277
2795,1,15,15,685
2796,1,15,15,249
2797,1,33,33,375
2798,1,15,15,677
2799,1,15,15,684
2800,1,15,15,683
2801,1,12,12,630
2802,1,4,4,620
2803,1,15,15,182
2804,1,15,15,639
2805,1,15,15,549
2806,1,15,15,536
2807,1,15,15,679
2808,1,41,15,533
2809,1,15,15,665
2810,1,15,15,678
2811,1,15,15,507
2812,1,15,15,577
2813,1,15,15,666
2814,1,15,15,683
2815,1,15,15,680
2816,1,15,15,685
2817,1,15,15,366
2818,1,15,15,677
2819,1,41,41,658
2820,1,15,15,506
2821,1,15,4,676
2822,1,3,3,240
2823,1,15,15,660
2824,1,15,15,156
2825,1,15,15,669
2826,1,15,15,265
2827,1,15,15,687
2828,1,15,15,647
2829,1,15,15,687
2830,1,15,15,686
2831,1,15,15,286
2832,1,15,15,612
2833,1,15,15,692
2834,1,15,15,689
2835,1,15,15,678
2836,1,15,15,636
2837,1,9,9,681
2838,1,21,15,405
2839,1,15,15,631
2840,1,21,15,650
2841,1,15,15,630
2842,1,15,15,668
2843,1,15,15,681
2844,1,15,15,671
2845,1,4,4,653
2846,1,15,15,668
2847,1,15,15,669
2848,1,15,15,679
2849,1,4,4,680
2850,1,15,15,672
2851,1,15,15,614
2852,1,4,15,672
2853,1,15,15,544
2854,1,15,15,635
2855,1,15,15,660
2856,1,15,15,655
2857,1,15,15,675
2858,1,15,15,610
2859,1,15,15,660
2860,1,15,15,21
2861,1,15,15,127
2862,1,15,15,641
2863,1,15,15,667
2864,1,15,15,672
2865,1,15,15,664
2866,1,15,15,629
2867,1,15,15,670
2868,1,39,39,580
2869,1,15,15,541
2870,1,15,15,666
2871,1,15,15,378
2872,1,39,41,685
2873,1,15,15,514
2874,1,15,15,659
2875,1,39,39,673
2876,1,15,15,661
2877,1,15,15,608
2878,1,15,15,644
2879,1,15,15,646
2880,1,15,15,610
2881,1,15,15,642
2882,1,15,15,657
2883,1,15,15,538
2884,1,15,15,348
2885,1,39,39,683
2886,1,15,15,686
2887,1,15,15,273
2888,1,15,15,681
2889,1,15,15,337
2890,1,21,15,385
2891,1,15,15,682
2892,1,15,15,653
2893,1,39,39,670
2894,1,15,15,672
2895,1,15,15,569
2896,1,15,15,637
2897,1,15,15,84
2898,1,15,15,636
2899,1,15,15,684
2900,1,15,15,682
2901,1,21,15,573
2902,1,15,15,673
2903,1,15,15,691
2904,1,15,15,691
2905,1,15,33,674
2906,1,15,15,684
2907,1,15,15,20
2908,1,15,15,491
2909,1,15,15,685
2910,1,15,15,548
2911,1,15,15,666
2912,1,15,15,685
2913,1,15,15,680
2914,1,15,15,264
2915,1,15,15,678
2916,1,15,15,688
2917,1,15,15,656
2918,1,15,15,687
2919,1,15,15,97
2920,1,15,15,672
2921,1,15,15,680
2922,1,15,15,681
2923,1,15,15,678
2924,1,15,15,687
2925,1,15,15,649
2926,1,15,15,495
2927,1,15,15,668
2928,1,15,15,651
2929,1,15,15,430
2930,1,15,15,596
2931,1,15,15,685
2932,1,15,15,598
2933,1,15,15,672
2934,1,15,15,647
2935,1,4,4,650
2936,1,15,15,674
2937,1,15,15,687
2938,1,15,15,673
2939,1,15,15,687
2940,1,15,15,523
2941,1,15,15,186
2942,1,15,15,682
2943,1,15,15,668
2944,1,15,15,543
2945,1,15,15,605
2946,1,15,15,636
2947,1,15,15,675
2948,1,15,15,611
2949,1,15,15,687
2950,1,15,15,659
2951,1,15,15,366
2952,1,15,15,669
2953,1,15,15,164
2954,1,15,15,681
2955,1,15,15,671
2956,1,15,15,665
2957,1,15,15,679
2958,1,15,15,681
2959,1,15,15,38
2960,1,15,15,656
2961,1,15,15,308
2962,1,15,15,681
2963,1,15,15,114
2964,1,15,15,680
2965,1,15,15,113
2966,1,15,15,671
2967,1,15,15,682
2968,1,15,15,672
2969,1,15,15,637
2970,1,15,15,663
2971,1,15,15,680
2972,1,15,15,636
2973,1,15,15,674
2974,1,15,15,570
2975,1,12,12,687
2976,1,15,15,652
2977,1,15,15,664
2978,1,15,15,569
2979,1,15,15,662
2980,1,15,15,527
2981,1,15,15,658
2982,1,3,3,38
2983,1,12,12,565
2984,1,21,15,631
2985,1,15,15,686
2986,1,15,15,492
2987,1,15,15,687
2988,1,15,3,667
2989,1,39,39,677
2990,1,15,15,685
2991,1,15,15,599
2992,1,21,15,655
2993,1,15,15,687
2994,1,15,15,558
2995,1,15,15,645
2996,1,15,15,681
2997,1,15,15,683
2998,1,41,41,631
2999,1,15,15,678
3000,1,15,15,671
3001,1,4,4,683
3002,1,15,15,311
3003,1,15,15,658
3004,1,15,15,683
3005,1,15,15,394
3006,1,15,15,615
3007,1,4,4,662
3008,1,15,15,663
3009,1,15,15,641
3010,1,15,15,677
3011,1,15,15,681
3012,1,15,15,687
3013,1,21,4,276
3014,1,15,15,665
3015,1,15,15,310
3016,1,15,15,675
3017,1,15,15,649
3018,1,15,15,405
3019,1,15,15,621
3020,1,15,15,668
3021,1,15,15,681
3022,1,15,15,578
3023,1,15,15,677
3024,1,15,15,684
3025,1,15,15,596
3026,1,15,15,678
3027,1,15,15,675
3028,1,15,15,500
3029,1,15,15,686
3030,1,15,15,664
3031,1,15,15,659
3032,1,4,4,219
3033,1,15,15,648
3034,1,15,15,639
3035,1,15,15,680
3036,1,15,15,120
3037,1,4,4,634
3038,1,15,15,204
3039,1,15,15,683
3040,1,15,15,670
3041,1,15,15,641
3042,1,15,15,647
3043,1,15,15,694
3044,1,15,15,661
3045,1,12,12,559
3046,1,15,15,683
3047,1,15,15,684
3048,1,15,15,646
3049,1,15,15,672
3050,1,15,15,684
3051,1,15,15,663
3052,1,15,15,665
3053,1,15,15,620
3054,1,15,15,670
3055,1,15,15,288
3056,1,15,15,666
3057,1,15,15,676
3058,1,15,15,674
3059,1,15,15,670
3060,1,15,15,677
3061,1,15,15,687
3062,1,15,15,415
3063,1,15,15,681
3064,1,15,15,684
3065,1,15,15,679
3066,1,15,15,617
3067,1,15,15,671
3068,1,15,15,686
3069,1,15,15,539
3070,1,15,15,575
3071,1,15,15,360
3072,1,15,15,672
3073,1,39,39,626
3074,1,15,15,666
3075,1,15,15,656
3076,1,15,15,687
3077,1,15,15,684
3078,1,15,15,688
3079,1,15,15,684
3080,1,15,15,643
3081,1,15,15,639
3082,1,15,15,574
3083,1,15,15,682
3084,1,15,15,662
3085,1,15,15,624
3086,1,21,15,130
3087,1,15,15,671
3088,1,15,15,678
3089,1,15,15,653
3090,1,15,15,676
3091,1,15,15,585
3092,1,15,15,649
3093,1,15,15,690
3094,1,15,15,658
3095,1,15,15,674
3096,1,15,15,685
3097,1,15,15,665
3098,1,15,15,656
3099,1,15,15,681
3100,1,15,15,655
3101,1,15,15,664
3102,1,15,15,684
3103,1,15,15,614
3104,1,15,15,682
3105,1,15,15,679
3106,1,15,15,677
3107,1,15,15,690
3108,1,15,15,652
3109,1,15,15,679
3110,1,15,15,686
3111,1,15,15,664
3112,1,15,15,552
3113,1,41,41,630
3114,1,4,4,586
3115,1,15,15,674
3116,1,15,15,675
3117,1,15,15,683
3118,1,15,15,666
3119,1,15,15,660
3120,1,15,15,674
3121,1,15,15,444
3122,1,15,15,663
3123,1,15,15,642
3124,1,15,15,602
3125,1,15,15,687
3126,1,15,15,682
3127,1,15,15,618
3128,1,15,15,662
3129,1,15,15,670
3130,1,15,15,683
3131,1,15,15,676
3132,1,15,15,683
3133,1,15,15,593
3134,1,15,15,665
3135,1,21,15,666
3136,1,15,15,673
3137,1,15,15,248
3138,1,15,15,678
3139,1,15,15,641
3140,1,15,15,685
3141,1,15,15,271
3142,1,15,15,668
3143,1,21,15,623
3144,1,4,4,656
3145,1,15,15,486
3146,1,15,15,677
3147,1,15,15,390
3148,1,15,15,595
3149,1,4,4,483
3150,1,15,15,681
3151,1,15,15,640
3152,1,15,15,674
3153,1,15,15,645
3154,1,15,15,637
3155,1,41,41,684
3156,1,15,15,534
3157,1,15,15,614
3158,1,15,15,657
3159,1,15,15,647
3160,1,15,15,650
3161,1,15,11,615
3162,1,15,15,210
3163,1,15,15,249
3164,1,15,15,676
3165,1,15,15,671
3166,1,15,15,51
3167,1,4,4,631
3168,1,15,15,664
3169,1,15,15,620
3170,1,15,15,654
3171,1,15,15,665
3172,1,15,15,672
3173,1,15,15,666
3174,1,15,15,370
3175,1,15,15,236
3176,1,15,15,569
3177,1,15,15,644
3178,1,15,15,676
3179,1,15,15,621
3180,1,15,15,652
3181,1,15,15,664
3182,1,15,15,590
3183,1,15,15,277
3184,1,15,15,451
3185,1,15,15,677
3186,1,15,15,569
3187,1,15,15,590
3188,1,15,15,687
3189,1,15,15,687
3190,1,15,15,428
3191,1,15,15,632
3192,1,15,15,677
3193,1,15,15,681
3194,1,15,15,672
3195,1,15,15,684
3196,1,15,15,676
3197,1,15,15,631
3198,1,15,15,585
3199,1,15,15,683
3200,1,15,15,609
3201,1,15,15,404
3202,1,15,15,602
3203,1,15,15,656
3204,1,15,15,516
3205,1,15,15,239
3206,1,39,39,651
3207,1,21,4,678
3208,1,15,15,116
3209,1,4,4,294
3210,1,15,4,688
3211,1,15,15,610
3212,1,15,15,678
3213,1,15,15,681
3214,1,15,15,663
3215,1,15,15,685
3216,1,15,15,571
3217,1,15,15,677
3218,1,15,15,686
3219,1,15,15,329
3220,1,15,15,687
3221,1,15,15,669
3222,1,39,39,656
3223,1,15,15,681
3224,1,15,15,640
3225,1,15,15,658
3226,1,15,15,652
3227,1,4,4,627
3228,1,15,15,649
3229,1,15,15,9
3230,1,15,15,676
3231,1,15,15,686
3232,1,15,15,667
3233,1,15,15,627
3234,1,15,15,680
3235,1,15,15,685
3236,1,4,4,645
3237,1,4,4,314
3238,1,41,41,651
3239,1,15,15,686
3240,1,15,15,201
3241,1,15,15,673
3242,1,15,15,678
3243,1,15,15,614
3244,1,15,15,74
3245,1,15,15,675
3246,1,15,15,546
3247,1,15,15,634
3248,1,15,15,687
3249,1,15,15,670
3250,1,15,15,665
3251,1,15,15,460
3252,1,15,15,666
3253,1,15,15,605
3254,1,15,15,665
3255,1,15,15,43
3256,1,15,15,641
3257,1,4,4,363
3258,1,15,15,487
3259,1,15,15,427
3260,1,4,4,670
3261,1,4,4,687
3262,1,15,15,684
3263,1,15,15,662
3264,1,15,15,647
3265,1,41,41,669
3266,1,15,15,648
3267,1,4,4,657
3268,1,15,15,672
3269,1,15,15,644
3270,1,15,15,666
3271,1,15,15,654
3272,1,15,15,659
3273,1,15,15,672
3274,1,15,15,636
3275,1,15,15,632
3276,1,15,15,666
3277,1,15,15,681
3278,1,15,15,648
3279,1,15,15,659
3280,1,15,15,662
3281,1,15,15,675
3282,1,21,15,650
3283,1,15,15,483
3284,1,15,15,675
3285,1,15,15,657
3286,1,15,15,655
3287,1,15,15,548
3288,1,15,15,104
3289,1,15,15,684
3290,1,15,15,347
3291,1,4,4,623
3292,1,15,15,671
3293,1,15,15,669
3294,1,15,15,583
3295,1,15,15,620
3296,1,15,15,688
3297,1,15,15,653
3298,1,15,15,644
3299,1,15,15,683
3300,1,15,15,359
3301,1,15,15,526
3302,1,39,39,634
3303,1,15,15,653
3304,1,15,15,688
3305,1,15,15,689
3306,1,15,15,216
3307,1,15,15,648
3308,1,15,15,654
3309,1,15,15,683
3310,1,15,15,646
3311,1,15,15,681
3312,1,15,15,678
3313,1,15,15,685
3314,1,12,12,686
3315,1,15,15,526
3316,1,15,15,429
3317,1,15,15,653
3318,1,15,15,682
3319,1,15,15,680
3320,1,15,15,647
3321,1,15,15,676
3322,1,15,15,561
3323,1,15,15,642
3324,1,15,15,687
3325,1,15,15,676
3326,1,15,15,688
3327,1,15,15,687
3328,1,15,15,645
3329,1,15,15,678
3330,1,15,15,583
3331,1,15,15,631
3332,1,4,4,605
3333,1,15,15,643
3334,1,15,15,670
3335,1,15,15,654
3336,1,15,4,651
3337,1,15,15,628
3338,1,3,3,651
3339,1,15,15,486
3340,1,15,15,680
3341,1,15,15,600
3342,1,15,15,343
3343,1,15,15,668
3344,1,15,15,670
3345,1,15,15,688
3346,1,9,9,685
3347,1,15,15,558
3348,1,15,15,668
3349,1,15,15,670
3350,1,15,15,675
3351,1,15,15,618
3352,1,15,15,679
3353,1,15,15,597
3354,1,15,15,619
3355,1,15,15,315
3356,1,15,15,692
3357,1,15,15,646
3358,1,21,15,531
3359,1,15,15,210
3360,1,15,15,679
3361,1,15,15,683
3362,1,15,15,677
3363,1,15,15,594
3364,1,15,15,642
3365,1,15,15,653
3366,1,15,15,646
3367,1,15,15,680
3368,1,15,15,683
3369,1,15,15,660
3370,1,3,3,437
3371,1,15,15,685
3372,1,15,15,673
3373,1,15,15,682
3374,1,15,15,637
3375,1,15,15,690
3376,1,15,15,657
3377,1,15,15,684
3378,1,15,15,649
3379,1,15,15,686
3380,1,15,15,471
3381,1,15,15,661
3382,1,15,15,599
3383,1,15,15,653
3384,1,15,15,687
3385,1,15,15,670
3386,1,15,15,684
3387,1,15,15,658
3388,1,15,15,674
3389,1,15,15,578
3390,1,15,15,684
3391,1,15,15,673
3392,1,4,4,640
3393,1,15,15,669
3394,1,15,15,548
3395,1,15,15,646
3396,1,15,15,654
3397,1,15,15,669
3398,1,15,15,590
3399,1,15,15,673
3400,1,15,15,662
3401,1,15,15,682
3402,1,15,15,665
3403,1,15,15,196
3404,1,15,15,650
3405,1,15,15,648
3406,1,15,15,624
3407,1,15,15,651
3408,1,15,15,685
3409,1,15,15,500
3410,1,4,4,510
3411,1,4,4,653
3412,1,15,15,446
3413,1,15,15,464
3414,1,15,15,674
3415,1,21,15,635
3416,1,15,15,675
3417,1,15,15,667
3418,1,15,15,660
3419,1,15,15,664
3420,1,15,15,667
3421,1,15,15,658
3422,1,15,15,511
3423,1,15,15,682
3424,1,15,15,681
3425,1,15,15,686
3426,1,15,15,688
3427,1,15,15,602
3428,1,15,15,520
3429,1,15,15,660
3430,1,15,15,679
3431,1,15,15,668
3432,1,15,15,607
3433,1,15,15,600
3434,1,15,15,644
3435,1,4,4,629
3436,1,15,15,685
3437,1,15,15,665
3438,1,15,15,152
3439,1,15,15,669
3440,1,15,15,662
3441,1,15,15,291
3442,1,15,15,648
3443,1,15,15,651
3444,1,4,15,603
3445,1,15,15,682
3446,1,15,15,622
3447,1,15,15,685
3448,1,15,15,681
3449,1,15,15,682
3450,1,15,15,681
3451,1,3,3,669
3452,1,15,15,532
3453,1,15,15,634
3454,1,15,15,603
3455,1,15,15,655
3456,1,15,15,546
3457,1,15,15,658
3458,1,15,15,672
3459,1,15,15,675
3460,1,15,15,673
3461,1,15,15,545
3462,1,15,15,624
3463,1,15,15,653
3464,1,15,15,672
3465,1,39,39,630
3466,1,15,15,689
3467,1,15,15,389
3468,1,15,15,683
3469,1,15,15,641
3470,1,15,15,558
3471,1,15,15,673
3472,1,15,15,681
3473,1,15,15,305
3474,1,15,15,327
3475,1,12,12,660
3476,1,15,15,670
3477,1,15,15,685
3478,1,15,15,642
3479,1,15,15,100
3480,1,15,15,676
3481,1,15,15,361
3482,1,15,15,653
3483,1,15,15,681
3484,1,15,15,653
3485,1,15,15,658
3486,1,21,15,12
3487,1,15,15,547
3488,1,15,15,680
3489,1,15,15,682
3490,1,15,15,334
3491,1,15,15,446
3492,1,15,15,479
3493,1,15,15,660
3494,1,15,15,680
3495,1,15,15,684
3496,1,15,15,641
3497,1,15,15,616
3498,1,15,15,148
3499,1,15,15,540
3500,1,15,15,443
3501,1,15,15,662
3502,1,15,15,676
3503,1,15,4,590
3504,1,15,15,659
3505,1,15,15,679
3506,1,15,15,622
3507,1,15,15,679
3508,1,15,15,662
3509,1,15,15,686
3510,1,15,15,504
3511,1,4,4,668
3512,1,15,15,688
3513,1,15,15,688
3514,1,12,12,666
3515,1,15,15,686
3516,1,15,15,635
3517,1,15,15,663
3518,1,15,15,682
3519,1,15,15,250
3520,1,4,4,663
3521,1,15,15,620
3522,1,15,15,688
3523,1,15,15,667
3524,1,15,15,653
3525,1,15,15,493
3526,1,15,15,603
3527,1,4,4,577
3528,1,15,15,681
3529,1,41,41,651
3530,1,15,15,310
3531,1,15,15,676
3532,1,15,15,662
3533,1,15,15,682
3534,1,15,15,688
3535,1,15,15,689
3536,1,15,15,576
3537,1,15,15,670
3538,1,15,15,681
3539,1,15,15,319
3540,1,15,15,673
3541,1,15,15,514
3542,1,15,15,581
3543,1,15,15,676
3544,1,15,15,676
3545,1,15,15,100
3546,1,15,15,679
3547,1,15,15,676
3548,1,15,15,660
3549,1,15,15,680
3550,1,15,15,662
3551,1,15,15,579
3552,1,15,15,686
3553,1,15,15,471
3554,1,15,15,652
3555,1,4,4,684
3556,1,15,15,693
3557,1,15,15,661
3558,1,15,15,685
3559,1,15,15,675
3560,1,15,15,674
3561,1,15,15,674
3562,1,15,15,656
3563,1,15,15,689
3564,1,4,4,671
3565,1,15,15,618
3566,1,15,15,678
3567,1,15,15,667
3568,1,15,15,625
3569,1,15,15,664
3570,1,15,15,600
3571,1,15,15,684
3572,1,15,15,677
3573,1,15,15,667
3574,1,3,3,4
3575,1,15,15,675
3576,1,15,15,688
3577,1,15,15,101
3578,1,15,15,249
3579,1,15,15,449
3580,1,15,15,665
3581,1,15,15,653
3582,1,15,15,687
3583,1,15,15,627
3584,1,15,15,614
3585,1,15,15,109
3586,1,12,12,598
3587,1,4,4,684
3588,1,15,15,40
3589,1,15,4,676
3590,1,15,15,600
3591,1,15,15,683
3592,1,15,15,691
3593,1,15,15,521
3594,1,15,15,7
3595,1,15,15,681
3596,1,15,15,663
3597,1,15,15,595
3598,1,15,15,664
3599,1,15,15,681
3600,1,15,15,628
3601,1,15,15,690
3602,1,21,15,396
3603,1,15,15,675
3604,1,15,15,671
3605,1,21,21,546
3606,1,15,15,672
3607,1,15,15,140
3608,1,15,15,657
3609,1,15,15,672
3610,1,15,15,679
3611,1,4,4,67
3612,1,21,15,645
3613,1,15,15,684
3614,1,15,15,678
3615,1,15,15,639
3616,1,21,15,662
3617,1,15,15,675
3618,1,15,15,668
3619,1,4,4,483
3620,1,15,15,659
3621,1,15,15,647
3622,1,15,15,685
3623,1,15,15,627
3624,1,15,15,684
3625,1,39,39,662
3626,1,15,15,684
3627,1,15,15,506
3628,1,15,15,280
3629,1,15,15,670
3630,1,15,15,672
3631,1,15,15,682
3632,1,15,15,684
3633,1,15,15,536
3634,1,15,15,691
3635,1,15,15,644
3636,1,15,15,696
3637,1,15,15,687
3638,1,15,15,675
3639,1,15,15,665
3640,1,15,15,684
3641,1,15,15,652
3642,1,15,15,686
3643,1,15,15,659
3644,1,15,15,678
3645,1,41,41,351
3646,1,15,15,691
3647,1,4,4,435
3648,1,15,15,623
3649,1,15,15,461
3650,1,15,15,686
3651,1,15,15,358
3652,1,15,15,635
3653,1,15,15,644
3654,1,15,15,671
3655,1,15,15,612
3656,1,15,15,611
3657,1,15,15,695
3658,1,15,15,663
3659,1,15,15,659
3660,1,15,15,410
3661,1,15,15,676
3662,1,15,15,619
3663,1,15,15,686
3664,1,15,15,683
3665,1,15,15,686
3666,1,15,15,668
3667,1,15,15,686
3668,1,15,15,690
3669,1,15,15,597
3670,1,15,15,405
3671,1,15,15,684
3672,1,15,15,548
3673,1,15,15,663
3674,1,15,15,587
3675,1,15,15,683
3676,1,15,15,232
3677,1,15,15,270
3678,1,15,15,623
3679,1,15,15,672
3680,1,15,15,582
3681,1,15,15,657
3682,1,15,15,668
3683,1,15,15,676
3684,1,15,15,168
3685,1,15,15,663
3686,1,15,15,559
3687,1,15,15,681
3688,1,15,15,593
3689,1,15,15,684
3690,1,15,15,690
3691,1,15,15,686
3692,1,15,15,643
3693,1,15,15,664
3694,1,15,15,682
3695,1,15,15,289
3696,1,15,15,610
3697,1,15,15,556
3698,1,15,15,678
3699,1,15,15,432
3700,1,15,15,162
3701,1,15,15,678
3702,1,15,4,549
3703,1,15,15,648
3704,1,15,15,682
3705,1,15,15,662
3706,1,15,15,510
3707,1,15,15,478
3708,1,15,15,552
3709,1,15,15,656
3710,1,15,15,670
3711,1,15,15,559
3712,1,4,4,651
3713,1,15,15,669
3714,1,15,15,686
3715,1,15,15,670
3716,1,15,15,661
3717,1,15,15,676
3718,1,15,15,646
3719,1,15,15,636
3720,1,15,15,684
3721,1,39,15,650
3722,1,15,15,667
3723,1,15,15,639
3724,1,15,15,687
3725,1,15,15,653
3726,1,15,15,561
3727,1,15,15,676
3728,1,15,15,687
3729,1,15,15,689
3730,1,15,15,690
3731,1,15,15,612
3732,1,15,15,608
3733,1,15,15,681
3734,1,15,15,687
3735,1,15,15,90
3736,1,12,12,490
3737,1,15,15,688
3738,1,15,15,652
3739,1,15,15,684
3740,1,15,15,686
3741,1,15,15,678
3742,1,15,15,671
3743,1,15,15,663
3744,1,15,15,276
3745,1,15,15,198
3746,1,15,15,671
3747,1,15,15,631
3748,1,15,15,642
3749,1,15,4,680
3750,1,15,15,689
3751,1,15,15,685
3752,1,15,15,655
3753,1,15,15,661
3754,1,21,15,622
3755,1,15,15,420
3756,1,21,15,645
3757,1,15,15,394
3758,1,15,15,666
3759,1,20,15,555
3760,1,15,15,451
3761,1,15,15,679
3762,1,15,15,685
3763,1,15,15,682
3764,1,9,9,687
3765,1,21,21,618
3766,1,15,15,654
3767,1,12,12,682
3768,1,15,15,676
3769,1,15,15,578
3770,1,15,15,654
3771,1,12,12,648
3772,1,15,15,67
3773,1,15,15,670
3774,1,15,15,635
3775,1,15,15,665
3776,1,15,15,656
3777,1,15,15,684
3778,1,12,12,642
3779,1,15,15,609
3780,1,15,15,683
3781,1,15,15,591
3782,1,15,15,657
3783,1,15,15,563
3784,1,15,15,638
3785,1,15,15,622
3786,1,15,15,418
3787,1,15,15,627
3788,1,15,15,674
3789,1,15,15,646
3790,1,15,15,678
3791,1,15,15,686
3792,1,15,15,649
3793,1,15,15,688
3794,1,15,15,676
3795,1,15,15,685
3796,1,15,15,666
3797,1,15,15,637
3798,1,15,15,658
3799,1,15,15,566
3800,1,15,15,623
3801,1,15,15,670
3802,1,15,15,653
3803,1,15,15,271
3804,1,41,41,669
3805,1,15,15,256
3806,1,15,15,654
3807,1,39,39,554
3808,1,15,15,582
3809,1,15,15,660
3810,1,15,15,659
3811,1,15,15,660
3812,1,15,15,680
3813,1,15,15,685
3814,1,15,15,679
3815,1,4,4,305
3816,1,15,15,653
3817,1,15,15,689
3818,1,9,9,684
3819,1,15,15,670
3820,1,15,15,645
3821,1,4,4,625
3822,1,15,15,577
3823,1,4,15,644
3824,1,15,15,680
3825,1,15,15,630
3826,1,15,15,602
3827,1,21,15,608
3828,1,15,15,672
3829,1,21,15,466
3830,1,15,15,683
3831,1,15,15,679
3832,1,4,4,638
3833,1,15,15,658
3834,1,15,15,242
3835,1,15,15,684
3836,1,15,15,635
3837,1,15,15,667
3838,1,15,15,654
3839,1,15,15,686
3840,1,15,15,661
3841,1,15,15,120
3842,1,15,15,680
3843,1,15,15,455
3844,1,15,15,679
3845,1,15,15,670
3846,1,15,15,674
3847,1,15,15,607
3848,1,39,39,614
3849,1,15,15,678
3850,1,21,15,674
3851,1,15,15,645
3852,1,15,15,681
3853,1,15,15,626
3854,1,41,41,689
3855,1,15,15,674
3856,1,15,15,633
3857,1,15,15,681
3858,1,15,15,677
3859,1,15,15,367
3860,1,4,4,374
3861,1,15,15,437
3862,1,15,15,661
3863,1,15,15,669
3864,1,15,15,664
3865,1,15,15,667
3866,1,15,15,578
3867,1,15,15,515
3868,1,15,15,236
3869,1,15,15,687
3870,1,15,15,643
3871,1,15,15,602
3872,1,15,15,687
3873,1,15,15,690
3874,1,15,15,686
3875,1,15,15,647
3876,1,15,15,664
3877,1,15,15,680
3878,1,15,15,105
3879,1,15,15,666
3880,1,15,15,663
3881,1,15,15,80
3882,1,15,15,465
3883,1,15,15,636
3884,1,15,15,682
3885,1,15,15,563
3886,1,15,15,680
3887,1,15,15,608
3888,1,15,15,682
3889,1,15,15,584
3890,1,15,15,659
3891,1,15,15,416
3892,1,15,15,669
3893,1,15,15,691
3894,1,15,15,679
3895,1,15,15,663
3896,1,15,15,679
3897,1,15,15,678
3898,1,15,15,661
3899,1,15,15,672
3900,1,15,15,682
3901,1,15,15,669
3902,1,15,21,685
3903,1,15,15,616
3904,1,15,15,627
3905,1,15,15,686
3906,1,15,15,661
3907,1,15,15,652
3908,1,15,15,528
3909,1,15,15,667
3910,1,15,15,539
3911,1,15,15,552
3912,1,15,15,665
3913,1,15,15,668
3914,1,21,15,604
3915,1,15,15,658
3916,1,15,15,475
3917,1,15,15,680
3918,1,15,15,616
3919,1,15,15,675
3920,1,4,4,427
3921,1,15,15,356
3922,1,15,33,572
3923,1,15,15,650
3924,1,15,15,661
3925,1,15,15,645
3926,1,15,15,687
3927,1,15,15,679
3928,1,15,15,587
3929,1,15,15,672
3930,1,15,15,671
3931,1,15,15,673
3932,1,15,15,665
3933,1,15,15,624
3934,1,15,15,686
3935,1,15,15,638
3936,1,15,15,679
3937,1,15,15,687
3938,1,15,15,451
3939,1,15,15,651
3940,1,15,15,686
3941,1,15,15,671
3942,1,24,24,686
3943,1,15,15,642
3944,1,41,41,639
3945,1,4,4,384
3946,1,15,15,664
3947,1,15,15,688
3948,1,15,15,689
3949,1,15,15,666
3950,1,15,15,429
3951,1,15,15,664
3952,1,15,15,686
3953,1,15,15,682
3954,1,15,15,206
3955,1,15,15,692
3956,1,24,24,668
3957,1,15,15,689
3958,1,15,15,675
3959,1,15,15,655
3960,1,15,15,661
3961,1,15,15,678
3962,1,15,15,614
3963,1,15,15,686
3964,1,15,15,357
3965,1,15,15,653
3966,1,15,15,666
3967,1,15,15,619
3968,1,15,15,626
3969,1,15,4,653
3970,1,15,15,620
3971,1,15,15,686
3972,1,15,15,672
3973,1,15,15,652
3974,1,15,15,669
3975,1,15,15,685
3976,1,15,15,659
3977,1,21,15,656
3978,1,15,15,678
3979,1,15,15,408
3980,1,15,15,673
3981,1,15,15,647
3982,1,15,15,273
3983,1,15,15,30
3984,1,9,9,643
3985,1,15,15,629
3986,1,15,15,655
3987,1,15,15,683
3988,1,15,15,667
3989,1,15,15,595
3990,1,15,15,670
3991,1,15,15,680
3992,1,15,15,128
3993,1,15,15,680
3994,1,15,15,675
3995,1,15,15,647
3996,1,15,15,666
3997,1,15,15,682
3998,1,15,15,329
3999,1,15,15,665
4000,1,15,15,617
4001,1,15,15,669
4002,1,15,15,683
4003,1,15,15,352
4004,1,15,15,650
4005,1,15,15,662
4006,1,15,15,685
4007,1,15,15,658
4008,1,15,15,634
4009,1,15,15,681
4010,1,39,39,375
4011,1,15,15,676
4012,1,15,15,664
4013,1,15,15,139
4014,1,4,15,655
4015,1,15,15,619
4016,1,15,15,663
4017,1,15,15,642
4018,1,39,39,685
4019,1,21,15,522
4020,1,15,15,667
4021,1,15,15,633
4022,1,15,15,670
4023,1,15,15,690
4024,1,15,15,121
4025,1,15,15,582
4026,1,15,15,688
4027,1,15,15,683
4028,1,15,15,684
4029,1,15,15,671
4030,1,15,15,675
4031,1,15,15,682
4032,1,15,15,619
4033,1,15,15,572
4034,1,15,15,652
4035,1,15,15,647
4036,1,15,15,682
4037,1,15,15,426
4038,1,15,15,679
4039,1,15,15,673
4040,1,15,15,642
4041,1,15,15,629
4042,1,15,15,428
4043,1,15,15,668
4044,1,15,15,277
4045,1,15,15,593
4046,1,15,15,667
4047,1,15,15,643
4048,1,15,15,682
4049,1,15,15,627
4050,1,15,15,656
4051,1,15,15,667
4052,1,15,15,624
4053,1,4,4,670
4054,1,15,15,655
4055,1,15,15,680
4056,1,15,15,187
4057,1,15,15,592
4058,1,15,15,685
4059,1,15,15,371
4060,1,15,15,677
4061,1,15,15,670
4062,1,15,15,152
4063,1,15,15,633
4064,1,15,15,655
4065,1,15,15,683
4066,1,15,15,688
4067,1,15,15,670
4068,1,15,15,673
4069,1,15,15,684
4070,1,15,15,527
4071,1,15,15,686
4072,1,15,15,686
4073,1,15,15,483
4074,1,15,15,662
4075,1,15,15,642
4076,1,15,15,617
4077,1,15,15,682
4078,1,15,15,583
4079,1,15,15,681
4080,1,15,15,685
4081,1,15,15,680
4082,1,15,15,636
4083,1,15,15,684
4084,1,15,15,677
4085,1,15,15,577
4086,1,41,41,687
4087,1,15,15,660
4088,1,15,15,689
4089,1,15,15,229
4090,1,15,15,687
4091,1,15,15,679
4092,1,15,15,660
4093,1,15,15,506
4094,1,15,15,662
4095,1,15,15,686
4096,1,15,15,568
4097,1,15,15,651
4098,1,15,15,496
4099,1,15,15,172
4100,1,15,15,683
4101,1,15,15,681
4102,1,15,15,677
4103,1,15,15,687
4104,1,15,15,678
4105,1,15,15,681
4106,1,15,15,635
4107,1,15,15,429
4108,1,21,15,653
4109,1,15,15,314
4110,1,15,15,679
4111,1,15,15,688
4112,1,15,15,557
4113,1,15,15,690
4114,1,15,15,665
4115,1,15,15,674
4116,1,15,15,606
4117,1,15,15,673
4118,1,15,15,666
4119,1,15,15,626
4120,1,15,15,675
4121,1,15,15,674
4122,1,15,15,681
4123,1,15,15,96
4124,1,15,15,621
4125,1,15,15,253
4126,1,15,15,679
4127,1,15,15,689
4128,1,15,15,485
4129,1,15,15,684
4130,1,15,15,675
4131,1,15,15,686
4132,1,15,15,673
4133,1,15,15,686
4134,1,15,15,208
4135,1,15,15,644
4136,1,15,15,401
4137,1,15,15,682
4138,1,15,15,670
4139,1,15,15,666
4140,1,15,15,663
4141,1,15,15,683
4142,1,15,15,649
4143,1,15,15,660
4144,1,15,15,678
4145,1,15,15,667
4146,1,15,15,683
4147,1,15,15,539
4148,1,15,15,623
4149,1,15,15,199
4150,1,15,15,639
4151,1,15,15,680
4152,1,15,15,667
4153,1,15,15,647
4154,1,15,15,119
4155,1,15,15,685
4156,1,15,15,687
4157,1,15,15,641
4158,1,39,39,627
4159,1,15,15,690
4160,1,21,15,258
4161,1,15,15,644
4162,1,15,15,378
4163,1,15,15,550
4164,1,15,15,645
4165,1,15,15,671
4166,1,15,15,659
4167,1,15,15,678
4168,1,15,15,198
4169,1,15,15,637
4170,1,15,15,623
4171,1,12,12,637
4172,1,15,15,685
4173,1,15,15,657
4174,1,15,15,661
4175,1,15,15,676
4176,1,15,15,688
4177,1,15,15,683
4178,1,15,15,665
4179,1,39,39,677
4180,1,15,15,682
4181,1,15,15,677
4182,1,15,15,689
4183,1,15,15,120
4184,1,39,39,681
4185,1,15,15,665
4186,1,15,15,669
4187,1,15,15,260
4188,1,15,15,149
4189,1,24,24,368
4190,1,15,4,669
4191,1,15,15,610
4192,1,15,15,661
4193,1,15,15,572
4194,1,15,15,682
4195,1,15,15,576
4196,1,4,4,681
4197,1,15,15,581
4198,1,15,15,584
4199,1,15,15,395
4200,1,15,15,270
4201,1,15,15,672
4202,1,15,15,666
4203,1,15,15,669
4204,1,15,15,673
4205,1,15,15,654
4206,1,21,15,689
4207,1,15,15,618
4208,1,15,15,654
4209,1,15,15,683
4210,1,15,15,623
4211,1,15,15,669
4212,1,15,15,688
4213,1,15,15,663
4214,1,15,15,671
4215,1,15,15,649
4216,1,15,15,496
4217,1,15,15,688
4218,1,15,15,669
4219,1,15,15,626
4220,1,15,15,650
4221,1,15,15,673
4222,1,15,15,309
4223,1,15,15,506
4224,1,15,15,267
4225,1,15,15,651
4226,1,15,15,686
4227,1,15,15,516
4228,1,15,15,652
4229,1,15,15,687
4230,1,15,15,656
4231,1,15,15,529
4232,1,15,15,675
4233,1,15,15,506
4234,1,15,15,639
4235,1,15,15,620
4236,1,15,15,590
4237,1,15,15,675
4238,1,15,15,684
4239,1,15,15,495
4240,1,15,15,683
4241,1,15,15,686
4242,1,15,15,675
4243,1,15,15,651
4244,1,15,15,623
4245,1,15,15,687
4246,1,15,15,686
4247,1,4,4,675
4248,1,15,15,672
4249,1,15,15,648
4250,1,15,15,684
4251,1,15,15,676
4252,1,4,4,506
4253,1,15,15,684
4254,1,15,15,614
4255,1,15,15,683
4256,1,15,15,670
4257,1,15,15,677
4258,1,15,15,647
4259,1,15,15,680
4260,1,15,15,684
4261,1,15,15,686
4262,1,15,15,625
4263,1,15,15,640
4264,1,15,15,673
4265,1,15,15,611
4266,1,15,15,675
4267,1,4,4,683
4268,1,15,15,612
4269,1,15,15,626
4270,1,15,15,683
4271,1,15,15,127
4272,1,15,15,622
4273,1,15,15,666
4274,1,15,15,678
4275,1,15,15,660
4276,1,15,15,685
4277,1,15,15,470
4278,1,15,15,633
4279,1,4,4,678
4280,1,15,15,671
4281,1,15,15,605
4282,1,24,24,659
4283,1,15,15,619
4284,1,15,15,637
4285,1,15,15,644
4286,1,15,15,671
4287,1,15,15,667
4288,1,15,15,422
4289,1,39,15,553
4290,1,15,15,623
4291,1,15,15,304
4292,1,15,15,678
4293,1,15,15,680
4294,1,15,15,671
4295,1,15,15,688
4296,1,15,15,655
4297,1,15,15,655
4298,1,15,15,28
4299,1,15,15,688
4300,1,15,15,665
4301,1,15,15,621
4302,1,15,4,652
4303,1,15,15,680
4304,1,15,15,663
4305,1,15,15,665
4306,1,15,15,661
4307,1,15,15,665
4308,1,15,15,675
4309,1,15,15,680
4310,1,15,15,690
4311,1,15,15,637
4312,1,15,15,676
4313,1,15,15,681
4314,1,15,15,678
4315,1,15,15,678
4316,1,15,15,673
4317,1,39,4,608
4318,1,15,15,626
4319,1,15,15,676
4320,1,15,15,628
4321,1,15,15,670
4322,1,15,15,668
4323,1,15,15,687
4324,1,15,15,654
4325,1,15,15,357
4326,1,15,15,684
4327,1,15,15,681
4328,1,15,15,347
4329,1,15,15,682
4330,1,15,15,613
4331,1,15,15,644
4332,1,15,15,660
4333,1,15,15,674
4334,1,15,15,644
4335,1,15,15,157
4336,1,15,15,672
4337,1,15,15,626
4338,1,15,15,673
4339,1,15,12,595
4340,1,15,15,508
4341,1,15,15,682
4342,1,15,15,657
4343,1,15,15,658
4344,1,15,15,593
4345,1,4,4,637
4346,1,4,4,639
4347,1,15,15,100
4348,1,15,15,294
4349,1,15,15,292
4350,1,15,15,694
4351,1,15,15,670
4352,1,15,15,621
4353,1,15,15,681
4354,1,12,12,624
4355,1,15,15,677
4356,1,15,15,652
4357,1,15,15,674
4358,1,15,15,683
4359,1,15,15,239
4360,1,15,15,481
4361,1,15,15,648
4362,1,15,15,387
4363,1,15,15,627
4364,1,15,15,672
4365,1,15,15,685
4366,1,15,15,673
4367,1,15,15,666
4368,1,15,15,686
4369,1,15,15,618
4370,1,15,15,672
4371,1,21,21,688
4372,1,15,15,453
4373,1,15,15,648
4374,1,30,30,678
4375,1,15,15,665
4376,1,15,15,435
4377,1,4,4,672
4378,1,15,15,676
4379,1,15,15,623
4380,1,15,15,606
4381,1,15,15,353
4382,1,15,15,678
4383,1,15,15,668
4384,1,21,15,651
4385,1,21,15,18
4386,1,15,15,668
4387,1,15,15,528
4388,1,15,15,615
4389,1,15,15,678
4390,1,15,15,676
4391,1,15,15,576
4392,1,15,15,669
4393,1,15,15,670
4394,1,15,15,647
4395,1,9,9,663
4396,1,15,15,644
4397,1,15,15,106
4398,1,15,15,685
4399,1,15,15,681
4400,1,15,15,506
4401,1,15,3,656
4402,1,15,15,679
4403,1,15,15,664
4404,1,15,15,684
4405,1,4,4,494
4406,1,15,15,171
4407,1,4,4,654
4408,1,15,15,600
4409,1,15,15,617
4410,1,15,15,564
4411,1,15,15,490
4412,1,15,15,488
4413,1,15,15,644
4414,1,15,15,596
4415,1,15,15,33
4416,1,15,15,641
4417,1,15,15,446
4418,1,15,15,664
4419,1,15,15,443
4420,1,15,15,661
4421,1,15,15,500
4422,1,15,15,686
4423,1,15,15,651
4424,1,15,15,682
4425,1,15,15,677
4426,1,15,15,676
4427,1,15,15,646
4428,1,15,15,525
4429,1,15,15,686
4430,1,15,15,663
4431,1,15,15,573
4432,1,15,15,675
4433,1,15,15,669
4434,1,15,15,684
4435,1,15,15,682
4436,1,15,15,591
4437,1,15,15,651
4438,1,15,15,566
4439,1,15,15,677
4440,1,15,15,679
4441,1,15,15,613
4442,1,15,15,668
4443,1,15,15,676
4444,1,15,15,676
4445,1,15,15,685
4446,1,15,15,682
4447,1,15,15,671
4448,1,15,15,524
4449,1,15,15,686
4450,1,15,15,679
4451,1,15,15,626
4452,1,15,15,626
4453,1,15,15,676
4454,1,15,15,639
4455,1,15,15,446
4456,1,15,15,577
4457,1,15,15,614
4458,1,15,15,567
4459,1,15,15,74
4460,1,15,15,425
4461,1,15,15,683
4462,1,15,15,255
4463,1,41,41,661
4464,1,15,15,674
4465,1,15,15,667
4466,1,15,15,675
4467,1,15,15,426
4468,1,15,15,566
4469,1,15,15,487
4470,1,15,15,679
4471,1,15,15,685
4472,1,15,15,680
4473,1,15,15,676
4474,1,15,15,638
4475,1,15,15,668
4476,1,15,15,676
4477,1,15,15,610
4478,1,15,15,689
4479,1,15,15,89
4480,1,15,15,574
4481,1,15,15,668
4482,1,15,15,629
4483,1,15,15,599
4484,1,15,15,678
4485,1,15,15,609
4486,1,4,4,660
4487,1,15,15,670
4488,1,15,15,676
4489,1,15,4,663
4490,1,15,15,285
4491,1,15,15,230
4492,1,15,15,574
4493,1,15,15,658
4494,1,15,15,213
4495,1,15,15,663
4496,1,15,15,601
4497,1,15,15,642
4498,1,15,15,662
4499,1,15,15,677
4500,1,15,15,679
4501,1,15,15,685
4502,1,15,15,668
4503,1,15,15,668
4504,1,15,15,683
4505,1,15,15,686
4506,1,15,15,684
4507,1,15,11,615
4508,1,15,15,651
4509,1,15,15,663
4510,1,15,15,669
4511,1,9,9,676
4512,1,15,15,642
4513,1,4,4,160
4514,1,15,15,668
4515,1,12,12,649
4516,1,15,15,628
4517,1,15,15,680
4518,1,15,15,675
4519,1,15,15,681
4520,1,15,15,684
4521,1,15,15,684
4522,1,15,15,650
4523,1,15,15,673
4524,1,15,4,205
4525,1,15,15,693
4526,1,15,15,688
4527,1,15,15,661
4528,1,15,15,671
4529,1,15,15,678
4530,1,15,15,644
4531,1,39,41,684
4532,1,15,15,462
4533,1,15,15,668
4534,1,15,15,673
4535,1,15,15,649
4536,1,15,15,675
4537,1,15,4,603
4538,1,15,15,648
4539,1,15,15,666
4540,1,15,15,665
4541,1,15,15,674
4542,1,15,15,680
4543,1,15,15,667
4544,1,21,15,532
4545,1,15,15,683
4546,1,21,15,493
4547,1,15,15,569
4548,1,15,15,661
4549,1,15,15,679
4550,1,15,15,673
4551,1,15,15,673
4552,1,15,15,678
4553,1,15,4,627
4554,1,15,15,689
4555,1,15,15,669
4556,1,15,15,333
4557,1,15,15,654
4558,1,15,15,665
4559,1,15,15,299
4560,1,15,15,670
4561,1,15,15,686
4562,1,15,15,669
4563,1,15,15,650
4564,1,15,15,689
4565,1,15,15,538
4566,1,15,15,592
4567,1,15,15,660
4568,1,15,15,674
4569,1,15,15,540
4570,1,15,15,683
4571,1,15,15,656
4572,1,15,15,686
4573,1,15,15,662
4574,1,15,15,602
4575,1,15,15,685
4576,1,15,15,666
4577,1,15,15,646
4578,1,15,15,234
4579,1,15,15,630
4580,1,9,9,681
4581,1,15,15,666
4582,1,15,15,664
4583,1,15,15,671
4584,1,15,15,640
4585,1,15,15,687
4586,1,15,15,668
4587,1,15,15,675
4588,1,15,15,571
4589,1,15,15,21
4590,1,15,15,665
4591,1,15,15,680
4592,1,9,9,690
4593,1,15,15,654
4594,1,15,41,586
4595,1,39,39,627
4596,1,15,15,81
4597,1,15,15,679
4598,1,15,15,679
4599,1,15,15,667
4600,1,15,15,638
4601,1,15,15,608
4602,1,15,15,54
4603,1,15,15,636
4604,1,15,15,421
4605,1,15,15,681
4606,1,15,15,660
4607,1,15,15,667
4608,1,15,15,363
4609,1,15,15,685
4610,1,15,15,679
4611,1,15,15,334
4612,1,15,15,678
4613,1,15,15,295
4614,1,4,4,649
4615,1,15,15,688
4616,1,15,15,405
4617,1,15,15,682
4618,1,9,9,658
4619,1,15,15,676
4620,1,15,15,10
4621,1,15,15,177
4622,1,15,15,685
4623,1,15,15,683
4624,1,15,15,686
4625,1,21,21,236
4626,1,21,21,679
4627,1,15,15,679
4628,1,15,15,562
4629,1,15,15,662
4630,1,15,15,689
4631,1,15,15,252
4632,1,21,15,639
4633,1,15,15,283
4634,1,15,15,75
4635,1,12,12,678
4636,1,3,3,56
4637,1,15,4,668
4638,1,15,15,629
4639,1,15,15,668
4640,1,15,15,683
4641,1,15,15,663
4642,1,15,15,652
4643,1,15,15,683
4644,1,15,15,684
4645,1,15,15,339
4646,1,15,15,687
4647,1,15,15,681
4648,1,15,15,529
4649,1,15,15,550
4650,1,15,15,675
4651,1,15,15,665
4652,1,15,15,685
4653,1,15,15,683
4654,1,15,15,652
4655,1,4,4,219
4656,1,15,15,678
4657,1,15,15,678
4658,1,15,15,679
4659,1,15,4,596
4660,1,4,15,677
4661,1,21,15,432
4662,1,15,15,671
4663,1,21,15,678
4664,1,15,15,115
4665,1,15,15,311
4666,1,15,15,686
4667,1,15,15,556
4668,1,15,15,680
4669,1,15,15,221
4670,1,15,15,662
4671,1,15,15,436
4672,1,15,15,605
4673,1,15,15,686
4674,1,15,15,663
4675,1,4,4,634
4676,1,15,15,675
4677,1,15,15,679
4678,1,15,15,661
4679,1,15,15,683
4680,1,15,15,684
4681,1,15,15,335
4682,1,15,12,682
4683,1,15,15,683
4684,1,15,15,147
4685,1,21,15,533
4686,1,15,15,670
4687,1,15,15,670
4688,1,15,15,617
4689,1,15,15,667
4690,1,15,15,652
4691,1,15,15,681
4692,1,15,15,681
4693,1,15,15,687
4694,1,15,15,682
4695,1,15,15,613
4696,1,15,15,550
4697,1,15,15,674
4698,1,15,15,689
4699,1,21,15,273
4700,1,15,15,684
4701,1,15,15,678
4702,1,15,15,687
4703,1,15,15,32
4704,1,15,15,678
4705,1,15,15,571
4706,1,15,15,666
4707,1,15,15,625
4708,1,15,15,673
4709,1,3,3,599
4710,1,15,4,684
4711,1,15,15,679
4712,1,15,15,599
4713,1,15,15,657
4714,1,15,15,615
4715,1,9,9,680
4716,1,21,15,677
4717,1,15,15,663
4718,1,15,15,683
4719,1,15,15,687
4720,1,21,15,684
4721,1,15,15,672
4722,1,15,15,658
4723,1,15,15,546
4724,1,15,15,666
4725,1,15,15,670
4726,1,15,15,545
4727,1,15,15,675
4728,1,15,15,669
4729,1,15,15,686
4730,1,15,15,673
4731,1,41,41,628
4732,1,15,15,663
4733,1,15,15,694
4734,1,39,39,666
4735,1,15,15,656
4736,1,15,15,664
4737,1,15,15,662
4738,1,15,15,651
4739,1,15,15,619
4740,1,15,15,168
4741,1,15,15,662
4742,1,4,4,649
4743,1,15,15,687
4744,1,15,15,669
4745,1,15,15,663
4746,1,15,15,625
4747,1,15,15,55
4748,1,15,15,676
4749,1,15,15,536
4750,1,15,15,688
4751,1,15,15,665
4752,1,15,15,671
4753,1,3,15,569
4754,1,15,15,658
4755,1,15,15,666
4756,1,15,15,562
4757,1,15,15,672
4758,1,15,15,635
4759,1,15,15,695
4760,1,15,15,667
4761,1,15,15,684
4762,1,15,15,676
4763,1,15,15,675
4764,1,15,15,277
4765,1,15,15,664
4766,1,15,15,645
4767,1,15,15,271
4768,1,15,15,451
4769,1,15,15,29
4770,1,15,15,558
4771,1,15,15,675
4772,1,15,15,674
4773,1,15,15,669
4774,1,15,15,526
4775,1,15,15,669
4776,1,15,15,683
4777,1,15,12,673
4778,1,15,15,680
4779,1,15,15,665
4780,1,41,41,649
4781,1,15,15,688
4782,1,15,15,678
4783,1,15,15,355
4784,1,39,41,554
4785,1,15,15,666
4786,1,15,15,639
4787,1,15,15,647
4788,1,15,15,385
4789,1,15,15,640
4790,1,15,15,680
4791,1,15,15,664
4792,1,15,15,671
4793,1,15,15,673
4794,1,15,15,616
4795,1,15,15,594
4796,1,15,15,665
4797,1,15,15,640
4798,1,15,15,663
4799,1,15,15,681
4800,1,91,91,557
4801,1,41,41,682
4802,1,15,15,518
4803,1,15,15,518
4804,1,15,15,418
4805,1,15,15,680
4806,1,15,15,635
4807,1,15,15,549
4808,1,15,15,573
4809,1,4,4,637
4810,1,15,15,593
4811,1,21,15,555
4812,1,15,15,657
4813,1,3,3,327
4814,1,15,15,496
4815,1,15,15,674
4816,1,15,15,682
4817,1,15,4,475
4818,1,15,15,416
4819,1,4,4,395
4820,1,4,4,652
4821,1,15,15,675
4822,1,15,15,688
4823,1,15,15,662
4824,1,12,12,398
4825,1,15,15,567
4826,1,15,15,675
4827,1,15,15,673
4828,1,15,15,474
4829,1,15,15,663
4830,1,15,15,639
4831,1,15,15,659
4832,1,15,15,655
4833,1,15,15,473
4834,1,15,15,142
4835,1,15,15,637
4836,1,15,15,667
4837,1,15,15,649
4838,1,15,15,662
4839,1,15,15,461
4840,1,15,15,354
4841,1,15,15,681
4842,1,15,15,624
4843,1,3,3,604
4844,1,15,15,632
4845,1,15,15,690
4846,1,15,15,552
4847,1,15,15,663
4848,1,15,15,685
4849,1,15,15,509
4850,1,15,15,654
4851,1,15,15,669
4852,1,15,15,650
4853,1,15,15,677
4854,1,15,15,679
4855,1,15,15,657
4856,1,15,15,376
4857,1,15,15,647
4858,1,15,15,673
4859,1,15,15,681
4860,1,15,15,585
4861,1,15,15,659
4862,1,15,15,612
4863,1,15,15,686
4864,1,15,15,683
4865,1,15,15,627
4866,1,15,15,573
4867,1,15,15,545
4868,1,39,41,686
4869,1,15,15,425
4870,1,15,15,680
4871,1,15,15,679
4872,1,15,15,682
4873,1,15,15,687
4874,1,3,3,622
4875,1,15,15,214
4876,1,15,15,687
4877,1,15,15,156
4878,1,15,15,678
4879,1,15,15,275
4880,1,15,15,660
4881,1,15,15,571
4882,1,15,15,685
4883,1,15,15,665
4884,1,15,15,236
4885,1,15,15,585
4886,1,15,15,665
4887,1,15,15,649
4888,1,15,15,651
4889,1,15,15,667
4890,1,15,15,663
4891,1,15,15,683
4892,1,15,15,672
4893,1,15,15,668
4894,1,15,15,681
4895,1,15,15,691
4896,1,15,15,652
4897,1,15,15,656
4898,1,15,15,680
4899,1,15,15,675
4900,1,15,15,673
4901,1,15,15,678
4902,1,15,15,640
4903,1,15,15,684
4904,1,15,15,686
4905,1,15,15,683
4906,1,15,15,678
4907,1,15,15,657
4908,1,15,15,682
4909,1,15,15,644
4910,1,15,15,101
4911,1,21,15,677
4912,1,15,15,213
4913,1,15,15,461
4914,1,15,15,671
4915,1,15,15,683
4916,1,15,15,672
4917,1,21,15,680
4918,1,15,15,676
4919,1,15,15,677
4920,1,15,15,542
4921,1,15,15,626
4922,1,20,20,148
4923,1,15,15,660
4924,1,15,15,673
4925,1,15,15,628
4926,1,12,12,645
4927,1,15,15,128
4928,1,15,15,655
4929,1,15,15,695
4930,1,15,15,636
4931,1,15,15,171
4932,1,15,15,635
4933,1,15,15,684
4934,1,15,15,603
4935,1,15,15,665
4936,1,15,15,678
4937,1,15,15,339
4938,1,15,15,685
4939,1,15,15,652
4940,1,4,4,624
4941,1,15,15,682
4942,1,15,15,660
4943,1,15,15,667
4944,1,15,15,532
4945,1,15,15,653
4946,1,15,15,661
4947,1,15,15,671
4948,1,15,15,326
4949,1,15,15,292
4950,1,15,15,665
4951,1,15,15,672
4952,1,15,15,624
4953,1,15,15,674
4954,1,15,15,678
4955,1,15,15,55
4956,1,15,15,675
4957,1,15,15,631
4958,1,15,15,636
4959,1,15,15,679
4960,1,15,15,638
4961,1,15,15,687
4962,1,15,15,642
4963,1,15,15,648
4964,1,15,15,663
4965,1,15,15,674
4966,1,15,15,533
4967,1,15,15,690
4968,1,15,15,635
4969,1,15,15,683
4970,1,15,15,644
4971,1,41,41,684
4972,1,15,15,629
4973,1,15,15,559
4974,1,15,15,684
4975,1,15,15,685
4976,1,15,15,492
4977,1,15,15,681
4978,1,15,15,210
4979,1,15,15,685
4980,1,15,15,647
4981,1,15,15,360
4982,1,15,15,661
4983,1,15,15,414
4984,1,15,15,68
4985,1,4,4,638
4986,1,15,15,518
4987,1,15,15,606
4988,1,15,15,609
4989,1,15,15,643
4990,1,15,15,621
4991,1,15,15,150
4992,1,15,15,673
4993,1,15,15,668
4994,1,15,15,481
4995,1,15,15,596
4996,1,15,15,684
4997,1,15,15,69
4998,1,15,15,677
4999,1,15,15,593
5000,1,15,15,246
5001,1,41,41,655
5002,1,15,15,684
5003,1,15,15,651
5004,1,15,15,330
5005,1,15,15,678
5006,1,15,15,654
5007,1,15,15,560
5008,1,15,15,353
5009,1,15,15,532
5010,1,15,15,671
5011,1,15,15,684
5012,1,15,15,673
5013,1,4,4,639
5014,1,15,15,140
5015,1,15,15,687
5016,1,15,15,670
5017,1,15,15,684
5018,1,15,15,643
5019,1,15,15,513
5020,1,15,15,628
5021,1,15,15,679
5022,1,15,15,632
5023,1,15,15,681
5024,1,21,15,28
5025,1,15,15,419
5026,1,15,15,686
5027,1,15,15,355
5028,1,15,15,346
5029,1,15,15,682
5030,1,15,15,546
5031,1,15,4,674
5032,1,15,15,483
5033,1,15,15,687
5034,1,15,15,427
5035,1,15,15,245
5036,1,15,15,682
5037,1,15,15,641
5038,1,15,15,668
5039,1,15,15,660
5040,1,15,15,670
5041,1,4,4,38
5042,1,15,15,677
5043,1,15,15,684
5044,1,15,15,665
5045,1,15,15,688
5046,1,15,15,674
5047,1,15,15,651
5048,1,15,15,530
5049,1,15,15,677
5050,1,15,15,664
5051,1,15,15,671
5052,1,15,15,624
5053,1,15,15,266
5054,1,15,15,630
5055,1,15,15,663
5056,1,15,15,678
5057,1,15,15,684
5058,1,15,15,683
5059,1,15,15,688
5060,1,21,15,662
5061,1,15,15,664
5062,1,15,15,686
5063,1,15,15,669
5064,1,15,15,673
5065,1,15,15,389
5066,1,15,15,126
5067,1,15,15,674
5068,1,15,15,657
5069,1,15,15,668
5070,1,15,15,367
5071,1,15,15,669
5072,1,15,15,658
5073,1,15,15,661
5074,1,21,15,371
5075,1,15,15,684
5076,1,12,12,435
5077,1,15,15,656
5078,1,21,15,665
5079,1,15,15,675
5080,1,15,15,655
5081,1,15,15,560
5082,1,21,21,460
5083,1,15,15,685
5084,1,15,15,672
5085,1,4,3,524
5086,1,41,41,638
5087,1,15,15,607
5088,1,15,15,615
5089,1,15,15,524
5090,1,15,15,434
5091,1,41,41,621
5092,1,15,15,292
5093,1,15,15,659
5094,1,15,15,672
5095,1,15,15,654
5096,1,15,15,486
5097,1,15,15,40
5098,1,15,15,689
5099,1,15,15,653
5100,1,15,15,561
5101,1,15,15,628
5102,1,41,41,677
5103,1,15,15,682
5104,1,15,15,689
5105,1,15,15,569
5106,1,15,15,637
5107,1,15,15,582
5108,1,21,21,639
5109,1,15,15,688
5110,1,15,15,636
5111,1,15,15,683
5112,1,15,15,668
5113,1,15,15,687
5114,1,15,15,636
5115,1,15,15,576
5116,1,15,15,655
5117,1,15,15,328
5118,1,15,15,688
5119,1,15,15,681
5120,1,15,15,554
5121,1,15,15,655
5122,1,15,15,602
5123,1,15,15,681
5124,1,15,15,682
5125,1,15,15,690
5126,1,15,15,220
5127,1,15,15,621
5128,1,15,15,660
5129,1,15,15,657
5130,1,15,15,615
5131,1,15,15,332
5132,1,15,15,649
5133,1,15,15,664
5134,1,15,15,687
5135,1,15,15,631
5136,1,4,4,675
5137,1,15,15,336
5138,1,15,15,680
5139,1,15,15,641
5140,1,15,15,684
5141,1,15,15,440
5142,1,15,15,363
5143,1,15,15,651
5144,1,15,15,336
5145,1,15,15,445
5146,1,15,15,673
5147,1,15,15,671
5148,1,15,15,575
5149,1,15,15,254
5150,1,15,15,680
5151,1,15,15,668
5152,1,15,15,651
5153,1,15,15,669
5154,1,15,15,610
5155,1,15,15,670
5156,1,15,15,675
5157,1,4,4,663
5158,1,15,15,670
5159,1,15,15,664
5160,1,15,15,626
5161,1,15,15,673
5162,1,4,4,643
5163,1,15,15,687
5164,1,15,15,669
5165,1,15,15,657
5166,1,15,15,684
5167,1,15,15,665
5168,1,4,4,38
5169,1,4,4,318
5170,1,15,15,628
5171,1,15,15,674
5172,1,15,15,674
5173,1,15,15,1
5174,1,15,15,684
5175,1,15,15,681
5176,1,15,15,568
5177,1,15,15,636
5178,1,15,15,662
5179,1,15,15,603
5180,1,15,15,623
5181,1,15,15,687
5182,1,15,15,642
5183,1,15,15,676
5184,1,15,15,534
5185,1,15,15,506
5186,1,15,15,683
5187,1,15,15,536
5188,1,15,15,670
5189,1,15,15,677
5190,1,15,15,536
5191,1,15,15,688
5192,1,15,15,651
5193,1,15,15,661
5194,1,41,41,671
5195,1,15,15,673
5196,1,15,15,676
5197,1,15,15,570
5198,1,15,15,667
5199,1,15,15,681
5200,1,15,15,651
5201,1,15,15,636
5202,1,15,4,315
5203,1,15,15,40
5204,1,15,15,682
5205,1,4,4,584
5206,1,15,15,631
5207,1,15,15,647
5208,1,15,15,674
5209,1,15,15,682
5210,1,15,15,675
5211,1,15,15,682
5212,1,15,15,658
5213,1,15,15,529
5214,1,15,15,161
5215,1,15,15,318
5216,1,4,4,658
5217,1,15,15,663
5218,1,15,15,678
5219,1,15,15,603
5220,1,15,15,501
5221,1,15,15,668
5222,1,15,15,688
5223,1,21,15,540
5224,1,15,15,549
5225,1,15,15,674
5226,1,4,4,587
5227,1,15,15,670
5228,1,15,15,660
5229,1,15,15,358
5230,1,15,15,668
5231,1,15,15,661
5232,1,15,15,689
5233,1,15,15,662
5234,1,15,15,681
5235,1,15,15,621
5236,1,15,15,690
5237,1,15,15,537
5238,1,15,15,686
5239,1,15,15,680
5240,1,15,15,346
5241,1,15,15,688
5242,1,15,15,685
5243,1,15,15,679
5244,1,15,15,626
5245,1,15,15,263
5246,1,15,15,418
5247,1,15,15,682
5248,1,15,15,683
5249,1,21,21,570
5250,1,15,15,622
5251,1,15,4,616
5252,1,15,11,578
5253,1,15,15,616
5254,1,15,15,679
5255,1,15,15,671
5256,1,15,15,642
5257,1,15,15,451
5258,1,15,15,663
5259,1,15,15,248
5260,1,15,15,643
5261,1,15,15,434
5262,1,15,15,669
5263,1,41,15,662
5264,1,15,15,680
5265,1,21,15,74
5266,1,15,15,154
5267,1,15,15,685
5268,1,15,15,345
5269,1,15,15,532
5270,1,4,4,644
5271,1,15,15,688
5272,1,15,15,198
5273,1,15,15,597
5274,1,15,15,679
5275,1,15,15,674
5276,1,15,15,683
5277,1,15,15,653
5278,1,15,15,544
5279,1,15,15,682
5280,1,15,4,646
5281,1,15,15,651
5282,1,15,15,659
5283,1,15,15,635
5284,1,15,15,689
5285,1,4,4,558
5286,1,15,15,648
5287,1,15,15,659
5288,1,15,15,653
5289,1,15,15,55
5290,1,15,15,622
5291,1,15,15,670
5292,1,15,15,302
5293,1,15,15,653
5294,1,15,15,423
5295,1,12,12,649
5296,1,15,15,680
5297,1,15,15,683
5298,1,15,15,646
5299,1,15,15,685
5300,1,15,15,622
5301,1,15,15,665
5302,1,15,15,680
5303,1,15,15,682
5304,1,4,4,656
5305,1,15,15,525
5306,1,15,15,612
5307,1,15,15,615
5308,1,15,15,632
5309,1,15,15,678
5310,1,15,15,650
5311,1,15,15,684
5312,1,15,15,537
5313,1,15,15,668
5314,1,15,15,677
5315,1,15,15,657
5316,1,15,15,291
5317,1,15,15,669
5318,1,15,15,520
5319,1,15,15,663
5320,1,15,15,679
5321,1,15,15,645
5322,1,15,15,146
5323,1,15,15,675
5324,1,15,15,455
5325,1,15,15,656
5326,1,15,11,677
5327,1,15,15,667
5328,1,15,15,684
5329,1,15,15,211
5330,1,4,4,652
5331,1,3,3,127
5332,1,15,15,559
5333,1,15,15,686
5334,1,15,15,345
5335,1,15,15,678
5336,1,4,4,27
5337,1,15,15,489
5338,1,15,15,683
5339,1,15,15,532
5340,1,15,15,683
5341,1,15,15,676
5342,1,15,15,682
5343,1,15,15,618
5344,1,39,39,686
5345,1,15,15,68
5346,1,15,15,21
5347,1,15,15,672
5348,1,15,15,692
5349,1,15,21,681
5350,1,15,15,675
5351,1,15,15,661
5352,1,15,15,635
5353,1,15,15,391
5354,1,15,15,654
5355,1,62,15,682
5356,1,15,15,662
5357,1,15,15,649
5358,1,15,15,680
5359,1,15,15,687
5360,1,15,15,533
5361,1,15,15,592
5362,1,15,15,686
5363,1,15,15,602
5364,1,15,15,119
5365,1,15,15,629
5366,1,15,15,572
5367,1,15,15,585
5368,1,15,15,690
5369,1,15,15,678
5370,1,15,15,91
5371,1,15,15,679
5372,1,15,15,635
5373,1,15,15,680
5374,1,15,15,682
5375,1,15,15,157
5376,1,15,15,612
5377,1,39,39,612
5378,1,15,15,429
5379,1,3,3,195
5380,1,15,15,675
5381,1,15,15,681
5382,1,15,15,254
5383,1,15,15,686
5384,1,15,15,427
5385,1,15,15,655
5386,1,15,15,676
5387,1,15,15,640
5388,1,15,15,685
5389,1,21,15,671
5390,1,15,15,625
5391,1,15,15,29
5392,1,15,15,551
5393,1,20,15,591
5394,1,15,15,645
5395,1,15,15,458
5396,1,15,15,681
5397,1,15,15,680
5398,1,41,41,679
5399,1,15,15,622
5400,1,15,15,525
5401,1,15,15,687
5402,1,15,15,661
5403,1,4,4,671
5404,1,15,15,257
5405,1,15,15,685
5406,1,15,15,622
5407,1,4,4,661
5408,1,15,15,115
5409,1,15,15,685
5410,1,15,15,653
5411,1,15,15,670
5412,1,15,15,513
5413,1,15,15,628
5414,1,15,15,669
5415,1,15,15,664
5416,1,15,15,681
5417,1,15,15,688
5418,1,15,15,643
5419,1,15,15,167
5420,1,15,15,549
5421,1,4,4,498
5422,1,15,15,650
5423,1,15,15,643
5424,1,15,15,257
5425,1,15,15,679
5426,1,15,15,682
5427,1,21,21,276
5428,1,15,15,680
5429,1,4,4,663
5430,1,15,15,577
5431,1,15,15,617
5432,1,15,15,692
5433,1,15,15,585
5434,1,15,15,662
5435,1,15,15,599
5436,1,15,15,682
5437,1,15,15,680
5438,1,15,15,681
5439,1,15,15,578
5440,1,39,39,684
5441,1,15,15,636
5442,1,39,39,680
5443,1,15,15,603
5444,1,15,15,682
5445,1,15,15,456
5446,1,15,4,683
5447,1,15,15,681
5448,1,15,15,679
5449,1,15,15,668
5450,1,15,15,667
5451,1,15,15,663
5452,1,15,15,675
5453,1,15,15,436
5454,1,15,15,614
5455,1,15,15,673
5456,1,15,15,664
5457,1,15,15,481
5458,1,15,15,554
5459,1,21,15,492
5460,1,15,15,641
5461,1,15,15,681
5462,1,15,15,661
5463,1,15,15,326
5464,1,15,15,675
5465,1,15,15,375
5466,1,4,4,548
5467,1,15,15,646
5468,1,15,15,667
5469,1,15,15,644
5470,1,15,15,683
5471,1,41,41,627
5472,1,4,4,634
5473,1,15,15,665
5474,1,15,15,667
5475,1,15,15,313
5476,1,15,15,89
5477,1,15,15,671
5478,1,15,15,322
5479,1,15,15,502
5480,1,15,15,629
5481,1,15,15,429
5482,1,15,15,89
5483,1,15,15,659
5484,1,15,15,292
5485,1,15,15,687
5486,1,15,15,687
5487,1,15,15,407
5488,1,15,15,686
5489,1,12,12,620
5490,1,15,15,671
5491,1,15,15,659
5492,1,15,15,694
5493,1,15,15,680
5494,1,15,15,388
5495,1,15,15,682
5496,1,15,15,642
5497,1,15,15,677
5498,1,15,15,383
5499,1,15,15,670
5500,1,15,15,523
5501,1,15,15,604
5502,1,15,15,673
5503,1,15,15,664
5504,1,15,15,692
5505,1,15,15,625
5506,1,15,15,614
5507,1,4,4,668
5508,1,15,15,683
5509,1,15,15,651
5510,1,21,4,649
5511,1,15,15,667
5512,1,39,39,684
5513,1,15,15,675
5514,1,15,15,686
5515,1,15,15,590
5516,1,21,15,639
5517,1,4,4,671
5518,1,15,15,675
5519,1,15,15,673
5520,1,15,15,587
5521,1,4,4,512
5522,1,15,15,629
5523,1,15,15,420
5524,1,15,15,99
5525,1,4,4,660
5526,1,15,15,659
5527,1,15,15,643
5528,1,15,15,681
5529,1,15,15,687
5530,1,15,15,672
5531,1,15,15,671
5532,1,21,15,577
5533,1,15,15,682
5534,1,15,15,663
5535,1,15,15,692
5536,1,15,15,688
5537,1,15,15,687
5538,1,15,15,674
5539,1,15,15,672
5540,1,15,15,683
5541,1,15,15,654
5542,1,15,15,563
5543,1,15,15,685
5544,1,15,15,643
5545,1,15,15,683
5546,1,15,15,557
5547,1,15,15,681
5548,1,15,15,643
5549,1,15,15,659
5550,1,4,4,617
5551,1,15,15,677
5552,1,15,15,670
5553,1,15,15,658
5554,1,15,15,670
5555,1,15,15,682
5556,1,15,15,656
5557,1,15,15,131
5558,1,15,4,664
5559,1,21,15,557
5560,1,15,15,687
5561,1,15,15,685
5562,1,15,15,630
5563,1,15,15,591
5564,1,15,15,652
5565,1,21,15,645
5566,1,15,15,677
5567,1,15,15,609
5568,1,15,15,678
5569,1,15,15,612
5570,1,15,15,460
5571,1,15,15,515
5572,1,41,41,662
5573,1,15,15,635
5574,1,15,15,684
5575,1,15,15,685
5576,1,15,15,631
5577,1,15,15,599
5578,1,15,15,688
5579,1,15,15,681
5580,1,15,15,679
5581,1,15,15,570
5582,1,15,15,638
5583,1,15,15,669
5584,1,15,15,112
5585,1,15,15,505
5586,1,15,15,560
5587,1,15,15,675
5588,1,15,15,668
5589,1,15,15,20
5590,1,15,15,650
5591,1,15,15,695
5592,1,21,15,151
5593,1,15,15,652
5594,1,15,15,665
5595,1,15,15,667
5596,1,15,15,665
5597,1,15,15,608
5598,1,15,15,686
5599,1,15,12,606
5600,1,15,15,623
5601,1,15,15,685
5602,1,15,15,677
5603,1,15,15,688
5604,1,39,41,670
5605,1,15,15,364
5606,1,15,15,659
5607,1,15,15,669
5608,1,15,15,650
5609,1,21,15,647
5610,1,15,15,517
5611,1,15,15,683
5612,1,15,15,653
5613,1,15,15,670
5614,1,15,15,664
5615,1,15,15,145
5616,1,15,15,670
5617,1,15,15,676
5618,1,15,15,648
5619,1,15,15,667
5620,1,15,15,678
5621,1,15,15,689
5622,1,15,15,683
5623,1,15,15,685
5624,1,15,15,669
5625,1,15,15,258
5626,1,15,15,684
5627,1,15,15,652
5628,1,15,15,687
5629,1,15,15,670
5630,1,15,15,663
5631,1,15,15,661
5632,1,15,15,677
5633,1,15,15,623
5634,1,15,15,475
5635,1,15,15,683
5636,1,15,15,681
5637,1,15,15,657
5638,1,21,15,176
5639,1,15,15,667
5640,1,15,15,675
5641,1,15,15,629
5642,1,15,15,678
5643,1,15,15,661
5644,1,15,15,678
5645,1,15,15,679
5646,1,15,15,685
5647,1,15,15,681
5648,1,15,15,477
5649,1,15,15,624
5650,1,15,15,182
5651,1,4,4,681
5652,1,15,15,678
5653,1,15,15,129
5654,1,15,15,685
5655,1,15,15,110
5656,1,15,15,268
5657,1,15,15,687
5658,1,15,15,676
5659,1,15,15,669
5660,1,15,15,647
5661,1,15,15,633
5662,1,15,15,684
5663,1,15,15,620
5664,1,15,15,672
5665,1,15,15,520
5666,1,15,15,682
5667,1,15,15,682
5668,1,15,15,679
5669,1,15,15,464
5670,1,15,15,607
5671,1,15,15,231
5672,1,15,15,662
5673,1,15,15,633
5674,1,15,15,670
5675,1,15,15,649
5676,1,15,15,662
5677,1,15,15,658
5678,1,24,24,576
5679,1,15,15,590
5680,1,15,15,544
5681,1,15,15,670
5682,1,15,15,653
5683,1,15,15,667
5684,1,41,41,268
5685,1,15,15,687
5686,1,15,15,660
5687,1,15,15,645
5688,1,15,15,572
5689,1,15,15,680
5690,1,39,39,664
5691,1,39,39,647
5692,1,15,15,479
5693,1,15,15,668
5694,1,15,15,506
5695,1,15,15,641
5696,1,15,15,664
5697,1,15,15,679
5698,1,21,15,688
5699,1,15,15,618
5700,1,15,15,688
5701,1,15,15,679
5702,1,15,15,246
5703,1,15,15,617
5704,1,3,3,51
5705,1,15,15,687
5706,1,15,15,669
5707,1,15,15,682
5708,1,15,15,650
5709,1,15,12,623
5710,1,15,15,638
5711,1,4,4,625
5712,1,15,15,663
5713,1,15,15,688
5714,1,41,41,662
5715,1,15,15,659
5716,1,15,15,660
5717,1,15,15,618
5718,1,4,4,659
5719,1,15,15,676
5720,1,15,15,665
5721,1,15,15,675
5722,1,15,15,631
5723,1,15,15,564
5724,1,15,15,656
5725,1,4,4,642
5726,1,15,15,660
5727,1,15,15,647
5728,1,15,15,688
5729,1,15,15,671
5730,1,15,15,639
5731,1,15,15,505
5732,1,15,15,679
5733,1,15,15,668
5734,1,15,15,671
5735,1,15,15,680
5736,1,15,15,681
5737,1,15,15,114
5738,1,4,4,17
5739,1,15,15,684
5740,1,15,15,679
5741,1,15,15,618
5742,1,4,4,603
5743,1,15,15,596
5744,1,15,15,647
5745,1,15,15,421
5746,1,21,15,562
5747,1,15,15,654
5748,1,4,4,71
5749,1,15,15,679
5750,1,15,15,656
5751,1,4,4,621
5752,1,15,15,670
5753,1,15,15,664
5754,1,15,15,535
5755,1,15,15,634
5756,1,9,9,682
5757,1,15,15,609
5758,1,15,15,656
5759,1,39,39,651
5760,1,15,15,369
5761,1,15,15,680
5762,1,15,15,486
5763,1,15,15,470
5764,1,4,4,678
5765,1,15,15,628
5766,1,15,15,682
5767,1,15,15,622
5768,1,4,4,563
5769,1,15,15,65
5770,1,15,15,677
5771,1,15,15,508
5772,1,15,15,685
5773,1,15,15,497
5774,1,15,15,655
5775,1,15,15,682
5776,1,15,15,560
5777,1,15,15,680
5778,1,15,15,680
5779,1,15,15,586
5780,1,15,15,662
5781,1,15,15,684
5782,1,15,15,683
5783,1,15,15,687
5784,1,15,15,174
5785,1,15,15,676
5786,1,15,15,682
5787,1,15,15,674
5788,1,15,15,660
5789,1,15,15,684
5790,1,15,15,650
5791,1,15,15,682
5792,1,15,15,686
5793,1,15,15,676
5794,1,15,15,626
5795,1,15,15,686
5796,1,15,15,683
5797,1,15,15,635
5798,1,15,15,683
5799,1,15,15,671
5800,1,15,15,131
5801,1,15,15,607
5802,1,15,15,541
5803,1,15,15,627
5804,1,15,15,454
5805,1,15,4,578
5806,1,15,15,649
5807,1,15,15,680
5808,1,15,15,636
5809,1,15,15,641
5810,1,15,15,241
5811,1,15,15,176
5812,1,15,15,688
5813,1,15,15,680
5814,1,15,15,138
5815,1,4,4,162
5816,1,15,15,674
5817,1,15,15,210
5818,1,15,15,571
5819,1,15,15,617
5820,1,15,15,686
5821,1,15,15,658
5822,1,15,15,682
5823,1,15,15,659
5824,1,15,15,683
5825,1,15,15,688
5826,1,15,15,579
5827,1,15,15,681
5828,1,15,15,672
5829,1,15,15,687
5830,1,15,15,658
5831,1,15,15,130
5832,1,15,15,677
5833,1,4,4,536
5834,1,15,15,669
5835,1,4,4,628
5836,1,15,15,235
5837,1,15,15,673
5838,1,15,15,674
5839,1,15,15,664
5840,1,15,15,564
5841,1,15,4,665
5842,1,15,15,394
5843,1,15,15,110
5844,1,15,15,677
5845,1,15,15,684
5846,1,15,15,606
5847,1,15,15,686
5848,1,15,15,635
5849,1,15,15,679
5850,1,15,15,645
5851,1,15,15,684
5852,1,4,4,646
5853,1,15,15,679
5854,1,15,15,536
5855,1,15,15,688
5856,1,15,15,641
5857,1,15,15,676
5858,1,15,15,684
5859,1,15,15,682
5860,1,15,15,686
5861,1,15,15,195
5862,1,15,15,395
5863,1,15,15,10
5864,1,15,15,262
5865,1,4,4,673
5866,1,15,15,668
5867,1,15,15,613
5868,1,15,15,686
5869,1,15,15,674
5870,1,15,15,656
5871,1,15,15,629
5872,1,15,15,684
5873,1,15,15,692
5874,1,15,15,678
5875,1,15,15,651
5876,1,15,15,668
5877,1,15,15,679
5878,1,15,15,676
5879,1,15,15,690
5880,1,15,15,426
5881,1,15,15,684
5882,1,15,15,683
5883,1,15,15,689
5884,1,15,15,559
5885,1,15,15,631
5886,1,39,41,670
5887,1,15,15,650
5888,1,15,15,687
5889,1,15,15,684
5890,1,15,15,664
5891,1,15,15,682
5892,1,15,15,461
5893,1,15,15,685
5894,1,15,15,665
5895,1,20,15,128
5896,1,15,15,539
5897,1,15,15,70
5898,1,15,15,682
5899,1,15,15,421
5900,1,15,15,687
5901,1,15,15,664
5902,1,15,15,663
5903,1,15,15,442
5904,1,15,15,682
5905,1,15,15,407
5906,1,15,15,654
5907,1,15,15,598
5908,1,15,15,630
5909,1,15,15,651
5910,1,4,4,479
5911,1,15,15,691
5912,1,15,15,688
5913,1,15,15,649
5914,1,15,15,659
5915,1,4,4,654
5916,1,41,41,676
5917,1,15,15,593
5918,1,15,15,660
5919,1,15,15,559
5920,1,15,15,682
5921,1,15,15,672
5922,1,15,15,675
5923,1,15,15,627
5924,1,15,15,668
5925,1,15,15,656
5926,1,15,15,690
5927,1,15,15,689
5928,1,4,4,670
5929,1,15,15,642
5930,1,15,15,682
5931,1,15,15,477
5932,1,15,15,661
5933,1,15,15,644
5934,1,15,15,668
5935,1,15,15,435
5936,1,15,15,683
5937,1,15,15,671
5938,1,15,15,671
5939,1,15,15,675
5940,1,21,21,682
5941,1,20,20,642
5942,1,15,15,485
5943,1,15,15,680
5944,1,15,15,512
5945,1,24,24,630
5946,1,15,15,649
5947,1,15,15,671
5948,1,15,15,335
5949,1,15,15,689
5950,1,4,4,680
5951,1,15,15,608
5952,1,15,15,596
5953,1,4,4,679
5954,1,15,15,238
5955,1,15,15,670
5956,1,15,15,641
5957,1,15,15,668
5958,1,4,4,667
5959,1,15,15,662
5960,1,15,15,668
5961,1,15,15,683
5962,1,4,4,472
5963,1,15,15,685
5964,1,15,15,612
5965,1,15,15,666
5966,1,15,15,669
5967,1,15,15,673
5968,1,15,15,670
5969,1,15,15,678
5970,1,15,15,530
5971,1,15,15,680
5972,1,15,15,685
5973,1,15,15,602
5974,1,15,15,687
5975,1,15,15,659
5976,1,15,15,684
5977,1,15,15,603
5978,1,15,15,628
5979,1,15,15,689
5980,1,41,41,649
5981,1,15,15,683
5982,1,15,15,656
5983,1,15,15,688
5984,1,15,15,602
5985,1,15,15,538
5986,1,15,15,682
5987,1,15,15,676
5988,1,15,15,652
5989,1,15,15,662
5990,1,15,15,680
5991,1,15,15,669
5992,1,15,15,620
5993,1,15,15,667
5994,1,15,15,16
5995,1,15,15,680
5996,1,15,15,667
5997,1,15,15,675
5998,1,15,15,672
5999,1,15,15,671
6000,1,15,15,659
6001,1,15,15,640
6002,1,15,15,679
6003,1,3,3,410
6004,1,15,15,686
6005,1,15,15,660
6006,1,15,15,671
6007,1,15,15,684
6008,1,15,4,642
6009,1,15,15,673
6010,1,15,15,691
6011,1,15,15,661
6012,1,15,15,662
6013,1,15,15,678
6014,1,15,15,589
6015,1,15,15,682
6016,1,15,15,682
6017,1,15,15,681
6018,1,15,15,661
6019,1,15,15,684
6020,1,15,15,679
6021,1,15,15,693
6022,1,15,15,682
6023,1,15,15,676
6024,1,3,3,488
6025,1,15,15,687
6026,1,15,15,634
6027,1,15,15,522
6028,1,41,41,660
6029,1,15,15,649
6030,1,15,15,670
6031,1,15,15,662
6032,1,15,15,692
6033,1,15,15,477
6034,1,15,15,684
6035,1,15,15,667
6036,1,15,15,673
6037,1,15,15,620
6038,1,15,15,682
6039,1,39,41,681
6040,1,15,15,241
6041,1,15,15,671
6042,1,15,15,596
6043,1,15,15,141
6044,1,15,15,419
6045,1,15,15,672
6046,1,15,15,688
6047,1,15,15,447
6048,1,40,40,679
6049,1,15,15,656
6050,1,15,15,437
6051,1,15,15,671
6052,1,15,15,655
6053,1,15,15,603
6054,1,15,15,686
6055,1,15,15,151
6056,1,15,15,204
6057,1,15,15,667
6058,1,15,15,687
6059,1,15,15,659
6060,1,3,3,684
6061,1,15,15,675
6062,1,15,15,660
6063,1,15,15,648
6064,1,15,15,645
6065,1,15,15,654
6066,1,15,15,688
6067,1,41,41,644
6068,1,15,15,586
6069,1,15,15,682
6070,1,15,15,670
6071,1,15,15,681
6072,1,15,15,667
6073,1,15,15,685
6074,1,41,41,674
6075,1,15,15,679
6076,1,15,15,645
6077,1,15,15,676
6078,1,39,39,676
6079,1,15,15,685
6080,1,15,15,217
6081,1,15,15,677
6082,1,15,15,664
6083,1,15,15,669
6084,1,15,15,665
6085,1,15,15,590
6086,1,15,15,533
6087,1,15,15,598
6088,1,15,15,666
6089,1,15,15,682
6090,1,15,12,615
6091,1,15,15,591
6092,1,41,41,674
6093,1,15,15,686
6094,1,15,15,498
6095,1,24,24,382
6096,1,15,15,666
6097,1,15,15,655
6098,1,15,15,645
6099,1,15,15,637
6100,1,15,15,672
6101,1,15,15,666
6102,1,15,15,566
6103,1,15,15,617
6104,1,15,15,645
6105,1,15,15,607
6106,1,15,15,677
6107,1,4,12,455
6108,1,15,15,623
6109,1,15,15,277
6110,1,15,15,675
6111,1,15,15,678
6112,1,15,15,621
6113,1,15,15,29
6114,1,15,15,309
6115,1,15,15,671
6116,1,4,4,577
6117,1,15,15,685
6118,1,15,15,647
6119,1,15,15,575
6120,1,15,15,679
6121,1,15,15,628
6122,1,15,15,661
6123,1,15,15,670
6124,1,15,15,48
6125,1,41,41,502
6126,1,15,15,27
6127,1,15,15,682
6128,1,15,15,685
6129,1,15,15,598
6130,1,15,15,662
6131,1,15,15,599
6132,1,15,15,458
6133,1,15,15,475
6134,1,15,15,564
6135,1,15,15,657
6136,1,15,15,528
6137,1,4,4,624
6138,1,15,15,683
6139,1,15,15,681
6140,1,15,15,398
6141,1,15,15,654
6142,1,15,15,684
6143,1,21,15,281
6144,1,15,15,673
6145,1,15,15,175
6146,1,15,15,576
6147,1,15,15,626
6148,1,15,15,681
6149,1,15,15,672
6150,1,15,15,664
6151,1,15,15,644
6152,1,15,15,194
6153,1,15,15,683
6154,1,15,15,684
6155,1,15,15,645
6156,1,15,15,662
6157,1,41,41,663
6158,1,15,15,683
6159,1,15,15,519
6160,1,15,15,623
6161,1,15,15,483
6162,1,15,15,674
6163,1,4,4,440
6164,1,15,12,604
6165,1,15,15,682
6166,1,15,15,669
6167,1,15,15,641
6168,1,15,15,510
6169,1,15,15,658
6170,1,15,15,172
6171,1,15,15,689
6172,1,15,15,660
6173,1,15,15,679
6174,1,15,15,647
6175,1,15,15,610
6176,1,15,15,669
6177,1,15,15,685
6178,1,15,15,575
6179,1,15,15,394
6180,1,15,15,683
6181,1,15,15,683
6182,1,15,15,654
6183,1,20,20,684
6184,1,15,15,567
6185,1,15,15,684
6186,1,15,15,645
6187,1,15,15,655
6188,1,15,15,675
6189,1,15,15,650
6190,1,15,15,654
6191,1,15,15,616
6192,1,15,15,573
6193,1,15,15,663
6194,1,15,15,684
6195,1,15,15,668
6196,1,41,41,690
6197,1,41,41,646
6198,1,15,15,662
6199,1,15,15,653
6200,1,4,4,663
6201,1,15,15,618
6202,1,21,15,579
6203,1,15,15,672
6204,1,15,15,668
6205,1,15,15,453
6206,1,15,15,674
6207,1,15,15,684
6208,1,15,15,654
6209,1,4,4,394
6210,1,15,15,588
6211,1,15,15,509
6212,1,15,15,623
6213,1,15,15,676
6214,1,15,15,679
6215,1,15,15,659
6216,1,15,15,597
6217,1,15,15,567
6218,1,15,15,677
6219,1,15,15,670
6220,1,15,15,565
6221,1,15,15,604
6222,1,4,4,678
6223,1,15,15,656
6224,1,15,15,690
6225,1,15,15,658
6226,1,15,15,280
6227,1,15,15,650
6228,1,15,15,681
6229,1,15,15,479
6230,1,15,15,673
6231,1,15,15,679
6232,1,4,4,640
6233,1,15,15,327
6234,1,15,15,563
6235,1,15,15,629
6236,1,15,15,671
6237,1,15,15,394
6238,1,15,15,628
6239,1,15,15,659
6240,1,15,15,667
6241,1,15,15,619
6242,1,15,15,650
6243,1,15,15,676
6244,1,15,15,648
6245,1,15,15,681
6246,1,15,15,44
6247,1,15,15,683
6248,1,15,15,676
6249,1,15,15,626
6250,1,15,15,613
6251,1,15,15,398
6252,1,15,15,661
6253,1,15,15,674
6254,1,15,15,450
6255,1,15,15,680
6256,1,15,15,673
6257,1,15,15,505
6258,1,15,15,652
6259,1,15,15,683
6260,1,15,15,680
6261,1,15,15,687
6262,1,15,15,257
6263,1,15,15,632
6264,1,15,15,622
6265,1,15,15,356
6266,1,15,15,446
6267,1,4,4,579
6268,1,21,15,218
6269,1,15,15,622
6270,1,15,15,637
6271,1,15,15,660
6272,1,15,15,556
6273,1,15,15,650
6274,1,15,15,681
6275,1,15,15,550
6276,1,15,15,661
6277,1,15,15,417
6278,1,15,15,571
6279,1,15,15,618
6280,1,15,15,692
6281,1,15,15,681
6282,1,15,15,670
6283,1,15,15,683
6284,1,41,41,673
6285,1,15,15,654
6286,1,15,15,646
6287,1,15,15,598
6288,1,15,15,300
6289,1,15,15,683
6290,1,15,15,679
6291,1,15,15,663
6292,1,15,15,664
6293,1,15,15,264
6294,1,15,15,656
6295,1,15,4,426
6296,1,15,15,685
6297,1,15,15,674
6298,1,15,15,684
6299,1,15,15,660
6300,1,15,15,683
6301,1,15,15,675
6302,1,15,15,665
6303,1,15,15,689
6304,1,15,15,682
6305,1,15,15,678
6306,1,15,15,687
6307,1,15,15,615
6308,1,3,3,508
6309,1,15,15,602
6310,1,15,15,502
6311,1,15,15,670
6312,1,15,15,683
6313,1,4,4,670
6314,1,15,15,681
6315,1,15,15,662
6316,1,15,15,627
6317,1,15,15,540
6318,1,15,15,684
6319,1,4,4,657
6320,1,15,15,685
6321,1,15,15,626
6322,1,15,15,668
6323,1,15,15,80
6324,1,15,15,634
6325,1,12,4,684
6326,1,21,15,71
6327,1,15,15,574
6328,1,15,15,675
6329,1,15,15,337
6330,1,15,15,511
6331,1,15,15,483
6332,1,15,15,419
6333,1,15,15,511
6334,1,15,15,277
6335,1,15,4,609
6336,1,15,15,662
6337,1,15,15,646
6338,1,15,15,546
6339,1,15,15,682
6340,1,15,15,677
6341,1,15,15,674
6342,1,15,15,513
6343,1,15,15,666
6344,1,15,15,596
6345,1,15,15,679
6346,1,15,15,285
6347,1,15,15,679
6348,1,15,15,673
6349,1,15,15,472
6350,1,4,4,679
6351,1,15,15,626
6352,1,15,15,637
6353,1,15,15,661
6354,1,21,15,673
6355,1,21,21,235
6356,1,15,15,684
6357,1,15,15,662
6358,1,15,15,664
6359,1,15,15,685
6360,1,15,15,648
6361,1,15,15,657
6362,1,15,15,682
6363,1,4,4,673
6364,1,15,15,628
6365,1,41,41,624
6366,1,15,15,281
6367,1,15,15,663
6368,1,15,15,684
6369,1,21,15,116
6370,1,15,15,689
6371,1,15,15,671
6372,1,15,15,605
6373,1,15,15,675
6374,1,15,15,637
6375,1,15,15,590
6376,1,15,15,665
6377,1,15,15,379
6378,1,15,15,673
6379,1,15,15,686
6380,1,15,15,492
6381,1,15,15,683
6382,1,15,15,679
6383,1,15,15,672
6384,1,21,15,641
6385,1,15,15,662
6386,1,15,15,679
6387,1,15,15,625
6388,1,15,15,657
6389,1,15,15,598
6390,1,15,4,640
6391,1,15,15,609
6392,1,15,15,328
6393,1,15,15,583
6394,1,15,15,685
6395,1,15,15,627
6396,1,15,15,646
6397,1,15,15,686
6398,1,15,15,618
6399,1,15,15,559
6400,1,15,15,683
6401,1,15,15,683
6402,1,15,15,672
6403,1,15,15,335
6404,1,15,15,659
6405,1,15,15,657
6406,1,15,15,675
6407,1,15,15,37
6408,1,15,15,355
6409,1,15,15,361
6410,1,15,15,684
6411,1,15,4,670
6412,1,15,15,673
6413,1,15,4,586
6414,1,15,15,591
6415,1,15,15,647
6416,1,25,25,357
6417,1,4,4,665
6418,1,15,15,642
6419,1,15,15,673
6420,1,15,15,649
6421,1,4,4,667
6422,1,15,15,680
6423,1,15,15,677
6424,1,15,15,661
6425,1,15,4,625
6426,1,15,15,660
6427,1,15,15,653
6428,1,15,15,665
6429,1,15,15,595
6430,1,15,15,661
6431,1,41,41,645
6432,1,15,15,592
6433,1,15,15,684
6434,1,15,15,680
6435,1,15,15,665
6436,1,15,15,677
6437,1,15,15,686
6438,1,4,4,614
6439,1,15,15,677
6440,1,15,15,673
6441,1,15,15,439
6442,1,15,15,663
6443,1,15,15,626
6444,1,15,15,686
6445,1,15,15,662
6446,1,4,4,661
6447,1,15,15,688
6448,1,15,15,686
6449,1,15,15,679
6450,1,15,15,684
6451,1,15,15,508
6452,1,15,15,686
6453,1,15,15,666
6454,1,15,15,670
6455,1,15,15,496
6456,1,15,15,538
6457,1,15,15,679
6458,1,4,4,599
6459,1,15,15,690
6460,1,15,15,675
6461,1,15,15,671
6462,1,15,15,560
6463,1,15,15,572
6464,1,15,15,632
6465,1,15,15,678
6466,1,11,11,678
6467,1,15,15,677
6468,1,15,15,652
6469,1,39,39,653
6470,1,15,15,543
6471,1,15,15,406
6472,1,15,15,198
6473,1,15,15,679
6474,1,15,4,663
6475,1,15,15,591
6476,1,15,15,679
6477,1,15,15,676
6478,1,15,15,686
6479,1,15,4,573
6480,1,15,15,671
6481,1,15,15,641
6482,1,15,15,676
6483,1,15,15,83
6484,1,39,39,543
6485,1,15,15,678
6486,1,15,15,683
6487,1,15,4,367
6488,1,15,15,692
6489,1,15,15,673
6490,1,15,15,676
6491,1,15,15,589
6492,1,15,15,537
6493,1,15,15,673
6494,1,15,15,666
6495,1,15,15,659
6496,1,15,15,609
6497,1,15,15,669
6498,1,15,15,686
6499,1,15,15,669
6500,1,15,15,682
6501,1,15,15,624
6502,1,15,15,516
6503,1,15,15,685
6504,1,15,15,591
6505,1,15,15,560
6506,1,15,15,668
6507,1,15,15,679
6508,1,15,15,603
6509,1,15,15,684
6510,1,15,15,345
6511,1,15,15,579
6512,1,15,15,582
6513,1,15,15,617
6514,1,15,15,685
6515,1,15,15,642
6516,1,15,15,124
6517,1,12,12,661
6518,1,15,15,651
6519,1,15,15,374
6520,1,15,15,669
6521,1,15,15,687
6522,1,15,15,523
6523,1,15,4,684
6524,1,15,15,671
6525,1,4,4,591
6526,1,15,15,646
6527,1,15,15,689
6528,1,15,15,662
6529,1,15,15,622
6530,1,15,15,666
6531,1,15,15,626
6532,1,15,15,563
6533,1,15,15,669
6534,1,3,3,670
6535,1,4,4,651
6536,1,15,15,668
6537,1,15,15,682
6538,1,15,15,600
6539,1,4,4,667
6540,1,15,15,641
6541,1,15,15,674
6542,1,15,15,672
6543,1,15,15,642
6544,1,15,15,673
6545,1,15,15,657
6546,1,15,15,628
6547,1,15,15,683
6548,1,4,4,677
6549,1,15,15,649
6550,1,15,15,651
6551,1,15,15,678
6552,1,15,15,679
6553,1,15,15,656
6554,1,15,15,680
6555,1,15,15,611
6556,1,15,15,630
6557,1,15,15,672
6558,1,15,15,678
6559,1,21,21,643
6560,1,15,15,673
6561,1,15,15,684
6562,1,15,15,495
6563,1,4,4,330
6564,1,15,15,619
6565,1,15,15,675
6566,1,15,15,680
6567,1,15,15,690
6568,1,15,15,670
6569,1,15,15,445
6570,1,15,15,581
6571,1,4,4,652
6572,1,15,15,661
6573,1,15,15,661
6574,1,15,15,58
6575,1,39,39,666
6576,1,15,15,658
6577,1,15,15,669
6578,1,15,15,39
6579,1,15,4,44
6580,1,15,15,672
6581,1,15,15,686
6582,1,15,15,679
6583,1,15,15,681
6584,1,15,15,671
6585,1,15,15,678
6586,1,15,15,687
6587,1,15,15,661
6588,1,15,15,658
6589,1,15,15,308
6590,1,15,4,557
6591,1,15,15,359
6592,1,15,4,630
6593,1,15,15,353
6594,1,15,15,602
6595,1,15,15,208
6596,1,15,15,617
6597,1,15,15,592
6598,1,15,15,655
6599,1,15,15,446
6600,1,15,15,649
6601,1,15,15,671
6602,1,15,15,654
6603,1,15,15,684
6604,1,15,15,276
6605,1,15,15,536
6606,1,15,15,88
6607,1,15,15,156
6608,1,15,15,676
6609,1,15,15,416
6610,1,15,15,675
6611,1,15,15,688
6612,1,15,15,676
6613,1,15,15,668
6614,1,15,15,671
6615,1,4,4,217
6616,1,15,15,441
6617,1,15,15,686
6618,1,15,15,669
6619,1,15,15,632
6620,1,15,15,663
6621,1,21,15,653
6622,1,15,15,695
6623,1,4,4,518
6624,1,15,15,669
6625,1,15,15,642
6626,1,15,15,660
6627,1,15,15,659
6628,1,15,15,642
6629,1,15,15,661
6630,1,15,15,683
6631,1,21,15,382
6632,1,15,15,679
6633,1,15,15,537
6634,1,15,15,675
6635,1,15,15,536
6636,1,15,15,690
6637,1,15,15,627
6638,1,15,15,680
6639,1,15,15,667
6640,1,15,15,670
6641,1,15,15,311
6642,1,15,15,665
6643,1,15,4,622
6644,1,15,15,589
6645,1,15,15,687
6646,1,15,15,686
6647,1,15,15,513
6648,1,15,15,500
6649,1,15,15,651
6650,1,15,15,613
6651,1,15,15,677
6652,1,15,15,661
6653,1,21,15,348
6654,1,15,15,652
6655,1,39,39,630
6656,1,15,15,673
6657,1,15,15,686
6658,1,15,15,672
6659,1,15,15,256
6660,1,15,15,654
6661,1,15,15,688
6662,1,15,15,660
6663,1,15,15,636
6664,1,15,15,682
6665,1,15,15,528
6666,1,4,4,139
6667,1,21,15,32
6668,1,15,15,577
6669,1,15,15,686
6670,1,15,15,680
6671,1,15,15,680
6672,1,15,15,668
6673,1,15,15,688
6674,1,15,15,654
6675,1,15,15,684
6676,1,4,4,644
6677,1,15,15,664
6678,1,15,15,204
6679,1,15,15,339
6680,1,15,15,659
6681,1,15,15,683
6682,1,15,15,688
6683,1,15,15,642
6684,1,15,15,651
6685,1,15,15,630
6686,1,15,15,625
6687,1,15,15,631
6688,1,15,15,685
6689,1,15,15,677
6690,1,15,15,664
6691,1,15,15,668
6692,1,15,15,651
6693,1,15,15,679
6694,1,15,15,642
6695,1,15,15,687
6696,1,4,4,610
6697,1,12,12,651
6698,1,4,4,623
6699,1,15,15,601
6700,1,15,15,659
6701,1,15,15,646
6702,1,15,15,671
6703,1,15,15,652
6704,1,15,15,682
6705,1,4,4,266
6706,1,15,15,665
6707,1,15,15,641
6708,1,15,15,622
6709,1,15,15,309
6710,1,15,15,629
6711,1,15,15,671
6712,1,15,15,684
6713,1,15,15,657
6714,1,15,15,688
6715,1,15,15,672
6716,1,15,15,578
6717,1,15,4,456
6718,1,15,15,685
6719,1,15,15,636
6720,1,21,15,645
6721,1,15,15,669
6722,1,15,15,469
6723,1,15,15,675
6724,1,15,15,675
6725,1,15,15,688
6726,1,15,15,689
6727,1,15,15,317
6728,1,15,15,674
6729,1,15,15,557
6730,1,15,15,553
6731,1,15,15,677
6732,1,15,15,664
6733,1,15,15,675
6734,1,15,15,301
6735,1,15,15,673
6736,1,15,15,568
6737,1,15,15,651
6738,1,15,15,686
6739,1,15,15,670
6740,1,15,15,688
6741,1,15,15,645
6742,1,15,15,674
6743,1,15,15,653
6744,1,15,15,683
6745,1,15,15,576
6746,1,15,15,676
6747,1,15,15,566
6748,1,15,15,535
6749,1,15,15,689
6750,1,15,15,681
6751,1,15,15,668
6752,1,15,15,610
6753,1,15,15,413
6754,1,15,15,681
6755,1,15,15,654
6756,1,4,4,642
6757,1,15,15,669
6758,1,15,15,597
6759,1,15,15,610
6760,1,15,15,683
6761,1,15,15,690
6762,1,15,15,104
6763,1,15,15,652
6764,1,24,24,627
6765,1,15,15,650
6766,1,15,15,690
6767,1,15,15,573
6768,1,15,15,683
6769,1,15,15,656
6770,1,15,15,655
6771,1,15,15,680
6772,1,15,15,679
6773,1,15,15,399
6774,1,15,15,617
6775,1,15,15,580
6776,1,15,15,689
6777,1,15,15,685
6778,1,15,15,417
6779,1,15,15,123
6780,1,15,15,618
6781,1,15,15,634
6782,1,15,15,623
6783,1,15,15,647
6784,1,15,15,684
6785,1,15,15,226
6786,1,15,15,435
6787,1,39,39,546
6788,1,4,4,673
6789,1,4,4,670
6790,1,15,15,173
6791,1,15,15,632
6792,1,15,15,670
6793,1,15,15,673
6794,1,15,15,647
6795,1,15,15,607
6796,1,15,15,610
6797,1,15,15,652
6798,1,15,15,595
6799,1,15,15,647
6800,1,4,4,597
6801,1,15,15,671
6802,1,15,15,665
6803,1,15,15,671
6804,1,15,15,674
6805,1,15,15,689
6806,1,15,15,599
6807,1,15,15,690
6808,1,15,15,682
6809,1,15,15,651
6810,1,4,4,514
6811,1,15,15,647
6812,1,15,15,273
6813,1,15,15,650
6814,1,15,15,686
6815,1,15,15,414
6816,1,15,15,675
6817,1,15,15,647
6818,1,15,15,686
6819,1,41,41,678
6820,1,15,15,613
6821,1,15,15,671
6822,1,15,15,572
6823,1,15,15,662
6824,1,15,15,645
6825,1,15,15,158
6826,1,15,15,645
6827,1,15,15,683
6828,1,15,15,277
6829,1,39,39,633
6830,1,15,15,561
6831,1,15,15,687
6832,1,15,15,562
6833,1,15,15,177
6834,1,15,15,640
6835,1,4,4,650
6836,1,15,15,518
6837,1,15,15,670
6838,1,15,15,597
6839,1,15,15,664
6840,1,15,15,675
6841,1,15,15,142
6842,1,15,15,238
6843,1,15,15,659
6844,1,9,9,687
6845,1,15,15,627
6846,1,15,15,219
6847,1,15,15,646
6848,1,15,15,690
6849,1,15,15,525
6850,1,15,15,540
6851,1,15,15,578
6852,1,15,15,489
6853,1,15,15,659
6854,1,15,15,597
6855,1,39,39,671
6856,1,15,15,316
6857,1,15,15,669
6858,1,15,15,689
6859,1,15,15,661
6860,1,15,15,682
6861,1,15,15,673
6862,1,15,15,644
6863,1,15,15,632
6864,1,12,12,521
6865,1,15,15,672
6866,1,15,15,681
6867,1,15,15,674
6868,1,15,15,608
6869,1,15,15,672
6870,1,15,15,649
6871,1,3,3,639
6872,1,15,15,678
6873,1,15,15,646
6874,1,15,15,667
6875,1,21,15,675
6876,1,15,15,340
6877,1,15,15,676
6878,1,15,15,651
6879,1,15,15,673
6880,1,15,15,679
6881,1,15,15,689
6882,1,15,15,643
6883,1,15,15,676
6884,1,15,4,463
6885,1,15,15,669
6886,1,15,15,498
6887,1,15,15,667
6888,1,15,15,668
6889,1,15,15,566
6890,1,15,15,689
6891,1,15,15,678
6892,1,4,4,604
6893,1,15,15,682
6894,1,15,15,95
6895,1,15,15,670
6896,1,15,15,689
6897,1,15,15,655
6898,1,15,15,683
6899,1,15,15,137
6900,1,15,15,630
6901,1,15,15,665
6902,1,15,15,671
6903,1,15,15,664
6904,1,15,15,686
6905,1,15,15,682
6906,1,15,15,642
6907,1,15,15,666
6908,1,15,15,634
6909,1,15,15,680
6910,1,15,15,687
6911,1,15,15,625
6912,1,15,15,664
6913,1,15,15,688
6914,1,15,15,687
6915,1,15,15,664
6916,1,15,15,670
6917,1,15,15,362
6918,1,15,15,685
6919,1,15,15,684
6920,1,15,15,685
6921,1,15,15,639
6922,1,15,15,628
6923,1,15,15,221
6924,1,15,15,611
6925,1,15,15,682
6926,1,15,15,686
6927,1,15,15,690
6928,1,15,15,327
6929,1,15,15,652
6930,1,4,4,639
6931,1,15,15,661
6932,1,15,15,496
6933,1,15,15,676
6934,1,9,9,678
6935,1,15,15,672
6936,1,15,15,684
6937,1,15,15,438
6938,1,15,15,599
6939,1,15,15,688
6940,1,15,15,626
6941,1,15,15,683
6942,1,15,15,251
6943,1,15,15,625
6944,1,15,15,579
6945,1,15,15,676
6946,1,15,15,641
6947,1,15,15,688
6948,1,15,15,686
6949,1,21,15,668
6950,1,4,4,642
6951,1,15,15,487
6952,1,15,15,685
6953,1,15,15,685
6954,1,15,15,674
6955,1,15,15,664
6956,1,15,15,660
6957,1,15,4,684
6958,1,15,15,683
6959,1,15,15,673
6960,1,15,15,688
6961,1,41,41,677
6962,1,15,15,669
6963,1,15,15,682
6964,1,15,15,646
6965,1,15,15,674
6966,1,15,15,663
6967,1,15,15,671
6968,1,4,4,427
6969,1,15,15,344
6970,1,15,15,666
6971,1,15,15,684
6972,1,15,15,569
6973,1,15,15,674
6974,1,15,15,667
6975,1,15,15,685
6976,1,15,15,385
6977,1,15,15,211
6978,1,15,15,637
6979,1,15,15,657
6980,1,15,15,682
6981,1,15,15,479
6982,1,15,15,656
6983,1,15,15,674
6984,1,15,15,671
6985,1,15,15,620
6986,1,15,15,677
6987,1,15,15,678
6988,1,41,41,540
6989,1,4,4,83
6990,1,15,15,685
6991,1,15,15,690
6992,1,15,15,565
6993,1,15,15,670
6994,1,15,15,688
6995,1,15,15,611
6996,1,15,15,675
6997,1,15,15,662
6998,1,15,15,618
6999,1,4,4,667
7000,1,41,41,623
7001,1,15,15,685
7002,1,15,15,683
7003,1,15,15,676
7004,1,15,15,149
7005,1,15,15,659
7006,1,15,15,664
7007,1,15,15,201
7008,1,15,15,655
7009,1,41,15,679
7010,1,15,15,550
7011,1,15,15,676
7012,1,15,15,687
7013,1,15,15,671
7014,1,15,15,638
7015,1,15,15,631
7016,1,15,15,620
7017,1,15,15,342
7018,1,15,15,679
7019,1,15,15,668
7020,1,39,39,659
7021,1,15,15,615
7022,1,15,15,690
7023,1,15,15,676
7024,1,15,15,687
7025,1,15,15,680
7026,1,15,15,675
7027,1,15,15,665
7028,1,39,39,694
7029,1,41,41,660
7030,1,15,15,687
7031,1,4,4,572
7032,1,15,15,681
7033,1,15,15,658
7034,1,21,15,647
7035,1,15,3,547
7036,1,15,15,641
7037,1,15,15,688
7038,1,15,15,340
7039,1,15,15,614
7040,1,15,15,684
7041,1,15,15,384
7042,1,15,15,678
7043,1,15,15,247
7044,1,15,15,534
7045,1,4,4,632
7046,1,15,15,666
7047,1,15,15,661
7048,1,15,15,665
7049,1,15,15,122
7050,1,15,15,686
7051,1,15,15,614
7052,1,15,15,632
7053,1,15,15,683
7054,1,41,41,686
7055,1,15,15,673
7056,1,15,15,676
7057,1,15,15,634
7058,1,15,15,309
7059,1,15,15,687
7060,1,9,9,633
7061,1,21,15,685
7062,1,15,15,683
7063,1,15,15,399
7064,1,15,15,681
7065,1,15,15,680
7066,1,15,15,681
7067,1,15,15,674
7068,1,15,15,667
7069,1,15,15,646
7070,1,15,15,652
7071,1,21,15,658
7072,1,15,15,668
7073,1,15,15,569
7074,1,15,41,633
7075,1,15,15,666
7076,1,41,41,687
7077,1,15,15,687
7078,1,15,15,689
7079,1,15,15,60
7080,1,15,15,650
7081,1,15,15,675
7082,1,15,15,677
7083,1,15,15,661
7084,1,15,15,675
7085,1,15,15,576
7086,1,15,15,677
7087,1,15,15,666
7088,1,15,15,685
7089,1,15,15,677
7090,1,39,39,671
7091,1,15,15,670
7092,1,15,15,442
7093,1,39,15,668
7094,1,15,15,449
7095,1,15,15,667
7096,1,15,15,669
7097,1,15,15,661
7098,1,15,15,263
7099,1,15,15,680
7100,1,21,15,155
7101,1,15,15,678
7102,1,15,15,548
7103,1,15,15,671
7104,1,15,15,676
7105,1,15,15,661
7106,1,15,15,572
7107,1,15,15,655
7108,1,15,15,691
7109,1,15,15,630
7110,1,15,15,622
7111,1,15,15,677
7112,1,15,15,634
7113,1,15,15,681
7114,1,15,15,618
7115,1,15,15,686
7116,1,15,15,620
7117,1,15,15,480
7118,1,24,24,597
7119,1,15,15,662
7120,1,15,15,643
7121,1,9,9,662
7122,1,15,15,668
7123,1,15,15,575
7124,1,15,15,667
7125,1,15,15,684
7126,1,15,15,665
7127,1,15,15,619
7128,1,15,15,683
7129,1,15,15,655
7130,1,41,41,630
7131,1,15,15,665
7132,1,15,15,689
7133,1,15,15,685
7134,1,15,15,683
7135,1,15,15,688
7136,1,15,15,670
7137,1,15,15,426
7138,1,15,12,400
7139,1,15,15,646
7140,1,15,15,679
7141,1,15,15,675
7142,1,15,15,676
7143,1,15,15,687
7144,1,15,15,683
7145,1,15,15,670
7146,1,15,15,239
7147,1,15,15,675
7148,1,15,15,683
7149,1,4,4,557
7150,1,15,15,649
7151,1,15,15,73
7152,1,15,15,673
7153,1,15,15,616
7154,1,15,15,57
7155,1,15,15,587
7156,1,15,15,658
7157,1,15,15,688
7158,1,15,15,687
7159,1,15,15,265
7160,1,15,15,597
7161,1,15,15,670
7162,1,15,4,677
7163,1,15,15,367
7164,1,15,15,681
7165,1,15,15,637
7166,1,15,15,639
7167,1,15,15,680
7168,1,15,15,645
7169,1,15,15,592
7170,1,15,15,630
7171,1,15,15,685
7172,1,15,15,576
7173,1,15,15,684
7174,1,15,15,675
7175,1,15,15,427
7176,1,15,15,692
7177,1,15,3,563
7178,1,15,15,679
7179,1,15,15,622
7180,1,15,15,671
7181,1,15,15,665
7182,1,21,15,56
7183,1,15,15,640
7184,1,15,15,438
7185,1,15,15,608
7186,1,15,15,665
7187,1,15,15,670
7188,1,15,15,617
7189,1,15,15,695
7190,1,15,15,639
7191,1,15,15,676
7192,1,15,15,674
7193,1,15,15,682
7194,1,15,15,682
7195,1,15,15,620
7196,1,15,15,642
7197,1,15,15,336
7198,1,15,15,621
7199,1,15,15,679
7200,1,15,4,653
7201,1,15,15,651
7202,1,15,15,691
7203,1,15,15,651
7204,1,15,15,670
7205,1,15,15,41
7206,1,12,12,651
7207,1,15,15,681
7208,1,15,15,386
7209,1,15,15,688
7210,1,15,12,675
7211,1,15,15,671
7212,1,15,15,675
7213,1,15,15,685
7214,1,15,15,675
7215,1,15,15,668
7216,1,15,15,283
7217,1,15,15,686
7218,1,15,15,651
7219,1,15,15,654
7220,1,15,15,328
7221,1,15,15,689
7222,1,15,15,465
7223,1,15,15,676
7224,1,15,15,285
7225,1,15,15,692
7226,1,15,15,642
7227,1,15,15,246
7228,1,15,15,645
7229,1,15,15,689
7230,1,15,15,683
7231,1,15,15,545
7232,1,15,15,399
7233,1,15,15,674
7234,1,3,3,366
7235,1,15,15,676
7236,1,15,15,670
7237,1,15,15,650
7238,1,15,15,677
7239,1,15,15,679
7240,1,15,15,653
7241,1,15,15,636
7242,1,4,4,660
7243,1,15,15,687
7244,1,41,41,674
7245,1,15,15,676
7246,1,15,15,677
7247,1,15,15,675
7248,1,15,15,669
7249,1,15,15,619
7250,1,15,15,681
7251,1,21,15,406
7252,1,9,9,675
7253,1,15,15,655
7254,1,15,15,680
7255,1,15,15,691
7256,1,15,15,670
7257,1,12,12,473
7258,1,15,15,650
7259,1,15,15,664
7260,1,15,15,615
7261,1,15,15,630
7262,1,15,15,650
7263,1,15,15,683
7264,1,15,15,691
7265,1,15,15,466
7266,1,39,39,620
7267,1,15,15,471
7268,1,15,15,614
7269,1,15,15,680
7270,1,15,15,682
7271,1,15,15,641
7272,1,15,15,654
7273,1,15,15,519
7274,1,15,15,253
7275,1,15,15,429
7276,1,15,15,686
7277,1,15,15,682
7278,1,15,15,296
7279,1,15,15,688
7280,1,15,15,337
7281,1,15,15,684
7282,1,15,15,614
7283,1,20,15,679
7284,1,15,15,486
7285,1,15,15,677
7286,1,15,15,647
7287,1,15,15,672
7288,1,15,15,628
7289,1,15,15,559
7290,1,15,15,367
7291,1,4,4,656
7292,1,15,15,319
7293,1,15,15,664
7294,1,15,15,667
7295,1,15,15,648
7296,1,15,15,586
7297,1,15,15,681
7298,1,15,15,686
7299,1,15,15,635
7300,1,15,15,674
7301,1,15,15,690
7302,1,15,15,460
7303,1,15,15,614
7304,1,15,15,668
7305,1,15,15,665
7306,1,15,15,674
7307,1,15,15,672
7308,1,15,15,261
7309,1,15,15,27
7310,1,15,15,667
7311,1,15,15,686
7312,1,15,15,665
7313,1,15,15,681
7314,1,15,15,615
7315,1,15,15,625
7316,1,15,15,343
7317,1,15,15,668
7318,1,15,15,681
7319,1,15,15,677
7320,1,4,4,655
7321,1,21,21,435
7322,1,15,15,678
7323,1,15,15,22
7324,1,15,15,485
7325,1,15,15,661
7326,1,15,15,689
7327,1,15,15,683
7328,1,15,15,684
7329,1,15,15,605
7330,1,15,15,611
7331,1,15,15,61
7332,1,15,15,687
7333,1,15,15,686
7334,1,39,39,685
7335,1,15,15,690
7336,1,15,15,632
7337,1,15,15,683
7338,1,15,15,667
7339,1,4,4,305
7340,1,15,15,551
7341,1,15,15,665
7342,1,15,15,630
7343,1,15,15,679
7344,1,15,15,688
7345,1,15,15,661
7346,1,15,15,640
7347,1,15,15,491
7348,1,15,15,664
7349,1,15,15,518
7350,1,15,15,400
7351,1,15,15,679
7352,1,15,15,509
7353,1,15,15,680
7354,1,15,15,661
7355,1,15,15,577
7356,1,15,15,678
7357,1,15,15,220
7358,1,15,15,657
7359,1,15,15,643
7360,1,15,15,527
7361,1,15,4,647
7362,1,15,15,685
7363,1,15,15,680
7364,1,15,15,33
7365,1,15,15,296
7366,1,15,15,679
7367,1,15,15,682
7368,1,15,15,686
7369,1,15,15,677
7370,1,15,15,682
7371,1,15,15,629
7372,1,15,15,679
7373,1,15,15,680
7374,1,15,15,590
7375,1,15,15,655
7376,1,15,15,620
7377,1,15,15,677
7378,1,15,15,655
7379,1,15,15,690
7380,1,15,15,689
7381,1,15,15,645
7382,1,15,15,665
7383,1,15,15,459
7384,1,15,15,682
7385,1,15,15,358
7386,1,15,15,410
7387,1,15,15,626
7388,1,15,15,371
7389,1,15,15,624
7390,1,15,15,646
7391,1,15,15,335
7392,1,15,15,675
7393,1,15,15,649
7394,1,15,15,645
7395,1,15,15,672
7396,1,15,15,565
7397,1,15,15,276
7398,1,15,15,615
7399,1,15,15,682
7400,1,15,15,685
7401,1,15,15,171
7402,1,15,15,673
7403,1,15,15,208
7404,1,15,4,534
7405,1,9,9,517
7406,1,39,39,682
7407,1,15,15,576
7408,1,15,15,657
7409,1,15,15,672
7410,1,15,15,658
7411,1,15,15,409
7412,1,15,15,340
7413,1,15,15,409
7414,1,15,15,666
7415,1,15,15,670
7416,1,3,3,587
7417,1,15,15,678
7418,1,15,15,670
7419,1,15,15,596
7420,1,15,15,642
7421,1,15,15,670
7422,1,15,15,681
7423,1,15,15,682
7424,1,15,15,671
7425,1,15,15,659
7426,1,15,15,671
7427,1,15,15,615
7428,1,15,15,682
7429,1,15,15,662
7430,1,4,4,581
7431,1,15,15,673
7432,1,15,15,658
7433,1,15,15,666
7434,1,15,15,614
7435,1,15,15,681
7436,1,15,15,683
7437,1,15,15,625
7438,1,15,15,630
7439,1,4,4,668
7440,1,15,15,673
7441,1,15,15,446
7442,1,15,15,642
7443,1,15,15,676
7444,1,15,15,652
7445,1,15,15,666
7446,1,15,15,681
7447,1,15,15,181
7448,1,15,15,666
7449,1,15,15,667
7450,1,21,15,387
7451,1,15,15,661
7452,1,15,15,676
7453,1,15,15,583
7454,1,15,15,600
7455,1,15,15,321
7456,1,15,15,670
7457,1,15,15,536
7458,1,15,15,685
7459,1,15,15,685
7460,1,15,15,674
7461,1,15,15,254
7462,1,15,15,644
7463,1,15,15,686
7464,1,15,15,688
7465,1,15,15,51
7466,1,15,15,553
7467,1,15,15,673
7468,1,15,15,677
7469,1,15,15,649
7470,1,15,15,661
7471,1,15,15,439
7472,1,15,15,491
7473,1,15,15,447
7474,1,15,15,412
7475,1,15,15,595
7476,1,15,15,601
7477,1,15,15,684
7478,1,3,3,649
7479,1,15,15,622
7480,1,39,39,621
7481,1,21,15,669
7482,1,15,15,684
7483,1,15,15,674
7484,1,15,15,512
7485,1,15,15,670
7486,1,15,15,683
7487,1,12,12,595
7488,1,15,15,651
7489,1,15,15,641
7490,1,15,15,686
7491,1,15,15,690
7492,1,15,15,39
7493,1,15,15,169
7494,1,15,15,678
7495,1,24,24,667
7496,1,41,41,635
7497,1,15,15,553
7498,1,15,15,598
7499,1,15,15,680
7500,1,15,15,679
7501,1,39,39,688
7502,1,15,15,685
7503,1,15,15,685
7504,1,39,39,650
7505,1,15,15,683
7506,1,15,15,670
7507,1,15,15,669
7508,1,15,15,689
7509,1,15,15,685
7510,1,15,15,585
7511,1,15,15,689
7512,1,15,15,640
7513,1,15,15,658
7514,1,15,15,656
7515,1,15,15,685
7516,1,15,15,650
7517,1,15,15,675
7518,1,15,15,652
7519,1,15,15,250
7520,1,15,15,673
7521,1,15,15,369
7522,1,15,15,670
7523,1,15,15,687
7524,1,15,15,650
7525,1,21,15,648
7526,1,15,15,562
7527,1,15,15,405
7528,1,15,15,686
7529,1,15,15,656
7530,1,15,15,664
7531,1,15,15,664
7532,1,15,15,393
7533,1,15,15,674
7534,1,15,15,588
7535,1,15,15,685
7536,1,15,15,634
7537,1,15,15,661
7538,1,15,15,649
7539,1,15,15,661
7540,1,15,15,687
7541,1,41,41,675
7542,1,15,15,678
7543,1,15,15,683
7544,1,15,15,679
7545,1,15,15,661
7546,1,15,15,685
7547,1,15,15,649
7548,1,15,15,680
7549,1,15,15,671
7550,1,15,4,676
7551,1,15,15,478
7552,1,15,15,671
7553,1,15,15,552
7554,1,15,15,535
7555,1,15,15,631
7556,1,15,15,368
7557,1,15,15,674
7558,1,15,15,640
7559,1,15,15,688
7560,1,15,15,648
7561,1,15,15,676
7562,1,15,15,636
7563,1,15,15,662
7564,1,15,15,456
7565,1,15,15,603
7566,1,15,15,637
7567,1,4,4,553
7568,1,4,4,105
7569,1,15,15,685
7570,1,15,15,676
7571,1,15,15,169
7572,1,15,15,684
7573,1,15,15,654
7574,1,15,15,620
7575,1,15,15,689
7576,1,15,15,650
7577,1,15,15,661
7578,1,15,15,652
7579,1,15,15,678
7580,1,15,15,655
7581,1,15,15,655
7582,1,15,15,674
7583,1,15,15,659
7584,1,15,15,673
7585,1,15,15,498
7586,1,15,15,655
7587,1,15,15,677
7588,1,15,15,692
7589,1,15,15,634
7590,1,15,15,678
7591,1,15,15,673
7592,1,15,15,631
7593,1,15,15,169
7594,1,15,15,659
7595,1,15,15,256
7596,1,41,15,639
7597,1,15,15,690
7598,1,15,15,597
7599,1,15,15,676
7600,1,15,15,19
7601,1,15,15,660
7602,1,15,15,693
7603,1,15,15,656
7604,1,15,15,679
7605,1,15,15,669
7606,1,15,15,616
7607,1,15,15,447
7608,1,15,15,680
7609,1,15,15,627
7610,1,15,15,633
7611,1,15,15,639
7612,1,15,15,282
7613,1,15,15,470
7614,1,15,15,630
7615,1,15,15,649
7616,1,15,15,684
7617,1,15,15,680
7618,1,39,41,674
7619,1,15,15,658
7620,1,15,15,591
7621,1,15,15,616
7622,1,15,15,432
7623,1,15,15,686
7624,1,15,15,665
7625,1,15,15,673
7626,1,15,15,691
7627,1,15,15,286
7628,1,15,15,688
7629,1,15,15,112
7630,1,39,39,346
7631,1,15,15,685
7632,1,15,15,372
7633,1,15,15,655
7634,1,15,15,686
7635,1,15,15,675
7636,1,15,15,588
7637,1,15,15,668
7638,1,4,4,614
7639,1,15,15,658
7640,1,41,15,653
7641,1,21,15,180
7642,1,41,41,664
7643,1,15,15,267
7644,1,15,15,684
7645,1,15,15,662
7646,1,15,15,221
7647,1,15,15,657
7648,1,15,15,646
7649,1,15,15,687
7650,1,15,15,666
7651,1,15,15,395
7652,1,15,15,677
7653,1,4,4,582
7654,1,15,15,684
7655,1,15,15,597
7656,1,15,15,56
7657,1,15,15,664
7658,1,15,15,685
7659,1,15,15,634
7660,1,15,15,629
7661,1,15,15,654
7662,1,15,15,627
7663,1,15,15,490
7664,1,4,4,180
7665,1,15,15,527
7666,1,15,4,549
7667,1,15,15,664
7668,1,15,15,508
7669,1,21,15,387
7670,1,15,15,162
7671,1,15,15,532
7672,1,15,15,612
7673,1,15,15,673
7674,1,15,15,688
7675,1,15,15,687
7676,1,15,15,683
7677,1,4,4,646
7678,1,15,15,680
7679,1,15,15,252
7680,1,4,4,676
7681,1,15,15,691
7682,1,15,15,650
7683,1,11,11,661
7684,1,15,15,686
7685,1,15,15,655
7686,1,15,15,662
7687,1,15,15,668
7688,1,4,4,581
7689,1,15,15,649
7690,1,15,15,666
7691,1,15,15,679
7692,1,15,15,629
7693,1,15,15,678
7694,1,15,15,676
7695,1,15,15,685
7696,1,15,15,650
7697,1,15,15,418
7698,1,15,15,660
7699,1,15,15,642
7700,1,15,15,680
7701,1,15,15,686
7702,1,15,15,342
7703,1,15,15,647
7704,1,15,15,628
7705,1,15,15,638
7706,1,15,15,645
7707,1,15,15,664
7708,1,15,15,664
7709,1,15,15,658
7710,1,15,15,675
7711,1,15,15,675
7712,1,15,15,612
7713,1,15,15,500
7714,1,15,15,529
7715,1,15,15,657
7716,1,15,15,604
7717,1,15,15,668
7718,1,15,15,690
7719,1,15,15,682
7720,1,15,15,545
7721,1,15,15,685
7722,1,15,15,681
7723,1,15,15,596
7724,1,15,15,659
7725,1,15,15,663
7726,1,15,15,649
7727,1,15,15,684
7728,1,15,15,424
7729,1,15,15,639
7730,1,15,15,670
7731,1,15,15,654
7732,1,15,15,694
7733,1,15,15,672
7734,1,15,15,651
7735,1,15,15,687
7736,1,15,15,593
7737,1,15,15,651
7738,1,15,15,576
7739,1,15,15,682
7740,1,15,15,681
7741,1,15,15,445
7742,1,15,15,684
7743,1,15,15,595
7744,1,15,15,676
7745,1,15,15,542
7746,1,15,15,679
7747,1,15,15,658
7748,1,15,15,657
7749,1,15,15,660
7750,1,15,15,685
7751,1,15,15,657
7752,1,11,11,15
7753,1,15,15,677
7754,1,15,15,676
7755,1,15,15,680
7756,1,15,15,656
7757,1,4,4,652
7758,1,15,15,672
7759,1,15,15,675
7760,1,15,15,587
7761,1,15,15,671
7762,1,15,15,624
7763,1,15,15,688
7764,1,15,15,675
7765,1,15,15,623
7766,1,15,15,278
7767,1,15,15,589
7768,1,15,15,683
7769,1,41,41,649
7770,1,15,15,645
7771,1,15,15,667
7772,1,15,15,30
7773,1,15,15,437
7774,1,15,15,676
7775,1,15,15,496
7776,1,3,3,398
7777,1,15,15,685
7778,1,15,15,680
7779,1,15,15,249
7780,1,15,15,59
7781,1,15,15,474
7782,1,15,15,672
7783,1,15,15,669
7784,1,15,15,625
7785,1,15,15,648
7786,1,15,15,680
7787,1,15,15,676
7788,1,15,15,659
7789,1,15,15,677
7790,1,15,15,665
7791,1,15,15,564
7792,1,15,15,684
7793,1,4,4,611
7794,1,15,15,358
7795,1,15,15,658
7796,1,15,15,418
7797,1,15,15,682
7798,1,15,15,106
7799,1,15,15,672
7800,1,15,15,682
7801,1,15,15,605
7802,1,15,15,634
7803,1,15,15,633
7804,1,15,15,249
7805,1,15,15,676
7806,1,4,15,665
7807,1,15,15,665
7808,1,15,15,676
7809,1,15,15,672
7810,1,15,15,681
7811,1,4,4,210
7812,1,15,15,585
7813,1,15,15,598
7814,1,15,15,676
7815,1,15,15,687
7816,1,15,15,661
7817,1,15,15,684
7818,1,15,15,649
7819,1,15,15,690
7820,1,15,15,659
7821,1,15,15,667
7822,1,15,15,660
7823,1,15,15,673
7824,1,15,15,672
7825,1,15,15,493
7826,1,15,15,677
7827,1,15,15,496
7828,1,15,15,676
7829,1,15,4,647
7830,1,15,15,645
7831,1,15,15,649
7832,1,15,15,593
7833,1,15,15,671
7834,1,15,15,674
7835,1,21,21,597
7836,1,15,15,662
7837,1,15,15,629
7838,1,15,15,671
7839,1,15,15,651
7840,1,15,15,680
7841,1,15,15,642
7842,1,15,15,670
7843,1,15,15,135
7844,1,21,15,561
7845,1,15,15,586
7846,1,4,4,567
7847,1,15,15,693
7848,1,15,15,597
7849,1,15,15,662
7850,1,15,15,602
7851,1,15,15,654
7852,1,15,15,672
7853,1,15,15,678
7854,1,4,4,645
7855,1,15,15,469
7856,1,4,4,616
7857,1,15,4,642
7858,1,15,15,675
7859,1,15,15,682
7860,1,15,15,620
7861,1,15,15,59
7862,1,15,12,616
7863,1,15,15,676
7864,1,15,15,665
7865,1,15,15,668
7866,1,4,4,359
7867,1,15,15,14
7868,1,21,15,639
7869,1,15,15,685
7870,1,15,15,470
7871,1,15,15,654
7872,1,15,15,270
7873,1,15,15,663
7874,1,15,15,367
7875,1,15,15,680
7876,1,15,15,665
7877,1,39,39,672
7878,1,15,15,395
7879,1,15,15,667
7880,1,15,15,679
7881,1,15,15,680
7882,1,15,15,475
7883,1,15,15,667
7884,1,15,15,4
7885,1,15,15,645
7886,1,15,15,680
7887,1,15,15,223
7888,1,15,15,65
7889,1,15,15,675
7890,1,15,15,472
7891,1,15,15,525
7892,1,15,15,656
7893,1,15,15,486
7894,1,15,15,654
7895,1,15,15,670
7896,1,15,15,673
7897,1,15,15,557
7898,1,15,15,677
7899,1,15,15,672
7900,1,15,15,638
7901,1,15,15,675
7902,1,15,15,125
7903,1,15,15,669
7904,1,15,15,641
7905,1,15,15,651
7906,1,15,15,691
7907,1,4,4,623
7908,1,4,4,669
7909,1,15,15,33
7910,1,15,15,472
7911,1,15,15,573
7912,1,15,15,660
7913,1,15,15,670
7914,1,15,15,682
7915,1,15,15,643
7916,1,15,15,419
7917,1,15,15,660
7918,1,15,15,667
7919,1,15,15,609
7920,1,15,15,535
7921,1,15,15,668
7922,1,15,15,684
7923,1,15,15,263
7924,1,15,15,681
7925,1,15,15,600
7926,1,15,15,689
7927,1,15,15,683
7928,1,15,15,649
7929,1,4,4,368
7930,1,15,15,682
7931,1,15,15,694
7932,1,15,15,682
7933,1,9,9,677
7934,1,15,15,689
7935,1,15,15,669
7936,1,15,15,677
7937,1,15,15,672
7938,1,15,15,661
7939,1,15,15,690
7940,1,21,21,674
7941,1,15,15,681
7942,1,15,15,678
7943,1,15,15,620
7944,1,15,15,618
7945,1,15,15,682
7946,1,15,15,447
7947,1,15,15,643
7948,1,15,15,679
7949,1,15,15,19
7950,1,15,15,507
7951,1,15,15,604
7952,1,15,15,682
7953,1,15,15,685
7954,1,15,15,622
7955,1,15,15,671
7956,1,15,15,673
7957,1,15,15,177
7958,1,15,15,668
7959,1,15,15,685
7960,1,15,15,651
7961,1,15,15,685
7962,1,21,15,298
7963,1,15,15,686
7964,1,15,15,679
7965,1,15,15,598
7966,1,15,15,644
7967,1,15,15,661
7968,1,15,15,503
7969,1,15,15,600
7970,1,15,15,674
7971,1,15,15,680
7972,1,15,15,541
7973,1,15,15,662
7974,1,39,39,671
7975,1,15,15,674
7976,1,15,15,687
7977,1,15,15,661
7978,1,15,15,668
7979,1,15,15,222
7980,1,15,15,634
7981,1,21,15,599
7982,1,15,15,264
7983,1,15,15,683
7984,1,15,15,673
7985,1,15,15,682
7986,1,15,15,670
7987,1,15,15,665
7988,1,15,15,267
7989,1,15,15,677
7990,1,15,15,667
7991,1,15,15,477
7992,1,12,12,626
7993,1,15,15,612
7994,1,15,11,590
7995,1,15,15,689
7996,1,15,15,622
7997,1,15,15,670
7998,1,15,15,650
7999,1,15,15,171
8000,1,15,15,652
8001,1,15,15,680
8002,1,15,15,642
8003,1,15,15,250
8004,1,15,15,597
8005,1,15,15,645
8006,1,15,15,626
8007,1,15,15,685
8008,1,15,15,648
8009,1,15,15,686
8010,1,15,15,677
8011,1,15,15,680
8012,1,15,15,195
8013,1,15,15,282
8014,1,15,15,626
8015,1,4,4,653
8016,1,15,15,682
8017,1,15,15,303
8018,1,15,15,315
8019,1,15,15,486
8020,1,15,15,686
8021,1,15,15,658
8022,1,15,15,676
8023,1,15,15,662
8024,1,12,12,477
8025,1,15,15,527
8026,1,15,15,640
8027,1,15,15,672
8028,1,15,15,662
8029,1,15,15,676
8030,1,15,15,291
8031,1,15,15,232
8032,1,15,15,655
8033,1,15,15,686
8034,1,15,15,676
8035,1,15,15,636
8036,1,15,15,683
8037,1,15,15,180
8038,1,15,15,666
8039,1,15,15,684
8040,1,15,15,618
8041,1,15,15,660
8042,1,41,41,424
8043,1,15,15,179
8044,1,15,15,684
8045,1,15,15,654
8046,1,4,4,493
8047,1,15,15,671
8048,1,15,15,632
8049,1,15,15,655
8050,1,39,41,671
8051,1,15,15,531
8052,1,15,15,681
8053,1,15,15,675
8054,1,15,15,316
8055,1,15,15,325
8056,1,21,15,527
8057,1,15,15,646
8058,1,15,15,610
8059,1,15,15,451
8060,1,15,15,595
8061,1,15,15,679
8062,1,15,15,658
8063,1,15,15,674
8064,1,12,12,620
8065,1,15,15,675
8066,1,15,15,496
8067,1,15,15,687
8068,1,15,15,672
8069,1,15,15,328
8070,1,39,39,677
8071,1,15,15,627
8072,1,4,4,666
8073,1,21,15,684
8074,1,39,41,682
8075,1,15,15,650
8076,1,15,15,681
8077,1,15,15,663
8078,1,15,15,620
8079,1,15,15,312
8080,1,41,41,677
8081,1,15,15,689
8082,1,15,15,453
8083,1,15,15,684
8084,1,15,15,682
8085,1,15,15,653
8086,1,3,3,561
8087,1,15,15,367
8088,1,15,15,673
8089,1,15,15,667
8090,1,15,15,666
8091,1,15,15,656
8092,1,21,15,165
8093,1,15,15,688
8094,1,15,15,638
8095,1,15,15,637
8096,1,15,15,653
8097,1,15,15,644
8098,1,15,15,671
8099,1,15,15,662
8100,1,15,15,660
8101,1,15,15,657
8102,1,15,15,681
8103,1,15,15,658
8104,1,20,15,310
8105,1,15,15,670
8106,1,15,15,151
8107,1,4,12,649
8108,1,15,15,662
8109,1,15,15,654
8110,1,4,4,314
8111,1,21,15,632
8112,1,11,11,9
8113,1,15,15,464
8114,1,15,15,641
8115,1,15,15,373
8116,1,15,15,669
8117,1,15,15,342
8118,1,4,4,204
8119,1,15,15,686
8120,1,15,15,628
8121,1,15,15,686
8122,1,15,15,560
8123,1,15,15,277
8124,1,21,15,647
8125,1,15,15,155
8126,1,15,15,374
8127,1,15,15,672
8128,1,4,4,461
8129,1,15,15,114
8130,1,15,15,669
8131,1,15,15,549
8132,1,15,15,364
8133,1,15,15,653
8134,1,15,15,662
8135,1,15,15,673
8136,1,15,15,426
8137,1,15,15,217
8138,1,15,15,680
8139,1,15,15,647
8140,1,15,15,640
8141,1,15,15,680
8142,1,15,15,606
8143,1,15,15,669
8144,1,15,15,637
8145,1,15,15,603
8146,1,15,15,160
8147,1,15,15,684
8148,1,15,15,672
8149,1,15,15,533
8150,1,15,15,683
8151,1,15,15,689
8152,1,15,15,656
8153,1,15,15,106
8154,1,15,15,372
8155,1,15,15,641
8156,1,15,15,663
8157,1,15,15,685
8158,1,15,15,687
8159,1,4,4,677
8160,1,15,15,26
8161,1,15,15,684
8162,1,15,15,511
8163,1,15,15,198
8164,1,15,15,675
8165,1,15,15,659
8166,1,41,41,666
8167,1,15,15,667
8168,1,15,15,677
8169,1,15,15,670
8170,1,15,15,161
8171,1,15,15,662
8172,1,15,15,683
8173,1,21,15,651
8174,1,15,15,253
8175,1,15,15,680
8176,1,21,15,664
8177,1,15,15,664
8178,1,15,15,618
8179,1,15,15,629
8180,1,15,15,641
8181,1,15,15,685
8182,1,15,15,659
8183,1,15,15,34
8184,1,15,15,652
8185,1,15,15,685
8186,1,15,15,660
8187,1,15,15,616
8188,1,15,15,167
8189,1,15,15,566
8190,1,4,4,592
8191,1,15,15,588
8192,1,15,15,649
8193,1,15,15,680
8194,1,15,15,18
8195,1,15,15,555
8196,1,15,15,645
8197,1,15,15,591
8198,1,15,15,667
8199,1,15,15,676
8200,1,15,15,680
8201,1,12,12,370
8202,1,15,15,686
8203,1,15,15,300
8204,1,15,15,655
8205,1,15,15,377
8206,1,15,15,233
8207,1,15,15,601
8208,1,15,4,633
8209,1,15,15,652
8210,1,15,15,651
8211,1,15,15,629
8212,1,15,15,689
8213,1,15,15,657
8214,1,15,15,680
8215,1,15,15,688
8216,1,15,15,674
8217,1,24,24,689
8218,1,15,15,664
8219,1,15,15,584
8220,1,15,15,684
8221,1,15,15,627
8222,1,15,15,688
8223,1,15,15,642
8224,1,15,15,663
8225,1,4,4,600
8226,1,41,41,623
8227,1,15,15,623
8228,1,15,15,581
8229,1,12,12,519
8230,1,15,15,551
8231,1,15,15,618
8232,1,15,15,674
8233,1,15,15,674
8234,1,15,15,680
8235,1,15,15,175
8236,1,4,4,628
8237,1,15,15,689
8238,1,15,15,287
8239,1,15,15,650
8240,1,15,15,144
8241,1,15,15,656
8242,1,15,15,668
8243,1,15,15,665
8244,1,15,15,352
8245,1,15,15,655
8246,1,15,15,668
8247,1,15,15,672
8248,1,15,15,687
8249,1,20,15,519
8250,1,15,15,675
8251,1,15,15,506
8252,1,15,15,669
8253,1,15,15,420
8254,1,15,15,664
8255,1,15,15,240
8256,1,15,15,662
8257,1,15,15,593
8258,1,41,41,456
8259,1,15,15,677
8260,1,15,15,384
8261,1,15,15,645
8262,1,15,15,658
8263,1,3,3,651
8264,1,15,15,182
8265,1,15,15,485
8266,1,15,15,661
8267,1,15,15,684
8268,1,15,15,633
8269,1,15,15,683
8270,1,15,15,567
8271,1,15,15,689
8272,1,15,15,680
8273,1,15,15,664
8274,1,15,15,650
8275,1,15,15,635
8276,1,21,15,678
8277,1,15,15,629
8278,1,15,15,669
8279,1,15,15,635
8280,1,15,15,602
8281,1,15,15,677
8282,1,15,15,493
8283,1,15,15,666
8284,1,15,15,679
8285,1,15,15,632
8286,1,15,15,403
8287,1,15,15,638
8288,1,15,15,367
8289,1,15,15,662
8290,1,15,15,656
8291,1,15,15,687
8292,1,15,15,689
8293,1,15,15,627
8294,1,15,15,673
8295,1,15,15,665
8296,1,15,15,688
8297,1,15,15,677
8298,1,15,15,681
8299,1,15,15,8
8300,1,15,15,414
8301,1,15,15,692
8302,1,15,15,648
8303,1,15,15,682
8304,1,15,15,688
8305,1,15,15,679
8306,1,15,15,510
8307,1,15,15,530
8308,1,15,15,467
8309,1,15,15,663
8310,1,15,15,656
8311,1,15,15,576
8312,1,15,15,651
8313,1,4,4,645
8314,1,12,12,669
8315,1,15,15,385
8316,1,15,15,680
8317,1,15,15,673
8318,1,15,15,364
8319,1,15,15,682
8320,1,15,15,666
8321,1,15,15,661
8322,1,15,15,625
8323,1,15,15,656
8324,1,15,15,672
8325,1,15,15,678
8326,1,15,15,680
8327,1,15,15,677
8328,1,4,4,619
8329,1,15,15,685
8330,1,15,15,670
8331,1,15,15,671
8332,1,15,15,665
8333,1,15,15,669
8334,1,15,15,676
8335,1,15,15,665
8336,1,15,15,640
8337,1,15,15,659
8338,1,15,15,593
8339,1,15,15,675
8340,1,15,15,646
8341,1,15,15,640
8342,1,15,15,678
8343,1,15,15,683
8344,1,15,15,658
8345,1,15,15,675
8346,1,15,15,591
8347,1,15,15,164
8348,1,15,15,543
8349,1,15,15,666
8350,1,4,4,190
8351,1,15,15,676
8352,1,15,15,688
8353,1,15,15,675
8354,1,15,15,634
8355,1,15,15,681
8356,1,15,15,674
8357,1,15,4,677
8358,1,24,24,541
8359,1,15,15,287
8360,1,15,15,685
8361,1,3,3,4
8362,1,15,15,662
8363,1,15,15,682
8364,1,15,15,683
8365,1,15,15,664
8366,1,15,15,551
8367,1,15,15,685
8368,1,15,15,683
8369,1,15,15,672
8370,1,15,15,669
8371,1,15,15,673
8372,1,15,15,573
8373,1,15,15,668
8374,1,15,15,673
8375,1,15,15,681
8376,1,15,15,640
8377,1,15,15,668
8378,1,15,4,666
8379,1,15,15,667
8380,1,15,15,675
8381,1,15,15,665
8382,1,15,15,671
8383,1,15,15,546
8384,1,15,15,465
8385,1,15,15,634
8386,1,39,39,506
8387,1,15,15,673
8388,1,15,15,384
8389,1,15,15,678
8390,1,15,15,678
8391,1,15,15,581
8392,1,15,15,669
8393,1,15,15,666
8394,1,15,15,682
8395,1,15,15,680
8396,1,15,15,447
8397,1,4,4,354
8398,1,15,15,672
8399,1,15,15,668
8400,1,15,15,655
8401,1,15,15,664
8402,1,15,15,539
8403,1,15,15,596
8404,1,15,4,645
8405,1,15,15,247
8406,1,15,15,688
8407,1,15,15,542
8408,1,15,15,677
8409,1,15,15,569
8410,1,15,15,673
8411,1,12,12,421
8412,1,15,15,677
8413,1,15,15,667
8414,1,15,15,623
8415,1,15,15,661
8416,1,15,15,610
8417,1,15,15,671
8418,1,15,15,683
8419,1,15,15,661
8420,1,15,15,659
8421,1,15,15,100
8422,1,15,15,666
8423,1,15,15,684
8424,1,15,15,642
8425,1,15,15,627
8426,1,4,4,512
8427,1,15,15,340
8428,1,15,15,654
8429,1,15,15,685
8430,1,15,15,638
8431,1,15,15,676
8432,1,15,15,650
8433,1,15,15,658
8434,1,15,15,284
8435,1,15,15,288
8436,1,15,15,661
8437,1,15,15,685
8438,1,15,15,692
8439,1,15,15,639
8440,1,15,15,544
8441,1,3,3,252
8442,1,15,15,598
8443,1,15,15,659
8444,1,15,15,679
8445,1,15,15,681
8446,1,15,15,665
8447,1,39,39,244
8448,1,9,9,624
8449,1,15,15,669
8450,1,15,15,627
8451,1,15,15,652
8452,1,15,15,674
8453,1,15,15,80
8454,1,15,15,673
8455,1,15,15,557
8456,1,15,15,177
8457,1,15,15,648
8458,1,15,15,688
8459,1,15,4,685
8460,1,15,15,663
8461,1,15,15,683
8462,1,15,12,620
8463,1,15,15,681
8464,1,15,15,677
8465,1,15,15,22
8466,1,15,15,587
8467,1,15,15,616
8468,1,15,15,685
8469,1,39,39,658
8470,1,15,15,674
8471,1,15,15,638
8472,1,15,15,622
8473,1,15,15,685
8474,1,15,15,683
8475,1,15,15,689
8476,1,15,15,675
8477,1,15,15,684
8478,1,15,15,497
8479,1,4,4,492
8480,1,15,15,670
8481,1,15,15,643
8482,1,15,15,642
8483,1,15,15,688
8484,1,4,4,605
8485,1,39,39,669
8486,1,15,15,685
8487,1,15,15,686
8488,1,15,15,183
8489,1,15,15,671
8490,1,15,15,684
8491,1,15,15,632
8492,1,15,15,634
8493,1,15,15,649
8494,1,15,15,589
8495,1,15,15,689
8496,1,15,15,643
8497,1,15,15,659
8498,1,15,15,421
8499,1,15,15,675
8500,1,15,15,671
8501,1,15,15,685
8502,1,15,15,681
8503,1,15,15,595
8504,1,15,15,630
8505,1,15,15,638
8506,1,15,15,683
8507,1,15,15,81
8508,1,15,15,520
8509,1,15,15,647
8510,1,15,15,670
8511,1,15,15,686
8512,1,15,15,644
8513,1,15,15,633
8514,1,15,15,689
8515,1,15,15,688
8516,1,15,15,665
8517,1,12,12,607
8518,1,15,15,619
8519,1,15,15,658
8520,1,15,15,682
8521,1,15,15,414
8522,1,15,15,689
8523,1,15,15,561
8524,1,15,15,675
8525,1,15,15,681
8526,1,15,15,683
8527,1,15,15,679
8528,1,15,15,662
8529,1,15,15,667
8530,1,15,4,657
8531,1,15,15,674
8532,1,15,15,675
8533,1,15,15,646
8534,1,15,15,652
8535,1,15,15,655
8536,1,9,9,655
8537,1,15,15,688
8538,1,15,15,685
8539,1,15,15,674
8540,1,39,39,684
8541,1,15,15,679
8542,1,15,15,620
8543,1,15,15,669
8544,1,15,15,550
8545,1,15,15,544
8546,1,15,15,655
8547,1,15,15,670
8548,1,15,15,689
8549,1,15,15,657
8550,1,24,24,663
8551,1,15,15,668
8552,1,15,15,690
8553,1,15,15,682
8554,1,15,15,660
8555,1,15,15,678
8556,1,15,15,692
8557,1,15,15,650
8558,1,15,15,643
8559,1,15,15,681
8560,1,15,15,685
8561,1,15,15,598
8562,1,4,4,634
8563,1,15,15,678
8564,1,15,15,656
8565,1,15,4,653
8566,1,15,15,486
8567,1,15,15,544
8568,1,15,15,676
8569,1,15,15,661
8570,1,15,15,672
8571,1,15,15,676
8572,1,15,15,684
8573,1,21,15,677
8574,1,15,15,691
8575,1,15,15,526
8576,1,15,15,647
8577,1,15,15,688
8578,1,15,15,683
8579,1,15,15,691
8580,1,15,15,689
8581,1,15,15,399
8582,1,15,15,659
8583,1,15,15,656
8584,1,15,15,688
8585,1,15,15,571
8586,1,15,15,681
8587,1,15,15,687
8588,1,15,15,658
8589,1,15,15,622
8590,1,15,15,685
8591,1,15,15,681
8592,1,15,15,677
8593,1,15,15,651
8594,1,15,15,683
8595,1,15,15,522
8596,1,15,15,670
8597,1,15,15,638
8598,1,15,15,636
8599,1,15,15,658
8600,1,15,4,662
8601,1,15,15,645
8602,1,15,15,678
8603,1,15,15,230
8604,1,15,15,670
8605,1,15,15,668
8606,1,15,15,654
8607,1,21,15,516
8608,1,15,15,675
8609,1,39,21,684
8610,1,15,15,642
8611,1,15,15,664
8612,1,15,15,596
8613,1,15,15,668
8614,1,15,15,669
8615,1,15,15,686
8616,1,15,15,679
8617,1,15,15,678
8618,1,15,15,666
8619,1,15,15,603
8620,1,15,15,674
8621,1,15,15,687
8622,1,15,15,678
8623,1,15,15,662
8624,1,15,15,685
8625,1,15,15,505
8626,1,15,15,74
8627,1,15,15,677
8628,1,15,15,640
8629,1,15,15,684
8630,1,15,15,648
8631,1,48,48,651
8632,1,15,15,679
8633,1,15,15,683
8634,1,15,15,630
8635,1,15,15,682
8636,1,15,15,670
8637,1,15,15,447
8638,1,15,15,660
8639,1,15,15,213
8640,1,15,15,430
8641,1,9,9,670
8642,1,15,15,438
8643,1,15,15,684
8644,1,15,15,632
8645,1,15,15,172
8646,1,15,15,180
8647,1,15,15,663
8648,1,3,3,522
8649,1,15,15,674
8650,1,15,15,552
8651,1,15,15,576
8652,1,15,15,395
8653,1,15,15,570
8654,1,15,4,650
8655,1,15,15,669
8656,1,15,15,674
8657,1,15,15,685
8658,1,15,15,688
8659,1,3,4,323
8660,1,15,15,680
8661,1,15,15,568
8662,1,15,15,624
8663,1,15,15,129
8664,1,15,4,662
8665,1,15,15,685
8666,1,15,15,670
8667,1,15,15,551
8668,1,15,15,586
8669,1,15,15,575
8670,1,15,15,684
8671,1,15,15,192
8672,1,21,15,678
8673,1,15,15,660
8674,1,15,15,681
8675,1,15,15,679
8676,1,15,15,683
8677,1,15,15,687
8678,1,15,15,203
8679,1,15,15,638
8680,1,15,15,680
8681,1,15,15,598
8682,1,15,15,7
8683,1,15,15,601
8684,1,15,15,661
8685,1,15,15,579
8686,1,15,15,638
8687,1,15,15,139
8688,1,15,15,646
8689,1,15,15,665
8690,1,15,15,686
8691,1,15,15,588
8692,1,15,15,401
8693,1,15,15,689
8694,1,15,15,158
8695,1,15,15,639
8696,1,15,15,670
8697,1,15,15,632
8698,1,15,15,669
8699,1,15,15,687
8700,1,15,15,674
8701,1,15,15,673
8702,1,15,15,670
8703,1,15,12,596
8704,1,15,15,645
8705,1,15,15,686
8706,1,15,15,685
8707,1,15,15,671
8708,1,15,15,615
8709,1,15,15,647
8710,1,15,15,609
8711,1,15,15,675
8712,1,15,15,687
8713,1,15,15,688
8714,1,15,15,42
8715,1,15,15,580
8716,1,4,4,313
8717,1,15,15,648
8718,1,15,15,304
8719,1,15,15,688
8720,1,15,15,686
8721,1,15,15,692
8722,1,15,15,659
8723,1,15,15,516
8724,1,15,15,686
8725,1,15,15,572
8726,1,15,15,332
8727,1,15,15,690
8728,1,4,4,665
8729,1,15,15,393
8730,1,15,15,674
8731,1,15,15,619
8732,1,15,15,12
8733,1,15,15,224
8734,1,15,15,689
8735,1,15,15,678
8736,1,15,15,648
8737,1,39,39,632
8738,1,15,15,679
8739,1,12,12,666
8740,1,15,15,669
8741,1,15,15,668
8742,1,15,15,349
8743,1,15,15,622
8744,1,15,15,9
8745,1,15,15,681
8746,1,15,15,660
8747,1,39,39,684
8748,1,15,15,627
8749,1,21,15,338
8750,1,15,15,677
8751,1,15,15,680
8752,1,15,15,684
8753,1,15,15,596
8754,1,15,15,603
8755,1,15,15,235
8756,1,15,15,609
8757,1,15,15,670
8758,1,41,41,676
8759,1,4,4,192
8760,1,15,15,633
8761,1,15,15,669
8762,1,15,15,271
8763,1,15,15,578
8764,1,15,15,687
8765,1,15,15,678
8766,1,15,15,691
8767,1,21,21,665
8768,1,15,15,664
8769,1,21,15,11
8770,1,15,15,207
8771,1,15,4,556
8772,1,15,15,95
8773,1,15,15,677
8774,1,15,15,672
8775,1,15,15,679
8776,1,15,15,406
8777,1,4,4,663
8778,1,15,15,359
8779,1,15,15,680
8780,1,15,15,683
8781,1,15,15,688
8782,1,21,15,652
8783,1,15,4,63
8784,1,15,15,509
8785,1,21,15,659
8786,1,15,15,508
8787,1,15,15,680
8788,1,15,15,554
8789,1,15,15,500
8790,1,15,15,631
8791,1,15,15,657
8792,1,15,15,650
8793,1,15,15,678
8794,1,15,15,685
8795,1,15,15,662
8796,1,15,15,577
8797,1,15,15,671
8798,1,12,12,459
8799,1,15,15,636
8800,1,15,15,603
8801,1,15,15,662
8802,1,15,15,661
8803,1,15,15,636
8804,1,15,15,450
8805,1,15,15,635
8806,1,15,15,182
8807,1,15,15,657
8808,1,15,15,683
8809,1,15,15,671
8810,1,12,12,554
8811,1,15,15,666
8812,1,15,15,674
8813,1,15,15,618
8814,1,15,15,686
8815,1,15,15,663
8816,1,15,15,663
8817,1,15,15,434
8818,1,15,15,677
8819,1,15,15,666
8820,1,15,15,674
8821,1,15,15,586
8822,1,15,15,676
8823,1,15,15,604
8824,1,15,15,651
8825,1,15,15,553
8826,1,15,15,674
8827,1,15,15,674
8828,1,15,15,632
8829,1,21,15,615
8830,1,15,15,675
8831,1,15,15,604
8832,1,15,15,683
8833,1,4,4,590
8834,1,15,15,684
8835,1,15,15,345
8836,1,15,15,325
8837,1,15,15,629
8838,1,15,15,637
8839,1,15,15,684
8840,1,15,15,654
8841,1,15,15,635
8842,1,25,25,414
8843,1,15,15,595
8844,1,15,15,469
8845,1,15,15,666
8846,1,15,15,682
8847,1,15,15,671
8848,1,11,11,617
8849,1,15,15,692
8850,1,15,15,681
8851,1,15,15,677
8852,1,15,15,683
8853,1,15,15,637
8854,1,15,15,635
8855,1,15,15,675
8856,1,15,15,674
8857,1,15,15,649
8858,1,15,15,591
8859,1,15,15,664
8860,1,15,15,516
8861,1,15,15,598
8862,1,15,15,675
8863,1,15,15,611
8864,1,15,15,229
8865,1,15,15,681
8866,1,15,15,469
8867,1,15,15,679
8868,1,15,15,658
8869,1,15,15,661
8870,1,15,15,553
8871,1,15,15,684
8872,1,15,15,688
8873,1,15,15,664
8874,1,15,15,54
8875,1,15,15,684
8876,1,15,15,665
8877,1,15,15,464
8878,1,15,15,681
8879,1,15,4,632
8880,1,39,39,318
8881,1,15,15,652
8882,1,15,15,663
8883,1,15,15,616
8884,1,15,15,657
8885,1,15,15,596
8886,1,15,15,675
8887,1,15,15,662
8888,1,15,15,655
8889,1,15,15,683
8890,1,15,15,661
8891,1,15,15,688
8892,1,15,15,660
8893,1,15,15,689
8894,1,15,15,600
8895,1,15,15,686
8896,1,15,15,586
8897,1,21,15,96
8898,1,12,12,624
8899,1,15,15,671
8900,1,39,39,683
8901,1,15,15,656
8902,1,15,15,640
8903,1,15,15,563
8904,1,15,15,677
8905,1,15,15,667
8906,1,15,15,681
8907,1,15,15,676
8908,1,15,15,593
8909,1,15,15,675
8910,1,15,15,680
8911,1,15,15,687
8912,1,15,15,682
8913,1,15,15,644
8914,1,15,15,661
8915,1,15,15,670
8916,1,15,15,684
8917,1,15,15,459
8918,1,15,15,572
8919,1,21,15,673
8920,1,15,15,689
8921,1,15,15,649
8922,1,15,15,682
8923,1,15,15,669
8924,1,15,15,161
8925,1,15,15,668
8926,1,15,15,619
8927,1,15,15,683
8928,1,12,12,277
8929,1,15,15,681
8930,1,15,15,660
8931,1,15,15,664
8932,1,15,15,687
8933,1,15,15,180
8934,1,4,4,640
8935,1,15,15,671
8936,1,15,15,678
8937,1,15,15,641
8938,1,15,15,677
8939,1,15,15,659
8940,1,15,15,658
8941,1,15,15,599
8942,1,15,15,633
8943,1,15,15,657
8944,1,15,15,655
8945,1,15,15,684
8946,1,15,15,637
8947,1,15,15,282
8948,1,15,15,655
8949,1,15,15,661
8950,1,21,15,657
8951,1,15,15,637
8952,1,21,15,693
8953,1,15,15,633
8954,1,15,15,669
8955,1,15,15,555
8956,1,15,15,683
8957,1,15,15,664
8958,1,15,15,622
8959,1,15,15,685
8960,1,15,15,653
8961,1,15,15,649
8962,1,15,15,500
8963,1,15,15,684
8964,1,39,39,645
8965,1,15,15,476
8966,1,15,15,658
8967,1,15,15,688
8968,1,15,15,614
8969,1,15,15,678
8970,1,15,15,680
8971,1,15,15,651
8972,1,15,15,631
8973,1,15,15,679
8974,1,15,15,674
8975,1,15,15,664
8976,1,15,15,612
8977,1,15,15,683
8978,1,15,15,598
8979,1,15,15,616
8980,1,4,4,663
8981,1,15,15,649
8982,1,4,4,666
8983,1,15,15,670
8984,1,15,15,682
8985,1,15,15,7
8986,1,4,4,264
8987,1,21,15,664
8988,1,15,15,676
8989,1,15,15,680
8990,1,15,15,579
8991,1,9,9,684
8992,1,15,15,669
8993,1,25,15,640
8994,1,15,15,668
8995,1,15,15,673
8996,1,15,15,675
8997,1,15,15,673
8998,1,15,15,555
8999,1,15,15,679
9000,1,4,4,685
9001,1,15,15,618
9002,1,39,39,681
9003,1,15,15,677
9004,1,15,15,273
9005,1,15,15,536
9006,1,15,15,470
9007,1,15,15,682
9008,1,4,4,667
9009,1,15,15,616
9010,1,15,15,593
9011,1,15,15,687
9012,1,15,15,685
9013,1,15,15,673
9014,1,15,15,683
9015,1,15,15,683
9016,1,15,15,592
9017,1,15,15,682
9018,1,15,15,684
9019,1,15,15,681
9020,1,15,15,672
9021,1,15,15,684
9022,1,15,15,666
9023,1,15,15,310
9024,1,15,15,508
9025,1,15,15,673
9026,1,15,15,686
9027,1,15,15,679
9028,1,15,15,687
9029,1,15,15,498
9030,1,15,15,688
9031,1,15,15,617
9032,1,15,15,623
9033,1,15,15,648
9034,1,15,15,654
9035,1,15,15,685
9036,1,15,15,680
9037,1,15,15,658
9038,1,15,15,687
9039,1,21,15,687
9040,1,15,15,606
9041,1,15,15,685
9042,1,15,15,649
9043,1,15,15,582
9044,1,15,15,654
9045,1,21,15,685
9046,1,15,15,681
9047,1,15,15,658
9048,1,4,4,596
9049,1,15,15,612
9050,1,15,15,397
9051,1,15,15,636
9052,1,39,15,685
9053,1,15,15,666
9054,1,15,15,657
9055,1,15,15,611
9056,1,21,15,644
9057,1,15,15,675
9058,1,15,15,681
9059,1,15,15,217
9060,1,15,15,674
9061,1,15,15,678
9062,1,15,15,674
9063,1,15,15,652
9064,1,15,15,538
9065,1,15,15,611
9066,1,4,4,551
9067,1,15,15,672
9068,1,15,15,161
9069,1,15,15,424
9070,1,15,15,650
9071,1,15,15,658
9072,1,15,15,361
9073,1,15,15,640
9074,1,15,15,673
9075,1,15,15,681
9076,1,15,15,352
9077,1,15,15,583
9078,1,15,15,593
9079,1,15,15,686
9080,1,15,15,507
9081,1,15,15,656
9082,1,15,15,652
9083,1,15,15,681
9084,1,15,15,65
9085,1,15,15,582
9086,1,15,15,606
9087,1,39,39,673
9088,1,41,41,682
9089,1,15,15,638
9090,1,3,3,479
9091,1,15,15,415
9092,1,4,4,653
9093,1,15,15,673
9094,1,21,15,665
9095,1,15,15,637
9096,1,15,15,676
9097,1,15,15,684
9098,1,15,15,667
9099,1,15,15,344
9100,1,15,15,577
9101,1,4,4,419
9102,1,15,15,688
9103,1,15,15,248
9104,1,15,15,679
9105,1,15,15,684
9106,1,15,15,672
9107,1,4,12,632
9108,1,15,15,606
9109,1,15,15,677
9110,1,15,15,643
9111,1,15,15,639
9112,1,15,15,679
9113,1,15,15,688
9114,1,15,15,637
9115,1,15,15,686
9116,1,15,15,187
9117,1,15,15,333
9118,1,15,15,680
9119,1,15,15,483
9120,1,12,12,575
9121,1,15,15,671
9122,1,15,15,686
9123,1,15,15,617
9124,1,21,15,545
9125,1,15,15,603
9126,1,15,15,674
9127,1,15,15,607
9128,1,15,15,627
9129,1,15,15,634
9130,1,15,15,672
9131,1,15,15,684
9132,1,15,15,582
9133,1,15,15,672
9134,1,15,15,557
9135,1,15,15,667
9136,1,15,15,682
9137,1,15,15,422
9138,1,15,15,673
9139,1,15,15,660
9140,1,15,15,639
9141,1,15,15,592
9142,1,15,15,565
9143,1,15,15,678
9144,1,15,15,682
9145,1,41,41,604
9146,1,15,15,674
9147,1,15,15,635
9148,1,15,15,678
9149,1,15,15,657
9150,1,15,15,591
9151,1,15,15,641
9152,1,15,15,645
9153,1,15,15,671
9154,1,15,15,673
9155,1,15,15,668
9156,1,15,15,675
9157,1,15,15,594
9158,1,15,15,648
9159,1,15,15,680
9160,1,9,9,683
9161,1,15,15,684
9162,1,15,15,445
9163,1,4,4,546
9164,1,15,15,421
9165,1,15,15,577
9166,1,9,9,685
9167,1,15,15,629
9168,1,15,15,681
9169,1,15,15,675
9170,1,15,15,670
9171,1,15,15,685
9172,1,15,21,690
9173,1,4,4,573
9174,1,15,15,190
9175,1,39,39,679
9176,1,4,4,635
9177,1,15,15,605
9178,1,15,15,617
9179,1,15,15,674
9180,1,15,15,366
9181,1,15,15,641
9182,1,15,15,661
9183,1,41,41,683
9184,1,15,15,334
9185,1,15,15,657
9186,1,15,15,601
9187,1,15,15,575
9188,1,15,15,674
9189,1,4,4,609
9190,1,15,15,643
9191,1,15,15,660
9192,1,15,15,358
9193,1,15,15,642
9194,1,15,15,657
9195,1,15,15,657
9196,1,15,15,683
9197,1,15,15,680
9198,1,15,15,665
9199,1,15,15,680
9200,1,15,15,630
9201,1,15,15,546
9202,1,15,15,592
9203,1,15,15,678
9204,1,15,15,679
9205,1,15,15,678
9206,1,15,15,656
9207,1,15,15,644
9208,1,9,9,676
9209,1,15,15,691
9210,1,15,15,685
9211,1,15,15,598
9212,1,15,15,518
9213,1,15,15,683
9214,1,15,15,684
9215,1,15,15,683
9216,1,15,15,638
9217,1,15,15,121
9218,1,15,15,675
9219,1,15,15,622
9220,1,15,15,648
9221,1,15,15,619
9222,1,15,15,652
9223,1,15,15,649
9224,1,15,15,657
9225,1,15,15,644
9226,1,15,15,685
9227,1,15,4,651
9228,1,41,41,535
9229,1,15,15,660
9230,1,15,15,628
9231,1,15,15,687
9232,1,15,15,686
9233,1,15,15,669
9234,1,39,39,610
9235,1,15,15,664
9236,1,15,15,682
9237,1,15,15,686
9238,1,15,15,644
9239,1,15,15,679
9240,1,15,15,640
9241,1,15,15,666
9242,1,15,15,689
9243,1,15,15,685
9244,1,15,15,679
9245,1,15,15,676
9246,1,15,15,683
9247,1,4,4,634
9248,1,15,15,691
9249,1,15,15,683
9250,1,15,15,656
9251,1,15,15,681
9252,1,15,15,677
9253,1,15,15,686
9254,1,15,15,667
9255,1,15,15,446
9256,1,41,41,685
9257,1,15,15,668
9258,1,15,15,635
9259,1,15,15,668
9260,1,21,15,673
9261,1,15,15,664
9262,1,15,15,675
9263,1,15,15,676
9264,1,15,15,687
9265,1,15,15,54
9266,1,15,15,682
9267,1,15,15,682
9268,1,15,15,578
9269,1,15,15,632
9270,1,15,15,666
9271,1,15,15,658
9272,1,15,15,681
9273,1,12,12,609
9274,1,15,15,148
9275,1,15,15,674
9276,1,15,15,681
9277,1,15,15,685
9278,1,15,15,660
9279,1,15,15,632
9280,1,15,15,668
9281,1,15,15,648
9282,1,15,15,643
9283,1,15,15,95
9284,1,15,15,645
9285,1,15,15,571
9286,1,15,15,693
9287,1,15,15,603
9288,1,15,15,645
9289,1,15,4,660
9290,1,15,15,670
9291,1,15,15,637
9292,1,15,15,215
9293,1,21,15,566
9294,1,15,15,606
9295,1,15,15,693
9296,1,15,15,682
9297,1,15,15,682
9298,1,15,15,681
9299,1,4,4,685
9300,1,15,15,670
9301,1,15,15,472
9302,1,15,15,610
9303,1,15,15,682
9304,1,15,15,684
9305,1,15,15,449
9306,1,15,15,651
9307,1,15,15,625
9308,1,15,15,688
9309,1,15,15,642
9310,1,15,15,633
9311,1,15,15,522
9312,1,15,15,672
9313,1,4,4,685
9314,1,15,15,663
9315,1,15,15,412
9316,1,15,15,667
9317,1,15,15,687
9318,1,15,15,572
9319,1,15,15,683
9320,1,15,15,674
9321,1,15,15,590
9322,1,15,15,652
9323,1,15,15,552
9324,1,15,15,593
9325,1,3,3,11
9326,1,15,15,677
9327,1,21,4,634
9328,1,15,15,678
9329,1,15,15,480
9330,1,15,15,685
9331,1,15,15,688
9332,1,15,15,678
9333,1,15,15,683
9334,1,4,4,633
9335,1,41,41,670
9336,1,15,4,554
9337,1,15,15,543
9338,1,15,15,676
9339,1,15,15,210
9340,1,15,15,501
9341,1,15,15,614
9342,1,15,15,586
9343,1,15,15,586
9344,1,4,4,643
9345,1,15,15,648
9346,1,15,15,617
9347,1,15,15,673
9348,1,15,15,669
9349,1,15,15,638
9350,1,15,15,653
9351,1,15,15,608
9352,1,15,15,349
9353,1,15,15,684
9354,1,15,15,649
9355,1,15,15,686
9356,1,15,15,687
9357,1,15,15,686
9358,1,15,15,557
9359,1,15,15,615
9360,1,15,15,670
9361,1,15,15,554
9362,1,15,15,680
9363,1,15,15,680
9364,1,15,15,688
9365,1,15,15,679
9366,1,15,15,668
9367,1,15,15,534
9368,1,15,15,644
9369,1,15,15,603
9370,1,15,15,377
9371,1,4,15,536
9372,1,4,4,640
9373,1,21,15,649
9374,1,15,15,605
9375,1,4,4,642
9376,1,12,12,626
9377,1,15,15,669
9378,1,15,15,652
9379,1,15,15,681
9380,1,15,15,663
9381,1,15,15,648
9382,1,15,15,678
9383,1,15,15,617
9384,1,15,15,674
9385,1,4,4,612
9386,1,15,15,641
9387,1,15,15,655
9388,1,15,15,624
9389,1,15,15,668
9390,1,15,15,659
9391,1,15,15,452
9392,1,15,12,471
9393,1,15,15,664
9394,1,15,15,680
9395,1,15,15,663
9396,1,15,15,373
9397,1,15,15,682
9398,1,15,15,685
9399,1,15,15,679
9400,1,4,4,525
9401,1,15,15,674
9402,1,15,15,601
9403,1,15,15,665
9404,1,15,15,618
9405,1,15,15,652
9406,1,15,15,604
9407,1,15,15,633
9408,1,15,15,686
9409,1,15,15,683
9410,1,15,15,493
9411,1,15,15,625
9412,1,15,15,660
9413,1,15,15,666
9414,1,15,15,681
9415,1,15,15,658
9416,1,15,15,682
9417,1,15,15,573
9418,1,15,15,659
9419,1,15,15,661
9420,1,15,15,685
9421,1,15,15,655
9422,1,15,15,652
9423,1,15,15,661
9424,1,15,15,498
9425,1,15,15,680
9426,1,15,15,630
9427,1,15,15,354
9428,1,4,12,628
9429,1,15,15,611
9430,1,15,15,684
9431,1,15,15,636
9432,1,15,15,663
9433,1,15,15,430
9434,1,15,15,322
9435,1,15,15,681
9436,1,15,15,623
9437,1,41,41,683
9438,1,15,15,597
9439,1,15,15,654
9440,1,15,15,673
9441,1,15,15,684
9442,1,15,15,678
9443,1,15,15,680
9444,1,15,15,386
9445,1,15,15,671
9446,1,15,15,680
9447,1,15,15,604
9448,1,15,15,662
9449,1,15,15,670
9450,1,15,15,517
9451,1,15,15,663
9452,1,15,15,683
9453,1,15,15,674
9454,1,4,4,613
9455,1,15,15,683
9456,1,4,4,676
9457,1,15,15,655
9458,1,15,15,679
9459,1,15,15,535
9460,1,15,15,665
9461,1,15,15,688
9462,1,15,15,150
9463,1,15,15,655
9464,1,15,15,683
9465,1,15,15,683
9466,1,15,15,657
9467,1,15,15,664
9468,1,15,15,652
9469,1,15,15,673
9470,1,15,15,681
9471,1,15,15,670
9472,1,4,4,559
9473,1,15,15,681
9474,1,15,15,682
9475,1,15,15,665
9476,1,15,15,79
9477,1,15,15,688
9478,1,15,15,660
9479,1,15,15,687
9480,1,15,15,552
9481,1,15,15,677
9482,1,15,15,685
9483,1,15,15,221
9484,1,15,15,375
9485,1,15,15,661
9486,1,15,15,657
9487,1,15,15,682
9488,1,15,15,680
9489,1,15,15,672
9490,1,15,15,674
9491,1,15,15,665
9492,1,15,15,682
9493,1,15,15,678
9494,1,15,15,686
9495,1,15,15,671
9496,1,15,15,642
9497,1,15,15,469
9498,1,15,15,655
9499,1,15,11,637
9500,1,15,15,680
9501,1,15,15,677
9502,1,15,15,651
9503,1,39,39,667
9504,1,15,15,640
9505,1,15,15,682
9506,1,15,15,664
9507,1,15,15,637
9508,1,15,15,662
9509,1,15,15,635
9510,1,15,15,161
9511,1,4,4,667
9512,1,15,15,646
9513,1,15,15,402
9514,1,15,15,677
9515,1,15,15,677
9516,1,15,15,667
9517,1,15,15,607
9518,1,15,15,679
9519,1,15,15,567
9520,1,15,15,564
9521,1,15,15,618
9522,1,15,15,676
9523,1,15,15,682
9524,1,15,15,670
9525,1,15,15,427
9526,1,15,15,669
9527,1,15,15,647
9528,1,15,15,669
9529,1,15,15,670
9530,1,15,15,681
9531,1,15,15,662
9532,1,15,15,670
9533,1,15,15,284
9534,1,15,15,634
9535,1,15,15,667
9536,1,4,4,676
9537,1,15,15,630
9538,1,15,15,673
9539,1,3,3,531
9540,1,15,15,603
9541,1,15,15,674
9542,1,15,15,640
9543,1,15,15,673
9544,1,15,15,688
9545,1,15,15,681
9546,1,15,15,246
9547,1,15,15,684
9548,1,15,15,607
9549,1,15,15,292
9550,1,15,15,604
9551,1,15,15,644
9552,1,15,15,648
9553,1,15,15,387
9554,1,15,15,631
9555,1,15,15,688
9556,1,15,15,596
9557,1,15,15,666
9558,1,15,15,444
9559,1,15,15,675
9560,1,15,15,659
9561,1,15,15,680
9562,1,15,15,682
9563,1,15,15,668
9564,1,15,15,669
9565,1,15,15,633
9566,1,15,15,225
9567,1,15,15,209
9568,1,15,15,663
9569,1,15,15,673
9570,1,15,15,674
9571,1,15,15,685
9572,1,41,41,676
9573,1,15,15,639
9574,1,15,15,676
9575,1,15,15,686
9576,1,15,15,679
9577,1,15,15,442
9578,1,15,15,521
9579,1,21,15,650
9580,1,4,4,375
9581,1,15,15,80
9582,1,15,15,671
9583,1,15,15,676
9584,1,15,15,477
9585,1,15,15,655
9586,1,15,15,676
9587,1,15,15,672
9588,1,4,4,605
9589,1,15,15,677
9590,1,15,15,681
9591,1,15,15,17
9592,1,15,15,657
9593,1,39,15,686
9594,1,15,15,607
9595,1,15,15,690
9596,1,15,15,673
9597,1,15,15,665
9598,1,15,15,677
9599,1,15,15,301
9600,1,15,15,669
9601,1,15,15,504
9602,1,4,4,601
9603,1,15,15,448
9604,1,21,15,619
9605,1,15,15,481
9606,1,15,15,669
9607,1,15,15,598
9608,1,15,15,688
9609,1,15,15,666
9610,1,15,15,679
9611,1,15,15,673
9612,1,15,15,342
9613,1,15,15,522
9614,1,15,15,663
9615,1,15,15,650
9616,1,15,15,645
9617,1,15,15,674
9618,1,15,15,655
9619,1,15,15,657
9620,1,15,15,616
9621,1,15,15,373
9622,1,15,15,661
9623,1,15,15,680
9624,1,15,15,376
9625,1,15,15,669
9626,1,15,15,680
9627,1,15,15,651
9628,1,15,15,474
9629,1,15,15,681
9630,1,15,15,670
9631,1,15,15,135
9632,1,15,4,660
9633,1,15,15,611
9634,1,15,15,666
9635,1,15,15,689
9636,1,15,15,676
9637,1,15,15,674
9638,1,15,15,658
9639,1,15,15,32
9640,1,15,15,664
9641,1,15,4,650
9642,1,15,15,669
9643,1,15,15,609
9644,1,15,15,643
9645,1,15,15,674
9646,1,21,15,339
9647,1,15,15,625
9648,1,15,15,652
9649,1,15,15,635
9650,1,15,15,685
9651,1,15,15,687
9652,1,15,15,577
9653,1,15,15,266
9654,1,15,15,681
9655,1,15,15,530
9656,1,15,15,457
9657,1,15,15,661
9658,1,15,15,587
9659,1,15,15,598
9660,1,15,15,635
9661,1,15,15,479
9662,1,15,15,641
9663,1,21,21,292
9664,1,15,15,675
9665,1,15,15,625
9666,1,15,15,676
9667,1,15,15,680
9668,1,39,41,679
9669,1,15,15,676
9670,1,15,15,653
9671,1,15,15,687
9672,1,15,15,229
9673,1,15,15,153
9674,1,15,15,679
9675,1,15,15,688
9676,1,15,15,453
9677,1,15,15,687
9678,1,15,15,142
9679,1,15,15,665
9680,1,15,15,353
9681,1,15,15,588
9682,1,15,15,649
9683,1,15,15,688
9684,1,15,15,684
9685,1,15,15,686
9686,1,15,15,43
9687,1,15,15,688
9688,1,4,15,651
9689,1,15,4,566
9690,1,15,15,647
9691,1,15,15,591
9692,1,15,15,568
9693,1,15,15,676
9694,1,15,15,318
9695,1,15,15,657
9696,1,15,15,654
9697,1,4,4,466
9698,1,15,15,489
9699,1,15,15,627
9700,1,15,15,681
9701,1,15,15,679
9702,1,15,15,662
9703,1,15,15,593
9704,1,15,15,678
9705,1,15,15,676
9706,1,15,15,455
9707,1,15,15,663
9708,1,15,15,673
9709,1,15,15,679
9710,1,15,15,678
9711,1,15,15,682
9712,1,15,11,624
9713,1,15,15,239
9714,1,15,15,661
9715,1,15,15,658
9716,1,15,15,673
9717,1,15,15,614
9718,1,15,15,669
9719,1,15,15,675
9720,1,15,15,639
9721,1,4,4,684
9722,1,15,15,624
9723,1,4,4,622
9724,1,15,15,528
9725,1,15,15,672
9726,1,15,15,662
9727,1,15,15,678
9728,1,15,15,677
9729,1,15,15,686
9730,1,15,15,688
9731,1,15,15,677
9732,1,15,15,622
9733,1,15,15,651
9734,1,15,15,528
9735,1,15,15,672
9736,1,15,15,669
9737,1,15,15,685
9738,1,15,15,647
9739,1,15,15,581
9740,1,15,15,481
9741,1,15,15,664
9742,1,15,15,633
9743,1,15,15,571
9744,1,15,15,674
9745,1,15,15,651
9746,1,15,15,665
9747,1,15,15,660
9748,1,15,15,687
9749,1,15,15,535
9750,1,15,15,651
9751,1,15,15,671
9752,1,15,15,676
9753,1,15,15,431
9754,1,15,15,658
9755,1,15,15,664
9756,1,15,15,659
9757,1,15,15,563
9758,1,4,15,667
9759,1,15,15,679
9760,1,9,9,688
9761,1,15,15,685
9762,1,15,15,550
9763,1,15,15,600
9764,1,4,4,651
9765,1,15,15,633
9766,1,20,15,361
9767,1,15,15,685
9768,1,15,15,548
9769,1,15,15,635
9770,1,15,15,657
9771,1,15,15,667
9772,1,15,15,683
9773,1,15,15,566
9774,1,15,15,650
9775,1,15,15,674
9776,1,15,15,653
9777,1,4,15,533
9778,1,15,15,630
9779,1,15,15,663
9780,1,4,4,568
9781,1,39,39,669
9782,1,41,41,686
9783,1,15,15,667
9784,1,15,15,670
9785,1,15,15,679
9786,1,15,15,382
9787,1,15,15,564
9788,1,15,15,655
9789,1,15,15,671
9790,1,21,15,151
9791,1,15,15,625
9792,1,15,15,671
9793,1,15,15,693
9794,1,15,15,652
9795,1,15,15,664
9796,1,15,15,643
9797,1,15,15,676
9798,1,15,15,490
9799,1,15,15,660
9800,1,15,15,651
9801,1,15,15,595
9802,1,15,15,664
9803,1,15,15,664
9804,1,15,15,674
9805,1,15,15,609
9806,1,15,15,689
9807,1,15,15,686
9808,1,15,15,680
9809,1,15,15,682
9810,1,15,15,641
9811,1,15,15,584
9812,1,15,15,670
9813,1,15,15,536
9814,1,15,15,670
9815,1,15,15,668
9816,1,15,15,679
9817,1,15,15,680
9818,1,15,15,653
9819,1,15,15,675
9820,1,15,15,603
9821,1,15,15,654
9822,1,15,15,651
9823,1,15,15,578
9824,1,15,15,651
9825,1,15,15,670
9826,1,15,15,681
9827,1,15,4,661
9828,1,15,15,680
9829,1,15,15,433
9830,1,15,15,606
9831,1,15,15,679
9832,1,15,15,681
9833,1,39,41,685
9834,1,15,15,662
9835,1,15,15,400
9836,1,15,15,636
9837,1,15,15,634
9838,1,15,15,673
9839,1,15,15,655
9840,1,9,9,684
9841,1,15,15,681
9842,1,41,41,674
9843,1,15,15,675
9844,1,15,15,641
9845,1,15,15,656
9846,1,15,15,647
9847,1,15,15,686
9848,1,15,15,682
9849,1,15,15,624
9850,1,15,15,442
9851,1,21,15,505
9852,1,15,15,660
9853,1,15,15,676
9854,1,15,15,408
9855,1,15,15,689
9856,1,15,15,628
9857,1,15,15,679
9858,1,15,15,476
9859,1,15,15,675
9860,1,15,15,551
9861,1,4,4,368
9862,1,15,15,646
9863,1,15,15,666
9864,1,15,15,658
9865,1,15,15,676
9866,1,21,21,530
9867,1,4,4,563
9868,1,15,15,688
9869,1,15,15,692
9870,1,4,4,606
9871,1,15,15,36
9872,1,15,15,658
9873,1,15,15,678
9874,1,15,15,672
9875,1,15,15,285
9876,1,15,15,679
9877,1,15,15,676
9878,1,15,15,680
9879,1,15,15,291
9880,1,15,15,687
9881,1,15,15,655
9882,1,15,15,676
9883,1,15,15,665
9884,1,15,15,612
9885,1,15,15,667
9886,1,15,15,673
9887,1,15,15,687
9888,1,15,15,203
9889,1,15,15,654
9890,1,15,15,683
9891,1,15,15,607
9892,1,15,15,680
9893,1,4,4,658
9894,1,15,15,667
9895,1,15,15,647
9896,1,15,15,687
9897,1,15,15,83
9898,1,15,15,663
9899,1,15,15,684
9900,1,15,15,589
9901,1,15,15,648
9902,1,4,4,665
9903,1,15,15,668
9904,1,15,15,669
9905,1,15,15,643
9906,1,15,15,664
9907,1,15,15,686
9908,1,15,15,666
9909,1,15,15,419
9910,1,15,15,652
9911,1,15,4,667
9912,1,15,15,540
9913,1,15,15,676
9914,1,15,15,683
9915,1,15,15,249
9916,1,15,15,668
9917,1,15,15,685
9918,1,41,41,647
9919,1,15,15,622
9920,1,15,15,677
9921,1,15,15,678
9922,1,15,15,524
9923,1,15,15,676
9924,1,15,15,676
9925,1,15,15,678
9926,1,15,15,640
9927,1,4,15,647
9928,1,15,15,556
9929,1,39,41,681
9930,1,15,15,682
9931,1,4,4,537
9932,1,15,15,676
9933,1,15,15,573
9934,1,15,15,517
9935,1,15,15,686
9936,1,15,15,678
9937,1,15,15,683
9938,1,15,15,609
9939,1,15,15,681
9940,1,15,15,578
9941,1,15,15,684
9942,1,15,15,653
9943,1,15,15,660
9944,1,15,15,268
9945,1,15,15,652
9946,1,15,15,678
9947,1,15,15,494
9948,1,15,15,697
9949,1,15,15,680
9950,1,15,15,684
9951,1,15,15,456
9952,1,15,15,596
9953,1,15,15,677
9954,1,15,15,591
9955,1,15,15,665
9956,1,15,15,557
9957,1,15,15,634
9958,1,15,15,653
9959,1,15,15,674
9960,1,4,4,674
9961,1,41,41,667
9962,1,15,15,682
9963,1,15,15,668
9964,1,15,15,677
9965,1,15,15,659
9966,1,15,15,666
9967,1,15,15,684
9968,1,15,15,72
9969,1,15,15,479
9970,1,15,15,225
9971,1,39,39,680
9972,1,15,15,687
9973,1,15,15,663
9974,1,15,15,683
9975,1,15,15,675
9976,1,15,15,687
9977,1,15,15,665
9978,1,15,15,676
9979,1,15,15,676
9980,1,15,15,684
9981,1,15,15,673
9982,1,15,15,685
9983,1,15,15,683
9984,1,4,4,653
9985,1,15,15,283
9986,1,15,15,585
9987,1,15,15,675
9988,1,15,15,690
9989,1,15,15,148
9990,1,15,15,593
9991,1,15,15,682
9992,1,15,15,653
9993,1,15,15,668
9994,1,15,15,108
9995,1,15,15,674
9996,1,15,15,673
9997,1,15,15,664
9998,1,15,15,378
9999,1,15,15,608
10000,1,15,15,603
10001,1,15,15,461
10002,1,15,15,303
10003,1,15,15,614
10004,1,15,15,678
10005,1,15,15,621
10006,1,15,15,670
10007,1,15,15,684
10008,1,15,15,672
10009,1,15,15,132
10010,1,15,15,282
10011,1,15,15,222
10012,1,15,15,630
10013,1,15,15,642
10014,1,15,15,681
10015,1,15,15,683
10016,1,15,15,685
10017,1,15,15,675
10018,1,39,39,660
10019,1,15,15,682
10020,1,15,15,518
10021,1,15,15,505
10022,1,15,15,648
10023,1,15,15,466
10024,1,15,15,503
10025,1,15,15,661
10026,1,15,15,659
10027,1,15,15,676
10028,1,15,15,682
10029,1,15,15,659
10030,1,15,15,542
10031,1,4,15,679
10032,1,15,15,320
10033,1,15,15,694
10034,1,15,15,691
10035,1,15,15,494
10036,1,15,15,478
10037,1,15,15,673
10038,1,15,15,460
10039,1,15,15,612
10040,1,21,15,424
10041,1,21,15,655
10042,1,15,15,659
10043,1,15,15,655
10044,1,15,15,671
10045,1,15,15,580
10046,1,15,15,471
10047,1,41,41,666
10048,1,15,15,674
10049,1,15,15,666
10050,1,15,15,658
10051,1,15,15,670
10052,1,15,15,616
10053,1,15,15,688
10054,1,15,15,636
10055,1,15,15,621
10056,1,15,15,282
10057,1,15,15,610
10058,1,15,15,373
10059,1,15,15,373
10060,1,12,12,256
10061,1,15,15,624
10062,1,15,15,603
10063,1,21,15,684
10064,1,15,15,666
10065,1,15,15,653
10066,1,15,15,290
10067,1,15,15,686
10068,1,15,15,667
10069,1,15,15,686
10070,1,15,15,665
10071,1,15,15,684
10072,1,15,15,672
10073,1,15,15,569
10074,1,15,15,689
10075,1,15,15,673
10076,1,15,15,680
10077,1,15,15,656
10078,1,15,15,672
10079,1,21,15,159
10080,1,15,15,688
10081,1,15,15,688
10082,1,15,15,357
10083,1,15,15,688
10084,1,15,15,579
10085,1,15,15,640
10086,1,15,15,667
10087,1,15,15,642
10088,1,15,15,553
10089,1,15,15,598
10090,1,15,15,510
10091,1,15,15,544
10092,1,12,12,659
10093,1,15,15,679
10094,1,15,15,682
10095,1,15,15,661
10096,1,15,15,617
10097,1,15,15,637
10098,1,15,15,661
10099,1,15,15,691
10100,1,15,15,678
10101,1,15,15,670
10102,1,21,15,673
10103,1,15,15,670
10104,1,15,15,687
10105,1,15,15,672
10106,1,15,15,595
10107,1,15,4,617
10108,1,15,15,559
10109,1,15,15,638
10110,1,15,15,624
10111,1,39,39,29
10112,1,41,41,647
10113,1,41,15,622
10114,1,15,15,638
10115,1,15,15,656
10116,1,15,15,526
10117,1,15,15,653
10118,1,15,15,148
10119,1,15,15,676
10120,1,15,15,380
10121,1,15,15,666
10122,1,15,15,410
10123,1,39,41,682
10124,1,15,15,664
10125,1,15,15,678
10126,1,15,15,675
10127,1,15,15,646
10128,1,15,15,686
10129,1,15,15,665
10130,1,39,39,667
10131,1,15,15,390
10132,1,15,15,685
10133,1,15,15,682
10134,1,15,15,666
10135,1,15,15,674
10136,1,15,15,210
10137,1,15,15,684
10138,1,15,15,686
10139,1,15,15,626
10140,1,15,15,653
10141,1,15,15,295
10142,1,15,15,670
10143,1,12,12,524
10144,1,15,15,688
10145,1,12,12,536
10146,1,15,15,608
10147,1,41,41,674
10148,1,15,15,689
10149,1,15,15,554
10150,1,15,15,683
10151,1,15,15,685
10152,1,15,15,643
10153,1,15,15,675
10154,1,15,15,674
10155,1,15,15,393
10156,1,15,15,270
10157,1,15,15,671
10158,1,15,15,243
10159,1,3,3,679
10160,1,15,15,677
10161,1,12,12,672
10162,1,15,15,659
10163,1,4,4,647
10164,1,15,15,569
10165,1,15,15,617
10166,1,15,15,669
10167,1,15,15,668
10168,1,15,15,686
10169,1,15,15,603
10170,1,15,15,305
10171,1,15,15,669
10172,1,15,15,628
10173,1,15,15,221
10174,1,15,15,413
10175,1,39,39,674
10176,1,4,4,611
10177,1,15,15,677
10178,1,15,15,667
10179,1,15,15,115
10180,1,15,15,289
10181,1,15,15,683
10182,1,15,15,511
10183,1,15,15,681
10184,1,39,41,681
10185,1,21,15,415
10186,1,15,15,660
10187,1,15,15,642
10188,1,15,15,685
10189,1,15,15,534
10190,1,15,15,678
10191,1,15,15,616
10192,1,15,15,674
10193,1,15,15,155
10194,1,15,15,447
10195,1,15,15,652
10196,1,15,15,662
10197,1,15,15,675
10198,1,15,15,547
10199,1,15,15,630
10200,1,15,15,690
10201,1,15,15,638
10202,1,15,15,666
10203,1,15,15,590
10204,1,15,15,679
10205,1,15,15,675
10206,1,15,15,487
10207,1,15,15,660
10208,1,15,15,666
10209,1,15,15,665
10210,1,15,15,7
10211,1,15,15,678
10212,1,15,15,678
10213,1,15,15,630
10214,1,15,15,652
10215,1,15,15,686
10216,1,15,15,83
10217,1,15,15,658
10218,1,15,15,677
10219,1,15,15,687
10220,1,15,15,642
10221,1,15,15,682
10222,1,15,15,611
10223,1,15,15,685
10224,1,15,15,683
10225,1,15,15,686
10226,1,15,15,678
10227,1,4,4,645
10228,1,15,15,676
10229,1,15,3,466
10230,1,15,15,655
10231,1,15,15,657
10232,1,15,15,552
10233,1,15,15,578
10234,1,15,15,672
10235,1,15,15,38
10236,1,15,15,645
10237,1,4,4,462
10238,1,15,15,666
10239,1,15,15,654
10240,1,15,15,248
10241,1,15,15,684
10242,1,15,15,416
10243,1,15,15,517
10244,1,15,15,628
10245,1,15,15,688
10246,1,15,15,499
10247,1,15,15,684
10248,1,15,15,431
10249,1,15,15,666
10250,1,15,15,127
10251,1,41,15,612
10252,1,15,15,681
10253,1,15,15,678
10254,1,15,15,667
10255,1,15,15,680
10256,1,15,15,620
10257,1,15,15,684
10258,1,15,15,658
10259,1,15,15,614
10260,1,15,15,663
10261,1,15,15,687
10262,1,4,4,667
10263,1,15,15,683
10264,1,15,15,573
10265,1,15,15,684
10266,1,15,15,662
10267,1,15,15,688
10268,1,15,15,337
10269,1,15,15,64
10270,1,4,4,677
10271,1,15,15,682
10272,1,15,15,686
10273,1,15,15,589
10274,1,15,15,638
10275,1,11,11,552
10276,1,15,15,537
10277,1,15,15,620
10278,1,15,15,635
10279,1,15,15,671
10280,1,15,15,673
10281,1,15,15,678
10282,1,15,15,686
10283,1,15,15,240
10284,1,15,15,631
10285,1,15,15,678
10286,1,15,15,136
10287,1,15,15,686
10288,1,4,4,623
10289,1,15,15,689
10290,1,15,15,687
10291,1,15,15,686
10292,1,15,15,578
10293,1,15,15,685
10294,1,15,15,680
10295,1,15,15,543
10296,1,15,15,681
10297,1,15,15,679
10298,1,15,15,547
10299,1,15,15,675
10300,1,15,15,267
10301,1,15,15,321
10302,1,15,15,685
10303,1,15,15,649
10304,1,15,15,664
10305,1,15,4,628
10306,1,15,15,685
10307,1,15,15,367
10308,1,15,15,679
10309,1,15,15,684
10310,1,15,15,652
10311,1,15,15,651
10312,1,21,21,633
10313,1,15,15,619
10314,1,15,15,681
10315,1,15,15,685
10316,1,15,15,623
10317,1,15,15,687
10318,1,15,15,680
10319,1,15,15,684
10320,1,15,15,523
10321,1,15,15,677
10322,1,15,15,671
10323,1,15,15,272
10324,1,15,15,679
10325,1,4,4,328
10326,1,15,15,412
10327,1,15,15,215
10328,1,41,41,638
10329,1,15,15,672
10330,1,4,4,635
10331,1,4,4,635
10332,1,15,15,670
10333,1,15,15,591
10334,1,15,15,678
10335,1,15,15,650
10336,1,15,15,585
10337,1,15,15,670
10338,1,15,15,679
10339,1,15,15,687
10340,1,15,15,690
10341,1,15,15,682
10342,1,39,15,587
10343,1,15,15,687
10344,1,21,15,661
10345,1,15,15,666
10346,1,15,15,680
10347,1,15,15,620
10348,1,15,15,686
10349,1,15,15,684
10350,1,15,15,637
10351,1,15,15,650
10352,1,15,15,664
10353,1,15,15,661
10354,1,15,15,673
10355,1,15,15,671
10356,1,39,39,683
10357,1,15,15,624
10358,1,15,15,684
10359,1,15,15,667
10360,1,15,15,684
10361,1,15,15,554
10362,1,15,15,684
10363,1,15,15,603
10364,1,15,15,333
10365,1,15,15,682
10366,1,39,39,675
10367,1,15,15,533
10368,1,41,41,650
10369,1,15,15,679
10370,1,15,15,677
10371,1,15,15,687
10372,1,15,15,686
10373,1,15,15,638
10374,1,15,15,661
10375,1,15,15,689
10376,1,15,15,673
10377,1,15,12,678
10378,1,15,15,678
10379,1,15,15,687
10380,1,15,15,638
10381,1,15,15,639
10382,1,15,15,681
10383,1,15,15,681
10384,1,15,15,678
10385,1,15,15,683
10386,1,15,15,674
10387,1,15,15,651
10388,1,15,15,64
10389,1,15,15,688
10390,1,15,15,669
10391,1,15,15,658
10392,1,15,15,669
10393,1,4,15,514
10394,1,3,3,438
10395,1,15,15,463
10396,1,15,15,680
10397,1,15,15,681
10398,1,41,41,686
10399,1,15,15,506
10400,1,15,15,680
10401,1,15,15,662
10402,1,15,15,686
10403,1,15,15,574
10404,1,15,15,681
10405,1,15,15,685
10406,1,15,15,619
10407,1,15,15,652
10408,1,15,15,132
10409,1,15,15,686
10410,1,15,15,687
10411,1,15,15,63
10412,1,15,15,673
10413,1,15,15,563
10414,1,15,15,424
10415,1,15,15,564
10416,1,15,15,671
10417,1,15,15,393
10418,1,15,15,647
10419,1,15,15,685
10420,1,15,15,668
10421,1,15,15,644
10422,1,15,4,680
10423,1,15,15,673
10424,1,15,15,376
10425,1,15,15,680
10426,1,15,15,646
10427,1,15,15,681
10428,1,15,15,651
10429,1,15,15,587
10430,1,15,15,651
10431,1,15,15,684
10432,1,15,15,666
10433,1,15,15,686
10434,1,15,15,697
10435,1,15,15,685
10436,1,15,15,628
10437,1,15,15,688
10438,1,15,15,651
10439,1,15,15,686
10440,1,15,15,675
10441,1,15,15,613
10442,1,15,15,682
10443,1,15,15,669
10444,1,15,15,687
10445,1,15,15,682
10446,1,15,15,556
10447,1,15,15,680
10448,1,15,4,677
10449,1,15,15,679
10450,1,15,15,677
10451,1,15,15,442
10452,1,15,15,689
10453,1,15,15,653
10454,1,15,15,659
10455,1,15,15,491
10456,1,15,15,570
10457,1,15,15,677
10458,1,15,15,680
10459,1,15,15,173
10460,1,39,39,669
10461,1,15,15,419
10462,1,15,15,677
10463,1,15,15,444
10464,1,15,15,664
10465,1,15,15,677
10466,1,15,15,683
10467,1,4,4,609
10468,1,15,15,303
10469,1,39,39,684
10470,1,15,15,609
10471,1,15,15,575
10472,1,15,15,677
10473,1,15,15,688
10474,1,15,15,680
10475,1,15,15,674
10476,1,15,15,682
10477,1,15,15,255
10478,1,15,15,677
10479,1,15,15,661
10480,1,15,15,248
10481,1,15,15,682
10482,1,4,4,601
10483,1,15,15,432
10484,1,15,15,163
10485,1,15,15,654
10486,1,15,15,687
10487,1,41,41,671
10488,1,15,15,671
10489,1,15,15,666
10490,1,15,15,522
10491,1,15,15,672
10492,1,15,15,680
10493,1,15,15,676
10494,1,15,15,680
10495,1,15,15,582
10496,1,39,39,637
10497,1,15,15,660
10498,1,15,15,606
10499,1,15,15,685
10500,1,15,15,645
10501,1,15,15,673
10502,1,15,15,641
10503,1,15,15,680
10504,1,15,15,683
10505,1,15,15,667
10506,1,4,4,623
10507,1,12,12,676
10508,1,15,15,350
10509,1,15,15,682
10510,1,15,15,242
10511,1,15,15,93
10512,1,15,15,676
10513,1,15,15,682
10514,1,15,15,674
10515,1,15,15,670
10516,1,15,15,687
10517,1,15,15,655
10518,1,15,15,684
10519,1,15,15,634
10520,1,15,15,601
10521,1,15,15,674
10522,1,15,15,667
10523,1,15,15,683
10524,1,15,15,624
10525,1,15,15,627
10526,1,15,15,673
10527,1,15,15,675
10528,1,15,15,594
10529,1,15,15,674
10530,1,15,15,678
10531,1,41,41,666
10532,1,15,15,631
10533,1,15,15,651
10534,1,4,4,645
10535,1,15,15,672
10536,1,15,15,42
10537,1,15,15,684
10538,1,15,15,665
10539,1,15,15,680
10540,1,15,15,619
10541,1,15,15,644
10542,1,15,15,685
10543,1,15,15,206
10544,1,15,15,663
10545,1,15,15,658
10546,1,15,15,634
10547,1,21,15,502
10548,1,41,41,655
10549,1,15,15,653
10550,1,15,15,680
10551,1,4,4,629
10552,1,15,15,678
10553,1,15,15,670
10554,1,15,15,678
10555,1,15,15,674
10556,1,15,15,683
10557,1,15,15,586
10558,1,15,15,660
10559,1,15,15,678
10560,1,15,15,663
10561,1,15,15,626
10562,1,15,15,660
10563,1,15,15,665
10564,1,15,15,683
10565,1,15,15,678
10566,1,15,15,679
10567,1,15,15,682
10568,1,15,15,552
10569,1,15,15,648
10570,1,15,15,681
10571,1,15,4,675
10572,1,15,15,658
10573,1,15,15,667
10574,1,15,4,676
10575,1,15,15,652
10576,1,41,41,537
10577,1,15,15,675
10578,1,15,15,668
10579,1,15,15,626
10580,1,15,15,607
10581,1,15,15,512
10582,1,15,15,682
10583,1,15,15,664
10584,1,15,15,669
10585,1,15,15,662
10586,1,15,15,559
10587,1,15,15,39
10588,1,15,15,684
10589,1,15,15,534
10590,1,15,15,156
10591,1,15,15,674
10592,1,15,15,545
10593,1,15,15,610
10594,1,15,15,412
10595,1,15,15,680
10596,1,15,15,668
10597,1,15,15,651
10598,1,15,15,668
10599,1,15,15,646
10600,1,15,15,578
10601,1,15,15,678
10602,1,15,15,684
10603,1,15,15,638
10604,1,15,15,247
10605,1,15,15,671
10606,1,15,15,672
10607,1,15,15,668
10608,1,15,15,687
10609,1,4,4,652
10610,1,15,15,476
10611,1,15,15,675
10612,1,15,15,674
10613,1,15,15,687
10614,1,15,15,248
10615,1,15,15,653
10616,1,15,15,657
10617,1,21,15,656
10618,1,15,15,647
10619,1,15,15,669
10620,1,15,15,678
10621,1,15,15,663
10622,1,15,15,325
10623,1,15,15,685
10624,1,15,15,680
10625,1,15,15,664
10626,1,15,15,673
10627,1,15,15,673
10628,1,15,15,673
10629,1,15,12,332
10630,1,15,15,684
10631,1,15,15,498
10632,1,15,15,666
10633,1,15,15,676
10634,1,15,15,679
10635,1,15,15,671
10636,1,15,15,270
10637,1,15,15,671
10638,1,15,15,678
10639,1,15,15,444
10640,1,15,15,552
10641,1,15,15,679
10642,1,15,15,678
10643,1,15,15,677
10644,1,15,15,645
10645,1,15,15,659
10646,1,15,15,583
10647,1,15,15,365
10648,1,15,15,682
10649,1,15,15,631
10650,1,15,15,661
10651,1,15,15,628
10652,1,15,15,688
10653,1,15,15,639
10654,1,41,41,638
10655,1,15,15,642
10656,1,15,15,246
10657,1,15,15,594
10658,1,15,15,543
10659,1,15,15,687
10660,1,15,15,676
10661,1,15,15,682
10662,1,15,15,673
10663,1,15,15,433
10664,1,15,15,674
10665,1,15,15,638
10666,1,15,15,680
10667,1,15,15,681
10668,1,15,15,685
10669,1,15,15,685
10670,1,4,4,596
10671,1,15,15,533
10672,1,12,12,472
10673,1,15,15,682
10674,1,15,15,502
10675,1,15,15,684
10676,1,15,15,644
10677,1,15,15,601
10678,1,15,15,688
10679,1,15,15,480
10680,1,15,15,555
10681,1,12,12,675
10682,1,15,15,601
10683,1,15,15,253
10684,1,15,15,675
10685,1,15,15,671
10686,1,21,15,562
10687,1,15,15,541
10688,1,15,15,685
10689,1,15,4,680
10690,1,15,15,688
10691,1,15,15,478
10692,1,15,15,619
10693,1,15,15,350
10694,1,15,15,676
10695,1,15,15,659
10696,1,15,15,683
10697,1,15,15,599
10698,1,15,15,637
10699,1,39,39,637
10700,1,15,15,225
10701,1,4,4,445
10702,1,15,15,685
10703,1,15,15,590
10704,1,15,15,639
10705,1,15,15,665
10706,1,15,15,681
10707,1,15,15,674
10708,1,15,15,679
10709,1,15,15,666
10710,1,15,15,669
10711,1,15,15,673
10712,1,15,15,678
10713,1,4,4,18
10714,1,15,15,648
10715,1,15,15,361
10716,1,15,15,611
10717,1,21,15,393
10718,1,15,15,582
10719,1,15,15,621
10720,1,15,15,681
10721,1,15,15,389
10722,1,15,15,674
10723,1,15,15,233
10724,1,15,15,659
10725,1,15,15,673
10726,1,39,39,614
10727,1,15,15,684
10728,1,15,15,579
10729,1,15,15,671
10730,1,15,15,679
10731,1,15,15,594
10732,1,15,15,427
10733,1,15,15,453
10734,1,15,15,644
10735,1,15,4,683
10736,1,15,15,682
10737,1,15,15,689
10738,1,15,15,683
10739,1,15,15,553
10740,1,15,15,610
10741,1,15,15,400
10742,1,15,15,650
10743,1,15,15,654
10744,1,15,15,680
10745,1,15,15,689
10746,1,15,15,690
10747,1,15,15,662
10748,1,15,15,178
10749,1,15,15,35
10750,1,15,15,693
10751,1,15,15,668
10752,1,15,15,593
10753,1,15,15,653
10754,1,15,15,634
10755,1,15,15,673
10756,1,15,15,680
10757,1,15,15,391
10758,1,15,15,677
10759,1,15,15,672
10760,1,15,15,663
10761,1,15,15,643
10762,1,15,15,679
10763,1,15,15,572
10764,1,15,15,664
10765,1,15,15,646
10766,1,15,15,611
10767,1,15,15,677
10768,1,15,15,678
10769,1,15,15,651
10770,1,21,15,16
10771,1,15,15,665
10772,1,15,15,666
10773,1,15,15,249
10774,1,15,15,647
10775,1,15,15,622
10776,1,15,15,679
10777,1,15,15,645
10778,1,15,15,671
10779,1,15,15,508
10780,1,24,24,652
10781,1,15,15,133
10782,1,15,15,602
10783,1,39,39,666
10784,1,15,15,605
10785,1,15,15,280
10786,1,15,15,487
10787,1,15,15,668
10788,1,15,3,674
10789,1,15,15,587
10790,1,15,15,683
10791,1,15,15,678
10792,1,15,15,686
10793,1,15,15,662
10794,1,15,15,676
10795,1,15,15,555
10796,1,4,15,642
10797,1,15,15,659
10798,1,15,15,675
10799,1,4,4,594
10800,1,15,4,671
10801,1,15,15,363
10802,1,15,15,680
10803,1,21,15,223
10804,1,15,15,605
10805,1,39,39,671
10806,1,15,15,671
10807,1,15,15,503
10808,1,15,15,496
10809,1,15,15,661
10810,1,4,4,287
10811,1,15,15,676
10812,1,15,15,554
10813,1,15,15,662
10814,1,15,15,688
10815,1,15,15,647
10816,1,15,15,658
10817,1,15,15,660
10818,1,15,15,686
10819,1,4,4,675
10820,1,15,15,650
10821,1,4,4,615
10822,1,15,15,633
10823,1,15,15,673
10824,1,15,15,668
10825,1,15,15,678
10826,1,15,15,672
10827,1,15,15,97
10828,1,4,4,684
10829,1,15,15,684
10830,1,15,15,670
10831,1,15,15,660
10832,1,15,4,568
10833,1,15,15,19
10834,1,15,15,354
10835,1,15,15,653
10836,1,15,15,688
10837,1,15,15,596
10838,1,15,15,666
10839,1,15,15,602
10840,1,15,15,673
10841,1,15,15,688
10842,1,15,15,584
10843,1,15,15,676
10844,1,15,15,685
10845,1,15,15,663
10846,1,15,15,458
10847,1,15,15,624
10848,1,15,15,632
10849,1,15,15,686
10850,1,15,15,671
10851,1,15,15,52
10852,1,15,15,544
10853,1,3,3,54
10854,1,15,15,678
10855,1,15,15,689
10856,1,15,15,670
10857,1,15,15,488
10858,1,15,15,667
10859,1,15,15,686
10860,1,15,15,670
10861,1,15,15,669
10862,1,15,15,674
10863,1,15,15,681
10864,1,15,15,630
10865,1,15,15,568
10866,1,15,15,347
10867,1,15,15,673
10868,1,15,15,525
10869,1,15,15,389
10870,1,15,15,653
10871,1,15,15,548
10872,1,21,15,625
10873,1,15,15,669
10874,1,15,15,676
10875,1,15,15,675
10876,1,15,15,689
10877,1,15,15,101
10878,1,15,15,483
10879,1,15,15,678
10880,1,15,15,658
10881,1,15,15,685
10882,1,15,15,614
10883,1,15,15,672
10884,1,15,15,327
10885,1,15,15,591
10886,1,41,41,666
10887,1,15,15,679
10888,1,15,15,677
10889,1,15,15,675
10890,1,15,15,672
10891,1,15,15,638
10892,1,15,15,468
10893,1,15,15,672
10894,1,15,15,545
10895,1,15,15,678
10896,1,15,15,671
10897,1,15,15,662
10898,1,15,15,684
10899,1,15,15,653
10900,1,15,15,567
10901,1,41,41,671
10902,1,15,15,672
10903,1,15,15,685
10904,1,21,21,643
10905,1,15,15,685
10906,1,15,15,667
10907,1,15,15,626
10908,1,15,15,682
10909,1,15,15,666
10910,1,15,15,158
10911,1,15,15,651
10912,1,15,15,678
10913,1,15,15,684
10914,1,15,15,626
10915,1,15,15,512
10916,1,4,4,599
10917,1,15,15,665
10918,1,15,15,677
10919,1,15,15,672
10920,1,15,15,678
10921,1,15,15,422
10922,1,15,15,674
10923,1,15,15,196
10924,1,15,15,626
10925,1,15,15,692
10926,1,15,15,630
10927,1,15,15,685
10928,1,15,15,686
10929,1,15,15,687
10930,1,15,15,684
10931,1,15,15,438
10932,1,15,15,685
10933,1,15,15,659
10934,1,15,15,683
10935,1,15,15,52
10936,1,15,15,629
10937,1,15,15,491
10938,1,15,15,684
10939,1,15,15,682
10940,1,15,15,684
10941,1,15,15,613
10942,1,15,15,659
10943,1,15,15,659
10944,1,15,15,415
10945,1,15,15,684
10946,1,15,15,648
10947,1,15,15,685
10948,1,4,4,650
10949,1,15,15,618
10950,1,15,15,590
10951,1,15,15,675
10952,1,15,15,683
10953,1,15,15,619
10954,1,15,15,681
10955,1,15,15,515
10956,1,15,15,663
10957,1,15,15,673
10958,1,15,15,663
10959,1,15,15,640
10960,1,15,15,663
10961,1,15,15,642
10962,1,15,15,641
10963,1,15,15,686
10964,1,15,15,678
10965,1,15,15,687
10966,1,15,15,680
10967,1,15,15,670
10968,1,12,12,442
10969,1,15,15,653
10970,1,15,15,422
10971,1,15,15,442
10972,1,15,15,231
10973,1,15,15,670
10974,1,15,15,684
10975,1,15,15,673
10976,1,15,15,658
10977,1,15,15,610
10978,1,15,15,641
10979,1,4,4,671
10980,1,15,15,559
10981,1,15,15,665
10982,1,15,15,659
10983,1,15,15,656
10984,1,15,15,627
10985,1,15,15,649
10986,1,15,15,654
10987,1,15,15,680
10988,1,15,15,688
10989,1,15,15,438
10990,1,15,15,683
10991,1,15,15,675
10992,1,15,15,684
10993,1,15,15,501
10994,1,15,15,647
10995,1,15,15,661
10996,1,15,15,607
10997,1,15,15,669
10998,1,15,15,671
10999,1,15,15,661
11000,1,15,15,641
11001,1,15,15,501
11002,1,15,15,682
11003,1,15,15,640
11004,1,39,39,662
11005,1,15,15,585
11006,1,15,15,513
11007,1,4,4,445
11008,1,15,15,684
11009,1,15,15,600
11010,1,15,4,108
11011,1,15,15,675
11012,1,15,15,685
11013,1,15,15,684
11014,1,15,15,684
11015,1,15,15,653
11016,1,15,4,105
11017,1,15,15,685
11018,1,15,15,633
11019,1,15,15,511
11020,1,15,4,660
11021,1,15,15,684
11022,1,15,15,96
11023,1,15,15,254
11024,1,15,15,666
11025,1,15,15,598
11026,1,4,4,603
11027,1,15,15,678
11028,1,15,15,616
11029,1,15,15,672
11030,1,15,15,679
11031,1,15,4,651
11032,1,15,15,688
11033,1,15,15,669
11034,1,15,15,679
11035,1,15,15,673
11036,1,15,15,354
11037,1,15,15,677
11038,1,41,20,564
11039,1,15,15,607
11040,1,15,15,644
11041,1,15,15,626
11042,1,15,15,565
11043,1,15,15,606
11044,1,15,15,665
11045,1,15,15,673
11046,1,15,15,687
11047,1,15,15,676
11048,1,15,15,662
11049,1,15,15,654
11050,1,15,15,595
11051,1,15,15,179
11052,1,15,15,645
11053,1,15,15,680
11054,1,15,15,408
11055,1,15,15,671
11056,1,15,15,645
11057,1,15,15,639
11058,1,15,15,481
11059,1,15,15,681
11060,1,15,15,652
11061,1,15,15,639
11062,1,15,15,676
11063,1,15,15,678
11064,1,15,15,677
11065,1,4,15,516
11066,1,15,15,646
11067,1,15,15,251
11068,1,15,15,637
11069,1,15,15,670
11070,1,15,15,688
11071,1,12,12,619
11072,1,15,15,631
11073,1,15,15,503
11074,1,15,15,682
11075,1,15,15,491
11076,1,15,15,627
11077,1,15,15,677
11078,1,15,15,670
11079,1,15,15,665
11080,1,15,15,687
11081,1,21,15,204
11082,1,12,12,682
11083,1,15,4,188
11084,1,15,15,663
11085,1,4,4,598
11086,1,15,15,539
11087,1,15,15,100
11088,1,15,15,681
11089,1,41,15,640
11090,1,15,15,687
11091,1,15,15,347
11092,1,15,15,646
11093,1,15,15,634
11094,1,4,4,550
11095,1,15,15,187
11096,1,41,41,656
11097,1,15,15,542
11098,1,15,15,650
11099,1,15,15,671
11100,1,15,15,655
11101,1,15,15,627
11102,1,15,15,584
11103,1,15,15,673
11104,1,15,15,679
11105,1,15,15,680
11106,1,15,15,427
11107,1,15,15,674
11108,1,15,15,643
11109,1,15,15,677
11110,1,15,15,660
11111,1,15,15,680
11112,1,15,15,686
11113,1,15,15,659
11114,1,15,15,552
11115,1,15,15,681
11116,1,21,15,683
11117,1,15,15,657
11118,1,15,15,471
11119,1,15,15,678
11120,1,15,15,664
11121,1,15,15,670
11122,1,15,15,319
11123,1,15,15,666
11124,1,15,15,689
11125,1,15,15,674
11126,1,15,15,617
11127,1,15,15,589
11128,1,15,15,454
11129,1,15,15,449
11130,1,4,4,581
11131,1,15,15,645
11132,1,15,15,674
11133,1,15,15,482
11134,1,15,15,648
11135,1,15,15,691
11136,1,15,15,642
11137,1,15,15,651
11138,1,15,15,657
11139,1,15,15,507
11140,1,33,15,140
11141,1,4,4,675
11142,1,15,15,685
11143,1,15,15,615
11144,1,15,15,660
11145,1,15,15,668
11146,1,15,4,437
11147,1,15,15,677
11148,1,15,15,666
11149,1,15,15,154
11150,1,15,15,687
11151,1,15,15,654
11152,1,15,15,669
11153,1,15,15,481
11154,1,15,15,670
11155,1,15,15,674
11156,1,15,15,656
11157,1,15,15,585
11158,1,15,15,26
11159,1,15,15,679
11160,1,15,15,656
11161,1,15,15,690
11162,1,15,15,264
11163,1,4,4,651
11164,1,15,15,290
11165,1,15,15,7
11166,1,12,12,628
11167,1,15,15,668
11168,1,21,15,585
11169,1,15,15,677
11170,1,15,15,529
11171,1,15,15,547
11172,1,21,15,636
11173,1,41,41,680
11174,1,15,15,689
11175,1,15,15,592
11176,1,15,15,665
11177,1,15,15,586
11178,1,15,15,636
11179,1,15,15,671
11180,1,15,15,672
11181,1,15,15,670
11182,1,15,15,639
11183,1,15,15,628
11184,1,15,15,649
11185,1,15,15,680
11186,1,4,4,657
11187,1,15,15,669
11188,1,15,15,568
11189,1,15,15,669
11190,1,15,15,654
11191,1,15,15,567
11192,1,15,15,677
11193,1,15,15,683
11194,1,15,15,529
11195,1,15,15,676
11196,1,15,15,677
11197,1,4,4,659
11198,1,15,15,623
11199,1,15,15,654
11200,1,15,15,677
11201,1,15,15,142
11202,1,15,15,655
11203,1,15,15,138
11204,1,15,15,678
11205,1,15,15,472
11206,1,3,3,629
11207,1,15,15,628
11208,1,15,15,95
11209,1,15,15,644
11210,1,15,15,117
11211,1,15,15,640
11212,1,15,15,688
11213,1,15,15,680
11214,1,15,15,627
11215,1,15,15,619
11216,1,15,15,686
11217,1,15,15,673
11218,1,15,15,552
11219,1,15,15,663
11220,1,15,15,548
11221,1,15,4,644
11222,1,15,15,690
11223,1,15,15,683
11224,1,15,15,672
11225,1,15,15,640
11226,1,15,15,682
11227,1,15,15,562
11228,1,41,41,645
11229,1,15,15,687
11230,1,4,4,678
11231,1,15,15,688
11232,1,15,15,683
11233,1,15,15,266
11234,1,21,15,12
11235,1,15,15,674
11236,1,15,15,687
11237,1,15,15,677
11238,1,21,15,681
11239,1,15,15,680
11240,1,21,15,220
11241,1,15,15,537
11242,1,15,15,640
11243,1,15,15,679
11244,1,15,15,684
11245,1,15,15,402
11246,1,15,15,667
11247,1,15,15,553
11248,1,15,15,685
11249,1,15,15,349
11250,1,15,15,681
11251,1,15,15,440
11252,1,15,15,695
11253,1,15,15,681
11254,1,15,15,658
11255,1,15,15,671
11256,1,15,15,673
11257,1,15,15,646
11258,1,3,3,187
11259,1,15,15,673
11260,1,15,15,578
11261,1,15,15,678
11262,1,15,15,672
11263,1,15,15,683
11264,1,41,41,670
11265,1,15,15,674
11266,1,15,15,640
11267,1,15,15,681
11268,1,21,21,593
11269,1,15,15,663
11270,1,20,15,146
11271,1,4,4,618
11272,1,15,15,668
11273,1,15,15,673
11274,1,15,15,691
11275,1,15,15,660
11276,1,15,15,687
11277,1,15,15,674
11278,1,15,15,674
11279,1,15,15,670
11280,1,15,15,413
11281,1,15,15,675
11282,1,15,15,653
11283,1,15,15,477
11284,1,15,15,475
11285,1,15,15,682
11286,1,15,15,652
11287,1,15,15,690
11288,1,15,15,675
11289,1,15,15,545
11290,1,15,15,641
11291,1,15,15,678
11292,1,15,15,675
11293,1,15,15,688
11294,1,15,15,671
11295,1,21,21,653
11296,1,15,15,627
11297,1,15,15,681
11298,1,15,15,425
11299,1,15,15,362
11300,1,15,15,645
11301,1,15,15,649
11302,1,15,15,657
11303,1,15,15,600
11304,1,15,15,565
11305,1,15,15,615
11306,1,41,41,596
11307,1,15,15,670
11308,1,15,15,584
11309,1,15,15,683
11310,1,41,41,677
11311,1,15,15,92
11312,1,15,15,689
11313,1,15,15,685
11314,1,15,15,537
11315,1,15,15,675
11316,1,15,15,670
11317,1,15,15,637
11318,1,15,15,687
11319,1,15,15,665
11320,1,15,15,677
11321,1,15,15,681
11322,1,15,15,659
11323,1,4,4,202
11324,1,4,4,673
11325,1,15,15,669
11326,1,15,15,656
11327,1,15,15,664
11328,1,15,15,300
11329,1,15,15,627
11330,1,15,15,645
11331,1,15,15,678
11332,1,15,15,680
11333,1,15,15,687
11334,1,15,15,659
11335,1,15,15,618
11336,1,15,15,627
11337,1,15,15,617
11338,1,15,15,474
11339,1,15,15,683
11340,1,15,15,648
11341,1,15,15,613
11342,1,15,15,688
11343,1,15,15,676
11344,1,15,15,683
11345,1,15,15,373
11346,1,15,15,682
11347,1,15,15,643
11348,1,15,15,674
11349,1,15,15,674
11350,1,15,15,678
11351,1,15,15,667
11352,1,15,15,689
11353,1,15,15,554
11354,1,15,15,658
11355,1,15,15,581
11356,1,20,15,677
11357,1,15,15,507
11358,1,15,15,672
11359,1,15,15,668
11360,1,15,15,340
11361,1,15,15,680
11362,1,4,4,627
11363,1,15,15,665
11364,1,15,15,668
11365,1,15,15,673
11366,1,15,15,640
11367,1,12,12,643
11368,1,15,15,681
11369,1,41,41,668
11370,1,15,15,649
11371,1,15,15,635
11372,1,15,15,382
11373,1,15,4,321
11374,1,15,15,676
11375,1,4,15,608
11376,1,15,15,684
11377,1,15,15,658
11378,1,15,15,684
11379,1,15,15,690
11380,1,15,15,682
11381,1,15,15,185
11382,1,15,15,657
11383,1,15,4,674
11384,1,15,15,684
11385,1,15,15,680
11386,1,15,15,684
11387,1,15,15,680
11388,1,15,15,660
11389,1,15,15,657
11390,1,15,15,590
11391,1,15,15,314
11392,1,15,15,646
11393,1,15,15,681
11394,1,15,15,678
11395,1,15,15,596
11396,1,15,15,667
11397,1,15,15,667
11398,1,15,15,684
11399,1,15,15,668
11400,1,15,15,514
11401,1,15,15,687
11402,1,15,15,375
11403,1,15,15,482
11404,1,15,15,629
11405,1,4,4,643
11406,1,15,15,684
11407,1,15,15,551
11408,1,15,15,637
11409,1,15,15,672
11410,1,15,15,688
11411,1,21,15,82
11412,1,4,4,661
11413,1,15,15,676
11414,1,15,15,679
11415,1,15,15,680
11416,1,15,15,673
11417,1,15,15,688
11418,1,15,15,685
11419,1,15,15,151
11420,1,15,15,623
11421,1,15,15,677
11422,1,15,15,607
11423,1,15,15,641
11424,1,15,15,661
11425,1,15,15,618
11426,1,15,15,673
11427,1,15,15,120
11428,1,15,15,408
11429,1,15,15,676
11430,1,41,41,674
11431,1,15,15,656
11432,1,15,15,676
11433,1,39,39,409
11434,1,15,15,679
11435,1,15,15,667
11436,1,15,15,675
11437,1,4,15,508
11438,1,15,15,657
11439,1,15,15,659
11440,1,15,15,654
11441,1,15,15,660
11442,1,15,15,675
11443,1,15,15,670
11444,1,21,15,294
11445,1,15,15,470
11446,1,15,15,675
11447,1,15,15,27
11448,1,15,15,635
11449,1,15,15,584
11450,1,15,15,568
11451,1,15,15,669
11452,1,15,15,672
11453,1,21,15,671
11454,1,15,15,579
11455,1,15,15,687
11456,1,15,15,684
11457,1,15,15,668
11458,1,15,15,267
11459,1,15,15,621
11460,1,4,4,566
11461,1,15,15,623
11462,1,15,15,444
11463,1,15,15,624
11464,1,15,15,681
11465,1,15,15,687
11466,1,15,15,661
11467,1,41,41,686
11468,1,15,15,662
11469,1,15,15,670
11470,1,3,3,641
11471,1,15,15,383
11472,1,15,15,654
11473,1,15,15,674
11474,1,15,15,652
11475,1,15,15,679
11476,1,15,15,687
11477,1,15,15,684
11478,1,15,15,690
11479,1,15,15,687
11480,1,15,15,625
11481,1,15,15,684
11482,1,15,15,529
11483,1,15,15,153
11484,1,15,15,654
11485,1,15,15,684
11486,1,15,15,332
11487,1,15,15,522
11488,1,15,15,631
11489,1,15,15,115
11490,1,15,15,657
11491,1,15,15,551
11492,1,15,15,657
11493,1,15,15,657
11494,1,15,15,525
11495,1,15,15,217
11496,1,15,15,115
11497,1,15,15,663
11498,1,15,15,685
11499,1,3,3,489
11500,1,15,15,680
11501,1,15,15,628
11502,1,15,15,207
11503,1,15,15,683
11504,1,15,15,672
11505,1,15,15,683
11506,1,15,15,658
11507,1,3,3,643
11508,1,15,15,677
11509,1,15,15,677
11510,1,15,15,682
11511,1,15,15,38
11512,1,15,15,692
11513,1,15,15,670
11514,1,15,15,686
11515,1,15,4,544
11516,1,41,41,574
11517,1,41,41,683
11518,1,15,15,665
11519,1,15,15,678
11520,1,15,15,683
11521,1,15,15,636
11522,1,15,15,504
11523,1,15,15,680
11524,1,15,15,674
11525,1,15,15,419
11526,1,15,4,328
11527,1,15,15,679
11528,1,4,4,573
11529,1,21,15,684
11530,1,15,15,666
11531,1,15,15,677
11532,1,15,15,684
11533,1,15,15,669
11534,1,15,15,613
11535,1,15,15,424
11536,1,4,4,659
11537,1,15,15,574
11538,1,15,15,653
11539,1,15,15,236
11540,1,15,15,687
11541,1,15,15,659
11542,1,15,15,355
11543,1,15,15,667
11544,1,15,15,3
11545,1,15,15,674
11546,1,15,15,629
11547,1,15,15,626
11548,1,15,15,380
11549,1,15,15,655
11550,1,15,15,496
11551,1,15,15,677
11552,1,15,15,436
11553,1,15,15,686
11554,1,15,15,681
11555,1,15,15,661
11556,1,15,15,688
11557,1,15,15,564
11558,1,21,15,539
11559,1,15,15,660
11560,1,4,4,667
11561,1,15,15,662
11562,1,15,15,680
11563,1,4,4,593
11564,1,15,15,673
11565,1,15,15,617
11566,1,15,15,647
11567,1,15,15,691
11568,1,15,15,684
11569,1,15,15,550
11570,1,15,15,673
11571,1,15,15,679
11572,1,15,15,677
11573,1,15,15,673
11574,1,15,15,473
11575,1,15,15,642
11576,1,15,15,632
11577,1,15,15,640
11578,1,4,4,662
11579,1,15,15,504
11580,1,15,15,684
11581,1,15,15,571
11582,1,15,15,670
11583,1,15,15,663
11584,1,39,39,683
11585,1,15,12,647
11586,1,15,15,676
11587,1,4,4,12
11588,1,15,15,640
11589,1,15,15,246
11590,1,15,15,679
11591,1,15,15,633
11592,1,15,15,685
11593,1,15,15,665
11594,1,15,15,681
11595,1,15,15,200
11596,1,15,15,576
11597,1,21,15,674
11598,1,15,15,688
11599,1,15,15,683
11600,1,15,15,667
11601,1,15,15,653
11602,1,15,15,675
11603,1,15,15,678
11604,1,15,15,682
11605,1,15,15,295
11606,1,15,15,373
11607,1,15,15,561
11608,1,15,4,647
11609,1,15,15,653
11610,1,15,15,676
11611,1,15,15,674
11612,1,15,15,685
11613,1,15,15,523
11614,1,15,15,674
11615,1,15,15,194
11616,1,15,15,685
11617,1,41,41,681
11618,1,15,15,392
11619,1,15,15,651
11620,1,15,15,668
11621,1,15,15,610
11622,1,15,15,665
11623,1,15,15,659
11624,1,15,15,687
11625,1,41,41,674
11626,1,15,15,607
11627,1,15,15,670
11628,1,15,15,663
11629,1,15,15,634
11630,1,15,15,643
11631,1,15,15,516
11632,1,15,15,653
11633,1,15,15,679
11634,1,15,15,658
11635,1,15,15,665
11636,1,15,15,672
11637,1,21,15,686
11638,1,15,15,59
11639,1,15,15,691
11640,1,4,4,314
11641,1,21,15,647
11642,1,15,15,685
11643,1,21,15,659
11644,1,15,15,678
11645,1,4,4,656
11646,1,15,15,649
11647,1,15,15,585
11648,1,15,15,655
11649,1,15,15,178
11650,1,15,15,682
11651,1,15,15,681
11652,1,15,15,684
11653,1,15,15,678
11654,1,41,41,195
11655,1,15,15,666
11656,1,12,12,673
11657,1,15,15,551
11658,1,15,15,653
11659,1,15,15,635
11660,1,15,15,567
11661,1,15,15,681
11662,1,15,15,685
11663,1,3,15,217
11664,1,15,15,169
11665,1,15,15,682
11666,1,15,15,681
11667,1,15,15,355
11668,1,15,15,562
11669,1,15,4,667
11670,1,15,15,687
11671,1,15,15,681
11672,1,4,4,645
11673,1,15,15,666
11674,1,15,15,678
11675,1,15,15,688
11676,1,15,15,679
11677,1,39,39,632
11678,1,15,15,504
11679,1,15,15,652
11680,1,15,15,675
11681,1,15,15,681
11682,1,15,15,684
11683,1,15,15,611
11684,1,15,15,527
11685,1,15,15,477
11686,1,15,15,626
11687,1,15,15,656
11688,1,15,15,673
11689,1,15,15,647
11690,1,15,15,665
11691,1,15,15,678
11692,1,15,15,666
11693,1,15,15,687
11694,1,15,15,679
11695,1,15,15,682
11696,1,15,15,444
11697,1,15,15,686
11698,1,15,15,672
11699,1,21,15,685
11700,1,15,15,635
11701,1,4,4,660
11702,1,15,15,620
11703,1,15,15,687
11704,1,15,15,583
11705,1,15,15,662
11706,1,15,15,636
11707,1,15,15,347
11708,1,15,15,638
11709,1,15,15,676
11710,1,15,15,684
11711,1,15,15,687
11712,1,15,15,674
11713,1,15,15,666
11714,1,15,15,306
11715,1,15,15,671
11716,1,15,15,686
11717,1,15,15,679
11718,1,15,4,642
11719,1,15,15,666
11720,1,15,15,674
11721,1,21,15,667
11722,1,15,15,675
11723,1,15,15,637
11724,1,15,15,573
11725,1,21,15,513
11726,1,4,4,608
11727,1,15,15,553
11728,1,15,15,685
11729,1,15,15,672
11730,1,15,15,538
11731,1,15,15,607
11732,1,15,15,663
11733,1,4,4,578
11734,1,15,15,635
11735,1,39,39,685
11736,1,15,15,627
11737,1,15,15,685
11738,1,41,15,216
11739,1,15,15,628
11740,1,15,15,681
11741,1,15,15,669
11742,1,15,15,648
11743,1,15,15,667
11744,1,39,39,687
11745,1,15,15,547
11746,1,15,15,597
11747,1,15,15,657
11748,1,15,15,681
11749,1,15,15,668
11750,1,15,15,669
11751,1,15,15,670
11752,1,15,15,684
11753,1,15,15,600
11754,1,15,15,415
11755,1,15,15,629
11756,1,15,15,457
11757,1,15,15,675
11758,1,15,15,127
11759,1,15,15,254
11760,1,15,15,672
11761,1,15,15,596
11762,1,15,15,591
11763,1,15,15,684
11764,1,15,15,637
11765,1,15,15,666
11766,1,4,4,549
11767,1,15,15,652
11768,1,15,15,680
11769,1,15,15,657
11770,1,15,15,657
11771,1,15,15,671
11772,1,12,12,548
11773,1,15,15,299
11774,1,15,15,673
11775,1,15,15,543
11776,1,15,15,665
11777,1,15,15,661
11778,1,15,15,682
11779,1,15,15,669
11780,1,15,15,682
11781,1,15,15,682
11782,1,15,15,671
11783,1,3,3,42
11784,1,15,15,675
11785,1,15,15,517
11786,1,15,15,69
11787,1,15,15,315
11788,1,15,4,541
11789,1,21,4,624
11790,1,15,15,670
11791,1,15,15,689
11792,1,39,39,683
11793,1,15,15,668
11794,1,15,15,559
11795,1,15,15,391
11796,1,15,15,646
11797,1,15,15,621
11798,1,15,15,687
11799,1,15,15,686
11800,1,21,15,683
11801,1,15,15,657
11802,1,4,4,673
11803,1,15,15,682
11804,1,15,15,675
11805,1,15,15,623
11806,1,15,15,683
11807,1,15,15,641
11808,1,15,15,635
11809,1,15,15,649
11810,1,15,15,667
11811,1,15,15,93
11812,1,15,15,644
11813,1,15,15,663
11814,1,15,15,510
11815,1,15,15,290
11816,1,15,15,666
11817,1,15,15,643
11818,1,15,15,682
11819,1,15,15,191
11820,1,15,15,686
11821,1,15,15,693
11822,1,15,15,649
11823,1,15,15,110
11824,1,15,15,649
11825,1,15,15,668
11826,1,15,15,679
11827,1,15,15,667
11828,1,15,15,666
11829,1,15,15,663
11830,1,15,15,647
11831,1,15,15,676
11832,1,21,15,639
11833,1,15,15,659
11834,1,15,15,660
11835,1,15,15,680
11836,1,15,15,645
11837,1,15,15,657
11838,1,15,15,685
11839,1,15,15,573
11840,1,15,15,627
11841,1,15,15,665
11842,1,15,15,662
11843,1,15,15,655
11844,1,15,15,689
11845,1,15,15,678
11846,1,15,15,678
11847,1,15,15,637
11848,1,15,15,610
11849,1,15,15,666
11850,1,15,15,604
11851,1,15,15,603
11852,1,15,15,677
11853,1,15,15,500
11854,1,15,15,670
11855,1,15,15,671
11856,1,4,4,441
11857,1,15,15,629
11858,1,15,15,673
11859,1,15,15,680
11860,1,15,15,658
11861,1,15,15,671
11862,1,15,15,671
11863,1,15,15,643
11864,1,15,15,636
11865,1,15,15,678
11866,1,15,15,674
11867,1,39,39,661
11868,1,15,15,549
11869,1,4,4,605
11870,1,15,15,686
11871,1,41,41,675
11872,1,15,15,564
11873,1,15,15,676
11874,1,15,15,686
11875,1,15,15,684
11876,1,15,21,6
11877,1,15,15,424
11878,1,15,15,666
11879,1,15,15,665
11880,1,15,15,629
11881,1,15,15,622
11882,1,15,15,648
11883,1,15,11,624
11884,1,15,15,678
11885,1,15,4,567
11886,1,15,15,683
11887,1,15,15,627
11888,1,9,15,113
11889,1,15,15,663
11890,1,15,15,663
11891,1,15,15,674
11892,1,15,15,651
11893,1,15,15,609
11894,1,15,4,668
11895,1,15,15,653
11896,1,15,15,673
11897,1,15,15,537
11898,1,15,15,642
11899,1,15,15,682
11900,1,15,15,661
11901,1,15,15,687
11902,1,15,15,656
11903,1,15,15,644
11904,1,15,15,681
11905,1,15,15,655
11906,1,15,15,676
11907,1,15,15,548
11908,1,15,15,688
11909,1,15,21,658
11910,1,15,15,556
11911,1,15,15,669
11912,1,15,15,676
11913,1,15,15,664
11914,1,15,15,679
11915,1,15,15,473
11916,1,15,15,672
11917,1,15,15,631
11918,1,3,3,666
11919,1,4,4,539
11920,1,15,15,691
11921,1,15,15,689
11922,1,4,4,650
11923,1,15,15,680
11924,1,15,15,41
11925,1,15,15,614
11926,1,15,15,682
11927,1,15,15,676
11928,1,15,15,621
11929,1,15,15,675
11930,1,15,15,585
11931,1,15,15,685
11932,1,15,15,664
11933,1,15,15,601
11934,1,15,15,674
11935,1,15,15,652
11936,1,15,15,673
11937,1,15,15,680
11938,1,15,15,664
11939,1,15,15,190
11940,1,15,15,508
11941,1,15,15,677
11942,1,15,15,321
11943,1,15,15,683
11944,1,15,15,672
11945,1,15,15,635
11946,1,15,15,679
11947,1,15,15,558
11948,1,15,15,680
11949,1,15,15,673
11950,1,15,15,610
11951,1,15,15,672
11952,1,15,15,604
11953,1,15,15,641
11954,1,15,15,687
11955,1,15,15,364
11956,1,15,15,674
11957,1,41,41,672
11958,1,15,15,678
11959,1,15,15,647
11960,1,15,15,660
11961,1,15,15,676
11962,1,15,15,384
11963,1,15,15,645
11964,1,15,15,684
11965,1,4,4,623
11966,1,15,15,391
11967,1,15,12,131
11968,1,15,15,648
11969,1,15,15,677
11970,1,15,15,686
11971,1,15,15,618
11972,1,15,15,289
11973,1,15,15,677
11974,1,15,15,676
11975,1,15,15,378
11976,1,15,15,216
11977,1,15,15,683
11978,1,15,15,682
11979,1,15,15,447
11980,1,15,15,654
11981,1,15,15,674
11982,1,15,15,665
11983,1,15,15,671
11984,1,4,4,655
11985,1,15,15,670
11986,1,15,15,662
11987,1,41,41,669
11988,1,15,15,667
11989,1,15,15,680
11990,1,15,15,675
11991,1,15,15,670
11992,1,15,15,693
11993,1,15,15,678
11994,1,15,15,238
11995,1,15,15,95
11996,1,15,15,664
11997,1,39,39,266
11998,1,15,15,676
11999,1,15,15,678
12000,1,15,15,673
12001,1,15,15,643
12002,1,15,15,604
12003,1,15,15,689
12004,1,21,15,687
12005,1,39,39,606
12006,1,15,15,628
12007,1,15,15,176
12008,1,15,15,289
12009,1,15,15,676
12010,1,15,15,685
12011,1,15,15,679
12012,1,15,15,673
12013,1,15,15,376
12014,1,15,15,247
12015,1,15,15,551
12016,1,15,15,610
12017,1,15,15,569
12018,1,15,15,673
12019,1,15,15,672
12020,1,15,15,679
12021,1,15,4,663
12022,1,15,15,601
12023,1,15,15,685
12024,1,15,15,141
12025,1,15,15,684
12026,1,15,15,678
12027,1,15,15,676
12028,1,15,15,682
12029,1,15,15,532
12030,1,15,15,655
12031,1,24,24,664
12032,1,15,15,682
12033,1,15,15,658
12034,1,15,15,477
12035,1,15,15,550
12036,1,4,4,651
12037,1,15,15,662
12038,1,15,15,622
12039,1,15,15,678
12040,1,15,15,676
12041,1,15,15,630
12042,1,15,15,682
12043,1,21,15,610
12044,1,15,15,605
12045,1,15,15,667
12046,1,15,15,13
12047,1,15,15,519
12048,1,15,15,574
12049,1,15,15,686
12050,1,21,15,646
12051,1,15,15,683
12052,1,15,15,670
12053,1,15,15,690
12054,1,15,15,595
12055,1,15,15,542
12056,1,15,15,684
12057,1,15,15,487
12058,1,15,15,503
12059,1,15,15,686
12060,1,15,15,647
12061,1,21,15,108
12062,1,15,15,683
12063,1,15,15,416
12064,1,15,15,684
12065,1,15,15,681
12066,1,15,15,601
12067,1,15,15,487
12068,1,15,15,671
12069,1,15,15,675
12070,1,15,15,678
12071,1,4,4,637
12072,1,15,15,653
12073,1,15,15,672
12074,1,15,15,682
12075,1,21,15,676
12076,1,15,15,684
12077,1,15,15,645
12078,1,15,15,663
12079,1,15,15,672
12080,1,15,15,619
12081,1,21,15,662
12082,1,15,15,679
12083,1,15,15,679
12084,1,41,41,642
12085,1,15,15,689
12086,1,15,15,569
12087,1,15,15,659
12088,1,15,15,615
12089,1,15,15,372
12090,1,15,15,686
12091,1,15,15,692
12092,1,15,15,683
12093,1,15,15,687
12094,1,15,15,686
12095,1,15,15,492
12096,1,15,15,660
12097,1,15,15,683
12098,1,15,15,673
12099,1,15,15,629
12100,1,15,15,672
12101,1,15,15,529
12102,1,15,15,608
12103,1,15,15,667
12104,1,15,15,682
12105,1,15,15,680
12106,1,15,15,294
12107,1,15,15,493
12108,1,15,15,676
12109,1,15,15,622
12110,1,15,15,588
12111,1,24,24,126
12112,1,15,15,635
12113,1,15,15,45
12114,1,15,15,638
12115,1,15,15,686
12116,1,4,4,657
12117,1,15,15,686
12118,1,39,39,670
12119,1,15,15,629
12120,1,15,15,666
12121,1,15,15,469
12122,1,15,15,599
12123,1,15,15,658
12124,1,15,15,669
12125,1,15,15,624
12126,1,15,15,675
12127,1,15,15,639
12128,1,15,15,672
12129,1,15,15,591
12130,1,15,15,483
12131,1,15,15,603
12132,1,15,15,670
12133,1,15,15,674
12134,1,15,15,604
12135,1,15,15,206
12136,1,15,15,597
12137,1,15,15,662
12138,1,15,15,534
12139,1,15,15,618
12140,1,4,4,599
12141,1,15,15,186
12142,1,15,15,689
12143,1,15,15,349
12144,1,15,15,653
12145,1,15,15,685
12146,1,15,15,406
12147,1,15,15,658
12148,1,15,15,531
12149,1,15,15,621
12150,1,15,15,367
12151,1,15,15,689
12152,1,4,4,595
12153,1,15,15,547
12154,1,15,15,662
12155,1,12,12,494
12156,1,15,15,686
12157,1,21,15,680
12158,1,15,15,609
12159,1,15,15,678
12160,1,15,15,485
12161,1,15,15,611
12162,1,15,15,431
12163,1,15,15,668
12164,1,21,15,565
12165,1,15,15,655
12166,1,15,15,304
12167,1,15,15,637
12168,1,15,11,523
12169,1,15,15,680
12170,1,41,41,654
12171,1,15,15,665
12172,1,15,15,662
12173,1,15,15,668
12174,1,15,15,619
12175,1,15,15,649
12176,1,15,15,585
12177,1,15,15,589
12178,1,15,15,229
12179,1,15,15,664
12180,1,15,15,683
12181,1,15,15,679
12182,1,4,4,632
12183,1,15,15,533
12184,1,15,15,696
12185,1,15,15,643
12186,1,15,15,539
12187,1,15,15,682
12188,1,15,15,683
12189,1,15,15,674
12190,1,15,15,689
12191,1,15,15,680
12192,1,15,15,690
12193,1,15,15,687
12194,1,15,15,586
12195,1,15,15,631
12196,1,39,41,678
12197,1,15,15,480
12198,1,15,15,632
12199,1,15,15,575
12200,1,15,15,667
12201,1,15,15,678
12202,1,15,15,694
12203,1,15,15,645
12204,1,15,15,577
12205,1,15,15,669
12206,1,15,15,580
12207,1,15,15,681
12208,1,15,15,585
12209,1,15,15,688
12210,1,15,15,686
12211,1,15,15,610
12212,1,15,15,582
12213,1,15,15,669
12214,1,15,15,640
12215,1,21,15,683
12216,1,15,15,668
12217,1,15,15,139
12218,1,15,15,654
12219,1,15,15,657
12220,1,15,15,678
12221,1,15,15,686
12222,1,15,15,674
12223,1,15,15,674
12224,1,15,15,684
12225,1,15,15,679
12226,1,15,15,661
12227,1,15,15,667
12228,1,15,15,682
12229,1,15,15,591
12230,1,15,15,676
12231,1,15,15,533
12232,1,15,15,681
12233,1,41,41,684
12234,1,15,15,482
12235,1,15,15,157
12236,1,15,15,679
12237,1,15,15,678
12238,1,15,15,683
12239,1,15,15,665
12240,1,15,15,665
12241,1,39,39,314
12242,1,15,15,684
12243,1,15,15,264
12244,1,15,15,675
12245,1,4,4,543
12246,1,15,15,671
12247,1,15,15,667
12248,1,15,15,606
12249,1,15,15,685
12250,1,4,4,231
12251,1,15,15,681
12252,1,15,15,626
12253,1,15,15,658
12254,1,15,15,678
12255,1,15,15,544
12256,1,15,15,444
12257,1,4,4,665
12258,1,15,15,616
12259,1,15,15,667
12260,1,15,15,628
12261,1,15,15,667
12262,1,15,15,687
12263,1,15,15,666
12264,1,15,15,672
12265,1,4,4,224
12266,1,15,15,630
12267,1,15,15,688
12268,1,4,4,689
12269,1,15,15,684
12270,1,15,15,676
12271,1,15,15,655
12272,1,15,15,680
12273,1,15,15,664
12274,1,15,15,657
12275,1,15,15,498
12276,1,15,15,666
12277,1,15,15,615
12278,1,41,41,630
12279,1,15,15,651
12280,1,15,15,680
12281,1,15,15,679
12282,1,15,15,652
12283,1,15,15,669
12284,1,15,4,620
12285,1,15,15,650
12286,1,15,15,534
12287,1,21,15,318
12288,1,15,15,649
12289,1,15,15,644
12290,1,15,15,682
12291,1,15,15,672
12292,1,15,15,646
12293,1,15,15,675
12294,1,4,4,659
12295,1,15,15,621
12296,1,15,15,687
12297,1,15,15,335
12298,1,15,15,684
12299,1,15,15,639
12300,1,15,15,685
12301,1,4,4,279
12302,1,15,15,678
12303,1,15,15,687
12304,1,15,15,671
12305,1,15,15,679
12306,1,15,15,680
12307,1,15,15,688
12308,1,15,15,660
12309,1,15,15,676
12310,1,21,15,664
12311,1,15,15,579
12312,1,4,4,230
12313,1,15,15,384
12314,1,15,15,662
12315,1,15,15,670
12316,1,15,15,667
12317,1,41,41,514
12318,1,15,15,685
12319,1,15,15,676
12320,1,15,15,670
12321,1,15,15,669
12322,1,15,15,668
12323,1,4,4,632
12324,1,15,15,677
12325,1,15,15,540
12326,1,12,12,672
12327,1,15,15,648
12328,1,15,15,202
12329,1,4,4,141
12330,1,15,15,681
12331,1,15,15,633
12332,1,15,15,678
12333,1,15,15,672
12334,1,15,15,547
12335,1,15,15,456
12336,1,15,15,687
12337,1,15,15,517
12338,1,15,15,675
12339,1,15,15,688
12340,1,15,15,264
12341,1,15,15,683
12342,1,15,15,529
12343,1,15,15,648
12344,1,15,15,677
12345,1,15,15,684
12346,1,15,15,677
12347,1,15,15,303
12348,1,15,15,661
12349,1,15,15,681
12350,1,15,15,241
12351,1,15,15,426
12352,1,15,15,659
12353,1,15,15,576
12354,1,15,15,674
12355,1,21,15,671
12356,1,15,15,653
12357,1,15,15,679
12358,1,15,15,685
12359,1,15,15,605
12360,1,15,15,680
12361,1,15,15,84
12362,1,15,15,688
12363,1,15,15,661
12364,1,15,15,470
12365,1,15,15,688
12366,1,15,15,632
12367,1,15,15,667
12368,1,15,15,361
12369,1,15,15,675
12370,1,15,15,505
12371,1,21,15,639
12372,1,39,39,682
12373,1,15,15,458
12374,1,15,15,75
12375,1,15,15,576
12376,1,15,15,687
12377,1,15,15,675
12378,1,15,15,636
12379,1,15,15,644
12380,1,15,15,568
12381,1,15,15,511
12382,1,15,4,603
12383,1,15,15,385
12384,1,15,15,682
12385,1,15,15,640
12386,1,15,15,679
12387,1,15,15,455
12388,1,41,41,681
12389,1,15,15,676
12390,1,15,3,57
12391,1,15,15,676
12392,1,15,15,681
12393,1,15,15,279
12394,1,15,15,667
12395,1,15,15,531
12396,1,15,15,672
12397,1,15,15,658
12398,1,15,15,503
12399,1,15,15,672
12400,1,15,15,674
12401,1,15,15,685
12402,1,15,15,685
12403,1,15,15,686
12404,1,15,15,650
12405,1,15,15,676
12406,1,15,15,680
12407,1,15,15,634
12408,1,15,15,685
12409,1,15,15,635
12410,1,15,15,643
12411,1,15,15,661
12412,1,15,15,690
12413,1,15,15,122
12414,1,15,15,475
12415,1,15,15,631
12416,1,4,4,687
12417,1,15,15,675
12418,1,15,15,648
12419,1,15,15,310
12420,1,15,15,636
12421,1,15,15,674
12422,1,15,15,600
12423,1,15,15,645
12424,1,15,15,657
12425,1,15,15,238
12426,1,15,15,619
12427,1,15,15,554
12428,1,15,15,682
12429,1,41,41,637
12430,1,12,12,669
12431,1,15,15,665
12432,1,15,15,579
12433,1,15,15,658
12434,1,15,15,654
12435,1,15,15,674
12436,1,15,15,661
12437,1,15,15,683
12438,1,12,12,227
12439,1,15,15,326
12440,1,15,15,685
12441,1,15,15,228
12442,1,15,15,515
12443,1,4,4,668
12444,1,15,15,612
12445,1,15,15,681
12446,1,15,15,687
12447,1,15,4,613
12448,1,15,15,447
12449,1,15,15,677
12450,1,15,15,164
12451,1,4,4,525
12452,1,15,15,614
12453,1,15,15,676
12454,1,12,12,589
12455,1,15,15,662
12456,1,15,15,640
12457,1,15,15,661
12458,1,15,15,678
12459,1,15,15,426
12460,1,15,15,683
12461,1,21,15,13
12462,1,15,15,693
12463,1,15,15,679
12464,1,15,15,616
12465,1,15,15,214
12466,1,15,15,662
12467,1,15,15,525
12468,1,15,15,684
12469,1,15,15,686
12470,1,15,15,681
12471,1,15,15,662
12472,1,15,15,672
12473,1,15,15,678
12474,1,15,15,677
12475,1,15,15,683
12476,1,15,15,664
12477,1,15,15,142
12478,1,15,15,673
12479,1,15,15,538
12480,1,15,15,618
12481,1,15,15,681
12482,1,15,15,632
12483,1,15,15,669
12484,1,15,15,683
12485,1,15,15,588
12486,1,15,15,648
12487,1,15,15,679
12488,1,15,15,682
12489,1,15,15,666
12490,1,15,15,613
12491,1,15,15,531
12492,1,15,15,670
12493,1,15,15,682
12494,1,15,15,598
12495,1,15,15,663
12496,1,41,41,663
12497,1,15,15,638
12498,1,15,3,588
12499,1,15,15,681
12500,1,15,15,652
12501,1,15,15,287
12502,1,15,15,686
12503,1,4,4,445
12504,1,15,15,627
12505,1,15,15,642
12506,1,21,15,686
12507,1,15,15,678
12508,1,15,15,621
12509,1,15,15,141
12510,1,4,4,525
12511,1,24,24,628
12512,1,41,41,670
12513,1,15,15,677
12514,1,15,15,673
12515,1,15,15,685
12516,1,15,15,291
12517,1,15,15,61
12518,1,15,15,672
12519,1,15,12,681
12520,1,15,15,584
12521,1,15,15,668
12522,1,15,15,675
12523,1,15,15,275
12524,1,15,15,685
12525,1,15,15,666
12526,1,15,15,682
12527,1,15,15,668
12528,1,15,15,552
12529,1,4,4,645
12530,1,15,15,416
12531,1,15,15,682
12532,1,15,15,684
12533,1,15,15,671
12534,1,15,15,684
12535,1,15,15,659
12536,1,15,15,661
12537,1,15,15,684
12538,1,15,15,687
12539,1,15,15,680
12540,1,15,15,679
12541,1,15,15,685
12542,1,15,15,685
12543,1,15,15,63
12544,1,15,15,469
12545,1,21,15,655
12546,1,15,15,685
12547,1,15,15,645
12548,1,4,4,669
12549,1,15,15,56
12550,1,15,15,82
12551,1,15,15,653
12552,1,15,15,675
12553,1,15,15,669
12554,1,15,15,664
12555,1,15,15,664
12556,1,15,15,638
12557,1,15,15,683
12558,1,4,15,677
12559,1,21,15,385
12560,1,15,15,641
12561,1,15,15,668
12562,1,21,21,611
12563,1,15,15,687
12564,1,15,15,27
12565,1,15,15,682
12566,1,15,15,594
12567,1,15,15,653
12568,1,4,4,404
12569,1,15,15,216
12570,1,15,15,578
12571,1,15,15,488
12572,1,15,15,691
12573,1,15,15,574
12574,1,15,15,523
12575,1,15,15,668
12576,1,15,15,622
12577,1,15,15,680
12578,1,15,15,583
12579,1,15,15,32
12580,1,15,15,646
12581,1,15,15,637
12582,1,15,15,552
12583,1,15,15,439
12584,1,15,15,685
12585,1,15,15,680
12586,1,15,15,579
12587,1,15,15,505
12588,1,15,15,673
12589,1,15,15,668
12590,1,21,15,468
12591,1,4,4,624
12592,1,15,15,673
12593,1,15,15,537
12594,1,15,15,685
12595,1,15,15,685
12596,1,15,15,92
12597,1,15,15,681
12598,1,15,15,629
12599,1,15,15,661
12600,1,15,15,637
12601,1,15,15,622
12602,1,15,15,584
12603,1,15,15,592
12604,1,15,15,617
12605,1,15,15,646
12606,1,15,15,683
12607,1,15,15,676
12608,1,15,15,689
12609,1,15,15,402
12610,1,15,15,693
12611,1,15,15,664
12612,1,15,15,622
12613,1,15,15,642
12614,1,15,15,62
12615,1,25,15,442
12616,1,15,15,685
12617,1,15,15,562
12618,1,15,15,647
12619,1,15,15,396
12620,1,15,15,272
12621,1,15,15,606
12622,1,15,15,677
12623,1,3,3,601
12624,1,15,15,669
12625,1,15,15,226
12626,1,15,15,679
12627,1,15,15,666
12628,1,15,15,606
12629,1,15,15,650
12630,1,15,15,684
12631,1,15,15,590
12632,1,15,4,684
12633,1,15,15,683
12634,1,15,15,681
12635,1,15,15,640
12636,1,15,15,658
12637,1,15,15,684
12638,1,15,15,673
12639,1,15,15,678
12640,1,15,15,688
12641,1,15,15,686
12642,1,15,15,686
12643,1,15,15,672
12644,1,15,15,676
12645,1,15,15,679
12646,1,15,15,309
12647,1,15,15,656
12648,1,15,15,662
12649,1,15,15,683
12650,1,15,15,683
12651,1,15,15,671
12652,1,15,15,681
12653,1,15,15,582
12654,1,41,15,236
12655,1,15,15,647
12656,1,15,15,584
12657,1,21,15,274
12658,1,15,15,685
12659,1,15,15,685
12660,1,15,15,549
12661,1,15,15,575
12662,1,15,15,377
12663,1,15,15,675
12664,1,15,15,682
12665,1,15,15,671
12666,1,15,15,689
12667,1,15,15,543
12668,1,15,15,674
12669,1,15,15,680
12670,1,15,15,506
12671,1,15,15,370
12672,1,15,15,683
12673,1,15,15,578
12674,1,15,15,679
12675,1,15,15,222
12676,1,15,15,543
12677,1,15,15,449
12678,1,15,15,678
12679,1,15,15,664
12680,1,15,15,683
12681,1,15,15,69
12682,1,21,15,642
12683,1,15,15,677
12684,1,15,15,679
12685,1,15,15,396
12686,1,15,15,688
12687,1,15,15,688
12688,1,15,15,660
12689,1,15,15,683
12690,1,15,15,635
12691,1,15,15,386
12692,1,15,15,656
12693,1,15,15,682
12694,1,15,15,493
12695,1,15,15,613
12696,1,15,15,676
12697,1,15,15,651
12698,1,15,15,658
12699,1,15,15,405
12700,1,15,15,677
12701,1,15,15,331
12702,1,39,39,535
12703,1,15,15,484
12704,1,15,15,641
12705,1,15,15,669
12706,1,15,15,637
12707,1,15,15,571
12708,1,15,15,133
12709,1,15,15,681
12710,1,15,15,394
12711,1,15,15,645
12712,1,15,15,680
12713,1,15,15,649
12714,1,15,15,668
12715,1,15,15,659
12716,1,41,41,684
12717,1,15,15,670
12718,1,15,15,670
12719,1,4,4,655
12720,1,15,15,681
12721,1,15,15,679
12722,1,15,15,632
12723,1,15,15,363
12724,1,15,15,682
12725,1,15,15,658
12726,1,15,15,534
12727,1,15,15,524
12728,1,41,41,668
12729,1,15,15,673
12730,1,15,15,652
12731,1,15,15,645
12732,1,15,15,647
12733,1,15,15,680
12734,1,15,15,674
12735,1,15,15,631
12736,1,15,15,607
12737,1,15,15,690
12738,1,15,15,682
12739,1,15,15,689
12740,1,15,15,665
12741,1,15,15,646
12742,1,15,15,667
12743,1,41,41,239
12744,1,15,15,688
12745,1,15,15,663
12746,1,15,15,582
12747,1,15,15,673
12748,1,15,15,666
12749,1,15,15,644
12750,1,15,15,644
12751,1,15,15,693
12752,1,15,15,654
12753,1,15,15,688
12754,1,15,15,685
12755,1,15,15,611
12756,1,15,15,672
12757,1,15,15,564
12758,1,15,15,684
12759,1,15,15,652
12760,1,15,15,688
12761,1,15,15,663
12762,1,15,15,672
12763,1,15,15,276
12764,1,15,15,655
12765,1,15,15,652
12766,1,15,15,670
12767,1,15,15,690
12768,1,15,15,682
12769,1,15,15,683
12770,1,4,4,677
12771,1,15,15,655
12772,1,15,15,382
12773,1,15,15,684
12774,1,21,15,624
12775,1,15,15,684
12776,1,15,15,691
12777,1,15,15,669
12778,1,15,15,681
12779,1,15,15,670
12780,1,15,15,676
12781,1,12,12,660
12782,1,15,15,114
12783,1,15,15,651
12784,1,15,15,687
12785,1,15,15,675
12786,1,15,15,688
12787,1,15,15,663
12788,1,15,15,690
12789,1,15,15,685
12790,1,15,15,671
12791,1,15,15,633
12792,1,15,15,652
12793,1,15,15,672
12794,1,15,15,599
12795,1,15,15,533
12796,1,15,15,257
12797,1,15,15,687
12798,1,15,15,683
12799,1,15,15,616
12800,1,15,15,150
12801,1,15,15,639
12802,1,15,15,667
12803,1,15,15,632
12804,1,15,15,654
12805,1,15,15,684
12806,1,15,15,672
12807,1,15,15,650
12808,1,15,15,551
12809,1,15,15,643
12810,1,15,15,642
12811,1,15,15,671
12812,1,15,15,671
12813,1,15,15,660
12814,1,15,15,82
12815,1,15,15,611
12816,1,15,15,690
12817,1,15,15,666
12818,1,15,15,689
12819,1,15,15,624
12820,1,15,15,245
12821,1,15,15,68
12822,1,15,15,620
12823,1,15,15,669
12824,1,15,15,676
12825,1,15,15,610
12826,1,15,15,641
12827,1,15,15,685
12828,1,15,15,669
12829,1,15,15,684
12830,1,15,4,620
12831,1,15,15,677
12832,1,15,15,656
12833,1,15,15,613
12834,1,15,15,570
12835,1,21,15,667
12836,1,15,15,614
12837,1,15,15,664
12838,1,15,15,663
12839,1,15,15,583
12840,1,15,15,671
12841,1,15,15,683
12842,1,21,15,654
12843,1,15,15,650
12844,1,15,15,651
12845,1,15,15,644
12846,1,15,15,641
12847,1,21,15,659
12848,1,15,15,681
12849,1,15,15,686
12850,1,15,15,371
12851,1,15,15,328
12852,1,15,15,331
12853,1,15,15,678
12854,1,15,15,617
12855,1,15,15,687
12856,1,15,15,665
12857,1,15,15,590
12858,1,15,15,668
12859,1,15,4,659
12860,1,15,15,627
12861,1,15,15,475
12862,1,15,15,688
12863,1,15,15,678
12864,1,15,15,662
12865,1,15,15,677
12866,1,15,15,686
12867,1,15,15,651
12868,1,15,15,658
12869,1,15,15,548
12870,1,15,15,646
12871,1,15,15,683
12872,1,39,39,680
12873,1,15,15,676
12874,1,15,15,671
12875,1,15,15,624
12876,1,15,15,682
12877,1,15,15,36
12878,1,15,15,689
12879,1,15,15,633
12880,1,15,15,647
12881,1,4,4,637
12882,1,15,15,680
12883,1,12,12,285
12884,1,15,15,640
12885,1,15,15,684
12886,1,39,39,640
12887,1,15,15,687
12888,1,15,15,684
12889,1,15,15,267
12890,1,15,15,687
12891,1,15,15,678
12892,1,15,15,670
12893,1,15,15,654
12894,1,15,15,683
12895,1,15,15,64
12896,1,15,15,276
12897,1,15,15,680
12898,1,15,15,687
12899,1,15,15,633
12900,1,15,15,659
12901,1,41,15,683
12902,1,15,15,673
12903,1,15,15,678
12904,1,15,15,623
12905,1,15,15,659
12906,1,15,15,677
12907,1,15,15,591
12908,1,15,15,267
12909,1,4,4,564
12910,1,15,15,669
12911,1,15,15,676
12912,1,21,15,391
12913,1,4,4,617
12914,1,15,15,683
12915,1,15,15,670
12916,1,15,15,658
12917,1,15,15,633
12918,1,15,15,629
12919,1,15,15,661
12920,1,15,15,674
12921,1,15,15,686
12922,1,15,15,527
12923,1,15,15,688
12924,1,15,15,679
12925,1,15,15,678
12926,1,15,15,661
12927,1,15,15,643
12928,1,15,15,685
12929,1,15,15,672
12930,1,15,15,363
12931,1,15,15,679
12932,1,15,15,687
12933,1,15,15,691
12934,1,15,15,686
12935,1,15,15,610
12936,1,15,15,681
12937,1,15,15,686
12938,1,15,15,651
12939,1,15,15,668
12940,1,21,15,686
12941,1,15,15,688
12942,1,15,15,621
12943,1,15,4,655
12944,1,15,15,687
12945,1,15,15,672
12946,1,15,15,642
12947,1,15,15,687
12948,1,15,15,264
12949,1,15,15,426
12950,1,15,15,645
12951,1,15,15,676
12952,1,21,15,670
12953,1,15,15,676
12954,1,15,15,513
12955,1,15,15,677
12956,1,15,15,668
12957,1,15,15,682
12958,1,15,15,677
12959,1,15,15,427
12960,1,15,15,676
12961,1,15,15,669
12962,1,15,15,490
12963,1,15,15,690
12964,1,15,15,674
12965,1,15,15,615
12966,1,15,15,594
12967,1,15,15,650
12968,1,15,15,628
12969,1,15,15,656
12970,1,15,15,146
12971,1,15,15,449
12972,1,15,15,620
12973,1,15,15,553
12974,1,15,15,653
12975,1,15,15,676
12976,1,15,15,681
12977,1,21,15,470
12978,1,15,15,466
12979,1,15,15,578
12980,1,15,15,686
12981,1,12,12,340
12982,1,15,15,661
12983,1,15,15,452
12984,1,15,15,683
12985,1,15,15,273
12986,1,15,15,686
12987,1,15,15,559
12988,1,15,15,689
12989,1,15,15,651
12990,1,15,15,659
12991,1,15,15,653
12992,1,15,15,676
12993,1,15,15,681
12994,1,15,15,670
12995,1,15,15,671
12996,1,4,4,654
12997,1,15,15,680
12998,1,15,15,665
12999,1,15,15,675
13000,1,15,15,665
13001,1,15,15,643
13002,1,15,15,677
13003,1,15,15,527
13004,1,15,15,681
13005,1,15,15,669
13006,1,15,15,419
13007,1,15,15,680
13008,1,15,15,685
13009,1,15,15,686
13010,1,15,15,651
13011,1,15,15,668
13012,1,15,15,600
13013,1,15,15,613
13014,1,15,15,245
13015,1,15,15,653
13016,1,15,15,657
13017,1,15,15,687
13018,1,15,15,684
13019,1,15,4,665
13020,1,15,15,638
13021,1,15,15,663
13022,1,15,15,189
13023,1,15,15,686
13024,1,15,15,167
13025,1,15,15,557
13026,1,15,15,584
13027,1,15,15,639
13028,1,15,15,624
13029,1,15,15,683
13030,1,15,15,669
13031,1,15,15,665
13032,1,15,15,689
13033,1,15,15,679
13034,1,15,15,670
13035,1,15,15,459
13036,1,15,15,555
13037,1,15,15,668
13038,1,15,15,659
13039,1,15,15,652
13040,1,15,15,676
13041,1,15,15,667
13042,1,15,15,682
13043,1,15,15,672
13044,1,15,15,561
13045,1,15,12,614
13046,1,4,4,667
13047,1,15,15,688
13048,1,15,15,685
13049,1,15,15,634
13050,1,15,15,616
13051,1,15,15,673
13052,1,15,15,683
13053,1,15,15,638
13054,1,15,15,473
13055,1,15,15,583
13056,1,15,15,192
13057,1,15,15,674
13058,1,4,4,86
13059,1,15,15,552
13060,1,15,15,477
13061,1,15,15,681
13062,1,15,15,691
13063,1,15,15,676
13064,1,15,15,685
13065,1,15,15,643
13066,1,15,15,672
13067,1,15,15,669
13068,1,4,4,233
13069,1,15,15,653
13070,1,12,12,620
13071,1,15,15,632
13072,1,15,15,643
13073,1,4,4,578
13074,1,15,15,676
13075,1,15,15,478
13076,1,15,15,675
13077,1,15,15,519
13078,1,15,15,600
13079,1,15,15,675
13080,1,21,15,685
13081,1,15,15,647
13082,1,15,15,659
13083,1,15,15,644
13084,1,15,15,686
13085,1,15,15,429
13086,1,30,30,180
13087,1,15,15,668
13088,1,15,15,688
13089,1,15,15,660
13090,1,15,15,686
13091,1,15,15,623
13092,1,15,15,628
13093,1,15,15,688
13094,1,15,15,650
13095,1,15,15,679
13096,1,15,15,632
13097,1,15,15,637
13098,1,15,15,673
13099,1,15,15,664
13100,1,15,15,598
13101,1,15,15,663
13102,1,15,15,116
13103,1,15,15,386
13104,1,15,15,500
13105,1,15,15,146
13106,1,15,4,648
13107,1,15,15,653
13108,1,15,15,683
13109,1,15,15,684
13110,1,15,15,678
13111,1,15,15,657
13112,1,4,4,511
13113,1,15,15,612
13114,1,15,15,687
13115,1,15,15,580
13116,1,15,15,553
13117,1,15,15,650
13118,1,15,15,660
13119,1,15,15,681
13120,1,15,15,667
13121,1,15,15,679
13122,1,15,15,43
13123,1,15,15,645
13124,1,39,41,684
13125,1,15,15,654
13126,1,15,15,665
13127,1,15,15,684
13128,1,12,12,497
13129,1,15,15,647
13130,1,15,4,643
13131,1,15,15,688
13132,1,15,15,684
13133,1,15,15,651
13134,1,15,15,635
13135,1,15,15,660
13136,1,15,15,648
13137,1,15,15,529
13138,1,15,15,652
13139,1,15,15,336
13140,1,15,15,477
13141,1,15,15,676
13142,1,15,15,211
13143,1,15,15,574
13144,1,15,15,675
13145,1,15,15,681
13146,1,15,15,663
13147,1,15,15,669
13148,1,15,15,685
13149,1,15,15,633
13150,1,15,15,466
13151,1,15,15,677
13152,1,15,4,582
13153,1,4,4,652
13154,1,15,15,676
13155,1,15,15,568
13156,1,15,15,633
13157,1,15,15,682
13158,1,15,15,650
13159,1,15,15,652
13160,1,15,15,428
13161,1,15,15,21
13162,1,4,4,638
13163,1,15,15,690
13164,1,41,41,674
13165,1,15,15,674
13166,1,9,9,676
13167,1,15,15,675
13168,1,15,15,224
13169,1,15,15,685
13170,1,15,15,643
13171,1,15,15,635
13172,1,15,15,315
13173,1,15,15,676
13174,1,15,15,669
13175,1,15,15,684
13176,1,15,15,681
13177,1,4,4,684
13178,1,15,15,688
13179,1,15,15,674
13180,1,15,15,677
13181,1,15,15,681
13182,1,15,15,675
13183,1,15,15,656
13184,1,15,15,659
13185,1,15,15,633
13186,1,15,15,674
13187,1,15,15,685
13188,1,15,15,621
13189,1,15,15,661
13190,1,15,15,684
13191,1,15,15,636
13192,1,15,15,655
13193,1,15,15,599
13194,1,15,15,666
13195,1,15,15,639
13196,1,15,15,653
13197,1,15,15,582
13198,1,15,15,571
13199,1,4,4,542
13200,1,15,15,691
13201,1,15,15,680
13202,1,15,15,578
13203,1,15,15,653
13204,1,15,15,687
13205,1,15,15,668
13206,1,15,15,638
13207,1,15,15,669
13208,1,15,15,128
13209,1,15,15,683
13210,1,15,15,657
13211,1,15,15,568
13212,1,4,4,650
13213,1,15,15,658
13214,1,21,21,574
13215,1,15,15,568
13216,1,4,4,646
13217,1,9,9,579
13218,1,41,41,658
13219,1,15,15,686
13220,1,15,15,682
13221,1,15,15,623
13222,1,15,15,683
13223,1,15,15,680
13224,1,15,15,685
13225,1,15,15,673
13226,1,15,15,681
13227,1,15,15,647
13228,1,15,15,684
13229,1,15,15,688
13230,1,15,15,582
13231,1,15,15,638
13232,1,21,15,127
13233,1,15,15,640
13234,1,15,15,661
13235,1,15,15,683
13236,1,12,12,655
13237,1,15,15,683
13238,1,15,15,685
13239,1,15,15,683
13240,1,21,15,523
13241,1,15,15,612
13242,1,15,15,519
13243,1,15,15,668
13244,1,4,4,668
13245,1,15,15,463
13246,1,15,15,683
13247,1,15,15,269
13248,1,15,15,656
13249,1,15,15,679
13250,1,15,15,674
13251,1,15,4,649
13252,1,3,3,633
13253,1,15,15,398
13254,1,15,15,681
13255,1,15,15,661
13256,1,15,15,677
13257,1,21,15,588
13258,1,15,15,668
13259,1,15,15,688
13260,1,15,15,679
13261,1,15,15,340
13262,1,15,15,684
13263,1,15,15,687
13264,1,15,15,677
13265,1,15,15,670
13266,1,15,15,678
13267,1,15,15,679
13268,1,15,15,685
13269,1,15,15,683
13270,1,15,15,634
13271,1,15,15,684
13272,1,15,15,620
13273,1,15,15,674
13274,1,15,15,689
13275,1,15,15,591
13276,1,15,15,606
13277,1,46,46,635
13278,1,15,15,677
13279,1,15,15,680
13280,1,15,15,32
13281,1,15,15,628
13282,1,15,15,644
13283,1,15,15,640
13284,1,15,12,605
13285,1,15,15,671
13286,1,15,15,607
13287,1,12,12,662
13288,1,15,15,687
13289,1,4,4,594
13290,1,15,15,663
13291,1,15,15,678
13292,1,15,15,518
13293,1,15,15,157
13294,1,15,15,518
13295,1,15,15,672
13296,1,21,15,560
13297,1,20,15,268
13298,1,15,15,471
13299,1,15,15,676
13300,1,15,15,666
13301,1,15,4,672
13302,1,15,15,654
13303,1,15,15,369
13304,1,15,15,687
13305,1,15,15,642
13306,1,24,24,627
13307,1,15,15,643
13308,1,15,15,279
13309,1,21,15,567
13310,1,15,15,670
13311,1,15,15,598
13312,1,15,15,674
13313,1,15,15,460
13314,1,15,15,675
13315,1,15,15,664
13316,1,15,15,676
13317,1,41,41,685
13318,1,15,15,669
13319,1,15,15,655
13320,1,21,15,686
13321,1,4,4,556
13322,1,15,15,674
13323,1,21,15,86
13324,1,15,15,640
13325,1,15,15,424
13326,1,15,15,681
13327,1,15,15,373
13328,1,15,15,669
13329,1,15,15,670
13330,1,15,15,647
13331,1,15,15,675
13332,1,15,15,520
13333,1,15,15,540
13334,1,15,15,674
13335,1,15,15,683
13336,1,15,15,611
13337,1,15,15,679
13338,1,39,39,668
13339,1,15,15,681
13340,1,15,15,642
13341,1,15,15,685
13342,1,9,9,680
13343,1,15,15,625
13344,1,15,15,625
13345,1,15,15,674
13346,1,15,15,676
13347,1,15,15,596
13348,1,15,15,632
13349,1,15,15,681
13350,1,15,15,677
13351,1,15,15,678
13352,1,15,15,542
13353,1,4,4,553
13354,1,15,15,681
13355,1,24,24,606
13356,1,15,15,676
13357,1,15,15,605
13358,1,15,15,680
13359,1,15,15,208
13360,1,15,12,473
13361,1,15,15,661
13362,1,15,15,682
13363,1,15,15,540
13364,1,15,15,685
13365,1,15,15,232
13366,1,15,15,526
13367,1,15,15,417
13368,1,39,39,684
13369,1,15,15,594
13370,1,15,15,509
13371,1,15,15,661
13372,1,15,15,330
13373,1,15,15,670
13374,1,15,15,151
13375,1,15,15,676
13376,1,15,15,655
13377,1,15,15,645
13378,1,15,15,630
13379,1,15,15,219
13380,1,15,15,553
13381,1,15,15,211
13382,1,15,15,680
13383,1,15,15,370
13384,1,15,15,673
13385,1,15,15,651
13386,1,15,15,680
13387,1,15,15,655
13388,1,15,15,272
13389,1,15,15,117
13390,1,15,15,684
13391,1,15,15,689
13392,1,15,15,684
13393,1,15,15,554
13394,1,15,15,556
13395,1,15,15,394
13396,1,15,15,679
13397,1,15,15,683
13398,1,15,15,657
13399,1,15,15,678
13400,1,41,41,662
13401,1,15,15,686
13402,1,15,15,658
13403,1,15,15,676
13404,1,15,15,582
13405,1,15,15,658
13406,1,15,15,689
13407,1,15,15,493
13408,1,15,15,682
13409,1,15,15,680
13410,1,15,15,679
13411,1,15,15,162
13412,1,39,39,557
13413,1,15,15,689
13414,1,15,15,683
13415,1,15,15,596
13416,1,15,15,694
13417,1,15,15,600
13418,1,15,15,686
13419,1,15,15,636
13420,1,15,15,536
13421,1,15,15,662
13422,1,15,15,637
13423,1,15,15,565
13424,1,15,15,693
13425,1,15,15,684
13426,1,15,15,630
13427,1,15,15,688
13428,1,15,15,436
13429,1,15,15,651
13430,1,15,15,679
13431,1,15,15,686
13432,1,15,15,618
13433,1,15,15,563
13434,1,15,15,686
13435,1,15,15,614
13436,1,15,15,684
13437,1,15,15,659
13438,1,15,15,650
13439,1,15,15,681
13440,1,15,15,687
13441,1,15,15,598
13442,1,15,15,647
13443,1,15,15,686
13444,1,15,15,342
13445,1,15,15,486
13446,1,15,15,534
13447,1,15,15,572
13448,1,15,15,626
13449,1,15,15,689
13450,1,15,15,686
13451,1,15,15,623
13452,1,15,15,564
13453,1,15,15,637
13454,1,15,15,215
13455,1,15,12,530
13456,1,15,15,665
13457,1,15,15,295
13458,1,15,15,685
13459,1,15,15,678
13460,1,15,15,686
13461,1,15,15,684
13462,1,4,4,646
13463,1,39,39,595
13464,1,15,4,672
13465,1,15,15,655
13466,1,15,15,681
13467,1,15,15,389
13468,1,15,15,648
13469,1,15,15,681
13470,1,15,15,675
13471,1,3,3,155
13472,1,15,15,677
13473,1,15,15,667
13474,1,15,15,547
13475,1,15,15,673
13476,1,15,12,598
13477,1,15,15,417
13478,1,15,15,689
13479,1,15,15,131
13480,1,15,15,651
13481,1,15,15,669
13482,1,15,15,676
13483,1,15,15,686
13484,1,15,15,668
13485,1,15,15,689
13486,1,15,15,680
13487,1,15,4,641
13488,1,15,15,491
13489,1,15,15,678
13490,1,15,15,525
13491,1,4,4,595
13492,1,15,15,375
13493,1,15,15,655
13494,1,15,15,688
13495,1,4,4,414
13496,1,15,15,662
13497,1,15,15,656
13498,1,15,15,641
13499,1,15,15,658
13500,1,15,15,640
13501,1,15,15,678
13502,1,15,15,683
13503,1,4,4,72
13504,1,15,15,677
13505,1,15,15,665
13506,1,15,15,685
13507,1,15,15,685
13508,1,15,15,686
13509,1,15,15,123
13510,1,15,15,686
13511,1,15,15,668
13512,1,15,15,503
13513,1,15,15,583
13514,1,15,15,633
13515,1,15,15,684
13516,1,4,4,523
13517,1,15,15,616
13518,1,15,15,676
13519,1,15,15,669
13520,1,15,15,661
13521,1,39,39,681
13522,1,15,15,647
13523,1,15,15,677
13524,1,15,15,663
13525,1,15,15,679
13526,1,4,4,663
13527,1,15,15,632
13528,1,15,15,681
13529,1,15,15,672
13530,1,15,15,677
13531,1,15,15,675
13532,1,15,15,684
13533,1,15,15,657
13534,1,15,15,669
13535,1,15,15,149
13536,1,15,15,677
13537,1,15,15,660
13538,1,15,15,646
13539,1,15,15,683
13540,1,15,15,666
13541,1,15,15,64
13542,1,15,15,683
13543,1,15,15,442
13544,1,15,4,339
13545,1,15,15,641
13546,1,15,15,683
13547,1,15,15,549
13548,1,15,15,657
13549,1,15,15,678
13550,1,15,15,671
13551,1,4,4,678
13552,1,15,15,325
13553,1,15,15,684
13554,1,15,15,632
13555,1,15,15,667
13556,1,15,15,635
13557,1,15,15,682
13558,1,15,15,665
13559,1,15,15,671
13560,1,15,15,659
13561,1,15,15,687
13562,1,15,15,626
13563,1,15,15,683
13564,1,15,15,454
13565,1,15,15,581
13566,1,15,15,135
13567,1,39,39,336
13568,1,15,15,674
13569,1,15,15,682
13570,1,15,15,546
13571,1,15,15,136
13572,1,15,15,676
13573,1,15,15,651
13574,1,15,15,600
13575,1,15,15,684
13576,1,15,15,370
13577,1,15,15,677
13578,1,15,15,612
13579,1,15,15,378
13580,1,15,15,643
13581,1,15,15,503
13582,1,15,15,646
13583,1,41,41,682
13584,1,15,15,688
13585,1,15,15,679
13586,1,15,15,571
13587,1,15,12,659
13588,1,15,15,579
13589,1,15,15,690
13590,1,15,15,658
13591,1,15,15,564
13592,1,15,15,179
13593,1,15,15,441
13594,1,39,39,624
13595,1,15,15,682
13596,1,15,15,642
13597,1,4,4,628
13598,1,15,15,641
13599,1,4,4,370
13600,1,15,15,675
13601,1,15,15,667
13602,1,15,15,630
13603,1,15,15,656
13604,1,15,15,338
13605,1,15,15,653
13606,1,15,15,650
13607,1,15,15,642
13608,1,15,15,622
13609,1,41,41,683
13610,1,15,15,650
13611,1,15,15,667
13612,1,15,15,686
13613,1,15,15,678
13614,1,4,4,666
13615,1,15,15,641
13616,1,15,15,679
13617,1,15,15,687
13618,1,15,15,259
13619,1,15,15,683
13620,1,15,15,623
13621,1,15,15,665
13622,1,15,15,667
13623,1,15,15,674
13624,1,15,15,439
13625,1,15,15,680
13626,1,15,15,652
13627,1,15,15,672
13628,1,15,15,41
13629,1,15,15,691
13630,1,15,15,678
13631,1,15,15,635
13632,1,15,15,665
13633,1,15,15,635
13634,1,15,15,679
13635,1,15,15,683
13636,1,15,15,624
13637,1,15,15,683
13638,1,15,15,675
13639,1,15,15,675
13640,1,15,15,525
13641,1,15,15,675
13642,1,15,15,661
13643,1,15,15,635
13644,1,41,41,665
13645,1,15,15,671
13646,1,15,15,646
13647,1,15,15,677
13648,1,15,15,646
13649,1,15,15,671
13650,1,15,15,626
13651,1,15,15,679
13652,1,15,15,663
13653,1,15,15,540
13654,1,15,15,687
13655,1,21,15,136
13656,1,15,15,662
13657,1,15,15,683
13658,1,15,15,682
13659,1,15,15,538
13660,1,15,15,671
13661,1,15,15,686
13662,1,15,15,626
13663,1,15,15,438
13664,1,15,15,655
13665,1,15,15,662
13666,1,15,15,680
13667,1,15,15,496
13668,1,15,15,312
13669,1,15,15,666
13670,1,21,15,16
13671,1,15,15,583
13672,1,15,15,397
13673,1,15,15,654
13674,1,15,15,635
13675,1,15,15,689
13676,1,15,15,659
13677,1,15,15,671
13678,1,15,15,512
13679,1,12,12,645
13680,1,15,15,648
13681,1,15,15,669
13682,1,15,15,675
13683,1,15,15,690
13684,1,15,15,688
13685,1,15,15,427
13686,1,15,15,676
13687,1,15,15,676
13688,1,15,4,672
13689,1,15,15,304
13690,1,15,15,654
13691,1,15,15,672
13692,1,15,15,670
13693,1,15,15,682
13694,1,15,15,503
13695,1,15,15,680
13696,1,15,15,684
13697,1,15,15,622
13698,1,15,15,390
13699,1,15,15,684
13700,1,15,15,674
13701,1,15,15,678
13702,1,15,15,665
13703,1,15,15,678
13704,1,15,15,682
13705,1,15,15,192
13706,1,15,15,634
13707,1,15,15,643
13708,1,15,15,686
13709,1,15,15,632
13710,1,15,15,660
13711,1,15,15,659
13712,1,4,4,565
13713,1,15,15,666
13714,1,15,15,605
13715,1,15,15,629
13716,1,15,15,686
13717,1,15,15,671
13718,1,15,15,650
13719,1,39,39,538
13720,1,15,15,569
13721,1,15,15,634
13722,1,15,15,687
13723,1,15,15,644
13724,1,15,15,26
13725,1,15,15,570
13726,1,15,15,677
13727,1,15,15,643
13728,1,15,15,685
13729,1,15,15,683
13730,1,15,15,400
13731,1,15,4,451
13732,1,15,15,682
13733,1,15,15,665
13734,1,15,15,667
13735,1,15,15,653
13736,1,39,39,677
13737,1,15,15,644
13738,1,15,15,142
13739,1,15,15,662
13740,1,15,15,99
13741,1,15,15,554
13742,1,15,15,689
13743,1,15,15,679
13744,1,15,15,277
13745,1,15,15,666
13746,1,15,15,658
13747,1,15,15,673
13748,1,15,15,635
13749,1,15,15,666
13750,1,15,15,664
13751,1,15,15,665
13752,1,15,15,175
13753,1,15,15,680
13754,1,15,15,644
13755,1,15,15,647
13756,1,15,15,627
13757,1,15,15,665
13758,1,39,15,596
13759,1,15,15,686
13760,1,15,15,617
13761,1,15,15,679
13762,1,15,15,673
13763,1,4,4,579
13764,1,15,15,664
13765,1,15,15,671
13766,1,4,15,686
13767,1,12,12,136
13768,1,15,15,672
13769,1,15,15,652
13770,1,15,15,393
13771,1,15,15,294
13772,1,15,15,676
13773,1,15,15,667
13774,1,15,15,614
13775,1,15,15,669
13776,1,15,15,668
13777,1,15,15,623
13778,1,15,15,499
13779,1,15,15,680
13780,1,15,15,683
13781,1,15,15,643
13782,1,15,15,657
13783,1,15,15,632
13784,1,15,15,682
13785,1,15,15,650
13786,1,15,15,652
13787,1,15,15,662
13788,1,15,15,682
13789,1,15,15,672
13790,1,15,15,213
13791,1,15,15,667
13792,1,15,15,478
13793,1,15,15,669
13794,1,15,15,672
13795,1,15,15,664
13796,1,15,15,648
13797,1,15,15,674
13798,1,15,15,684
13799,1,15,15,671
13800,1,15,15,675
13801,1,15,15,561
13802,1,15,15,653
13803,1,15,15,674
13804,1,15,15,678
13805,1,15,15,554
13806,1,15,15,646
13807,1,15,15,656
13808,1,15,15,674
13809,1,15,15,669
13810,1,15,15,653
13811,1,15,15,663
13812,1,15,15,658
13813,1,15,15,677
13814,1,15,15,683
13815,1,15,15,670
13816,1,15,15,656
13817,1,15,15,649
13818,1,15,15,673
13819,1,15,15,655
13820,1,15,15,183
13821,1,15,15,689
13822,1,15,15,679
13823,1,15,15,658
13824,1,15,15,680
13825,1,11,11,131
13826,1,15,15,637
13827,1,15,15,674
13828,1,15,15,644
13829,1,15,15,680
13830,1,15,15,675
13831,1,15,15,677
13832,1,15,15,684
13833,1,15,15,596
13834,1,15,15,119
13835,1,21,15,575
13836,1,15,15,394
13837,1,15,15,667
13838,1,15,15,600
13839,1,9,9,548
13840,1,15,15,541
13841,1,4,4,664
13842,1,15,15,676
13843,1,15,15,610
13844,1,15,15,246
13845,1,15,15,167
13846,1,15,15,670
13847,1,15,15,689
13848,1,15,15,661
13849,1,15,15,668
13850,1,15,15,264
13851,1,15,15,670
13852,1,15,15,680
13853,1,15,15,675
13854,1,15,15,677
13855,1,15,15,679
13856,1,15,15,666
13857,1,15,15,578
13858,1,15,15,673
13859,1,15,15,643
13860,1,15,15,438
13861,1,15,4,362
13862,1,4,4,663
13863,1,15,15,614
13864,1,15,15,636
13865,1,15,15,624
13866,1,15,15,638
13867,1,15,15,673
13868,1,15,15,322
13869,1,15,15,676
13870,1,15,15,683
13871,1,15,15,682
13872,1,4,15,645
13873,1,15,15,687
13874,1,15,15,383
13875,1,15,15,457
13876,1,15,15,668
13877,1,15,15,633
13878,1,15,15,492
13879,1,15,15,667
13880,1,15,15,686
13881,1,15,15,689
13882,1,15,15,648
13883,1,15,15,660
13884,1,15,15,609
13885,1,15,15,659
13886,1,15,15,672
13887,1,15,15,545
13888,1,15,15,644
13889,1,15,15,684
13890,1,15,15,680
13891,1,15,15,650
13892,1,15,15,674
13893,1,15,15,653
13894,1,15,15,297
13895,1,15,15,674
13896,1,15,15,630
13897,1,15,15,695
13898,1,15,15,686
13899,1,15,15,671
13900,1,15,15,688
13901,1,15,15,649
13902,1,15,15,683
13903,1,15,15,679
13904,1,15,15,668
13905,1,15,15,569
13906,1,15,15,642
13907,1,15,15,379
13908,1,15,15,609
13909,1,15,3,34
13910,1,15,12,676
13911,1,15,15,691
13912,1,4,4,3
13913,1,15,12,549
13914,1,15,15,220
13915,1,15,15,106
13916,1,15,15,178
13917,1,15,15,114
13918,1,15,15,683
13919,1,15,15,675
13920,1,15,15,631
13921,1,21,15,597
13922,1,15,15,623
13923,1,15,15,278
13924,1,15,15,337
13925,1,15,15,232
13926,1,15,15,664
13927,1,15,15,401
13928,1,15,15,686
13929,1,41,41,688
13930,1,15,15,676
13931,1,15,15,616
13932,1,15,15,648
13933,1,15,15,660
13934,1,15,15,399
13935,1,15,15,678
13936,1,15,15,651
13937,1,15,15,646
13938,1,39,15,652
13939,1,15,15,655
13940,1,15,15,691
13941,1,15,15,261
13942,1,4,4,579
13943,1,15,15,683
13944,1,15,15,647
13945,1,15,15,659
13946,1,15,15,683
13947,1,15,15,239
13948,1,15,15,285
13949,1,15,15,621
13950,1,15,15,681
13951,1,15,15,678
13952,1,15,15,656
13953,1,15,15,685
13954,1,15,15,678
13955,1,15,15,679
13956,1,15,15,547
13957,1,15,15,478
13958,1,15,15,687
13959,1,15,15,688
13960,1,15,15,672
13961,1,15,15,676
13962,1,15,15,635
13963,1,15,15,684
13964,1,15,15,617
13965,1,15,15,680
13966,1,15,15,272
13967,1,15,15,681
13968,1,15,15,165
13969,1,15,15,633
13970,1,4,4,676
13971,1,15,15,175
13972,1,39,39,684
13973,1,15,15,664
13974,1,4,4,522
13975,1,15,15,661
13976,1,15,15,371
13977,1,15,15,669
13978,1,15,15,683
13979,1,15,15,664
13980,1,15,15,632
13981,1,15,15,679
13982,1,15,15,636
13983,1,15,15,311
13984,1,15,15,666
13985,1,15,15,663
13986,1,15,15,677
13987,1,15,15,663
13988,1,15,15,502
13989,1,15,15,677
13990,1,15,15,639
13991,1,15,15,683
13992,1,15,15,684
13993,1,15,15,682
13994,1,15,15,590
13995,1,15,15,689
13996,1,15,15,670
13997,1,15,15,541
13998,1,15,15,576
13999,1,15,15,641
14000,1,15,15,678
14001,1,15,15,676
14002,1,15,15,682
14003,1,15,15,622
14004,1,15,15,638
14005,1,15,15,683
14006,1,4,4,350
14007,1,15,15,668
14008,1,15,15,656
14009,1,15,15,635
14010,1,15,15,327
14011,1,15,15,669
14012,1,15,15,527
14013,1,15,15,569
14014,1,15,15,597
14015,1,15,15,669
14016,1,15,15,662
14017,1,15,15,672
14018,1,15,15,662
14019,1,15,15,654
14020,1,15,15,634
14021,1,15,15,621
14022,1,15,15,392
14023,1,15,15,670
14024,1,15,15,546
14025,1,15,15,659
14026,1,15,15,654
14027,1,15,15,676
14028,1,4,4,45
14029,1,15,15,691
14030,1,15,15,661
14031,1,4,4,261
14032,1,4,4,357
14033,1,15,15,685
14034,1,15,15,509
14035,1,15,15,687
14036,1,15,15,675
14037,1,15,15,679
14038,1,15,15,687
14039,1,15,15,595
14040,1,15,15,618
14041,1,15,15,685
14042,1,15,15,393
14043,1,15,15,652
14044,1,15,15,626
14045,1,15,15,684
14046,1,15,15,612
14047,1,15,15,683
14048,1,15,15,656
14049,1,15,15,599
14050,1,15,15,680
14051,1,15,15,680
14052,1,15,15,622
14053,1,21,15,475
14054,1,15,15,677
14055,1,15,15,613
14056,1,15,15,672
14057,1,15,15,683
14058,1,15,15,619
14059,1,15,15,673
14060,1,15,15,660
14061,1,15,15,504
14062,1,15,15,637
14063,1,15,15,647
14064,1,15,15,657
14065,1,15,15,290
14066,1,4,4,660
14067,1,15,15,652
14068,1,15,15,675
14069,1,15,15,574
14070,1,15,15,676
14071,1,15,15,664
14072,1,15,15,639
14073,1,15,15,603
14074,1,12,12,584
14075,1,15,15,642
14076,1,9,9,534
14077,1,15,15,531
14078,1,15,15,302
14079,1,15,15,664
14080,1,15,12,575
14081,1,21,15,97
14082,1,39,39,655
14083,1,15,15,678
14084,1,15,15,670
14085,1,15,15,642
14086,1,15,15,332
14087,1,15,15,682
14088,1,15,15,652
14089,1,15,15,622
14090,1,15,15,691
14091,1,15,15,687
14092,1,24,24,670
14093,1,15,15,633
14094,1,15,15,315
14095,1,15,15,684
14096,1,15,15,213
14097,1,15,15,97
14098,1,15,15,677
14099,1,15,15,680
14100,1,15,15,677
14101,1,15,15,655
14102,1,15,15,531
14103,1,15,15,660
14104,1,15,15,688
14105,1,15,15,674
14106,1,15,15,682
14107,1,15,15,665
14108,1,15,15,658
14109,1,15,15,665
14110,1,20,20,576
14111,1,15,15,671
14112,1,15,15,494
14113,1,15,15,651
14114,1,15,15,580
14115,1,15,15,685
14116,1,15,15,638
14117,1,15,15,662
14118,1,15,15,678
14119,1,15,15,663
14120,1,15,15,674
14121,1,15,15,270
14122,1,15,15,462
14123,1,12,12,55
14124,1,15,15,685
14125,1,15,15,678
14126,1,15,15,656
14127,1,15,15,95
14128,1,15,15,690
14129,1,15,15,659
14130,1,15,15,687
14131,1,15,15,694
14132,1,15,15,682
14133,1,15,15,644
14134,1,15,15,676
14135,1,15,15,633
14136,1,15,15,680
14137,1,4,4,677
14138,1,15,15,685
14139,1,15,15,646
14140,1,15,15,311
14141,1,15,15,674
14142,1,15,15,689
14143,1,15,15,617
14144,1,15,15,658
14145,1,15,15,687
14146,1,15,15,671
14147,1,21,15,653
14148,1,15,15,663
14149,1,15,15,258
14150,1,15,15,682
14151,1,15,15,283
14152,1,15,15,658
14153,1,15,4,676
14154,1,12,12,546
14155,1,15,15,648
14156,1,15,15,607
14157,1,39,41,625
14158,1,15,15,571
14159,1,15,15,665
14160,1,15,15,674
14161,1,15,15,680
14162,1,15,4,369
14163,1,21,15,109
14164,1,15,15,679
14165,1,15,15,690
14166,1,39,39,684
14167,1,15,15,677
14168,1,15,15,651
14169,1,15,15,490
14170,1,15,15,562
14171,1,15,15,665
14172,1,15,15,661
14173,1,15,15,649
14174,1,4,4,619
14175,1,15,15,658
14176,1,15,15,472
14177,1,15,15,676
14178,1,15,15,463
14179,1,15,15,675
14180,1,15,15,685
14181,1,15,15,661
14182,1,15,15,678
14183,1,15,15,676
14184,1,15,15,647
14185,1,15,15,654
14186,1,15,15,369
14187,1,15,15,687
14188,1,4,4,623
14189,1,15,15,684
14190,1,15,15,625
14191,1,15,15,446
14192,1,15,15,667
14193,1,15,15,687
14194,1,15,15,659
14195,1,15,15,690
14196,1,15,15,688
14197,1,21,15,639
14198,1,15,15,689
14199,1,15,15,631
14200,1,15,15,678
14201,1,30,30,690
14202,1,15,15,639
14203,1,15,15,670
14204,1,15,15,680
14205,1,21,15,689
14206,1,15,15,685
14207,1,15,15,650
14208,1,15,15,425
14209,1,15,15,668
14210,1,15,15,686
14211,1,15,15,652
14212,1,15,15,682
14213,1,15,15,410
14214,1,15,15,102
14215,1,15,15,653
14216,1,21,4,641
14217,1,15,15,297
14218,1,15,15,645
14219,1,15,15,520
14220,1,15,15,677
14221,1,15,15,689
14222,1,15,4,650
14223,1,15,15,685
14224,1,15,15,629
14225,1,15,15,582
14226,1,15,15,684
14227,1,15,15,666
14228,1,15,15,678
14229,1,15,15,684
14230,1,15,15,463
14231,1,15,15,676
14232,1,15,15,682
14233,1,15,15,490
14234,1,15,15,654
14235,1,15,15,674
14236,1,15,15,648
14237,1,15,15,675
14238,1,15,15,628
14239,1,15,15,586
14240,1,15,15,366
14241,1,12,12,681
14242,1,15,15,689
14243,1,41,41,664
14244,1,21,15,297
14245,1,15,15,593
14246,1,15,15,435
14247,1,15,15,689
14248,1,15,15,258
14249,1,15,15,674
14250,1,15,15,679
14251,1,15,15,678
14252,1,15,15,665
14253,1,15,15,667
14254,1,15,15,616
14255,1,15,15,654
14256,1,15,15,669
14257,1,15,15,688
14258,1,15,15,668
14259,1,15,15,606
14260,1,15,15,690
14261,1,41,41,652
14262,1,15,15,622
14263,1,15,15,670
14264,1,15,15,276
14265,1,15,15,667
14266,1,15,15,688
14267,1,15,15,665
14268,1,15,15,261
14269,1,15,15,619
14270,1,15,4,689
14271,1,12,12,605
14272,1,15,15,680
14273,1,15,15,682
14274,1,15,15,686
14275,1,15,15,688
14276,1,15,15,146
14277,1,15,15,640
14278,1,15,15,674
14279,1,15,15,661
14280,1,15,15,381
14281,1,15,15,671
14282,1,15,15,694
14283,1,15,15,612
14284,1,15,15,646
14285,1,15,15,673
14286,1,15,15,687
14287,1,15,15,687
14288,1,15,15,660
14289,1,15,15,675
14290,1,15,15,669
14291,1,15,15,74
14292,1,15,15,674
14293,1,15,15,654
14294,1,15,15,673
14295,1,15,15,257
14296,1,41,41,672
14297,1,15,15,662
14298,1,15,15,650
14299,1,15,15,684
14300,1,21,15,599
14301,1,15,15,682
14302,1,15,15,605
14303,1,15,15,673
14304,1,15,15,675
14305,1,15,15,689
14306,1,15,15,643
14307,1,15,15,684
14308,1,4,4,507
14309,1,15,15,537
14310,1,15,15,678
14311,1,15,15,664
14312,1,15,15,130
14313,1,15,15,179
14314,1,15,15,663
14315,1,15,15,177
14316,1,15,15,610
14317,1,15,15,634
14318,1,15,15,680
14319,1,15,15,679
14320,1,15,15,683
14321,1,15,15,118
14322,1,15,15,634
14323,1,15,15,587
14324,1,15,15,654
14325,1,15,15,590
14326,1,15,15,278
14327,1,15,15,597
14328,1,4,15,682
14329,1,15,15,678
14330,1,15,15,651
14331,1,15,15,556
14332,1,15,15,687
14333,1,15,15,626
14334,1,4,4,64
14335,1,15,15,573
14336,1,15,15,686
14337,1,15,15,678
14338,1,15,15,674
14339,1,15,15,685
14340,1,15,15,685
14341,1,15,15,670
14342,1,15,15,571
14343,1,15,15,676
14344,1,15,15,663
14345,1,15,15,674
14346,1,15,15,510
14347,1,15,15,672
14348,1,15,15,669
14349,1,39,39,644
14350,1,15,15,603
14351,1,4,4,584
14352,1,15,15,679
14353,1,15,15,679
14354,1,12,12,674
14355,1,15,15,689
14356,1,15,15,537
14357,1,15,15,682
14358,1,15,15,644
14359,1,15,15,603
14360,1,15,4,143
14361,1,15,15,677
14362,1,15,12,691
14363,1,15,15,680
14364,1,15,15,666
14365,1,39,39,680
14366,1,15,15,677
14367,1,15,15,679
14368,1,20,20,677
14369,1,15,15,647
14370,1,15,15,683
14371,1,15,15,686
14372,1,15,15,664
14373,1,9,9,665
14374,1,15,15,412
14375,1,15,15,683
14376,1,15,15,387
14377,1,15,15,627
14378,1,15,15,475
14379,1,15,15,673
14380,1,15,15,682
14381,1,15,15,689
14382,1,15,15,684
14383,1,15,15,688
14384,1,15,15,680
14385,1,15,15,668
14386,1,15,15,684
14387,1,15,15,576
14388,1,15,15,672
14389,1,15,15,677
14390,1,15,15,686
14391,1,15,15,663
14392,1,15,15,622
14393,1,15,15,693
14394,1,15,15,649
14395,1,15,15,661
14396,1,15,15,686
14397,1,15,15,627
14398,1,15,15,683
14399,1,15,15,664
14400,1,15,15,639
14401,1,15,15,674
14402,1,15,15,632
14403,1,15,15,563
14404,1,15,15,684
14405,1,15,15,665
14406,1,15,15,604
14407,1,15,15,658
14408,1,15,15,240
14409,1,15,15,688
14410,1,15,15,674
14411,1,15,15,674
14412,1,15,15,688
14413,1,21,21,444
14414,1,15,15,560
14415,1,15,15,667
14416,1,15,15,678
14417,1,15,15,548
14418,1,15,15,508
14419,1,15,15,610
14420,1,15,15,675
14421,1,15,15,620
14422,1,15,15,641
14423,1,15,15,667
14424,1,15,15,689
14425,1,15,15,669
14426,1,15,15,677
14427,1,15,15,686
14428,1,15,15,681
14429,1,15,15,656
14430,1,15,15,443
14431,1,15,15,676
14432,1,15,15,65
14433,1,15,15,685
14434,1,15,15,684
14435,1,15,15,685
14436,1,15,15,69
14437,1,41,41,657
14438,1,15,15,680
14439,1,15,15,684
14440,1,15,15,690
14441,1,15,15,680
14442,1,15,15,614
14443,1,15,15,677
14444,1,15,15,640
14445,1,15,15,415
14446,1,15,15,456
14447,1,15,15,677
14448,1,15,15,663
14449,1,4,4,661
14450,1,15,15,682
14451,1,15,15,481
14452,1,15,15,683
14453,1,15,15,646
14454,1,15,15,690
14455,1,15,15,10
14456,1,15,15,484
14457,1,15,15,685
14458,1,15,15,674
14459,1,15,15,674
14460,1,15,15,523
14461,1,15,15,417
14462,1,15,15,666
14463,1,15,15,611
14464,1,15,15,222
14465,1,15,15,652
14466,1,15,15,651
14467,1,15,15,492
14468,1,15,15,671
14469,1,15,15,665
14470,1,15,15,474
14471,1,15,15,435
14472,1,15,15,473
14473,1,15,15,686
14474,1,41,41,678
14475,1,39,39,653
14476,1,15,15,688
14477,1,15,15,634
14478,1,15,15,503
14479,1,21,15,667
14480,1,15,15,679
14481,1,15,15,573
14482,1,15,15,688
14483,1,15,4,121
14484,1,15,15,229
14485,1,15,15,682
14486,1,15,15,659
14487,1,15,15,404
14488,1,15,15,683
14489,1,15,15,685
14490,1,15,15,677
14491,1,15,15,621
14492,1,15,15,654
14493,1,15,15,604
14494,1,15,15,504
14495,1,15,15,688
14496,1,15,15,645
14497,1,15,15,676
14498,1,15,15,525
14499,1,15,15,620
14500,1,15,15,642
14501,1,15,15,672
14502,1,15,15,684
14503,1,15,15,673
14504,1,15,15,688
14505,1,15,15,650
14506,1,15,15,655
14507,1,15,15,672
14508,1,15,15,342
14509,1,15,15,575
14510,1,15,15,636
14511,1,15,15,677
14512,1,15,15,421
14513,1,15,15,579
14514,1,15,15,66
14515,1,15,15,603
14516,1,15,15,681
14517,1,15,15,563
14518,1,15,15,677
14519,1,15,15,674
14520,1,15,15,633
14521,1,39,39,666
14522,1,15,15,686
14523,1,15,15,681
14524,1,41,41,487
14525,1,15,15,680
14526,1,15,15,685
14527,1,15,15,623
14528,1,15,15,685
14529,1,4,4,456
14530,1,15,15,678
14531,1,15,15,563
14532,1,15,15,171
14533,1,15,15,651
14534,1,15,15,645
14535,1,15,15,681
14536,1,15,15,635
14537,1,15,15,403
14538,1,15,15,688
14539,1,15,15,650
14540,1,15,15,474
14541,1,3,3,541
14542,1,4,4,21
14543,1,15,15,670
14544,1,15,15,678
14545,1,15,15,651
14546,1,15,15,673
14547,1,15,15,674
14548,1,15,15,647
14549,1,15,15,617
14550,1,15,15,676
14551,1,15,15,81
14552,1,15,15,519
14553,1,15,15,376
14554,1,15,15,208
14555,1,15,15,683
14556,1,15,15,628
14557,1,15,15,668
14558,1,15,15,689
14559,1,15,15,616
14560,1,15,15,682
14561,1,15,15,157
14562,1,15,15,654
14563,1,4,4,427
14564,1,15,15,681
14565,1,41,41,683
14566,1,15,15,670
14567,1,15,15,686
14568,1,15,15,683
14569,1,15,15,400
14570,1,15,15,679
14571,1,15,15,639
14572,1,15,15,679
14573,1,15,15,686
14574,1,15,15,648
14575,1,15,15,53
14576,1,15,15,678
14577,1,15,15,655
14578,1,15,15,681
14579,1,15,15,683
14580,1,15,15,508
14581,1,15,15,650
14582,1,15,15,663
14583,1,15,15,695
14584,1,15,15,672
14585,1,15,15,437
14586,1,15,15,681
14587,1,15,15,673
14588,1,15,15,675
14589,1,15,15,677
14590,1,15,15,681
14591,1,15,15,686
14592,1,15,15,683
14593,1,15,15,685
14594,1,15,15,665
14595,1,15,15,676
14596,1,15,15,688
14597,1,15,15,596
14598,1,39,15,680
14599,1,15,15,627
14600,1,15,15,671
14601,1,15,15,657
14602,1,15,15,679
14603,1,15,15,681
14604,1,15,15,667
14605,1,15,15,660
14606,1,15,15,348
14607,1,15,15,659
14608,1,4,15,668
14609,1,4,4,395
14610,1,15,15,616
14611,1,39,39,688
14612,1,15,15,277
14613,1,15,15,671
14614,1,15,15,227
14615,1,15,15,631
14616,1,15,15,650
14617,1,4,4,650
14618,1,15,15,644
14619,1,15,15,590
14620,1,15,15,665
14621,1,15,15,650
14622,1,15,15,678
14623,1,15,15,644
14624,1,15,15,671
14625,1,4,4,670
14626,1,15,15,668
14627,1,12,12,659
14628,1,15,15,32
14629,1,15,15,145
14630,1,15,15,682
14631,1,15,15,660
14632,1,15,15,674
14633,1,15,15,678
14634,1,15,15,489
14635,1,15,15,163
14636,1,21,15,650
14637,1,12,12,592
14638,1,12,12,682
14639,1,15,15,275
14640,1,15,15,659
14641,1,15,15,613
14642,1,15,15,666
14643,1,15,15,611
14644,1,15,15,683
14645,1,15,15,312
14646,1,15,15,691
14647,1,15,15,658
14648,1,15,15,669
14649,1,15,15,669
14650,1,15,15,571
14651,1,15,15,467
14652,1,15,15,233
14653,1,15,4,254
14654,1,15,15,651
14655,1,15,15,610
14656,1,15,15,354
14657,1,15,15,644
14658,1,15,15,676
14659,1,15,15,681
14660,1,4,4,605
14661,1,15,15,653
14662,1,15,15,519
14663,1,4,4,144
14664,1,15,15,690
14665,1,15,15,684
14666,1,15,15,672
14667,1,15,15,614
14668,1,15,15,620
14669,1,15,15,595
14670,1,21,15,449
14671,1,15,15,684
14672,1,15,15,619
14673,1,15,15,682
14674,1,15,15,678
14675,1,15,15,686
14676,1,15,15,667
14677,1,39,39,590
14678,1,15,15,520
14679,1,15,15,665
14680,1,15,15,587
14681,1,15,15,634
14682,1,15,15,686
14683,1,15,15,686
14684,1,15,15,677
14685,1,15,15,432
14686,1,15,15,684
14687,1,15,15,683
14688,1,15,15,664
14689,1,15,15,663
14690,1,15,15,612
14691,1,15,15,638
14692,1,15,15,677
14693,1,3,3,646
14694,1,15,15,575
14695,1,15,15,567
14696,1,15,15,681
14697,1,15,15,508
14698,1,15,15,659
14699,1,39,39,632
14700,1,15,15,662
14701,1,15,15,676
14702,1,15,15,609
14703,1,15,15,591
14704,1,15,15,683
14705,1,24,24,674
14706,1,15,15,685
14707,1,15,15,669
14708,1,15,15,676
14709,1,15,15,681
14710,1,15,15,688
14711,1,15,15,660
14712,1,47,47,680
14713,1,15,15,609
14714,1,15,15,649
14715,1,15,15,678
14716,1,15,15,558
14717,1,15,4,530
14718,1,4,4,656
14719,1,15,15,627
14720,1,15,15,685
14721,1,15,15,667
14722,1,15,15,680
14723,1,15,15,682
14724,1,15,15,682
14725,1,15,15,689
14726,1,15,15,678
14727,1,15,15,616
14728,1,15,15,654
14729,1,15,15,446
14730,1,15,15,674
14731,1,15,15,39
14732,1,15,15,674
14733,1,15,15,684
14734,1,15,15,79
14735,1,15,15,682
14736,1,15,15,519
14737,1,15,15,166
14738,1,15,15,645
14739,1,15,15,674
14740,1,15,15,137
14741,1,15,15,675
14742,1,15,15,655
14743,1,15,15,665
14744,1,15,15,678
14745,1,15,15,629
14746,1,15,15,652
14747,1,15,15,659
14748,1,15,15,689
14749,1,21,15,436
14750,1,15,15,672
14751,1,15,15,673
14752,1,15,15,682
14753,1,15,15,568
14754,1,15,15,654
14755,1,15,15,667
14756,1,15,15,691
14757,1,15,15,649
14758,1,15,15,594
14759,1,15,15,273
14760,1,15,15,678
14761,1,15,15,95
14762,1,15,15,672
14763,1,15,15,171
14764,1,15,15,665
14765,1,15,15,591
14766,1,15,15,666
14767,1,15,15,401
14768,1,15,15,677
14769,1,15,15,685
14770,1,15,15,685
14771,1,15,15,676
14772,1,15,15,660
14773,1,15,15,338
14774,1,15,15,658
14775,1,41,41,687
14776,1,21,3,596
14777,1,15,15,685
14778,1,15,15,238
14779,1,15,15,674
14780,1,15,15,677
14781,1,15,15,657
14782,1,4,4,664
14783,1,15,15,630
14784,1,15,15,657
14785,1,15,15,681
14786,1,15,15,685
14787,1,15,15,656
14788,1,15,15,614
14789,1,15,15,650
14790,1,15,4,681
14791,1,15,15,677
14792,1,15,15,686
14793,1,15,15,678
14794,1,21,3,644
14795,1,15,15,528
14796,1,15,15,673
14797,1,39,39,668
14798,1,15,15,666
14799,1,15,15,671
14800,1,15,15,647
14801,1,15,15,587
14802,1,46,46,648
14803,1,15,15,684
14804,1,15,15,633
14805,1,15,15,671
14806,1,15,15,41
14807,1,15,15,618
14808,1,15,15,686
14809,1,15,15,508
14810,1,15,15,688
14811,1,15,15,651
14812,1,15,15,629
14813,1,15,15,640
14814,1,15,15,684
14815,1,15,15,684
14816,1,15,15,674
14817,1,15,15,488
14818,1,15,15,122
14819,1,15,15,617
14820,1,15,15,647
14821,1,15,15,28
14822,1,15,15,668
14823,1,15,15,680
14824,1,15,15,687
14825,1,15,15,663
14826,1,15,15,686
14827,1,15,15,389
14828,1,15,15,579
14829,1,21,15,506
14830,1,15,15,688
14831,1,15,15,670
14832,1,3,3,530
14833,1,15,15,604
14834,1,15,15,673
14835,1,15,15,661
14836,1,15,15,672
14837,1,15,15,589
14838,1,15,15,670
14839,1,15,15,680
14840,1,15,15,646
14841,1,15,15,667
14842,1,15,15,675
14843,1,15,15,667
14844,1,15,15,662
14845,1,15,15,659
14846,1,15,15,425
14847,1,15,15,678
14848,1,21,15,125
14849,1,15,15,128
14850,1,15,15,678
14851,1,15,15,666
14852,1,41,41,660
14853,1,15,15,647
14854,1,3,3,531
14855,1,15,15,603
14856,1,15,15,624
14857,1,15,15,663
14858,1,15,15,662
14859,1,15,15,648
14860,1,15,15,673
14861,1,15,15,564
14862,1,15,15,456
14863,1,15,15,671
14864,1,15,15,595
14865,1,15,15,178
14866,1,15,15,681
14867,1,21,15,604
14868,1,15,15,649
14869,1,15,15,621
14870,1,4,4,435
14871,1,15,15,675
14872,1,15,15,648
14873,1,15,15,674
14874,1,15,15,685
14875,1,15,15,653
14876,1,15,15,685
14877,1,15,15,641
14878,1,15,15,652
14879,1,15,15,647
14880,1,15,15,618
14881,1,15,15,678
14882,1,15,15,682
14883,1,15,15,578
14884,1,4,4,615
14885,1,15,15,657
14886,1,15,15,609
14887,1,15,15,675
14888,1,15,15,676
14889,1,15,15,680
14890,1,15,15,166
14891,1,15,15,644
14892,1,15,15,657
14893,1,15,15,682
14894,1,15,15,590
14895,1,39,39,682
14896,1,15,15,374
14897,1,15,15,681
14898,1,4,4,671
14899,1,15,15,680
14900,1,15,15,683
14901,1,15,15,437
14902,1,15,15,674
14903,1,15,15,666
14904,1,4,4,644
14905,1,15,15,649
14906,1,15,15,624
14907,1,15,15,349
14908,1,15,15,658
14909,1,15,15,607
14910,1,15,15,684
14911,1,15,15,676
14912,1,15,15,644
14913,1,15,15,680
14914,1,15,15,598
14915,1,15,15,657
14916,1,15,15,651
14917,1,15,15,685
14918,1,41,41,687
14919,1,15,15,663
14920,1,15,15,673
14921,1,15,15,678
14922,1,15,15,372
14923,1,3,3,39
14924,1,15,15,688
14925,1,15,15,195
14926,1,4,4,58
14927,1,15,15,669
14928,1,15,15,652
14929,1,15,15,604
14930,1,15,15,335
14931,1,15,15,650
14932,1,15,15,686
14933,1,15,15,415
14934,1,15,15,517
14935,1,15,15,684
14936,1,15,12,687
14937,1,15,15,690
14938,1,15,15,664
14939,1,15,15,681
14940,1,15,15,683
14941,1,15,12,615
14942,1,15,15,666
14943,1,15,15,672
14944,1,15,15,685
14945,1,15,15,656
14946,1,15,15,671
14947,1,15,15,688
14948,1,15,15,643
14949,1,15,15,32
14950,1,15,15,686
14951,1,15,15,686
14952,1,15,15,629
14953,1,15,15,683
14954,1,15,15,642
14955,1,15,15,669
14956,1,15,15,665
14957,1,15,15,636
14958,1,15,15,671
14959,1,15,15,680
14960,1,15,15,682
14961,1,15,15,670
14962,1,15,15,619
14963,1,15,15,682
14964,1,15,15,673
14965,1,15,15,671
14966,1,15,15,660
14967,1,15,15,669
14968,1,15,15,597
14969,1,15,15,687
14970,1,15,15,410
14971,1,15,15,521
14972,1,15,15,294
14973,1,15,15,677
14974,1,15,15,621
14975,1,15,15,666
14976,1,15,15,154
14977,1,15,15,689
14978,1,15,15,683
14979,1,15,15,648
14980,1,15,15,682
14981,1,15,15,667
14982,1,15,15,692
14983,1,15,15,658
14984,1,15,15,683
14985,1,15,15,632
14986,1,15,15,380
14987,1,15,15,676
14988,1,15,15,597
14989,1,15,15,683
14990,1,15,15,650
14991,1,15,15,676
14992,1,15,15,670
14993,1,15,15,650
14994,1,15,15,655
14995,1,15,15,623
14996,1,15,15,683
14997,1,15,15,122
14998,1,15,15,653
14999,1,15,15,460
15000,1,15,15,291
15001,1,15,15,674
15002,1,15,15,644
15003,1,15,15,624
15004,1,15,15,658
15005,1,15,15,533
15006,1,15,15,690
15007,1,15,15,684
15008,1,15,15,686
15009,1,15,15,659
15010,1,15,15,685
15011,1,15,15,675
15012,1,15,15,666
15013,1,15,15,646
15014,1,15,15,679
15015,1,15,15,627
15016,1,15,15,665
15017,1,15,15,687
15018,1,15,15,680
15019,1,4,4,656
15020,1,15,15,682
15021,1,15,15,675
15022,1,15,15,292
15023,1,15,15,683
15024,1,15,15,692
15025,1,15,15,665
15026,1,15,15,680
15027,1,15,15,668
15028,1,12,12,672
15029,1,15,15,669
15030,1,15,15,687
15031,1,4,4,644
15032,1,4,4,624
15033,1,15,15,673
15034,1,15,15,655
15035,1,15,15,666
15036,1,15,15,683
15037,1,15,15,670
15038,1,15,15,663
15039,1,15,15,619
15040,1,15,15,686
15041,1,15,15,646
15042,1,15,15,665
15043,1,15,15,483
15044,1,15,4,652
15045,1,15,15,659
15046,1,15,15,559
15047,1,15,15,674
15048,1,15,15,364
15049,1,15,15,653
15050,1,15,15,662
15051,1,15,15,667
15052,1,15,15,173
15053,1,4,4,452
15054,1,4,4,617
15055,1,15,15,660
15056,1,4,4,634
15057,1,15,15,610
15058,1,15,15,526
15059,1,15,15,648
15060,1,15,15,657
15061,1,15,15,674
15062,1,15,15,678
15063,1,15,15,666
15064,1,15,15,676
15065,1,15,15,661
15066,1,15,15,617
15067,1,15,15,619
15068,1,15,15,583
15069,1,15,15,609
15070,1,15,15,669
15071,1,15,15,694
15072,1,4,4,587
15073,1,15,15,664
15074,1,15,15,679
15075,1,15,15,609
15076,1,4,4,247
15077,1,15,15,650
15078,1,15,15,651
15079,1,15,15,567
15080,1,15,15,178
15081,1,15,15,664
15082,1,15,15,141
15083,1,15,15,677
15084,1,15,15,520
15085,1,21,15,30
15086,1,15,15,603
15087,1,15,15,683
15088,1,4,4,390
15089,1,15,15,656
15090,1,15,15,687
15091,1,15,15,139
15092,1,15,15,662
15093,1,15,15,532
15094,1,15,15,671
15095,1,15,15,646
15096,1,15,15,631
15097,1,15,15,654
15098,1,15,15,684
15099,1,15,15,679
15100,1,15,15,677
15101,1,15,15,663
15102,1,15,15,671
15103,1,15,15,687
15104,1,15,15,665
15105,1,11,11,625
15106,1,15,15,685
15107,1,21,15,12
15108,1,15,15,368
15109,1,15,15,674
15110,1,15,15,665
15111,1,15,15,686
15112,1,15,15,417
15113,1,15,15,614
15114,1,15,15,448
15115,1,15,15,619
15116,1,15,15,364
15117,1,15,15,660
15118,1,4,4,136
15119,1,15,15,683
15120,1,15,15,495
15121,1,15,15,621
15122,1,15,15,678
15123,1,15,15,120
15124,1,15,15,687
15125,1,15,15,654
15126,1,15,15,683
15127,1,15,15,672
15128,1,15,15,573
15129,1,15,15,316
15130,1,15,15,663
15131,1,15,15,500
15132,1,15,15,664
15133,1,15,15,678
15134,1,15,15,673
15135,1,15,15,670
15136,1,15,15,674
15137,1,15,15,673
15138,1,15,15,682
15139,1,21,15,506
15140,1,15,15,670
15141,1,15,15,629
15142,1,15,15,678
15143,1,15,15,674
15144,1,15,15,529
15145,1,15,12,510
15146,1,15,15,653
15147,1,15,15,680
15148,1,15,15,607
15149,1,15,15,655
15150,1,15,15,696
15151,1,15,15,554
15152,1,41,41,681
15153,1,15,15,681
15154,1,15,15,416
15155,1,15,15,689
15156,1,15,15,671
15157,1,15,15,635
15158,1,15,15,683
15159,1,15,15,609
15160,1,15,15,667
15161,1,15,15,645
15162,1,15,15,665
15163,1,15,15,593
15164,1,15,15,576
15165,1,15,15,408
15166,1,15,15,687
15167,1,15,15,631
15168,1,15,15,651
15169,1,15,15,446
15170,1,15,15,674
15171,1,15,15,685
15172,1,15,15,681
15173,1,15,15,637
15174,1,39,39,689
15175,1,15,12,655
15176,1,15,15,588
15177,1,15,15,273
15178,1,15,15,655
15179,1,15,15,662
15180,1,15,15,650
15181,1,4,4,582
15182,1,15,15,618
15183,1,15,15,590
15184,1,15,15,553
15185,1,15,15,636
15186,1,15,15,671
15187,1,9,9,676
15188,1,15,15,675
15189,1,15,15,309
15190,1,15,15,589
15191,1,15,15,680
15192,1,15,15,669
15193,1,15,15,629
15194,1,15,15,665
15195,1,4,4,274
15196,1,15,15,638
15197,1,4,4,581
15198,1,15,15,664
15199,1,15,15,684
15200,1,15,15,684
15201,1,15,15,665
15202,1,15,4,656
15203,1,15,15,623
15204,1,15,15,582
15205,1,15,15,678
15206,1,15,15,672
15207,1,15,15,677
15208,1,4,4,693
15209,1,21,21,176
15210,1,15,15,659
15211,1,15,15,532
15212,1,15,15,637
15213,1,15,15,641
15214,1,15,15,539
15215,1,4,4,684
15216,1,15,15,682
15217,1,15,15,677
15218,1,15,15,676
15219,1,15,15,503
15220,1,15,15,682
15221,1,15,15,356
15222,1,15,15,644
15223,1,15,15,681
15224,1,15,15,663
15225,1,15,15,658
15226,1,15,15,680
15227,1,4,4,659
15228,1,15,15,611
15229,1,15,15,617
15230,1,15,15,591
15231,1,15,15,693
15232,1,15,15,556
15233,1,15,15,688
15234,1,15,15,642
15235,1,15,15,685
15236,1,12,12,623
15237,1,15,15,682
15238,1,15,15,682
15239,1,15,15,123
15240,1,4,4,658
15241,1,15,15,381
15242,1,15,15,678
15243,1,15,15,683
15244,1,15,15,668
15245,1,15,15,657
15246,1,15,15,628
15247,1,15,15,693
15248,1,15,15,686
15249,1,15,15,588
15250,1,15,15,567
15251,1,15,15,563
15252,1,15,15,677
15253,1,15,15,683
15254,1,15,15,609
15255,1,21,21,273
15256,1,15,15,94
15257,1,15,15,670
15258,1,15,15,660
15259,1,15,15,673
15260,1,15,15,658
15261,1,21,15,686
15262,1,15,15,679
15263,1,15,15,618
15264,1,15,15,667
15265,1,4,4,677
15266,1,15,15,659
15267,1,15,15,614
15268,1,15,15,578
15269,1,15,15,485
15270,1,15,15,250
15271,1,15,15,592
15272,1,15,15,689
15273,1,15,15,644
15274,1,15,15,672
15275,1,15,15,416
15276,1,4,4,597
15277,1,15,15,682
15278,1,15,15,668
15279,1,15,15,668
15280,1,15,15,674
15281,1,15,15,676
15282,1,15,15,639
15283,1,15,15,642
15284,1,15,15,670
15285,1,15,15,662
15286,1,15,15,659
15287,1,15,15,379
15288,1,15,15,588
15289,1,15,15,670
15290,1,15,15,648
15291,1,15,15,686
15292,1,15,15,669
15293,1,15,15,642
15294,1,15,15,678
15295,1,15,4,616
15296,1,15,15,146
15297,1,15,4,677
15298,1,15,15,554
15299,1,15,15,661
15300,1,15,15,589
15301,1,15,15,365
15302,1,15,15,658
15303,1,15,15,638
15304,1,15,15,645
15305,1,15,15,674
15306,1,15,15,403
15307,1,15,15,652
15308,1,15,15,661
15309,1,15,15,662
15310,1,4,4,646
15311,1,15,15,607
15312,1,15,15,563
15313,1,15,15,640
15314,1,15,15,364
15315,1,15,15,645
15316,1,15,15,686
15317,1,15,15,651
15318,1,15,15,674
15319,1,15,15,603
15320,1,15,15,684
15321,1,15,15,63
15322,1,15,15,607
15323,1,15,15,686
15324,1,15,15,600
15325,1,15,15,681
15326,1,15,15,659
15327,1,15,15,659
15328,1,4,4,656
15329,1,15,15,676
15330,1,15,15,683
15331,1,15,15,674
15332,1,4,4,585
15333,1,15,15,682
15334,1,15,15,677
15335,1,15,15,648
15336,1,15,15,596
15337,1,15,15,185
15338,1,41,41,671
15339,1,15,15,584
15340,1,15,15,673
15341,1,15,15,660
15342,1,15,15,689
15343,1,15,15,677
15344,1,21,15,655
15345,1,15,15,683
15346,1,15,15,672
15347,1,15,15,690
15348,1,15,15,668
15349,1,15,15,675
15350,1,15,15,403
15351,1,15,15,547
15352,1,21,4,650
15353,1,15,15,661
15354,1,15,15,665
15355,1,4,4,608
15356,1,15,15,673
15357,1,15,15,666
15358,1,15,15,660
15359,1,15,15,676
15360,1,48,48,684
15361,1,15,15,667
15362,1,15,15,673
15363,1,15,15,678
15364,1,15,15,686
15365,1,15,15,526
15366,1,15,15,667
15367,1,15,15,645
15368,1,39,39,616
15369,1,15,15,688
15370,1,15,15,679
15371,1,15,15,581
15372,1,15,15,279
15373,1,15,15,683
15374,1,15,15,637
15375,1,4,4,666
15376,1,15,15,683
15377,1,15,15,569
15378,1,15,15,680
15379,1,15,15,600
15380,1,15,15,678
15381,1,15,4,640
15382,1,15,15,240
15383,1,15,3,629
15384,1,39,39,465
15385,1,15,15,682
15386,1,15,15,678
15387,1,15,15,691
15388,1,15,15,676
15389,1,15,15,676
15390,1,15,15,598
15391,1,15,15,665
15392,1,15,15,677
15393,1,15,15,690
15394,1,15,15,680
15395,1,15,15,658
15396,1,15,15,501
15397,1,15,15,685
15398,1,15,15,684
15399,1,15,15,649
15400,1,15,15,594
15401,1,15,15,673
15402,1,15,15,687
15403,1,15,15,643
15404,1,4,4,285
15405,1,15,15,611
15406,1,15,15,638
15407,1,15,15,644
15408,1,15,15,671
15409,1,15,15,398
15410,1,15,15,638
15411,1,15,15,684
15412,1,15,15,685
15413,1,15,15,689
15414,1,15,15,674
15415,1,15,15,651
15416,1,15,15,645
15417,1,15,15,662
15418,1,15,15,678
15419,1,15,15,679
15420,1,21,15,585
15421,1,15,15,613
15422,1,15,15,665
15423,1,9,9,683
15424,1,15,15,648
15425,1,15,15,669
15426,1,15,15,691
15427,1,15,15,624
15428,1,15,15,661
15429,1,15,15,361
15430,1,15,15,550
15431,1,15,15,684
15432,1,15,15,611
15433,1,15,15,661
15434,1,15,15,683
15435,1,39,39,537
15436,1,4,4,651
15437,1,21,4,369
15438,1,15,15,246
15439,1,15,15,667
15440,1,15,15,249
15441,1,4,4,653
15442,1,15,15,304
15443,1,15,15,680
15444,1,15,15,356
15445,1,15,15,666
15446,1,15,15,642
15447,1,15,15,247
15448,1,15,15,686
15449,1,15,15,632
15450,1,41,41,651
15451,1,15,15,668
15452,1,15,15,688
15453,1,15,15,687
15454,1,4,4,638
15455,1,15,15,671
15456,1,15,15,598
15457,1,15,15,637
15458,1,15,15,689
15459,1,15,15,662
15460,1,15,15,689
15461,1,15,15,631
15462,1,15,15,666
15463,1,12,12,684
15464,1,15,15,129
15465,1,39,39,680
15466,1,15,15,689
15467,1,15,15,243
15468,1,15,15,523
15469,1,21,15,510
15470,1,15,15,686
15471,1,15,15,571
15472,1,15,15,654
15473,1,15,15,670
15474,1,15,15,98
15475,1,15,15,670
15476,1,15,15,677
15477,1,15,15,627
15478,1,15,15,685
15479,1,9,15,164
15480,1,15,15,632
15481,1,15,15,679
15482,1,15,15,579
15483,1,15,15,636
15484,1,15,15,687
15485,1,15,15,670
15486,1,15,15,547
15487,1,15,15,648
15488,1,15,15,668
15489,1,15,15,675
15490,1,39,41,679
15491,1,15,15,347
15492,1,15,15,133
15493,1,15,15,665
15494,1,15,15,548
15495,1,15,15,641
15496,1,15,15,682
15497,1,15,15,671
15498,1,15,15,662
15499,1,15,15,659
15500,1,15,15,660
15501,1,15,15,677
15502,1,15,15,628
15503,1,15,15,684
15504,1,15,15,683
15505,1,15,15,678
15506,1,15,15,228
15507,1,15,15,657
15508,1,15,15,304
15509,1,15,15,669
15510,1,15,15,675
15511,1,15,15,652
15512,1,15,15,615
15513,1,15,15,612
15514,1,15,15,685
15515,1,15,15,689
15516,1,15,15,251
15517,1,15,15,661
15518,1,15,15,679
15519,1,15,15,674
15520,1,21,15,135
15521,1,4,4,33
15522,1,15,15,420
15523,1,15,15,665
15524,1,15,15,665
15525,1,15,15,687
15526,1,15,15,683
15527,1,15,15,348
15528,1,15,15,664
15529,1,15,15,33
15530,1,15,15,565
15531,1,15,15,505
15532,1,15,15,660
15533,1,15,15,655
15534,1,15,15,619
15535,1,15,15,660
15536,1,15,15,661
15537,1,21,15,222
15538,1,15,15,680
15539,1,15,15,377
15540,1,15,15,507
15541,1,15,15,649
15542,1,15,15,671
15543,1,15,15,121
15544,1,15,15,594
15545,1,15,15,86
15546,1,15,15,655
15547,1,15,15,658
15548,1,15,15,651
15549,1,39,39,652
15550,1,39,15,678
15551,1,15,15,670
15552,1,4,4,663
15553,1,15,15,677
15554,1,15,15,623
15555,1,15,15,685
15556,1,15,15,690
15557,1,15,15,606
15558,1,15,15,663
15559,1,15,15,672
15560,1,15,15,315
15561,1,15,15,666
15562,1,15,15,640
15563,1,41,41,679
15564,1,15,15,683
15565,1,15,41,677
15566,1,15,15,655
15567,1,15,15,678
15568,1,15,15,670
15569,1,15,15,649
15570,1,15,15,681
15571,1,15,15,683
15572,1,15,15,589
15573,1,15,15,685
15574,1,15,15,676
15575,1,15,15,658
15576,1,15,15,506
15577,1,15,15,536
15578,1,15,15,623
15579,1,15,15,678
15580,1,15,15,692
15581,1,15,15,632
15582,1,15,15,427
15583,1,15,15,682
15584,1,15,15,333
15585,1,15,15,652
15586,1,15,15,686
15587,1,21,15,114
15588,1,15,15,674
15589,1,15,15,685
15590,1,15,15,687
15591,1,15,15,624
15592,1,15,15,672
15593,1,15,15,683
15594,1,15,15,686
15595,1,15,15,669
15596,1,15,15,677
15597,1,15,15,359
15598,1,15,15,684
15599,1,15,15,688
15600,1,15,15,658
15601,1,21,15,653
15602,1,15,15,689
15603,1,15,15,643
15604,1,15,15,659
15605,1,15,15,670
15606,1,15,15,685
15607,1,15,15,678
15608,1,15,15,519
15609,1,15,15,515
15610,1,15,15,670
15611,1,15,15,682
15612,1,15,15,662
15613,1,4,4,574
15614,1,15,15,645
15615,1,15,15,642
15616,1,15,15,74
15617,1,15,15,656
15618,1,15,4,681
15619,1,15,15,689
15620,1,15,15,640
15621,1,15,4,663
15622,1,15,15,608
15623,1,15,15,669
15624,1,15,15,689
15625,1,15,15,675
15626,1,4,4,579
15627,1,15,15,357
15628,1,15,15,601
15629,1,15,15,663
15630,1,15,15,523
15631,1,15,15,584
15632,1,15,15,272
15633,1,15,15,369
15634,1,15,15,573
15635,1,15,15,673
15636,1,15,15,659
15637,1,15,15,678
15638,1,15,15,326
15639,1,15,15,653
15640,1,15,15,498
15641,1,15,4,633
15642,1,15,15,662
15643,1,15,15,648
15644,1,15,15,617
15645,1,15,15,679
15646,1,15,15,398
15647,1,15,15,253
15648,1,15,15,689
15649,1,21,21,647
15650,1,15,15,678
15651,1,15,15,619
15652,1,15,15,682
15653,1,15,15,97
15654,1,15,15,643
15655,1,15,15,687
15656,1,15,15,677
15657,1,15,15,677
15658,1,4,4,662
15659,1,15,15,648
15660,1,15,15,655
15661,1,15,15,648
15662,1,15,15,676
15663,1,15,15,660
15664,1,15,15,643
15665,1,15,15,658
15666,1,15,4,600
15667,1,15,15,689
15668,1,15,15,675
15669,1,15,15,683
15670,1,15,15,671
15671,1,15,15,675
15672,1,9,9,299
15673,1,39,39,681
15674,1,15,15,611
15675,1,15,15,494
15676,1,15,15,340
15677,1,15,15,684
15678,1,4,15,677
15679,1,15,15,668
15680,1,15,15,658
15681,1,15,15,661
15682,1,21,15,541
15683,1,15,15,506
15684,1,15,15,626
15685,1,15,15,671
15686,1,15,15,633
15687,1,15,15,653
15688,1,15,15,664
15689,1,15,15,663
15690,1,15,15,646
15691,1,15,15,660
15692,1,15,15,655
15693,1,15,4,385
15694,1,15,15,341
15695,1,15,15,686
15696,1,15,15,652
15697,1,15,15,672
15698,1,15,15,685
15699,1,15,15,663
15700,1,15,15,685
15701,1,15,15,654
15702,1,39,39,665
15703,1,15,4,675
15704,1,15,15,656
15705,1,15,15,633
15706,1,15,15,684
15707,1,15,15,684
15708,1,15,15,687
15709,1,15,15,678
15710,1,15,15,684
15711,1,15,15,668
15712,1,15,15,672
15713,1,15,15,170
15714,1,15,15,664
15715,1,15,15,459
15716,1,15,15,257
15717,1,15,15,684
15718,1,15,15,616
15719,1,15,15,664
15720,1,15,15,668
15721,1,15,15,596
15722,1,4,4,655
15723,1,15,15,681
15724,1,15,15,597
15725,1,21,15,603
15726,1,15,15,486
15727,1,21,15,15
15728,1,15,15,662
15729,1,15,15,348
15730,1,15,15,674
15731,1,15,15,627
15732,1,21,15,343
15733,1,15,15,681
15734,1,15,15,664
15735,1,12,12,639
15736,1,15,15,672
15737,1,15,15,90
15738,1,15,15,651
15739,1,15,15,651
15740,1,15,15,666
15741,1,12,12,596
15742,1,15,15,682
15743,1,15,15,113
15744,1,15,15,256
15745,1,15,15,665
15746,1,15,15,382
15747,1,15,15,666
15748,1,39,39,674
15749,1,15,15,645
15750,1,15,15,589
15751,1,15,15,136
15752,1,15,15,672
15753,1,15,15,683
15754,1,15,15,654
15755,1,15,15,681
15756,1,15,15,683
15757,1,4,4,649
15758,1,15,15,658
15759,1,15,15,590
15760,1,15,15,686
15761,1,15,15,685
15762,1,15,15,491
15763,1,15,15,485
15764,1,15,15,649
15765,1,15,15,678
15766,1,15,15,684
15767,1,15,15,677
15768,1,15,15,683
15769,1,15,15,686
15770,1,39,15,146
15771,1,15,15,529
15772,1,15,15,270
15773,1,15,15,685
15774,1,12,12,685
15775,1,15,15,686
15776,1,4,4,678
15777,1,21,15,610
15778,1,15,15,653
15779,1,15,15,678
15780,1,15,15,682
15781,1,15,15,650
15782,1,15,15,652
15783,1,15,15,673
15784,1,15,15,684
15785,1,15,15,686
15786,1,15,15,682
15787,1,15,15,668
15788,1,15,4,282
15789,1,15,15,680
15790,1,15,15,667
15791,1,15,15,674
15792,1,15,15,664
15793,1,15,15,257
15794,1,15,15,659
15795,1,15,15,660
15796,1,15,15,651
15797,1,15,15,694
15798,1,15,15,672
15799,1,15,15,662
15800,1,4,4,581
15801,1,15,15,631
15802,1,15,15,94
15803,1,15,15,672
15804,1,15,15,679
15805,1,15,15,640
15806,1,15,15,675
15807,1,15,15,667
15808,1,15,15,690
15809,1,15,4,683
15810,1,4,4,623
15811,1,15,15,587
15812,1,15,15,581
15813,1,15,15,649
15814,1,15,15,626
15815,1,15,15,242
15816,1,15,15,668
15817,1,15,15,688
15818,1,15,15,637
15819,1,15,15,683
15820,1,15,15,62
15821,1,15,15,651
15822,1,15,15,9
15823,1,15,15,673
15824,1,15,15,623
15825,1,15,15,680
15826,1,15,15,674
15827,1,4,4,6
15828,1,15,15,684
15829,1,4,4,676
15830,1,15,15,652
15831,1,15,15,649
15832,1,15,15,679
15833,1,15,15,684
15834,1,15,15,687
15835,1,15,15,662
15836,1,15,15,660
15837,1,15,15,686
15838,1,15,15,681
15839,1,15,15,625
15840,1,15,15,514
15841,1,15,15,679
15842,1,15,15,664
15843,1,15,15,660
15844,1,15,15,284
15845,1,15,4,404
15846,1,21,15,319
15847,1,21,15,638
15848,1,15,15,687
15849,1,15,15,689
15850,1,15,15,207
15851,1,15,15,651
15852,1,15,15,331
15853,1,15,15,691
15854,1,15,15,675
15855,1,15,15,672
15856,1,15,15,502
15857,1,15,15,649
15858,1,15,15,688
15859,1,15,15,464
15860,1,15,15,589
15861,1,15,15,674
15862,1,15,15,674
15863,1,15,15,688
15864,1,15,15,530
15865,1,15,15,677
15866,1,15,15,672
15867,1,15,15,674
15868,1,15,15,642
15869,1,15,15,630
15870,1,15,15,673
15871,1,15,15,650
15872,1,15,15,586
15873,1,15,15,651
15874,1,4,4,648
15875,1,39,39,672
15876,1,15,15,671
15877,1,15,15,343
15878,1,15,15,687
15879,1,15,15,229
15880,1,15,15,336
15881,1,41,41,672
15882,1,4,4,556
15883,1,15,15,684
15884,1,15,15,690
15885,1,15,15,670
15886,1,20,15,687
15887,1,15,15,666
15888,1,15,15,675
15889,1,15,15,679
15890,1,15,15,687
15891,1,15,15,662
15892,1,15,15,685
15893,1,15,15,665
15894,1,15,15,503
15895,1,15,15,669
15896,1,15,15,668
15897,1,15,15,672
15898,1,15,15,635
15899,1,15,15,415
15900,1,15,4,95
15901,1,15,15,675
15902,1,15,15,467
15903,1,15,15,661
15904,1,15,15,422
15905,1,15,15,680
15906,1,21,15,271
15907,1,15,15,675
15908,1,15,15,497
15909,1,15,15,634
15910,1,15,15,677
15911,1,15,15,688
15912,1,15,15,669
15913,1,15,15,680
15914,1,15,15,673
15915,1,15,15,668
15916,1,15,15,682
15917,1,15,15,687
15918,1,15,15,625
15919,1,21,15,394
15920,1,15,15,658
15921,1,15,15,671
15922,1,15,15,655
15923,1,4,4,662
15924,1,15,15,685
15925,1,15,15,625
15926,1,15,15,678
15927,1,15,15,108
15928,1,15,15,685
15929,1,15,15,625
15930,1,15,15,635
15931,1,15,15,683
15932,1,15,15,657
15933,1,15,4,667
15934,1,15,15,678
15935,1,15,15,681
15936,1,15,15,670
15937,1,15,15,658
15938,1,15,15,463
15939,1,15,15,680
15940,1,15,15,690
15941,1,15,15,683
15942,1,15,15,657
15943,1,15,15,679
15944,1,15,15,627
15945,1,15,15,667
15946,1,15,15,681
15947,1,15,15,644
15948,1,15,15,601
15949,1,15,15,608
15950,1,15,15,635
15951,1,15,15,641
15952,1,15,15,626
15953,1,15,15,681
15954,1,15,15,680
15955,1,15,15,694
15956,1,15,15,679
15957,1,15,15,675
15958,1,15,15,689
15959,1,15,15,75
15960,1,15,15,680
15961,1,15,15,617
15962,1,15,15,672
15963,1,39,39,688
15964,1,15,15,628
15965,1,15,15,676
15966,1,4,4,611
15967,1,15,15,467
15968,1,15,15,695
15969,1,15,15,670
15970,1,15,15,620
15971,1,15,15,640
15972,1,11,4,639
15973,1,15,15,681
15974,1,15,15,677
15975,1,15,15,661
15976,1,15,15,688
15977,1,15,15,675
15978,1,15,15,646
15979,1,15,15,679
15980,1,15,15,592
15981,1,15,15,686
15982,1,15,15,644
15983,1,15,15,631
15984,1,15,15,266
15985,1,15,15,658
15986,1,4,4,599
15987,1,15,15,665
15988,1,15,15,596
15989,1,15,15,133
15990,1,15,15,676
15991,1,15,15,534
15992,1,15,15,676
15993,1,15,15,682
15994,1,15,15,651
15995,1,15,15,663
15996,1,15,15,420
15997,1,15,15,650
15998,1,15,15,687
15999,1,15,15,638
16000,1,15,15,664
16001,1,15,15,683
16002,1,4,4,644
16003,1,15,15,667
16004,1,15,15,559
16005,1,12,12,503
16006,1,15,15,648
16007,1,15,15,402
16008,1,15,15,641
16009,1,15,15,667
16010,1,4,4,648
16011,1,15,15,540
16012,1,15,15,512
16013,1,15,15,660
16014,1,3,3,202
16015,1,15,15,602
16016,1,15,15,192
16017,1,15,15,437
16018,1,15,15,668
16019,1,15,15,682
16020,1,15,15,426
16021,1,15,15,688
16022,1,15,15,686
16023,1,15,15,673
16024,1,4,4,666
16025,1,15,15,680
16026,1,15,15,641
16027,1,15,15,278
16028,1,15,15,642
16029,1,15,15,486
16030,1,15,15,672
16031,1,15,15,676
16032,1,15,15,338
16033,1,15,15,631
16034,1,15,15,666
16035,1,15,15,557
16036,1,15,15,681
16037,1,15,15,669
16038,1,15,15,431
16039,1,15,15,675
16040,1,15,15,559
16041,1,15,15,633
16042,1,15,15,676
16043,1,15,15,468
16044,1,15,15,680
16045,1,15,15,622
16046,1,15,15,671
16047,1,15,15,679
16048,1,15,15,667
16049,1,15,15,631
16050,1,15,15,685
16051,1,15,15,680
16052,1,15,15,661
16053,1,15,15,650
16054,1,15,15,681
16055,1,15,15,689
16056,1,15,15,682
16057,1,24,24,665
16058,1,15,15,605
16059,1,15,15,639
16060,1,4,15,606
16061,1,15,15,679
16062,1,41,41,680
16063,1,15,15,687
16064,1,15,15,631
16065,1,15,15,639
16066,1,15,15,664
16067,1,15,15,425
16068,1,15,15,447
16069,1,15,15,673
16070,1,15,15,625
16071,1,15,15,629
16072,1,15,15,630
16073,1,15,15,688
16074,1,15,4,634
16075,1,15,15,681
16076,1,15,4,567
16077,1,15,15,618
16078,1,15,15,615
16079,1,15,15,658
16080,1,15,15,56
16081,1,4,4,679
16082,1,15,15,563
16083,1,15,15,657
16084,1,15,15,480
16085,1,15,15,684
16086,1,15,15,638
16087,1,15,4,373
16088,1,15,15,686
16089,1,15,15,682
16090,1,15,15,148
16091,1,41,41,683
16092,1,15,15,671
16093,1,15,15,321
16094,1,15,15,639
16095,1,15,15,637
16096,1,15,15,643
16097,1,4,4,682
16098,1,15,15,669
16099,1,15,15,685
16100,1,15,15,682
16101,1,15,15,618
16102,1,15,15,685
16103,1,15,15,571
16104,1,15,15,641
16105,1,21,15,501
16106,1,15,15,676
16107,1,15,15,586
16108,1,15,15,649
16109,1,15,15,327
16110,1,15,15,580
16111,1,4,4,602
16112,1,15,15,636
16113,1,4,4,633
16114,1,15,15,343
16115,1,15,15,678
16116,1,15,15,626
16117,1,15,15,684
16118,1,15,15,541
16119,1,15,15,614
16120,1,15,15,674
16121,1,15,15,666
16122,1,15,15,681
16123,1,15,15,628
16124,1,15,15,666
16125,1,15,15,537
16126,1,15,15,643
16127,1,24,15,544
16128,1,4,4,613
16129,1,15,15,347
16130,1,15,15,655
16131,1,15,15,617
16132,1,15,15,647
16133,1,15,15,651
16134,1,15,15,646
16135,1,15,15,668
16136,1,11,11,657
16137,1,15,15,482
16138,1,15,15,560
16139,1,15,15,571
16140,1,15,15,625
16141,1,15,15,320
16142,1,15,15,677
16143,1,15,15,681
16144,1,15,15,683
16145,1,15,15,491
16146,1,15,15,652
16147,1,4,4,599
16148,1,15,4,544
16149,1,15,15,679
16150,1,9,9,23
16151,1,15,15,678
16152,1,15,15,686
16153,1,15,15,598
16154,1,15,15,276
16155,1,15,15,647
16156,1,15,15,632
16157,1,15,15,588
16158,1,15,15,130
16159,1,15,15,682
16160,1,15,15,654
16161,1,15,15,684
16162,1,4,4,676
16163,1,15,15,664
16164,1,15,15,571
16165,1,15,15,686
16166,1,15,15,567
16167,1,15,15,663
16168,1,15,15,632
16169,1,15,15,693
16170,1,41,41,664
16171,1,41,41,683
16172,1,15,15,644
16173,1,15,15,613
16174,1,15,15,656
16175,1,15,15,644
16176,1,15,15,681
16177,1,15,15,407
16178,1,15,15,670
16179,1,15,15,577
16180,1,15,15,637
16181,1,15,15,584
16182,1,15,15,655
16183,1,9,9,452
16184,1,3,3,646
16185,1,15,15,357
16186,1,15,15,678
16187,1,15,15,689
16188,1,15,15,677
16189,1,15,15,687
16190,1,15,15,649
16191,1,15,15,600
16192,1,15,15,681
16193,1,15,15,670
16194,1,15,15,675
16195,1,15,15,685
16196,1,15,15,668
16197,1,15,15,655
16198,1,15,15,686
16199,1,15,15,669
16200,1,15,15,482
16201,1,15,15,677
16202,1,15,15,603
16203,1,15,15,690
16204,1,15,15,660
16205,1,15,15,663
16206,1,30,30,688
16207,1,15,15,648
16208,1,15,15,689
16209,1,15,15,663
16210,1,4,4,611
16211,1,11,11,458
16212,1,15,15,478
16213,1,15,15,601
16214,1,15,15,582
16215,1,15,15,416
16216,1,15,15,671
16217,1,15,15,686
16218,1,15,15,672
16219,1,15,15,601
16220,1,15,15,688
16221,1,15,15,685
16222,1,15,15,687
16223,1,15,15,682
16224,1,15,15,676
16225,1,15,15,682
16226,1,15,15,654
16227,1,15,15,658
16228,1,15,15,641
16229,1,15,15,675
16230,1,15,15,685
16231,1,15,15,685
16232,1,15,15,210
16233,1,15,15,591
16234,1,15,15,644
16235,1,15,15,612
16236,1,15,15,668
16237,1,41,41,677
16238,1,15,15,682
16239,1,15,15,688
16240,1,15,15,577
16241,1,4,4,484
16242,1,15,15,656
16243,1,15,15,658
16244,1,15,15,674
16245,1,15,15,682
16246,1,15,15,636
16247,1,15,15,625
16248,1,15,15,677
16249,1,15,15,672
16250,1,15,15,679
16251,1,15,12,679
16252,1,41,41,628
16253,1,15,15,652
16254,1,15,15,660
16255,1,15,15,585
16256,1,15,15,678
16257,1,15,15,650
16258,1,15,15,234
16259,1,15,15,663
16260,1,15,15,650
16261,1,15,15,661
16262,1,15,15,680
16263,1,15,15,689
16264,1,15,15,674
16265,1,15,15,556
16266,1,15,15,414
16267,1,15,15,678
16268,1,15,15,602
16269,1,15,15,671
16270,1,15,15,684
16271,1,15,15,671
16272,1,15,15,638
16273,1,15,15,677
16274,1,15,15,689
16275,1,39,39,653
16276,1,15,15,686
16277,1,15,15,631
16278,1,15,15,604
16279,1,15,15,662
16280,1,15,15,685
16281,1,15,15,665
16282,1,15,15,676
16283,1,15,15,684
16284,1,15,15,574
16285,1,15,15,574
16286,1,15,15,671
16287,1,4,4,604
16288,1,39,41,684
16289,1,15,15,591
16290,1,15,15,620
16291,1,15,15,640
16292,1,15,15,313
16293,1,15,15,649
16294,1,15,15,685
16295,1,15,15,689
16296,1,15,15,681
16297,1,15,4,607
16298,1,15,15,660
16299,1,15,15,665
16300,1,15,15,668
16301,1,15,15,686
16302,1,15,15,664
16303,1,15,15,678
16304,1,15,15,677
16305,1,15,15,674
16306,1,15,15,670
16307,1,39,39,535
16308,1,15,15,669
16309,1,15,15,595
16310,1,15,15,643
16311,1,21,21,490
16312,1,15,15,635
16313,1,15,15,669
16314,1,15,15,673
16315,1,15,15,692
16316,1,15,15,678
16317,1,39,39,673
16318,1,15,15,688
16319,1,15,15,603
16320,1,15,15,682
16321,1,15,15,683
16322,1,15,15,674
16323,1,15,15,681
16324,1,15,15,672
16325,1,15,15,570
16326,1,15,15,366
16327,1,4,4,465
16328,1,15,15,600
16329,1,15,15,572
16330,1,39,39,372
16331,1,20,20,685
16332,1,15,15,357
16333,1,15,15,685
16334,1,15,15,677
16335,1,15,15,662
16336,1,15,15,541
16337,1,15,15,643
16338,1,15,15,556
16339,1,15,15,677
16340,1,15,15,662
16341,1,15,15,665
16342,1,15,15,619
16343,1,15,4,618
16344,1,15,15,603
16345,1,15,15,608
16346,1,15,15,485
16347,1,15,15,252
16348,1,15,15,423
16349,1,15,15,500
16350,1,15,15,690
16351,1,15,15,672
16352,1,15,15,528
16353,1,15,15,2
16354,1,15,15,547
16355,1,21,15,578
16356,1,15,15,474
16357,1,15,15,681
16358,1,15,11,680
16359,1,15,15,584
16360,1,15,15,686
16361,1,15,15,670
16362,1,15,15,643
16363,1,15,15,506
16364,1,15,15,676
16365,1,15,15,659
16366,1,15,15,625
16367,1,15,15,638
16368,1,15,15,621
16369,1,15,15,685
16370,1,15,15,651
16371,1,15,15,671
16372,1,15,15,661
16373,1,15,15,684
16374,1,4,4,626
16375,1,15,15,614
16376,1,15,15,653
16377,1,15,15,637
16378,1,15,15,682
16379,1,15,15,658
16380,1,15,15,662
16381,1,15,15,627
16382,1,15,15,111
16383,1,15,15,672
16384,1,15,15,681
16385,1,15,15,677
16386,1,15,15,682
16387,1,15,15,657
16388,1,15,15,654
16389,1,15,15,623
16390,1,15,15,676
16391,1,15,15,613
16392,1,15,15,602
16393,1,41,15,679
16394,1,15,15,670
16395,1,15,15,685
16396,1,15,15,649
16397,1,15,15,634
16398,1,15,15,667
16399,1,15,15,609
16400,1,15,15,641
16401,1,15,15,681
16402,1,39,39,250
16403,1,15,15,653
16404,1,15,15,665
16405,1,15,15,659
16406,1,15,15,680
16407,1,15,15,678
16408,1,15,15,363
16409,1,15,15,687
16410,1,21,15,652
16411,1,15,15,684
16412,1,15,15,687
16413,1,15,15,671
16414,1,21,15,14
16415,1,15,15,677
16416,1,4,4,549
16417,1,15,15,677
16418,1,15,15,334
16419,1,15,15,642
16420,1,4,15,683
16421,1,15,15,673
16422,1,46,46,664
16423,1,15,15,664
16424,1,15,15,598
16425,1,15,15,629
16426,1,15,15,662
16427,1,15,15,669
16428,1,15,15,570
16429,1,15,15,666
16430,1,15,15,607
16431,1,15,15,661
16432,1,15,15,624
16433,1,41,41,655
16434,1,15,15,686
16435,1,41,41,620
16436,1,15,15,641
16437,1,15,15,676
16438,1,15,15,687
16439,1,15,15,682
16440,1,15,15,665
16441,1,15,15,675
16442,1,15,15,694
16443,1,15,15,661
16444,1,15,15,649
16445,1,39,4,572
16446,1,15,15,677
16447,1,15,15,684
16448,1,15,15,641
16449,1,15,4,627
16450,1,15,15,669
16451,1,4,4,650
16452,1,41,41,601
16453,1,15,15,578
16454,1,15,15,686
16455,1,15,15,584
16456,1,15,15,675
16457,1,15,15,673
16458,1,15,15,671
16459,1,15,15,592
16460,1,4,4,653
16461,1,15,15,683
16462,1,15,15,678
16463,1,4,4,633
16464,1,15,15,671
16465,1,15,15,682
16466,1,15,15,686
16467,1,4,4,23
16468,1,3,3,623
16469,1,15,15,685
16470,1,15,15,496
16471,1,15,15,307
16472,1,15,15,671
16473,1,15,15,551
16474,1,15,15,665
16475,1,15,15,672
16476,1,15,15,667
16477,1,15,15,657
16478,1,15,15,402
16479,1,15,15,683
16480,1,15,15,515
16481,1,15,15,483
16482,1,15,15,689
16483,1,15,15,687
16484,1,15,15,532
16485,1,15,15,608
16486,1,15,15,666
16487,1,15,15,658
16488,1,15,15,670
16489,1,21,21,679
16490,1,15,15,673
16491,1,15,15,680
16492,1,4,4,673
16493,1,21,15,655
16494,1,15,15,676
16495,1,15,15,686
16496,1,15,15,674
16497,1,15,15,650
16498,1,15,15,73
16499,1,21,15,211
16500,1,15,15,686
16501,1,15,15,683
16502,1,15,15,683
16503,1,15,15,677
16504,1,15,15,662
16505,1,15,15,530
16506,1,15,15,678
16507,1,15,15,683
16508,1,15,15,684
16509,1,15,15,679
16510,1,15,15,656
16511,1,15,15,631
16512,1,15,15,648
16513,1,15,15,681
16514,1,15,15,648
16515,1,15,15,685
16516,1,15,15,658
16517,1,21,15,677
16518,1,15,15,544
16519,1,15,15,65
16520,1,15,15,688
16521,1,4,4,680
16522,1,15,15,673
16523,1,15,15,663
16524,1,15,15,686
16525,1,21,15,689
16526,1,15,15,632
16527,1,15,15,151
16528,1,15,15,675
16529,1,15,15,593
16530,1,15,15,676
16531,1,15,15,681
16532,1,15,15,674
16533,1,15,15,684
16534,1,15,15,316
16535,1,15,15,636
16536,1,15,15,647
16537,1,15,15,655
16538,1,15,15,673
16539,1,15,15,586
16540,1,15,15,681
16541,1,15,15,389
16542,1,15,15,675
16543,1,15,15,689
16544,1,15,15,658
16545,1,15,15,292
16546,1,15,15,681
16547,1,15,15,318
16548,1,15,15,684
16549,1,15,15,677
16550,1,15,15,430
16551,1,15,15,683
16552,1,15,15,634
16553,1,15,15,466
16554,1,15,15,685
16555,1,15,15,645
16556,1,15,15,685
16557,1,15,15,419
16558,1,15,15,688
16559,1,15,15,616
16560,1,15,15,206
16561,1,15,15,684
16562,1,15,15,677
16563,1,15,15,677
16564,1,15,15,684
16565,1,15,15,687
16566,1,15,15,688
16567,1,15,15,668
16568,1,4,4,484
16569,1,15,15,635
16570,1,39,15,526
16571,1,15,15,674
16572,1,15,15,614
16573,1,15,15,404
16574,1,15,15,669
16575,1,15,15,694
16576,1,15,15,671
16577,1,21,15,687
16578,1,15,15,672
16579,1,15,15,13
16580,1,15,15,390
16581,1,15,15,181
16582,1,15,15,600
16583,1,15,15,683
16584,1,15,15,661
16585,1,15,15,623
16586,1,15,15,680
16587,1,15,15,653
16588,1,15,15,674
16589,1,15,15,639
16590,1,15,15,671
16591,1,15,15,658
16592,1,15,15,680
16593,1,21,15,620
16594,1,15,15,686
16595,1,15,15,678
16596,1,15,15,681
16597,1,15,15,646
16598,1,15,15,687
16599,1,15,15,653
16600,1,15,15,657
16601,1,15,15,661
16602,1,15,15,689
16603,1,21,4,589
16604,1,15,15,522
16605,1,15,15,314
16606,1,15,15,81
16607,1,15,15,668
16608,1,15,15,672
16609,1,15,15,685
16610,1,15,15,650
16611,1,15,15,688
16612,1,15,15,296
16613,1,15,15,65
16614,1,15,15,672
16615,1,15,15,434
16616,1,15,15,354
16617,1,15,15,687
16618,1,15,15,644
16619,1,39,39,541
16620,1,4,4,661
16621,1,11,4,446
16622,1,15,15,526
16623,1,15,15,551
16624,1,15,15,150
16625,1,4,4,600
16626,1,15,15,673
16627,1,15,15,684
16628,1,15,15,664
16629,1,15,15,681
16630,1,15,15,682
16631,1,15,15,629
16632,1,15,15,652
16633,1,15,15,64
16634,1,15,15,662
16635,1,15,15,684
16636,1,15,15,693
16637,1,15,15,655
16638,1,15,15,680
16639,1,15,15,500
16640,1,9,9,670
16641,1,15,15,663
16642,1,15,15,679
16643,1,15,15,680
16644,1,15,15,421
16645,1,21,21,501
16646,1,15,15,649
16647,1,15,15,615
16648,1,15,15,680
16649,1,15,15,639
16650,1,15,15,691
16651,1,15,15,658
16652,1,15,15,658
16653,1,41,15,268
16654,1,15,15,664
16655,1,15,15,504
16656,1,4,4,550
16657,1,15,15,677
16658,1,15,15,641
16659,1,24,24,583
16660,1,39,39,663
16661,1,15,15,672
16662,1,15,15,635
16663,1,15,15,676
16664,1,15,15,667
16665,1,15,41,682
16666,1,15,15,681
16667,1,39,39,685
16668,1,15,15,492
16669,1,12,12,686
16670,1,15,15,682
16671,1,15,15,594
16672,1,15,15,640
16673,1,15,15,672
16674,1,15,15,667
16675,1,15,4,486
16676,1,15,15,630
16677,1,15,15,181
16678,1,15,15,638
16679,1,4,4,595
16680,1,15,15,650
16681,1,15,15,684
16682,1,15,15,662
16683,1,15,15,678
16684,1,15,15,683
16685,1,21,21,634
16686,1,15,15,643
16687,1,15,15,167
16688,1,15,15,684
16689,1,15,15,681
16690,1,15,15,137
16691,1,39,41,658
16692,1,15,15,274
16693,1,15,15,669
16694,1,15,15,617
16695,1,15,15,672
16696,1,15,15,673
16697,1,15,15,576
16698,1,15,15,675
16699,1,15,15,674
16700,1,15,15,681
16701,1,15,15,625
16702,1,15,15,661
16703,1,15,15,674
16704,1,15,15,671
16705,1,15,15,682
16706,1,15,15,659
16707,1,15,15,680
16708,1,15,15,687
16709,1,15,15,416
16710,1,15,15,674
16711,1,15,15,681
16712,1,15,15,528
16713,1,4,15,672
16714,1,15,15,664
16715,1,21,15,647
16716,1,15,15,678
16717,1,21,15,675
16718,1,15,15,667
16719,1,15,15,616
16720,1,15,15,686
16721,1,15,15,683
16722,1,15,15,680
16723,1,15,15,690
16724,1,15,15,676
16725,1,4,4,383
16726,1,15,15,309
16727,1,15,15,682
16728,1,15,15,622
16729,1,15,15,682
16730,1,15,15,682
16731,1,15,15,669
16732,1,15,15,675
16733,1,15,15,690
16734,1,15,15,351
16735,1,15,15,667
16736,1,15,15,689
16737,1,15,15,676
16738,1,15,4,682
16739,1,15,15,675
16740,1,15,15,668
16741,1,15,15,657
16742,1,15,15,599
16743,1,15,15,578
16744,1,15,15,681
16745,1,21,15,73
16746,1,15,15,685
16747,1,15,15,680
16748,1,15,15,342
16749,1,15,15,654
16750,1,15,15,112
16751,1,15,15,349
16752,1,15,4,536
16753,1,15,15,492
16754,1,15,15,447
16755,1,15,15,417
16756,1,12,12,660
16757,1,15,15,672
16758,1,15,15,671
16759,1,15,15,475
16760,1,15,15,329
16761,1,15,15,259
16762,1,15,15,181
16763,1,15,15,189
16764,1,15,15,651
16765,1,15,15,657
16766,1,15,15,667
16767,1,15,15,622
16768,1,15,15,656
16769,1,15,15,161
16770,1,15,15,679
16771,1,4,4,664
16772,1,15,15,656
16773,1,15,15,676
16774,1,3,3,675
16775,1,15,15,671
16776,1,15,15,690
16777,1,15,15,677
16778,1,15,15,667
16779,1,15,15,671
16780,1,15,15,688
16781,1,15,15,675
16782,1,15,15,577
16783,1,21,15,559
16784,1,15,15,539
16785,1,15,15,657
16786,1,15,15,674
16787,1,15,15,668
16788,1,15,15,534
16789,1,15,15,641
16790,1,15,15,685
16791,1,39,39,458
16792,1,15,15,651
16793,1,15,15,680
16794,1,15,15,667
16795,1,15,15,687
16796,1,15,15,674
16797,1,15,15,685
16798,1,15,15,654
16799,1,15,15,632
16800,1,15,15,561
16801,1,15,15,687
16802,1,41,41,656
16803,1,15,15,682
16804,1,15,15,146
16805,1,15,15,375
16806,1,15,15,687
16807,1,15,15,686
16808,1,15,15,661
16809,1,4,4,678
16810,1,15,15,685
16811,1,15,15,671
16812,1,15,15,677
16813,1,15,15,578
16814,1,15,15,669
16815,1,15,15,547
16816,1,4,4,634
16817,1,15,15,665
16818,1,15,15,673
16819,1,15,15,685
16820,1,15,15,395
16821,1,15,15,681
16822,1,15,15,661
16823,1,15,15,655
16824,1,15,15,665
16825,1,15,15,86
16826,1,15,15,688
16827,1,15,15,686
16828,1,15,15,669
16829,1,4,4,540
16830,1,15,15,633
16831,1,15,15,595
16832,1,15,15,631
16833,1,15,15,684
16834,1,15,15,675
16835,1,15,15,435
16836,1,20,20,651
16837,1,15,15,685
16838,1,15,15,600
16839,1,15,15,671
16840,1,15,15,659
16841,1,15,15,656
16842,1,15,15,661
16843,1,15,15,666
16844,1,15,15,666
16845,1,15,15,680
16846,1,15,15,685
16847,1,15,15,451
16848,1,15,15,584
16849,1,4,4,650
16850,1,15,15,672
16851,1,15,15,687
16852,1,15,15,628
16853,1,15,15,686
16854,1,15,15,666
16855,1,15,15,612
16856,1,15,15,650
16857,1,15,15,679
16858,1,15,15,195
16859,1,15,15,684
16860,1,15,15,685
16861,1,15,15,672
16862,1,15,15,684
16863,1,15,15,670
16864,1,15,15,662
16865,1,15,15,686
16866,1,15,15,663
16867,1,15,15,657
16868,1,15,15,685
16869,1,15,15,662
16870,1,15,15,660
16871,1,15,15,680
16872,1,15,15,675
16873,1,15,15,572
16874,1,15,15,659
16875,1,15,15,672
16876,1,15,15,437
16877,1,15,15,78
16878,1,15,15,686
16879,1,15,15,680
16880,1,15,15,285
16881,1,15,15,633
16882,1,4,4,587
16883,1,15,15,674
16884,1,15,15,669
16885,1,15,15,506
16886,1,15,15,654
16887,1,15,15,322
16888,1,15,15,555
16889,1,4,4,615
16890,1,15,15,575
16891,1,39,39,525
16892,1,15,15,267
16893,1,15,15,684
16894,1,15,15,543
16895,1,15,15,310
16896,1,3,3,211
16897,1,15,15,661
16898,1,15,15,98
16899,1,15,15,672
16900,1,15,15,266
16901,1,15,15,682
16902,1,21,15,650
16903,1,15,15,668
16904,1,15,4,643
16905,1,15,15,512
16906,1,15,15,672
16907,1,15,15,683
16908,1,15,15,639
16909,1,15,15,665
16910,1,15,15,680
16911,1,15,15,677
16912,1,3,3,3
16913,1,21,15,650
16914,1,15,15,682
16915,1,4,4,668
16916,1,15,15,566
16917,1,15,15,682
16918,1,15,4,604
16919,1,15,15,685
16920,1,15,15,687
16921,1,21,15,680
16922,1,15,15,603
16923,1,15,15,649
16924,1,15,15,677
16925,1,15,15,517
16926,1,12,12,650
16927,1,15,15,668
16928,1,15,15,567
16929,1,15,15,689
16930,1,15,15,601
16931,1,15,15,624
16932,1,15,15,590
16933,1,15,15,679
16934,1,15,15,689
16935,1,15,15,679
16936,1,15,15,658
16937,1,15,15,574
16938,1,15,15,430
16939,1,15,15,683
16940,1,15,15,590
16941,1,15,15,693
16942,1,15,15,650
16943,1,15,15,689
16944,1,4,4,679
16945,1,15,15,653
16946,1,15,15,650
16947,1,15,15,646
16948,1,15,15,310
16949,1,15,15,679
16950,1,15,15,655
16951,1,15,15,632
16952,1,39,39,616
16953,1,15,15,678
16954,1,15,15,654
16955,1,15,15,681
16956,1,15,15,672
16957,1,15,15,449
16958,1,15,15,687
16959,1,15,15,682
16960,1,20,15,661
16961,1,15,15,640
16962,1,15,15,481
16963,1,15,15,592
16964,1,15,15,665
16965,1,15,15,198
16966,1,15,15,688
16967,1,15,15,520
16968,1,15,15,684
16969,1,15,15,644
16970,1,15,15,610
16971,1,15,15,680
16972,1,15,15,656
16973,1,15,15,637
16974,1,15,15,500
16975,1,15,15,594
16976,1,15,15,681
16977,1,15,15,610
16978,1,15,15,614
16979,1,15,15,689
16980,1,15,15,648
16981,1,15,15,592
16982,1,15,15,677
16983,1,15,15,652
16984,1,15,15,487
16985,1,4,15,618
16986,1,15,15,684
16987,1,4,4,632
16988,1,15,15,631
16989,1,15,15,662
16990,1,15,15,672
16991,1,4,4,559
16992,1,15,15,532
16993,1,15,15,673
16994,1,15,15,675
16995,1,15,15,248
16996,1,15,15,555
16997,1,15,15,604
16998,1,15,15,654
16999,1,15,15,626
17000,1,41,41,642
17001,1,15,15,681
17002,1,15,15,653
17003,1,15,15,690
17004,1,15,15,618
17005,1,15,15,674
17006,1,15,15,653
17007,1,15,15,676
17008,1,15,15,678
17009,1,15,15,675
17010,1,15,15,522
17011,1,41,41,660
17012,1,15,15,570
17013,1,15,15,606
17014,1,15,15,669
17015,1,41,41,627
17016,1,4,4,688
17017,1,15,15,679
17018,1,15,15,653
17019,1,15,15,683
17020,1,15,15,683
17021,1,15,15,642
17022,1,25,25,347
17023,1,4,4,647
17024,1,15,15,678
17025,1,15,15,682
17026,1,15,15,688
17027,1,15,15,671
17028,1,15,15,26
17029,1,15,15,682
17030,1,15,15,676
17031,1,15,15,665
17032,1,15,15,688
17033,1,15,15,298
17034,1,15,15,658
17035,1,15,15,668
17036,1,15,15,686
17037,1,15,15,600
17038,1,15,15,681
17039,1,15,15,253
17040,1,3,3,538
17041,1,15,15,512
17042,1,15,15,649
17043,1,15,15,299
17044,1,15,15,674
17045,1,15,15,677
17046,1,15,15,672
17047,1,15,15,407
17048,1,21,15,635
17049,1,15,15,673
17050,1,21,15,648
17051,1,15,15,205
17052,1,41,41,685
17053,1,15,15,685
17054,1,15,15,637
17055,1,4,4,627
17056,1,15,15,490
17057,1,15,15,681
17058,1,4,4,450
17059,1,15,15,658
17060,1,15,15,640
17061,1,15,15,621
17062,1,15,15,558
17063,1,15,15,483
17064,1,15,15,649
17065,1,15,15,484
17066,1,15,15,531
17067,1,15,15,510
17068,1,15,15,4
17069,1,15,15,692
17070,1,15,15,613
17071,1,15,15,396
17072,1,15,15,610
17073,1,15,15,33
17074,1,15,15,644
17075,1,15,15,658
17076,1,15,15,668
17077,1,15,15,433
17078,1,4,4,585
17079,1,15,15,681
17080,1,15,15,605
17081,1,15,15,678
17082,1,15,15,671
17083,1,15,15,631
17084,1,15,15,627
17085,1,4,4,296
17086,1,15,15,582
17087,1,15,15,680
17088,1,15,15,682
17089,1,15,15,684
17090,1,15,15,632
17091,1,15,4,611
17092,1,15,15,682
17093,1,15,15,676
17094,1,15,15,671
17095,1,15,15,679
17096,1,15,15,685
17097,1,15,15,488
17098,1,15,15,684
17099,1,15,15,680
17100,1,15,15,671
17101,1,15,15,442
17102,1,15,4,627
17103,1,15,15,662
17104,1,15,15,663
17105,1,15,15,561
17106,1,15,15,683
17107,1,15,15,679
17108,1,4,4,623
17109,1,15,15,676
17110,1,15,15,686
17111,1,15,15,463
17112,1,15,15,588
17113,1,39,4,642
17114,1,15,15,378
17115,1,15,15,230
17116,1,4,4,41
17117,1,15,15,682
17118,1,15,15,650
17119,1,15,15,195
17120,1,15,15,679
17121,1,15,15,667
17122,1,15,15,646
17123,1,15,15,622
17124,1,4,4,628
17125,1,15,15,340
17126,1,15,15,685
17127,1,15,15,682
17128,1,15,15,671
17129,1,15,15,653
17130,1,15,15,672
17131,1,15,15,630
17132,1,15,15,673
17133,1,15,15,685
17134,1,15,15,685
17135,1,15,15,611
17136,1,15,15,155
17137,1,15,15,664
17138,1,15,15,685
17139,1,15,15,579
17140,1,4,4,663
17141,1,4,4,610
17142,1,15,15,685
17143,1,15,4,688
17144,1,15,15,528
17145,1,15,15,685
17146,1,15,15,679
17147,1,15,15,638
17148,1,15,15,501
17149,1,15,15,682
17150,1,15,15,687
17151,1,15,15,51
17152,1,39,39,679
17153,1,15,15,644
17154,1,15,15,596
17155,1,15,15,599
17156,1,15,15,451
17157,1,15,15,672
17158,1,15,15,684
17159,1,15,15,667
17160,1,15,15,641
17161,1,15,15,650
17162,1,15,15,681
17163,1,15,15,667
17164,1,15,15,686
17165,1,15,15,313
17166,1,39,39,531
17167,1,15,15,154
17168,1,15,15,310
17169,1,15,15,622
17170,1,15,15,679
17171,1,15,15,685
17172,1,15,15,664
17173,1,39,39,678
17174,1,15,15,679
17175,1,15,15,673
17176,1,15,15,673
17177,1,4,4,640
17178,1,39,39,630
17179,1,15,15,686
17180,1,15,15,513
17181,1,15,15,199
17182,1,15,15,675
17183,1,15,15,679
17184,1,15,15,680
17185,1,15,15,481
17186,1,15,15,664
17187,1,15,15,648
17188,1,15,15,671
17189,1,15,15,581
17190,1,15,15,631
17191,1,15,15,668
17192,1,15,15,673
17193,1,15,15,657
17194,1,15,15,655
17195,1,15,15,99
17196,1,15,15,262
17197,1,15,15,687
17198,1,15,15,651
17199,1,15,15,683
17200,1,15,15,682
17201,1,15,15,684
17202,1,15,15,679
17203,1,15,4,646
17204,1,15,15,680
17205,1,15,15,658
17206,1,15,15,481
17207,1,39,39,683
17208,1,15,15,676
17209,1,15,15,686
17210,1,15,15,684
17211,1,15,4,676
17212,1,15,15,678
17213,1,15,15,667
17214,1,15,15,692
17215,1,15,15,688
17216,1,4,4,400
17217,1,15,15,682
17218,1,15,15,634
17219,1,15,15,678
17220,1,15,15,687
17221,1,15,15,613
17222,1,15,15,644
17223,1,15,15,583
17224,1,15,15,476
17225,1,41,41,633
17226,1,15,15,678
17227,1,15,15,179
17228,1,15,15,688
17229,1,15,15,534
17230,1,15,15,650
17231,1,15,15,628
17232,1,15,15,354
17233,1,15,15,669
17234,1,24,24,678
17235,1,15,15,584
17236,1,15,15,332
17237,1,15,15,686
17238,1,15,15,673
17239,1,15,15,658
17240,1,15,15,576
17241,1,15,15,370
17242,1,15,15,659
17243,1,15,15,684
17244,1,15,15,669
17245,1,15,15,592
17246,1,15,15,389
17247,1,15,15,592
17248,1,15,15,689
17249,1,15,15,673
17250,1,15,15,667
17251,1,15,15,571
17252,1,15,15,673
17253,1,15,15,671
17254,1,15,15,683
17255,1,15,15,688
17256,1,15,15,654
17257,1,15,15,666
17258,1,15,15,567
17259,1,15,15,610
17260,1,15,15,662
17261,1,15,15,669
17262,1,15,15,649
17263,1,15,15,682
17264,1,15,15,675
17265,1,15,15,675
17266,1,15,15,268
17267,1,15,15,658
17268,1,15,15,662
17269,1,15,15,659
17270,1,15,15,6
17271,1,15,15,674
17272,1,15,15,674
17273,1,12,12,633
17274,1,15,15,652
17275,1,15,15,673
17276,1,15,15,687
17277,1,15,15,664
17278,1,15,15,601
17279,1,15,15,658
17280,1,21,15,602
17281,1,15,15,502
17282,1,15,15,674
17283,1,15,15,688
17284,1,15,15,669
17285,1,15,15,648
17286,1,15,15,379
17287,1,15,15,607
17288,1,15,15,687
17289,1,21,21,216
17290,1,12,12,663
17291,1,4,4,672
17292,1,15,15,664
17293,1,15,15,570
17294,1,15,15,637
17295,1,15,15,651
17296,1,15,15,639
17297,1,15,15,677
17298,1,15,15,685
17299,1,15,15,579
17300,1,15,15,412
17301,1,15,15,358
17302,1,4,4,548
17303,1,15,15,668
17304,1,15,15,634
17305,1,15,15,689
17306,1,41,41,663
17307,1,15,15,586
17308,1,15,15,173
17309,1,15,15,686
17310,1,15,15,651
17311,1,15,15,692
17312,1,15,15,534
17313,1,15,15,683
17314,1,15,15,664
17315,1,15,15,683
17316,1,15,15,5
17317,1,15,15,677
17318,1,15,15,594
17319,1,15,15,677
17320,1,15,15,686
17321,1,15,15,61
17322,1,15,15,674
17323,1,15,15,679
17324,1,15,15,677
17325,1,15,15,617
17326,1,15,15,353
17327,1,15,15,643
17328,1,15,15,676
17329,1,15,15,405
17330,1,15,15,630
17331,1,15,15,675
17332,1,15,15,580
17333,1,15,15,690
17334,1,15,15,683
17335,1,15,15,683
17336,1,15,15,610
17337,1,15,15,650
17338,1,15,15,680
17339,1,15,15,267
17340,1,15,15,599
17341,1,15,15,401
17342,1,15,15,599
17343,1,15,15,651
17344,1,15,15,683
17345,1,15,15,644
17346,1,15,15,675
17347,1,21,15,628
17348,1,15,15,560
17349,1,15,15,642
17350,1,15,15,611
17351,1,15,15,644
17352,1,15,15,685
17353,1,15,15,541
17354,1,15,15,603
17355,1,15,15,375
17356,1,15,15,693
17357,1,15,15,666
17358,1,15,15,677
17359,1,15,15,513
17360,1,15,15,627
17361,1,15,15,688
17362,1,15,15,669
17363,1,39,39,653
17364,1,15,15,283
17365,1,15,15,686
17366,1,15,15,684
17367,1,15,15,658
17368,1,15,15,690
17369,1,15,15,630
17370,1,15,15,678
17371,1,15,15,640
17372,1,12,15,405
17373,1,15,15,490
17374,1,4,4,597
17375,1,15,15,686
17376,1,15,15,656
17377,1,15,15,648
17378,1,15,15,477
17379,1,15,15,691
17380,1,15,15,670
17381,1,15,15,686
17382,1,15,15,686
17383,1,21,15,531
17384,1,15,15,660
17385,1,15,15,473
17386,1,15,15,652
17387,1,15,15,690
17388,1,15,15,677
17389,1,15,4,614
17390,1,21,15,688
17391,1,15,15,679
17392,1,4,4,278
17393,1,15,15,243
17394,1,15,15,682
17395,1,15,15,331
17396,1,15,15,652
17397,1,15,15,661
17398,1,15,15,687
17399,1,15,15,644
17400,1,15,15,689
17401,1,15,15,643
17402,1,15,15,685
17403,1,15,15,647
17404,1,15,15,679
17405,1,15,15,650
17406,1,15,15,645
17407,1,15,15,671
17408,1,15,15,681
17409,1,15,15,682
17410,1,15,15,632
17411,1,15,15,672
17412,1,15,15,294
17413,1,15,15,670
17414,1,4,4,357
17415,1,4,4,655
17416,1,15,15,584
17417,1,15,15,585
17418,1,15,15,679
17419,1,15,4,611
17420,1,15,15,620
17421,1,15,15,682
17422,1,15,15,517
17423,1,15,15,668
17424,1,21,15,626
17425,1,15,15,651
17426,1,15,15,679
17427,1,15,15,647
17428,1,15,15,685
17429,1,15,15,438
17430,1,15,15,232
17431,1,15,15,607
17432,1,39,39,687
17433,1,15,15,642
17434,1,15,15,686
17435,1,15,15,674
17436,1,15,15,678
17437,1,15,15,637
17438,1,15,15,662
17439,1,39,39,673
17440,1,15,15,683
17441,1,15,15,563
17442,1,15,15,530
17443,1,15,15,688
17444,1,15,15,608
17445,1,15,15,545
17446,1,15,15,682
17447,1,15,15,674
17448,1,15,15,656
17449,1,15,15,633
17450,1,15,15,629
17451,1,15,15,690
17452,1,4,4,623
17453,1,15,15,679
17454,1,15,15,668
17455,1,15,15,675
17456,1,15,15,648
17457,1,21,3,530
17458,1,15,15,679
17459,1,15,15,675
17460,1,15,15,684
17461,1,15,15,655
17462,1,15,15,687
17463,1,15,15,556
17464,1,9,9,680
17465,1,15,15,681
17466,1,15,15,680
17467,1,41,41,668
17468,1,15,15,690
17469,1,15,15,664
17470,1,15,15,438
17471,1,15,15,358
17472,1,15,15,509
17473,1,15,15,293
17474,1,15,15,659
17475,1,15,15,664
17476,1,15,15,666
17477,1,4,4,658
17478,1,15,15,643
17479,1,15,15,684
17480,1,15,15,687
17481,1,15,15,667
17482,1,15,15,627
17483,1,15,15,686
17484,1,15,15,537
17485,1,15,15,668
17486,1,15,15,687
17487,1,15,15,226
17488,1,15,15,687
17489,1,15,15,690
17490,1,15,15,676
17491,1,15,15,663
17492,1,15,15,667
17493,1,15,15,680
17494,1,15,15,667
17495,1,15,15,637
17496,1,15,15,677
17497,1,15,15,579
17498,1,15,15,454
17499,1,15,15,679
17500,1,15,15,687
17501,1,15,15,642
17502,1,15,15,687
17503,1,15,15,570
17504,1,15,15,660
17505,1,15,15,477
17506,1,15,15,651
17507,1,15,15,527
17508,1,15,15,673
17509,1,15,15,626
17510,1,15,15,632
17511,1,41,41,680
17512,1,15,15,626
17513,1,15,15,276
17514,1,15,15,683
17515,1,15,15,677
17516,1,15,15,653
17517,1,15,15,668
17518,1,15,15,668
17519,1,15,15,676
17520,1,15,15,685
17521,1,15,15,163
17522,1,15,15,659
17523,1,12,12,645
17524,1,15,15,658
17525,1,15,15,680
17526,1,15,15,632
17527,1,15,15,521
17528,1,3,3,447
17529,1,15,15,679
17530,1,15,15,635
17531,1,15,15,549
17532,1,15,15,468
17533,1,15,15,684
17534,1,15,15,661
17535,1,15,15,664
17536,1,15,15,498
17537,1,21,21,654
17538,1,4,4,666
17539,1,15,15,669
17540,1,4,4,604
17541,1,15,15,664
17542,1,15,15,684
17543,1,15,15,609
17544,1,15,15,646
17545,1,15,15,672
17546,1,15,15,680
17547,1,15,15,671
17548,1,15,15,676
17549,1,15,15,645
17550,1,15,15,651
17551,1,15,15,689
17552,1,15,15,548
17553,1,15,15,661
17554,1,15,15,511
17555,1,15,15,243
17556,1,15,15,585
17557,1,15,15,308
17558,1,15,15,655
17559,1,24,24,661
17560,1,15,15,688
17561,1,15,15,682
17562,1,15,15,650
17563,1,15,15,616
17564,1,15,15,689
17565,1,15,4,640
17566,1,15,15,679
17567,1,15,15,663
17568,1,15,15,684
17569,1,15,15,672
17570,1,15,15,592
17571,1,20,15,252
17572,1,15,15,205
17573,1,15,15,527
17574,1,15,15,679
17575,1,15,15,399
17576,1,15,15,653
17577,1,15,15,613
17578,1,15,15,639
17579,1,15,15,688
17580,1,15,15,663
17581,1,15,15,659
17582,1,15,15,413
17583,1,15,3,638
17584,1,15,15,661
17585,1,15,15,686
17586,1,15,15,670
17587,1,15,15,638
17588,1,15,15,631
17589,1,15,15,674
17590,1,15,15,625
17591,1,15,15,78
17592,1,15,15,634
17593,1,15,15,646
17594,1,15,15,259
17595,1,15,15,581
17596,1,15,15,679
17597,1,15,15,656
17598,1,15,15,671
17599,1,15,15,411
17600,1,15,15,681
17601,1,15,15,617
17602,1,15,15,25
17603,1,15,15,684
17604,1,15,15,635
17605,1,15,15,375
17606,1,12,12,670
17607,1,15,15,502
17608,1,15,15,661
17609,1,15,15,623
17610,1,15,15,546
17611,1,15,15,684
17612,1,15,15,419
17613,1,15,15,683
17614,1,21,15,686
17615,1,15,15,634
17616,1,15,15,680
17617,1,15,15,681
17618,1,15,15,622
17619,1,15,15,672
17620,1,15,15,684
17621,1,15,15,582
17622,1,15,11,625
17623,1,15,15,287
17624,1,4,4,632
17625,1,15,15,486
17626,1,15,15,643
17627,1,15,15,684
17628,1,15,15,657
17629,1,15,15,556
17630,1,15,15,676
17631,1,15,15,686
17632,1,15,15,675
17633,1,15,15,524
17634,1,41,41,683
17635,1,15,15,676
17636,1,15,15,676
17637,1,15,15,648
17638,1,15,15,616
17639,1,39,39,636
17640,1,15,15,493
17641,1,15,15,550
17642,1,15,15,550
17643,1,15,15,687
17644,1,15,15,480
17645,1,15,15,424
17646,1,15,15,338
17647,1,15,15,667
17648,1,15,15,687
17649,1,15,15,660
17650,1,4,4,420
17651,1,15,15,627
17652,1,15,15,685
17653,1,15,15,671
17654,1,15,15,421
17655,1,15,15,678
17656,1,15,15,670
17657,1,15,15,674
17658,1,15,15,688
17659,1,15,15,660
17660,1,15,15,675
17661,1,15,15,614
17662,1,15,15,680
17663,1,15,15,677
17664,1,15,15,684
17665,1,4,4,671
17666,1,15,15,673
17667,1,15,15,677
17668,1,15,15,644
17669,1,15,15,671
17670,1,15,15,677
17671,1,4,4,175
17672,1,15,15,439
17673,1,15,15,435
17674,1,15,15,677
17675,1,15,15,664
17676,1,15,15,220
17677,1,15,15,368
17678,1,15,15,639
17679,1,15,15,669
17680,1,15,15,663
17681,1,15,15,441
17682,1,15,15,681
17683,1,15,15,677
17684,1,15,15,689
17685,1,15,15,179
17686,1,15,15,604
17687,1,39,39,46
17688,1,15,15,662
17689,1,15,15,607
17690,1,15,15,487
17691,1,4,4,667
17692,1,15,15,643
17693,1,15,15,682
17694,1,15,15,588
17695,1,15,15,480
17696,1,15,15,563
17697,1,15,15,677
17698,1,15,15,238
17699,1,15,15,687
17700,1,15,15,132
17701,1,15,15,669
17702,1,15,15,665
17703,1,15,15,579
17704,1,15,15,636
17705,1,15,15,260
17706,1,15,15,678
17707,1,15,15,563
17708,1,15,15,674
17709,1,15,15,679
17710,1,15,15,618
17711,1,15,15,670
17712,1,15,15,642
17713,1,15,15,639
17714,1,15,15,675
17715,1,15,15,659
17716,1,15,15,478
17717,1,15,15,672
17718,2,15,15,536
17719,2,15,15,671
17720,2,15,15,677
17721,2,4,4,676
17722,2,15,15,678
17723,2,15,15,688
17724,2,15,15,632
17725,2,15,15,603
17726,2,15,15,671
17727,2,15,15,525
17728,2,41,41,676
17729,2,15,15,245
17730,2,15,15,673
17731,2,15,15,681
17732,2,15,15,689
17733,2,15,15,691
17734,2,3,3,246
17735,2,15,15,550
17736,2,4,4,678
17737,2,4,4,685
17738,2,41,15,670
17739,2,15,15,682
17740,2,15,15,389
17741,2,15,15,629
17742,2,15,15,685
17743,2,3,3,415
17744,2,15,15,590
17745,2,15,15,671
17746,2,15,15,663
17747,2,15,15,601
17748,2,15,15,611
17749,2,15,15,623
17750,2,15,15,672
17751,2,12,12,612
17752,2,15,15,678
17753,2,15,15,677
17754,2,4,4,636
17755,2,15,15,682
17756,2,15,15,646
17757,2,15,15,678
17758,2,15,15,682
17759,2,15,15,370
17760,2,15,15,344
17761,2,15,15,652
17762,2,15,15,676
17763,2,15,15,621
17764,2,15,15,587
17765,2,15,15,684
17766,2,15,15,679
17767,2,11,11,358
17768,2,15,15,679
17769,2,15,15,519
17770,2,15,15,642
17771,2,15,15,684
17772,2,15,15,677
17773,2,15,15,666
17774,2,3,3,645
17775,2,15,15,421
17776,2,15,15,693
17777,2,15,15,49
17778,2,15,15,670
17779,2,15,15,513
17780,2,15,15,639
17781,2,15,15,658
17782,2,15,15,657
17783,2,15,15,684
17784,2,15,15,658
17785,2,15,15,671
17786,2,15,15,587
17787,2,15,15,561
17788,2,15,15,670
17789,2,15,15,690
17790,2,41,41,418
17791,2,15,15,489
17792,2,15,15,428
17793,2,15,15,442
17794,2,4,4,656
17795,2,15,15,647
17796,2,15,15,682
17797,2,3,3,33
17798,2,15,15,669
17799,2,15,15,690
17800,2,15,15,671
17801,2,15,15,688
17802,2,15,15,28
17803,2,15,15,663
17804,2,15,15,682
17805,2,15,15,670
17806,2,15,15,681
17807,2,15,15,657
17808,2,15,15,692
17809,2,15,15,682
17810,2,15,15,670
17811,2,15,15,685
17812,2,15,15,589
17813,2,15,15,657
17814,2,15,15,687
17815,2,15,15,625
17816,2,15,15,668
17817,2,15,15,659
17818,2,15,15,650
17819,2,15,9,646
17820,2,15,15,663
17821,2,15,15,691
17822,2,15,15,673
17823,2,15,15,673
17824,2,15,15,633
17825,2,15,15,681
17826,2,15,3,651
17827,2,15,15,617
17828,2,15,15,683
17829,2,15,15,586
17830,2,15,3,590
17831,2,15,15,686
17832,2,15,15,666
17833,2,15,15,666
17834,2,15,15,672
17835,2,15,15,665
17836,2,15,15,657
17837,2,15,15,520
17838,2,15,15,685
17839,2,21,15,685
17840,2,15,15,574
17841,2,15,15,54
17842,2,15,15,677
17843,2,15,15,39
17844,2,15,15,676
17845,2,15,15,645
17846,2,12,12,619
17847,2,4,4,538
17848,2,15,15,685
17849,2,15,15,673
17850,2,15,15,684
17851,2,15,15,548
17852,2,15,15,678
17853,2,15,15,682
17854,2,15,15,656
17855,2,15,15,672
17856,2,15,15,244
17857,2,15,15,575
17858,2,15,15,668
17859,2,15,15,684
17860,2,4,4,676
17861,2,15,15,687
17862,2,4,4,625
17863,2,15,15,665
17864,2,15,15,657
17865,2,15,15,566
17866,2,15,15,648
17867,2,15,4,671
17868,2,15,15,682
17869,2,15,15,621
17870,2,15,15,672
17871,2,15,15,683
17872,2,15,15,516
17873,2,41,41,673
17874,2,15,15,686
17875,2,15,15,562
17876,2,15,15,628
17877,2,4,4,631
17878,2,15,15,625
17879,2,15,15,607
17880,2,15,15,688
17881,2,15,15,633
17882,2,15,15,678
17883,2,15,15,682
17884,2,15,15,645
17885,2,15,15,661
17886,2,15,15,680
17887,2,15,15,687
17888,2,15,15,645
17889,2,15,15,689
17890,2,15,15,678
17891,2,15,15,644
17892,2,15,15,621
17893,2,15,15,647
17894,2,15,15,678
17895,2,15,15,191
17896,2,15,15,685
17897,2,15,15,611
17898,2,15,15,647
17899,2,15,15,367
17900,2,15,15,682
17901,2,15,15,693
17902,2,15,15,663
17903,2,15,15,198
17904,2,15,15,277
17905,2,15,15,682
17906,2,15,15,647
17907,2,15,15,622
17908,2,15,15,688
17909,2,15,15,629
17910,2,15,15,421
17911,2,15,15,681
17912,2,15,15,528
17913,2,15,15,684
17914,2,15,15,38
17915,2,15,15,687
17916,2,15,15,682
17917,2,15,15,657
17918,2,15,15,633
17919,2,15,15,655
17920,2,15,15,679
17921,2,15,15,144
17922,2,15,15,680
17923,2,15,15,672
17924,2,15,15,663
17925,2,21,4,477
17926,2,15,15,161
17927,2,15,15,691
17928,2,15,15,689
17929,2,15,15,674
17930,2,15,15,686
17931,2,15,15,469
17932,2,15,15,666
17933,2,15,15,635
17934,2,15,15,677
17935,2,15,15,676
17936,2,15,15,538
17937,2,15,15,656
17938,2,15,15,685
17939,2,15,15,469
17940,2,15,15,496
17941,2,15,15,676
17942,2,15,15,666
17943,2,15,15,690
17944,2,15,15,626
17945,2,15,15,661
17946,2,4,4,653
17947,2,15,15,679
17948,2,15,15,502
17949,2,15,15,569
17950,2,15,15,666
17951,2,15,15,681
17952,2,15,15,694
17953,2,15,15,677
17954,2,15,15,683
17955,2,3,3,580
17956,2,15,15,659
17957,2,15,15,684
17958,2,15,15,653
17959,2,3,3,553
17960,2,15,15,685
17961,2,41,41,657
17962,2,21,21,571
17963,2,15,15,648
17964,2,3,3,646
17965,2,15,15,677
17966,2,21,21,444
17967,2,15,15,670
17968,2,15,15,466
17969,2,15,15,673
17970,2,4,4,667
17971,2,15,15,624
17972,2,15,15,654
17973,2,15,15,679
17974,2,15,15,686
17975,2,15,15,680
17976,2,41,41,689
17977,2,15,15,689
17978,2,15,15,685
17979,2,15,15,685
17980,2,15,15,661
17981,2,15,15,673
17982,2,3,3,602
17983,2,15,15,667
17984,2,39,39,561
17985,2,15,15,667
17986,2,15,15,685
17987,2,15,15,675
17988,2,15,15,474
17989,2,15,15,225
17990,2,15,15,83
17991,2,15,15,528
17992,2,15,15,662
17993,2,15,15,686
17994,2,15,15,688
17995,2,15,15,669
17996,2,15,15,689
17997,2,15,15,680
17998,2,15,15,529
17999,2,15,15,670
18000,2,15,15,680
18001,2,15,15,379
18002,2,15,15,664
18003,2,15,15,587
18004,2,15,15,673
18005,2,15,15,654
18006,2,4,4,50
18007,2,15,15,685
18008,2,15,15,691
18009,2,15,15,620
18010,2,15,15,576
18011,2,15,15,661
18012,2,15,15,670
18013,2,15,15,687
18014,2,15,15,553
18015,2,15,15,662
18016,2,15,15,667
18017,2,15,15,676
18018,2,15,15,686
18019,2,15,15,394
18020,2,15,15,283
18021,2,15,15,644
18022,2,15,15,685
18023,2,15,15,677
18024,2,15,15,676
18025,2,15,15,663
18026,2,15,15,639
18027,2,15,15,669
18028,2,15,15,663
18029,2,15,15,551
18030,2,15,15,327
18031,2,15,15,681
18032,2,15,15,650
18033,2,15,15,688
18034,2,15,15,648
18035,2,15,15,622
18036,2,15,15,572
18037,2,15,15,666
18038,2,15,15,686
18039,2,15,15,688
18040,2,15,15,674
18041,2,15,15,647
18042,2,15,15,649
18043,2,15,15,647
18044,2,15,15,681
18045,2,15,15,687
18046,2,15,15,691
18047,2,15,15,670
18048,2,15,15,673
18049,2,15,15,685
18050,2,15,15,673
18051,2,9,9,487
18052,2,15,15,673
18053,2,15,15,629
18054,2,15,15,653
18055,2,15,15,180
18056,2,4,4,684
18057,2,15,15,620
18058,2,15,15,655
18059,2,15,15,582
18060,2,15,15,685
18061,2,21,15,587
18062,2,15,15,663
18063,2,15,15,693
18064,2,15,15,648
18065,2,15,15,580
18066,2,15,15,657
18067,2,15,15,452
18068,2,15,15,685
18069,2,15,15,687
18070,2,15,15,506
18071,2,15,15,648
18072,2,15,15,688
18073,2,15,15,675
18074,2,15,15,684
18075,2,15,15,687
18076,2,15,15,673
18077,2,15,15,679
18078,2,15,15,690
18079,2,15,15,676
18080,2,15,15,670
18081,2,15,15,452
18082,2,15,15,386
18083,2,4,15,644
18084,2,15,15,612
18085,2,15,15,549
18086,2,15,15,575
18087,2,39,41,655
18088,2,15,15,652
18089,2,15,15,655
18090,2,15,15,680
18091,2,15,15,669
18092,2,15,15,664
18093,2,21,15,622
18094,2,21,15,670
18095,2,15,15,395
18096,2,15,15,683
18097,2,15,15,689
18098,2,15,15,315
18099,2,15,15,682
18100,2,15,15,673
18101,2,15,15,686
18102,2,4,4,593
18103,2,15,15,667
18104,2,15,15,681
18105,2,15,15,678
18106,2,15,15,685
18107,2,15,15,282
18108,2,15,15,664
18109,2,15,15,681
18110,2,15,15,513
18111,2,15,15,646
18112,2,15,15,652
18113,2,15,15,652
18114,2,15,15,635
18115,2,15,15,213
18116,2,15,15,677
18117,2,15,15,679
18118,2,15,15,684
18119,2,15,15,326
18120,2,15,15,664
18121,2,15,15,681
18122,2,15,15,667
18123,2,15,15,612
18124,2,15,15,617
18125,2,15,15,670
18126,2,15,15,684
18127,2,15,15,683
18128,2,15,15,488
18129,2,15,15,675
18130,2,15,15,687
18131,2,15,15,684
18132,2,15,15,189
18133,2,15,15,657
18134,2,39,39,345
18135,2,9,9,691
18136,2,15,15,671
18137,2,15,15,689
18138,2,41,41,663
18139,2,15,15,674
18140,2,15,15,686
18141,2,15,15,679
18142,2,15,15,688
18143,2,15,15,683
18144,2,15,15,242
18145,2,15,15,680
18146,2,15,15,675
18147,2,15,15,659
18148,2,15,15,641
18149,2,15,15,677
18150,2,15,15,683
18151,2,15,15,484
18152,2,15,15,665
18153,2,15,15,531
18154,2,15,15,675
18155,2,15,15,568
18156,2,15,15,670
18157,2,4,4,493
18158,2,15,15,677
18159,2,15,15,619
18160,2,15,15,686
18161,2,3,3,644
18162,2,15,15,683
18163,2,15,15,411
18164,2,15,15,694
18165,2,15,15,688
18166,2,15,15,680
18167,2,15,15,655
18168,2,15,15,673
18169,2,15,15,685
18170,2,15,15,470
18171,2,15,15,681
18172,2,15,15,684
18173,2,15,15,688
18174,2,15,15,689
18175,2,15,15,694
18176,2,15,15,559
18177,2,15,15,158
18178,2,15,15,686
18179,2,15,15,673
18180,2,15,15,682
18181,2,15,15,661
18182,2,15,15,658
18183,2,15,15,625
18184,2,15,15,684
18185,2,15,15,604
18186,2,15,15,653
18187,2,15,15,688
18188,2,15,4,270
18189,2,15,15,483
18190,2,15,15,331
18191,2,15,15,393
18192,2,41,41,666
18193,2,15,15,662
18194,2,15,15,683
18195,2,15,15,667
18196,2,15,15,668
18197,2,15,15,677
18198,2,15,15,689
18199,2,15,15,621
18200,2,15,15,689
18201,2,15,15,690
18202,2,15,15,391
18203,2,15,15,681
18204,2,15,15,684
18205,2,15,3,404
18206,2,15,15,536
18207,2,15,15,628
18208,2,15,15,662
18209,2,15,15,678
18210,2,15,15,234
18211,2,15,15,686
18212,2,15,15,657
18213,2,15,15,669
18214,2,15,4,654
18215,2,15,15,158
18216,2,15,15,688
18217,2,15,15,682
18218,2,15,15,686
18219,2,15,15,678
18220,2,15,15,656
18221,2,15,15,553
18222,2,15,15,664
18223,2,15,15,530
18224,2,15,15,681
18225,2,15,15,681
18226,2,15,15,677
18227,2,15,15,691
18228,2,15,15,564
18229,2,15,15,686
18230,2,15,15,690
18231,2,15,15,641
18232,2,15,15,686
18233,2,4,4,671
18234,2,15,15,228
18235,2,15,15,374
18236,2,15,15,658
18237,2,15,15,34
18238,2,15,15,696
18239,2,15,15,677
18240,2,15,15,682
18241,2,15,15,686
18242,2,15,15,692
18243,2,15,15,42
18244,2,15,15,650
18245,2,15,15,683
18246,2,15,15,681
18247,2,15,15,575
18248,2,4,4,645
18249,2,15,15,656
18250,2,15,15,134
18251,2,15,15,666
18252,2,15,15,621
18253,2,15,15,571
18254,2,15,15,673
18255,2,3,3,30
18256,2,15,15,624
18257,2,15,15,664
18258,2,15,15,684
18259,2,15,15,621
18260,2,4,4,657
18261,2,15,15,614
18262,2,15,15,681
18263,2,15,15,683
18264,2,15,15,607
18265,2,15,15,683
18266,2,15,15,675
18267,2,15,15,690
18268,2,15,15,678
18269,2,15,15,678
18270,2,15,4,528
18271,2,15,15,683
18272,2,15,15,637
18273,2,15,15,687
18274,2,15,15,547
18275,2,15,15,308
18276,2,15,15,674
18277,2,12,12,650
18278,2,15,15,648
18279,2,3,3,246
18280,2,15,15,675
18281,2,15,15,593
18282,2,15,15,653
18283,2,15,15,676
18284,2,15,15,685
18285,2,15,15,546
18286,2,4,4,650
18287,2,15,15,581
18288,2,15,15,684
18289,2,4,4,682
18290,2,15,15,684
18291,2,15,15,681
18292,2,15,15,556
18293,2,4,4,604
18294,2,15,15,683
18295,2,15,15,648
18296,2,15,15,691
18297,2,15,15,639
18298,2,15,15,678
18299,2,15,15,220
18300,2,15,15,123
18301,2,4,4,609
18302,2,15,15,677
18303,2,15,15,661
18304,2,15,15,668
18305,2,15,15,658
18306,2,15,15,682
18307,2,15,15,682
18308,2,4,4,4
18309,2,15,15,693
18310,2,15,15,612
18311,2,15,15,607
18312,2,15,15,672
18313,2,12,12,641
18314,2,15,15,667
18315,2,15,15,642
18316,2,15,15,670
18317,2,15,15,665
18318,2,15,15,682
18319,2,15,15,688
18320,2,15,15,79
18321,2,15,15,627
18322,2,15,15,192
18323,2,3,3,602
18324,2,15,15,673
18325,2,15,15,683
18326,2,21,21,691
18327,2,15,15,644
18328,2,15,15,340
18329,2,15,15,688
18330,2,15,15,412
18331,2,15,15,683
18332,2,15,15,622
18333,2,15,15,649
18334,2,41,41,65
18335,2,15,15,516
18336,2,15,15,685
18337,2,15,15,680
18338,2,15,15,641
18339,2,3,3,619
18340,2,15,15,414
18341,2,21,15,142
18342,2,15,15,684
18343,2,15,15,559
18344,2,15,15,524
18345,2,15,15,678
18346,2,15,15,628
18347,2,15,15,672
18348,2,15,15,682
18349,2,15,15,647
18350,2,15,15,679
18351,2,15,15,686
18352,2,15,15,673
18353,2,15,15,679
18354,2,15,15,662
18355,2,15,15,673
18356,2,15,15,655
18357,2,15,15,479
18358,2,15,15,687
18359,2,39,39,618
18360,2,15,15,681
18361,2,15,4,197
18362,2,15,15,687
18363,2,15,15,541
18364,2,4,15,574
18365,2,15,15,664
18366,2,15,15,679
18367,2,15,15,278
18368,2,15,15,684
18369,2,4,4,558
18370,2,15,15,646
18371,2,15,15,680
18372,2,15,15,677
18373,2,15,15,618
18374,2,15,15,684
18375,2,15,15,658
18376,2,4,4,680
18377,2,15,15,622
18378,2,15,15,587
18379,2,15,15,667
18380,2,15,15,72
18381,2,15,15,695
18382,2,15,15,679
18383,2,15,15,678
18384,2,15,15,428
18385,2,15,15,686
18386,2,15,15,678
18387,2,15,15,681
18388,2,15,15,683
18389,2,15,15,676
18390,2,21,4,423
18391,2,15,15,551
18392,2,15,15,668
18393,2,15,15,63
18394,2,15,15,679
18395,2,15,15,651
18396,2,15,15,630
18397,2,4,4,371
18398,2,15,15,677
18399,2,15,15,680
18400,2,15,15,660
18401,2,15,15,683
18402,2,15,15,696
18403,2,15,15,688
18404,2,15,15,676
18405,2,15,15,682
18406,2,15,15,696
18407,2,15,15,576
18408,2,15,15,681
18409,2,4,4,672
18410,2,15,12,448
18411,2,15,15,689
18412,2,15,15,681
18413,2,15,15,494
18414,2,15,15,587
18415,2,15,15,672
18416,2,15,15,590
18417,2,15,15,687
18418,2,15,15,636
18419,2,15,15,598
18420,2,15,15,685
18421,2,15,15,678
18422,2,15,15,676
18423,2,15,15,679
18424,2,15,15,683
18425,2,15,15,649
18426,2,15,15,658
18427,2,15,15,642
18428,2,15,15,683
18429,2,15,15,684
18430,2,15,15,676
18431,2,15,15,685
18432,2,4,4,616
18433,2,15,15,677
18434,2,15,15,680
18435,2,15,15,658
18436,2,15,15,662
18437,2,15,3,651
18438,2,15,15,654
18439,2,15,15,646
18440,2,15,15,661
18441,2,21,4,497
18442,2,15,15,659
18443,2,15,15,535
18444,2,15,15,670
18445,2,15,15,688
18446,2,15,15,576
18447,2,15,15,686
18448,2,15,15,677
18449,2,15,15,142
18450,2,15,15,27
18451,2,15,15,662
18452,2,15,15,662
18453,2,15,15,677
18454,2,15,15,662
18455,2,15,15,654
18456,2,15,15,343
18457,2,15,15,687
18458,2,15,15,688
18459,2,15,15,680
18460,2,15,15,686
18461,2,15,15,683
18462,2,15,4,617
18463,2,15,15,681
18464,2,15,15,665
18465,2,15,15,142
18466,2,15,15,426
18467,2,3,3,646
18468,2,15,15,691
18469,2,4,4,51
18470,2,15,15,676
18471,2,15,15,414
18472,2,15,15,601
18473,2,15,15,664
18474,2,15,15,688
18475,2,15,15,690
18476,2,41,41,678
18477,2,15,15,689
18478,2,15,15,682
18479,2,15,15,687
18480,2,4,15,667
18481,2,15,15,600
18482,2,15,15,671
18483,2,15,15,636
18484,2,15,15,688
18485,2,15,15,602
18486,2,15,15,683
18487,2,15,15,683
18488,2,15,15,658
18489,2,15,15,679
18490,2,15,15,681
18491,2,15,15,681
18492,2,15,15,666
18493,2,15,15,656
18494,2,15,15,674
18495,2,15,15,665
18496,2,15,15,680
18497,2,15,15,663
18498,2,15,15,685
18499,2,15,15,686
18500,2,15,15,673
18501,2,15,15,686
18502,2,15,15,667
18503,2,15,15,690
18504,2,15,15,426
18505,2,15,15,670
18506,2,15,15,695
18507,2,15,15,686
18508,2,15,15,639
18509,2,15,15,662
18510,2,15,15,688
18511,2,39,39,685
18512,2,15,15,305
18513,2,15,15,684
18514,2,15,15,620
18515,2,15,15,645
18516,2,21,15,587
18517,2,15,15,674
18518,2,15,15,683
18519,2,39,15,669
18520,2,15,15,602
18521,2,15,15,640
18522,2,15,15,556
18523,2,15,15,646
18524,2,15,15,671
18525,2,15,15,563
18526,2,15,15,683
18527,2,15,15,440
18528,2,15,15,679
18529,2,15,15,649
18530,2,15,15,662
18531,2,15,15,689
18532,2,15,15,687
18533,2,15,15,604
18534,2,15,15,685
18535,2,15,15,670
18536,2,15,15,675
18537,2,39,39,530
18538,2,15,15,687
18539,2,15,15,645
18540,2,15,15,652
18541,2,15,15,647
18542,2,3,3,287
18543,2,15,15,667
18544,2,21,21,638
18545,2,15,15,683
18546,2,15,15,644
18547,2,15,15,676
18548,2,15,15,692
18549,2,15,15,686
18550,2,15,15,685
18551,2,15,15,681
18552,2,15,21,680
18553,2,15,15,687
18554,2,15,15,686
18555,2,4,4,687
18556,2,15,15,641
18557,2,15,15,679
18558,2,15,15,44
18559,2,15,4,604
18560,2,4,4,643
18561,2,15,15,682
18562,2,15,15,689
18563,2,15,15,667
18564,2,4,4,676
18565,2,21,4,646
18566,2,15,15,673
18567,2,15,15,687
18568,2,15,4,314
18569,2,15,15,674
18570,2,15,15,621
18571,2,15,4,667
18572,2,15,15,633
18573,2,15,15,681
18574,2,15,15,692
18575,2,15,15,645
18576,2,15,15,649
18577,2,15,15,674
18578,2,15,15,664
18579,2,15,15,665
18580,2,15,15,682
18581,2,15,15,648
18582,2,39,39,676
18583,2,15,15,687
18584,2,15,15,673
18585,2,15,15,639
18586,2,41,41,673
18587,2,15,15,684
18588,2,15,15,675
18589,2,15,15,655
18590,2,41,41,684
18591,2,15,15,661
18592,2,15,15,678
18593,2,15,15,595
18594,2,15,15,687
18595,2,21,15,607
18596,2,15,15,575
18597,2,4,4,635
18598,2,15,15,654
18599,2,15,15,660
18600,2,15,15,644
18601,2,4,4,574
18602,2,15,15,655
18603,2,15,15,679
18604,2,15,15,657
18605,2,15,15,137
18606,2,15,15,602
18607,2,15,15,682
18608,2,15,15,178
18609,2,15,15,684
18610,2,15,15,653
18611,2,15,15,634
18612,2,15,15,155
18613,2,15,15,502
18614,2,15,15,683
18615,2,15,15,684
18616,2,15,15,412
18617,2,15,15,671
18618,2,15,15,685
18619,2,4,4,513
18620,2,15,15,596
18621,2,21,15,5
18622,2,15,15,675
18623,2,15,15,678
18624,2,15,15,544
18625,2,15,15,572
18626,2,15,15,673
18627,2,15,15,679
18628,2,15,15,666
18629,2,15,15,682
18630,2,39,41,689
18631,2,15,15,567
18632,2,15,15,668
18633,2,15,15,678
18634,2,15,15,239
18635,2,4,4,572
18636,2,15,15,627
18637,2,15,15,654
18638,2,15,15,663
18639,2,15,15,687
18640,2,15,15,681
18641,2,15,15,671
18642,2,15,15,675
18643,2,15,15,689
18644,2,15,15,682
18645,2,15,15,641
18646,2,15,15,680
18647,2,15,15,612
18648,2,15,15,670
18649,2,15,15,589
18650,2,15,15,684
18651,2,15,15,595
18652,2,15,15,498
18653,2,15,15,684
18654,2,15,15,671
18655,2,15,15,678
18656,2,15,15,680
18657,2,15,15,655
18658,2,15,15,683
18659,2,15,15,675
18660,2,15,15,526
18661,2,15,15,501
18662,2,4,15,658
18663,2,15,15,677
18664,2,4,4,631
18665,2,15,15,693
18666,2,15,15,693
18667,2,15,15,682
18668,2,15,15,678
18669,2,21,21,604
18670,2,15,15,605
18671,2,15,15,292
18672,2,15,15,108
18673,2,33,33,16
18674,2,15,15,696
18675,2,15,4,676
18676,2,4,4,433
18677,2,15,15,613
18678,2,15,3,138
18679,2,15,15,687
18680,2,15,15,682
18681,2,15,15,685
18682,2,15,15,674
18683,2,15,15,669
18684,2,15,15,535
18685,2,15,15,79
18686,2,15,15,691
18687,2,15,15,688
18688,2,15,15,569
18689,2,15,15,623
18690,2,15,15,686
18691,2,15,15,619
18692,2,15,15,684
18693,2,4,4,643
18694,2,15,15,671
18695,2,39,41,683
18696,2,15,15,688
18697,2,15,15,688
18698,2,4,4,381
18699,2,15,15,657
18700,2,15,15,672
18701,2,15,15,694
18702,2,15,15,529
18703,2,15,15,672
18704,2,15,15,368
18705,2,15,15,678
18706,2,15,4,619
18707,2,15,15,683
18708,2,4,4,644
18709,2,4,4,675
18710,2,15,15,677
18711,2,39,41,659
18712,2,15,15,646
18713,2,15,15,683
18714,2,15,15,681
18715,2,39,39,658
18716,2,15,15,548
18717,2,15,15,684
18718,2,15,15,687
18719,2,15,15,684
18720,2,15,15,678
18721,2,15,15,405
18722,2,15,15,687
18723,2,21,15,681
18724,2,15,15,604
18725,2,15,15,680
18726,2,15,15,685
18727,2,15,15,679
18728,2,15,15,597
18729,2,15,15,664
18730,2,15,15,682
18731,2,15,15,646
18732,2,15,15,687
18733,2,15,15,644
18734,2,15,15,618
18735,2,15,15,686
18736,2,15,15,598
18737,2,15,15,693
18738,2,15,15,673
18739,2,3,3,21
18740,2,15,15,494
18741,2,15,15,638
18742,2,15,15,678
18743,2,15,15,670
18744,2,15,15,689
18745,2,15,15,673
18746,2,15,15,654
18747,2,4,4,649
18748,2,15,15,127
18749,2,15,15,682
18750,2,15,15,658
18751,2,15,15,684
18752,2,15,15,676
18753,2,15,15,690
18754,2,15,15,672
18755,2,15,15,44
18756,2,15,15,459
18757,2,15,15,683
18758,2,15,15,693
18759,2,15,15,436
18760,2,15,15,638
18761,2,15,15,682
18762,2,15,15,669
18763,2,15,15,685
18764,2,15,15,679
18765,2,15,15,685
18766,2,15,15,691
18767,2,15,15,423
18768,2,15,15,674
18769,2,15,15,677
18770,2,15,15,650
18771,2,15,15,688
18772,2,15,15,669
18773,2,15,15,666
18774,2,15,15,676
18775,2,15,15,689
18776,2,15,15,672
18777,2,15,15,675
18778,2,21,4,506
18779,2,15,15,685
18780,2,15,15,496
18781,2,15,15,657
18782,2,15,15,675
18783,2,15,15,684
18784,2,21,21,507
18785,2,15,15,304
18786,2,15,15,173
18787,2,15,15,694
18788,2,15,15,579
18789,2,15,15,686
18790,2,15,15,136
18791,2,15,15,688
18792,2,15,15,688
18793,2,15,15,688
18794,2,15,15,187
18795,2,15,15,690
18796,2,15,15,659
18797,2,15,15,667
18798,2,15,15,663
18799,2,15,15,667
18800,2,15,15,683
18801,2,15,15,689
18802,2,15,15,65
18803,2,15,15,674
18804,2,15,15,690
18805,2,15,15,181
18806,2,15,15,685
18807,2,15,15,630
18808,2,15,15,674
18809,2,15,15,688
18810,2,15,15,682
18811,2,4,4,576
18812,2,15,15,684
18813,2,15,15,679
18814,2,15,15,628
18815,2,15,15,657
18816,2,15,15,668
18817,2,15,4,549
18818,2,15,15,616
18819,2,15,15,687
18820,2,15,15,689
18821,2,15,15,541
18822,2,15,15,632
18823,2,15,15,692
18824,2,4,4,592
18825,2,33,33,528
18826,2,15,15,672
18827,2,15,15,391
18828,2,15,15,689
18829,2,15,15,156
18830,2,15,15,662
18831,2,15,15,672
18832,2,15,15,654
18833,2,15,15,688
18834,2,15,15,668
18835,2,15,15,693
18836,2,15,15,683
18837,2,15,15,684
18838,2,4,4,608
18839,2,15,15,687
18840,2,15,15,674
18841,2,15,15,682
18842,2,41,41,677
18843,2,15,15,684
18844,2,15,15,674
18845,2,15,15,482
18846,2,15,15,681
18847,2,15,15,676
18848,2,15,15,676
18849,2,15,15,659
18850,2,15,15,362
18851,2,15,15,664
18852,2,15,15,625
18853,2,21,21,602
18854,2,15,15,663
18855,2,15,15,432
18856,2,15,15,678
18857,2,15,15,680
18858,2,15,15,664
18859,2,15,15,684
18860,2,15,15,658
18861,2,15,15,674
18862,2,15,15,672
18863,2,15,15,685
18864,2,15,15,680
18865,2,41,41,686
18866,2,15,15,673
18867,2,15,15,595
18868,2,15,15,648
18869,2,15,15,614
18870,2,15,15,665
18871,2,15,15,686
18872,2,15,15,684
18873,2,15,4,683
18874,2,15,15,678
18875,2,15,15,675
18876,2,15,15,328
18877,2,15,15,676
18878,2,15,15,651
18879,2,15,15,667
18880,2,15,15,526
18881,2,15,15,682
18882,2,15,15,677
18883,2,15,15,509
18884,2,15,15,661
18885,2,15,15,674
18886,2,15,15,673
18887,2,15,15,683
18888,2,15,15,682
18889,2,15,15,572
18890,2,15,15,613
18891,2,15,15,670
18892,2,15,15,676
18893,2,15,15,686
18894,2,15,15,563
18895,2,4,4,624
18896,2,15,15,688
18897,2,15,15,678
18898,2,15,15,683
18899,2,15,15,598
18900,2,15,15,663
18901,2,15,15,679
18902,2,15,15,680
18903,2,15,15,509
18904,2,15,15,655
18905,2,15,15,580
18906,2,15,15,683
18907,2,15,15,644
18908,2,15,15,338
18909,2,4,4,28
18910,2,15,15,687
18911,2,15,15,655
18912,2,15,15,698
18913,2,15,15,672
18914,2,15,15,159
18915,2,15,15,614
18916,2,15,15,645
18917,2,15,15,348
18918,2,15,15,684
18919,2,15,15,685
18920,2,15,15,673
18921,2,21,21,679
18922,2,15,15,666
18923,2,15,15,681
18924,2,15,15,663
18925,2,15,3,66
18926,2,15,15,675
18927,2,15,15,440
18928,2,15,15,680
18929,2,15,15,343
18930,2,12,12,638
18931,2,15,15,636
18932,2,15,15,686
18933,2,15,15,192
18934,2,15,15,679
18935,2,15,15,677
18936,2,15,15,669
18937,2,15,15,443
18938,2,15,15,684
18939,2,15,15,696
18940,2,15,15,680
18941,2,4,4,622
18942,2,15,15,686
18943,2,15,15,72
18944,2,4,4,502
18945,2,15,15,685
18946,2,15,15,645
18947,2,15,15,208
18948,2,15,15,688
18949,2,15,15,386
18950,2,15,15,685
18951,2,12,12,630
18952,2,15,15,660
18953,2,15,15,277
18954,2,15,15,399
18955,2,15,15,661
18956,2,15,15,688
18957,2,15,15,682
18958,2,15,15,680
18959,2,15,15,519
18960,2,15,15,603
18961,2,21,15,674
18962,2,4,4,178
18963,2,15,15,659
18964,2,15,15,672
18965,2,15,15,685
18966,2,15,15,681
18967,2,15,15,616
18968,2,15,15,671
18969,2,15,15,680
18970,2,15,15,647
18971,2,15,15,671
18972,2,21,21,591
18973,2,15,15,588
18974,2,15,15,682
18975,2,15,15,413
18976,2,15,15,156
18977,2,15,15,695
18978,2,15,15,695
18979,2,15,15,677
18980,2,15,15,604
18981,2,15,15,213
18982,2,15,15,632
18983,2,15,15,683
18984,2,15,15,330
18985,2,15,15,686
18986,2,15,15,555
18987,2,15,15,679
18988,2,15,15,685
18989,2,15,15,193
18990,2,15,15,624
18991,2,15,15,540
18992,2,15,15,610
18993,2,15,15,687
18994,2,15,15,693
18995,2,15,15,678
18996,2,3,4,483
18997,2,15,15,651
18998,2,15,15,668
18999,2,15,15,697
19000,2,15,15,491
19001,2,15,15,329
19002,2,15,15,647
19003,2,15,15,617
19004,2,15,15,685
19005,2,15,15,671
19006,2,15,15,685
19007,2,15,15,132
19008,2,15,15,659
19009,2,15,15,632
19010,2,15,15,657
19011,2,15,15,660
19012,2,15,15,683
19013,2,15,15,687
19014,2,15,15,118
19015,2,15,15,175
19016,2,12,12,656
19017,2,15,15,649
19018,2,15,15,673
19019,2,15,15,681
19020,2,15,15,524
19021,2,15,15,666
19022,2,15,15,689
19023,2,15,15,686
19024,2,15,15,688
19025,2,15,15,606
19026,2,15,15,686
19027,2,15,15,652
19028,2,15,15,648
19029,2,15,15,677
19030,2,15,4,688
19031,2,15,15,570
19032,2,15,15,675
19033,2,15,15,31
19034,2,15,15,574
19035,2,15,15,571
19036,2,15,15,285
19037,2,15,15,640
19038,2,15,15,694
19039,2,15,15,686
19040,2,4,4,656
19041,2,15,15,694
19042,2,15,15,681
19043,2,15,15,670
19044,2,15,15,315
19045,2,15,15,663
19046,2,3,3,664
19047,2,15,15,628
19048,2,15,15,679
19049,2,41,41,101
19050,2,15,15,684
19051,2,21,4,658
19052,2,15,15,629
19053,2,15,15,681
19054,2,15,15,685
19055,2,15,15,669
19056,2,15,15,691
19057,2,15,15,678
19058,2,15,15,685
19059,2,15,15,688
19060,2,21,15,636
19061,2,15,15,681
19062,2,15,15,333
19063,2,15,15,614
19064,2,15,15,521
19065,2,15,15,529
19066,2,15,15,683
19067,2,15,15,260
19068,2,15,15,653
19069,2,15,15,674
19070,2,15,15,685
19071,2,24,24,474
19072,2,15,15,689
19073,2,15,15,261
19074,2,15,4,683
19075,2,15,15,689
19076,2,15,15,562
19077,2,15,15,688
19078,2,15,15,675
19079,2,15,15,689
19080,2,4,15,651
19081,2,15,15,686
19082,2,15,15,633
19083,2,15,15,659
19084,2,11,11,266
19085,2,11,11,509
19086,2,15,15,676
19087,2,15,15,680
19088,2,15,15,605
19089,2,15,15,680
19090,2,15,15,680
19091,2,15,15,694
19092,2,15,15,687
19093,2,15,15,684
19094,2,15,15,680
19095,2,15,15,38
19096,2,15,15,680
19097,2,15,15,683
19098,2,15,15,627
19099,2,15,15,677
19100,2,15,15,687
19101,2,15,15,641
19102,2,15,15,631
19103,2,15,15,675
19104,2,15,15,656
19105,2,15,15,684
19106,2,15,15,677
19107,2,15,15,275
19108,2,15,15,620
19109,2,15,15,649
19110,2,15,15,683
19111,2,15,15,612
19112,2,15,15,687
19113,2,15,15,687
19114,2,15,15,689
19115,2,15,15,677
19116,2,15,15,681
19117,2,15,15,337
19118,2,15,15,686
19119,2,15,15,684
19120,2,41,3,587
19121,2,4,4,661
19122,2,15,15,672
19123,2,15,15,688
19124,2,15,15,692
19125,2,4,4,650
19126,2,15,15,688
19127,2,15,15,681
19128,2,15,15,570
19129,2,15,15,658
19130,2,15,15,670
19131,2,15,15,659
19132,2,15,15,367
19133,2,15,15,681
19134,2,15,15,664
19135,2,15,15,680
19136,2,15,15,566
19137,2,15,15,687
19138,2,15,15,652
19139,2,15,15,632
19140,2,15,15,680
19141,2,15,15,673
19142,2,15,15,681
19143,2,15,15,684
19144,2,15,15,676
19145,2,15,15,240
19146,2,15,15,680
19147,2,15,15,604
19148,2,15,15,689
19149,2,39,15,671
19150,2,15,15,684
19151,2,15,15,676
19152,2,15,15,691
19153,2,15,15,672
19154,2,15,15,683
19155,2,15,15,660
19156,2,15,15,670
19157,2,15,15,629
19158,2,15,15,693
19159,2,15,15,677
19160,2,15,15,656
19161,2,15,15,666
19162,2,15,15,667
19163,2,15,15,668
19164,2,4,4,648
19165,2,15,15,662
19166,2,15,15,688
19167,2,15,15,600
19168,2,15,15,600
19169,2,15,15,684
19170,2,15,15,683
19171,2,15,15,684
19172,2,15,15,478
19173,2,15,15,637
19174,2,15,15,685
19175,2,15,15,580
19176,2,15,15,681
19177,2,15,15,665
19178,2,15,15,689
19179,2,15,15,634
19180,2,15,15,678
19181,2,15,15,638
19182,2,15,15,680
19183,2,15,15,409
19184,2,15,15,468
19185,2,15,15,625
19186,2,15,15,670
19187,2,15,15,660
19188,2,15,15,672
19189,2,15,15,683
19190,2,15,15,582
19191,2,15,15,456
19192,2,15,15,684
19193,2,15,15,679
19194,2,15,15,597
19195,2,15,15,669
19196,2,15,15,665
19197,2,15,15,668
19198,2,3,3,105
19199,2,15,15,679
19200,2,15,15,676
19201,2,15,15,679
19202,2,15,15,690
19203,2,15,15,682
19204,2,15,15,565
19205,2,15,15,687
19206,2,15,15,680
19207,2,4,15,347
19208,2,15,15,687
19209,2,15,15,685
19210,2,15,15,673
19211,2,15,15,679
19212,2,15,15,684
19213,2,15,15,499
19214,2,15,15,670
19215,2,3,3,651
19216,2,15,15,668
19217,2,15,15,666
19218,2,15,15,597
19219,2,15,15,449
19220,2,15,15,691
19221,2,21,15,671
19222,2,15,15,332
19223,2,15,15,670
19224,2,15,15,468
19225,2,15,15,634
19226,2,15,15,679
19227,2,15,15,682
19228,2,15,15,674
19229,2,15,15,686
19230,2,15,15,671
19231,2,15,15,679
19232,2,15,15,681
19233,2,15,15,673
19234,2,15,15,276
19235,2,15,15,671
19236,2,15,15,687
19237,2,15,15,521
19238,2,15,15,683
19239,2,15,15,688
19240,2,41,41,633
19241,2,15,15,662
19242,2,15,15,683
19243,2,4,15,685
19244,2,15,4,620
19245,2,15,15,686
19246,2,15,15,672
19247,2,15,15,692
19248,2,15,15,672
19249,2,15,15,690
19250,2,15,15,585
19251,2,15,15,637
19252,2,15,15,676
19253,2,15,15,411
19254,2,4,4,677
19255,2,15,15,679
19256,2,15,15,686
19257,2,15,15,579
19258,2,15,15,680
19259,2,15,15,677
19260,2,15,15,644
19261,2,15,15,543
19262,2,15,15,204
19263,2,15,15,399
19264,2,15,15,357
19265,2,21,15,263
19266,2,15,15,692
19267,2,15,15,566
19268,2,15,15,664
19269,2,15,15,669
19270,2,15,15,688
19271,2,15,15,660
19272,2,15,15,683
19273,2,15,15,677
19274,2,15,15,315
19275,2,41,41,677
19276,2,15,15,641
19277,2,15,15,653
19278,2,15,15,689
19279,2,15,15,645
19280,2,15,15,524
19281,2,15,15,665
19282,2,15,15,677
19283,2,15,15,672
19284,2,15,15,676
19285,2,15,15,663
19286,2,15,15,659
19287,2,15,15,628
19288,2,15,15,676
19289,2,15,15,662
19290,2,15,15,686
19291,2,15,15,42
19292,2,4,15,607
19293,2,15,15,679
19294,2,15,15,687
19295,2,15,15,654
19296,2,21,15,623
19297,2,15,15,644
19298,2,15,15,687
19299,2,15,15,685
19300,2,15,15,673
19301,2,15,15,536
19302,2,15,15,681
19303,2,15,15,677
19304,2,15,15,284
19305,2,15,15,5
19306,2,15,15,129
19307,2,15,15,673
19308,2,15,15,645
19309,2,15,15,652
19310,2,15,15,689
19311,2,15,15,676
19312,2,15,15,627
19313,2,15,15,682
19314,2,15,15,651
19315,2,39,39,674
19316,2,15,15,678
19317,2,15,15,678
19318,2,15,15,693
19319,2,41,41,599
19320,2,15,15,644
19321,2,15,15,686
19322,2,15,15,688
19323,2,15,15,696
19324,2,15,15,100
19325,2,4,4,481
19326,2,15,15,620
19327,2,15,15,138
19328,2,15,15,572
19329,2,15,15,531
19330,2,15,15,676
19331,2,15,15,679
19332,2,15,15,691
19333,2,15,15,688
19334,2,15,15,685
19335,2,15,15,646
19336,2,4,15,574
19337,2,39,39,678
19338,2,15,15,688
19339,2,4,4,674
19340,2,15,15,688
19341,2,15,15,681
19342,2,15,15,683
19343,2,15,15,450
19344,2,15,15,646
19345,2,15,15,681
19346,2,15,15,161
19347,2,15,15,682
19348,2,15,15,313
19349,2,15,15,406
19350,2,15,15,590
19351,2,15,15,653
19352,2,15,15,623
19353,2,15,15,672
19354,2,15,15,668
19355,2,15,15,687
19356,2,15,15,661
19357,2,15,15,676
19358,2,15,15,594
19359,2,15,15,503
19360,2,15,15,679
19361,2,15,15,693
19362,2,15,15,670
19363,2,15,15,653
19364,2,15,15,678
19365,2,15,15,451
19366,2,15,15,687
19367,2,15,15,675
19368,2,15,15,668
19369,2,15,15,671
19370,2,15,15,279
19371,2,4,4,424
19372,2,15,15,673
19373,2,15,15,555
19374,2,15,15,673
19375,2,15,15,685
19376,2,15,15,468
19377,2,21,21,144
19378,2,15,15,682
19379,2,15,15,118
19380,2,15,15,584
19381,2,15,15,649
19382,2,15,15,117
19383,2,15,15,687
19384,2,15,15,672
19385,2,15,11,27
19386,2,15,15,652
19387,2,15,15,536
19388,2,15,15,677
19389,2,21,4,188
19390,2,15,15,655
19391,2,15,15,590
19392,2,15,15,680
19393,2,15,15,664
19394,2,15,15,679
19395,2,21,15,626
19396,2,15,15,216
19397,2,15,15,683
19398,2,15,15,670
19399,2,15,15,684
19400,2,15,15,620
19401,2,15,15,683
19402,2,15,15,620
19403,2,15,15,143
19404,2,15,15,662
19405,2,15,15,429
19406,2,15,15,663
19407,2,3,3,616
19408,2,15,15,638
19409,2,15,15,669
19410,2,15,15,681
19411,2,15,15,660
19412,2,15,15,677
19413,2,21,4,604
19414,2,15,15,581
19415,2,15,15,675
19416,2,15,15,676
19417,2,15,15,686
19418,2,15,15,611
19419,2,15,15,691
19420,2,15,15,690
19421,2,15,15,682
19422,2,15,15,691
19423,2,15,15,681
19424,2,15,15,671
19425,2,15,15,476
19426,2,9,9,507
19427,2,15,15,688
19428,2,15,15,660
19429,2,15,15,686
19430,2,15,15,609
19431,2,15,15,684
19432,2,15,15,684
19433,2,15,15,684
19434,2,15,15,480
19435,2,15,15,677
19436,2,15,15,651
19437,2,15,15,681
19438,2,15,15,672
19439,2,15,15,482
19440,2,15,15,669
19441,2,15,15,687
19442,2,15,15,90
19443,2,15,15,677
19444,2,15,15,668
19445,2,4,4,72
19446,2,15,15,676
19447,2,15,15,684
19448,2,15,15,609
19449,2,15,15,680
19450,2,15,15,675
19451,2,15,15,639
19452,2,15,15,677
19453,2,3,15,475
19454,2,15,15,669
19455,2,15,15,684
19456,2,15,15,266
19457,2,15,15,659
19458,2,15,15,680
19459,2,15,15,537
19460,2,15,15,682
19461,2,21,21,298
19462,2,15,15,685
19463,2,15,15,690
19464,2,15,15,684
19465,2,15,15,419
19466,2,15,15,523
19467,2,15,15,319
19468,2,15,15,682
19469,2,15,15,261
19470,2,15,15,682
19471,2,15,15,172
19472,2,15,15,687
19473,2,15,15,669
19474,2,21,21,420
19475,2,15,15,685
19476,2,15,15,644
19477,2,15,15,623
19478,2,15,15,679
19479,2,15,15,677
19480,2,15,15,133
19481,2,15,15,677
19482,2,3,3,375
19483,2,15,15,674
19484,2,15,15,622
19485,2,15,15,682
19486,2,15,15,674
19487,2,15,15,675
19488,2,15,15,665
19489,2,15,15,389
19490,2,15,15,353
19491,2,15,15,694
19492,2,4,4,631
19493,2,15,15,677
19494,2,15,15,528
19495,2,4,4,660
19496,2,15,15,390
19497,2,15,15,691
19498,2,4,4,645
19499,2,15,15,679
19500,2,15,15,681
19501,2,15,15,679
19502,2,15,15,577
19503,2,15,15,686
19504,2,15,15,678
19505,2,15,15,650
19506,2,15,15,677
19507,2,15,15,683
19508,2,15,15,689
19509,2,15,15,673
19510,2,15,15,648
19511,2,15,15,694
19512,2,15,15,675
19513,2,15,15,546
19514,2,15,15,559
19515,2,15,15,678
19516,2,15,15,612
19517,2,15,15,684
19518,2,15,15,694
19519,2,15,15,121
19520,2,15,15,689
19521,2,15,15,673
19522,2,15,15,657
19523,2,15,15,681
19524,2,15,15,676
19525,2,15,15,687
19526,2,15,15,667
19527,2,15,15,682
19528,2,15,15,549
19529,2,15,15,675
19530,2,39,39,677
19531,2,15,15,688
19532,2,15,15,627
19533,2,15,15,664
19534,2,15,15,385
19535,2,15,15,527
19536,2,15,15,678
19537,2,15,15,675
19538,2,15,15,687
19539,2,15,15,668
19540,2,15,15,365
19541,2,15,15,673
19542,2,15,15,654
19543,2,15,15,649
19544,2,15,15,663
19545,2,15,15,678
19546,2,15,15,215
19547,2,15,15,679
19548,2,15,15,683
19549,2,15,15,544
19550,2,15,15,686
19551,2,15,15,605
19552,2,15,15,554
19553,2,15,15,649
19554,2,15,15,673
19555,2,15,15,680
19556,2,4,4,630
19557,2,15,15,693
19558,2,15,15,689
19559,2,15,15,652
19560,2,15,15,683
19561,2,15,15,665
19562,2,15,15,682
19563,2,15,15,527
19564,2,15,15,672
19565,2,15,15,613
19566,2,15,15,235
19567,2,15,15,392
19568,2,15,15,593
19569,2,15,15,294
19570,2,4,4,675
19571,2,15,15,684
19572,2,15,15,653
19573,2,15,15,668
19574,2,15,15,545
19575,2,15,15,689
19576,2,15,15,684
19577,2,15,15,549
19578,2,15,15,684
19579,2,15,15,682
19580,2,15,15,556
19581,2,15,15,680
19582,2,15,15,685
19583,2,15,15,663
19584,2,15,15,679
19585,2,15,15,46
19586,2,15,15,672
19587,2,15,15,681
19588,2,15,15,683
19589,2,15,15,678
19590,2,15,15,459
19591,2,15,15,689
19592,2,15,15,605
19593,2,15,15,691
19594,2,15,15,687
19595,2,15,15,668
19596,2,15,15,688
19597,2,15,15,678
19598,2,15,15,692
19599,2,15,15,678
19600,2,15,15,679
19601,2,15,4,690
19602,2,15,15,687
19603,2,15,15,656
19604,2,15,15,656
19605,2,15,15,673
19606,2,15,15,662
19607,2,15,15,688
19608,2,15,15,676
19609,2,15,15,670
19610,2,15,15,666
19611,2,15,15,621
19612,2,15,15,599
19613,2,15,15,613
19614,2,15,15,678
19615,2,4,4,364
19616,2,15,15,110
19617,2,41,41,667
19618,2,15,15,574
19619,2,15,15,658
19620,2,15,15,656
19621,2,15,15,688
19622,2,15,15,688
19623,2,15,15,685
19624,2,15,15,688
19625,2,15,15,63
19626,2,15,15,685
19627,2,15,15,689
19628,2,15,15,660
19629,2,15,15,687
19630,2,15,15,677
19631,2,15,15,637
19632,2,15,15,364
19633,2,15,15,675
19634,2,15,15,579
19635,2,4,4,671
19636,2,15,15,504
19637,2,15,15,684
19638,2,15,15,591
19639,2,15,15,668
19640,2,15,15,652
19641,2,15,15,675
19642,2,41,41,691
19643,2,15,15,671
19644,2,15,15,687
19645,2,15,15,694
19646,2,15,15,620
19647,2,15,15,653
19648,2,15,15,526
19649,2,41,41,679
19650,2,15,15,681
19651,2,15,15,662
19652,2,15,15,678
19653,2,15,15,407
19654,2,15,15,379
19655,2,15,15,613
19656,2,15,15,657
19657,2,15,15,677
19658,2,15,15,562
19659,2,15,15,687
19660,2,15,15,690
19661,2,15,15,679
19662,2,15,15,689
19663,2,15,15,679
19664,2,15,15,68
19665,2,15,15,543
19666,2,15,15,676
19667,2,15,15,694
19668,2,15,15,556
19669,2,15,15,687
19670,2,15,15,320
19671,2,15,15,663
19672,2,15,15,687
19673,2,15,15,693
19674,2,15,15,684
19675,2,15,15,269
19676,2,15,15,92
19677,2,15,15,485
19678,2,15,15,687
19679,2,15,15,455
19680,2,15,15,677
19681,2,15,15,562
19682,2,15,15,674
19683,2,15,15,664
19684,2,15,15,687
19685,2,15,15,693
19686,2,15,15,684
19687,2,15,15,688
19688,2,15,15,431
19689,2,15,15,678
19690,2,15,15,645
19691,2,15,15,678
19692,2,15,15,671
19693,2,15,15,689
19694,2,15,15,678
19695,2,15,15,680
19696,2,15,15,679
19697,2,15,15,678
19698,2,15,15,688
19699,2,15,15,650
19700,2,15,15,687
19701,2,15,15,603
19702,2,15,15,677
19703,2,15,15,676
19704,2,15,15,526
19705,2,15,15,609
19706,2,15,15,670
19707,2,15,15,583
19708,2,15,15,649
19709,2,15,15,657
19710,2,15,15,140
19711,2,15,15,679
19712,2,15,15,682
19713,2,4,4,585
19714,2,15,15,567
19715,2,15,15,669
19716,2,15,15,688
19717,2,15,15,602
19718,2,15,15,685
19719,2,15,15,621
19720,2,15,15,581
19721,2,15,15,546
19722,2,39,15,659
19723,2,15,15,661
19724,2,15,15,680
19725,2,15,15,244
19726,2,4,4,646
19727,2,15,15,216
19728,2,15,15,686
19729,2,15,15,684
19730,2,15,15,437
19731,2,4,4,624
19732,2,41,41,665
19733,2,15,15,523
19734,2,15,15,676
19735,2,15,15,413
19736,2,15,15,680
19737,2,15,15,686
19738,2,15,15,657
19739,2,15,15,680
19740,2,15,15,682
19741,2,15,15,687
19742,2,15,15,681
19743,2,15,15,687
19744,2,15,15,675
19745,2,15,15,232
19746,2,15,15,665
19747,2,15,15,665
19748,2,21,39,686
19749,2,15,15,683
19750,2,15,15,693
19751,2,15,4,243
19752,2,15,15,679
19753,2,15,15,686
19754,2,15,15,472
19755,2,15,15,687
19756,2,15,15,683
19757,2,15,15,670
19758,2,15,15,682
19759,2,15,15,415
19760,2,15,15,648
19761,2,15,15,671
19762,2,15,15,668
19763,2,15,15,683
19764,2,15,15,635
19765,2,41,15,684
19766,2,15,15,656
19767,2,15,15,48
19768,2,15,15,678
19769,2,15,15,685
19770,2,15,15,684
19771,2,15,15,677
19772,2,15,15,647
19773,2,15,15,647
19774,2,15,15,694
19775,2,15,15,674
19776,2,15,15,673
19777,2,15,15,670
19778,2,4,4,657
19779,2,4,4,570
19780,2,15,15,681
19781,2,15,15,681
19782,2,15,15,602
19783,2,15,15,670
19784,2,15,15,687
19785,2,15,15,667
19786,2,15,15,688
19787,2,15,15,481
19788,2,15,15,189
19789,2,15,15,686
19790,2,15,15,680
19791,2,15,15,652
19792,2,15,15,678
19793,2,15,15,226
19794,2,15,15,681
19795,2,15,15,614
19796,2,15,15,684
19797,2,15,15,691
19798,2,15,15,660
19799,2,15,15,677
19800,2,15,15,667
19801,2,15,15,518
19802,2,15,15,680
19803,2,15,15,691
19804,2,15,15,682
19805,2,15,15,640
19806,2,15,15,623
19807,2,15,15,677
19808,2,15,15,668
19809,2,15,15,568
19810,2,15,15,588
19811,2,15,15,606
19812,2,15,15,672
19813,2,15,15,685
19814,2,15,15,685
19815,2,15,15,685
19816,2,41,41,645
19817,2,15,15,626
19818,2,15,15,683
19819,2,15,15,661
19820,2,15,15,689
19821,2,15,15,681
19822,2,15,15,651
19823,2,15,15,634
19824,2,15,15,688
19825,2,15,15,628
19826,2,15,15,662
19827,2,15,15,427
19828,2,15,15,672
19829,2,15,15,680
19830,2,15,15,661
19831,2,15,15,680
19832,2,15,15,299
19833,2,15,15,683
19834,2,21,15,270
19835,2,15,4,606
19836,2,15,15,679
19837,2,15,15,686
19838,2,15,15,687
19839,2,15,15,686
19840,2,15,15,645
19841,2,15,3,672
19842,2,15,15,662
19843,2,15,15,684
19844,2,15,15,384
19845,2,15,15,689
19846,2,15,15,582
19847,2,15,15,640
19848,2,15,15,600
19849,2,15,15,50
19850,2,15,15,687
19851,2,15,15,693
19852,2,15,15,681
19853,2,15,15,539
19854,2,21,21,374
19855,2,15,15,664
19856,2,15,4,597
19857,2,15,15,682
19858,2,15,4,664
19859,2,15,15,416
19860,2,4,4,675
19861,2,15,15,687
19862,2,15,15,620
19863,2,15,15,176
19864,2,15,15,684
19865,2,15,15,618
19866,2,15,15,676
19867,2,15,15,663
19868,2,15,15,665
19869,2,15,15,686
19870,2,15,15,684
19871,2,15,15,599
19872,2,15,15,465
19873,2,15,15,682
19874,2,15,15,648
19875,2,15,15,678
19876,2,15,15,657
19877,2,15,15,564
19878,2,15,15,633
19879,2,15,15,690
19880,2,15,15,685
19881,2,15,15,691
19882,2,15,15,314
19883,2,15,15,686
19884,2,15,15,670
19885,2,15,15,660
19886,2,41,15,640
19887,2,21,15,684
19888,2,15,15,682
19889,2,15,15,290
19890,2,15,15,548
19891,2,15,15,681
19892,2,15,15,653
19893,2,15,15,680
19894,2,15,15,675
19895,2,15,15,695
19896,2,15,15,667
19897,2,41,41,687
19898,2,15,15,438
19899,2,15,15,683
19900,2,15,15,563
19901,2,15,15,655
19902,2,15,15,647
19903,2,15,15,685
19904,2,15,15,629
19905,2,15,15,686
19906,2,15,15,673
19907,2,15,15,246
19908,2,15,15,560
19909,2,15,15,687
19910,2,15,15,648
19911,2,15,15,654
19912,2,4,4,614
19913,2,15,15,683
19914,2,15,15,626
19915,2,15,15,686
19916,2,15,15,682
19917,2,21,15,210
19918,2,15,15,83
19919,2,15,15,667
19920,2,15,15,678
19921,2,12,12,635
19922,2,15,15,645
19923,2,3,3,23
19924,2,15,15,675
19925,2,15,15,689
19926,2,15,15,684
19927,2,15,15,680
19928,2,39,39,685
19929,2,15,15,688
19930,2,15,15,678
19931,2,15,15,680
19932,2,15,15,675
19933,2,15,15,290
19934,2,15,15,639
19935,2,15,15,322
19936,2,15,15,689
19937,2,15,15,659
19938,2,15,15,678
19939,2,15,15,670
19940,2,15,15,689
19941,2,15,4,675
19942,2,15,15,461
19943,2,15,15,683
19944,2,15,15,669
19945,2,4,4,653
19946,2,4,4,664
19947,2,15,15,679
19948,2,15,15,677
19949,2,15,15,641
19950,2,15,15,663
19951,2,15,15,299
19952,2,15,15,392
19953,2,15,15,686
19954,2,15,15,629
19955,2,21,21,452
19956,2,15,15,690
19957,2,15,15,679
19958,2,15,15,126
19959,2,15,15,683
19960,2,15,15,680
19961,2,15,15,634
19962,2,20,15,627
19963,2,15,15,686
19964,2,41,41,629
19965,2,15,15,690
19966,2,15,15,542
19967,2,15,15,687
19968,2,15,15,678
19969,2,15,15,575
19970,2,15,15,682
19971,2,15,15,573
19972,2,15,15,672
19973,2,15,15,686
19974,2,15,15,688
19975,2,15,15,686
19976,2,15,15,693
19977,2,15,15,663
19978,2,15,15,680
19979,2,15,15,666
19980,2,39,41,687
19981,2,15,15,657
19982,2,15,15,682
19983,2,15,15,649
19984,2,15,15,688
19985,2,4,15,659
19986,2,15,15,670
19987,2,15,15,654
19988,2,15,15,687
19989,2,15,15,623
19990,2,15,15,651
19991,2,15,15,665
19992,2,15,15,660
19993,2,15,15,676
19994,2,15,15,693
19995,2,15,15,348
19996,2,15,15,684
19997,2,15,15,574
19998,2,15,15,649
19999,2,15,15,694
20000,2,39,41,667
20001,2,15,15,606
20002,2,15,15,691
20003,2,15,15,679
20004,2,39,39,678
20005,2,15,15,666
20006,2,15,15,623
20007,2,15,15,686
20008,2,15,15,394
20009,2,15,15,670
20010,2,15,15,628
20011,2,15,15,689
20012,2,15,15,668
20013,2,15,15,646
20014,2,15,15,637
20015,2,15,15,618
20016,2,15,15,678
20017,2,15,15,666
20018,2,15,15,279
20019,2,15,15,406
20020,2,15,15,602
20021,2,15,15,557
20022,2,15,15,659
20023,2,15,15,686
20024,2,15,4,660
20025,2,15,15,670
20026,2,15,15,686
20027,2,15,15,685
20028,2,15,15,656
20029,2,15,15,690
20030,2,15,15,555
20031,2,15,15,692
20032,2,15,15,684
20033,2,15,15,687
20034,2,15,15,677
20035,2,15,15,679
20036,2,15,15,680
20037,2,15,15,676
20038,2,15,15,684
20039,2,15,15,667
20040,2,4,4,661
20041,2,3,3,621
20042,2,15,15,170
20043,2,15,3,599
20044,2,15,15,577
20045,2,15,15,682
20046,2,15,15,487
20047,2,15,15,621
20048,2,15,15,685
20049,2,15,15,674
20050,2,15,15,674
20051,2,15,15,674
20052,2,15,15,661
20053,2,15,15,667
20054,2,15,15,679
20055,2,15,15,679
20056,2,15,15,605
20057,2,15,15,554
20058,2,15,15,670
20059,2,15,15,659
20060,2,15,15,533
20061,2,15,15,676
20062,2,15,15,682
20063,2,15,15,683
20064,2,4,4,589
20065,2,15,15,691
20066,2,15,15,660
20067,2,21,15,675
20068,2,39,39,691
20069,2,15,15,539
20070,2,15,15,694
20071,2,15,15,674
20072,2,15,15,665
20073,2,15,15,660
20074,2,15,15,661
20075,2,15,15,671
20076,2,15,15,684
20077,2,15,15,688
20078,2,15,15,684
20079,2,15,15,672
20080,2,15,15,690
20081,2,15,15,660
20082,2,15,15,690
20083,2,15,15,643
20084,2,15,15,688
20085,2,15,15,669
20086,2,15,15,621
20087,2,15,15,673
20088,2,15,15,652
20089,2,15,15,686
20090,2,21,15,640
20091,2,39,41,688
20092,2,15,15,690
20093,2,4,4,30
20094,2,15,15,686
20095,2,15,15,679
20096,2,15,15,685
20097,2,15,15,573
20098,2,15,15,686
20099,2,15,15,689
20100,2,15,15,681
20101,2,15,15,691
20102,2,21,15,513
20103,2,15,15,159
20104,2,3,15,296
20105,2,15,15,149
20106,2,15,15,691
20107,2,15,15,660
20108,2,15,15,643
20109,2,15,15,660
20110,2,15,15,686
20111,2,15,15,639
20112,2,15,15,656
20113,2,15,15,689
20114,2,15,15,687
20115,2,15,15,669
20116,2,15,15,174
20117,2,39,39,517
20118,2,4,4,24
20119,2,15,15,621
20120,2,15,15,682
20121,2,15,15,116
20122,2,15,15,647
20123,2,15,15,687
20124,2,15,15,677
20125,2,3,3,642
20126,2,15,15,480
20127,2,15,15,676
20128,2,15,15,600
20129,2,15,15,670
20130,2,15,15,640
20131,2,15,15,677
20132,2,15,15,682
20133,2,15,15,684
20134,2,15,15,691
20135,2,15,15,673
20136,2,41,41,669
20137,2,3,3,625
20138,2,3,3,177
20139,2,15,15,685
20140,2,15,15,687
20141,2,15,15,669
20142,2,15,15,682
20143,2,15,15,688
20144,2,41,41,678
20145,2,15,15,670
20146,2,15,15,685
20147,2,15,15,650
20148,2,15,15,437
20149,2,15,15,121
20150,2,15,15,688
20151,2,15,15,673
20152,2,15,15,686
20153,2,15,3,442
20154,2,15,15,649
20155,2,15,15,657
20156,2,15,15,523
20157,2,15,15,681
20158,2,4,4,237
20159,2,15,15,685
20160,2,15,15,670
20161,2,15,15,683
20162,2,15,15,694
20163,2,15,15,680
20164,2,15,15,682
20165,2,15,15,682
20166,2,15,15,682
20167,2,15,15,465
20168,2,15,15,642
20169,2,15,15,691
20170,2,21,15,622
20171,2,15,15,692
20172,2,15,15,689
20173,2,15,15,670
20174,2,15,15,691
20175,2,4,4,639
20176,2,15,15,673
20177,2,4,4,154
20178,2,15,15,663
20179,2,15,15,680
20180,2,15,15,672
20181,2,15,15,680
20182,2,15,15,683
20183,2,15,15,674
20184,2,15,15,682
20185,2,15,15,165
20186,2,15,15,685
20187,2,15,15,687
20188,2,15,15,686
20189,2,15,15,643
20190,2,15,15,658
20191,2,15,15,673
20192,2,15,15,588
20193,2,15,15,635
20194,2,15,15,687
20195,2,15,15,682
20196,2,15,15,681
20197,2,15,15,685
20198,2,4,4,573
20199,2,15,15,688
20200,2,15,15,626
20201,2,15,15,682
20202,2,15,15,693
20203,2,15,15,579
20204,2,15,15,691
20205,2,15,15,656
20206,2,15,15,689
20207,2,15,15,658
20208,2,15,15,682
20209,2,3,3,652
20210,2,15,15,658
20211,2,15,15,684
20212,2,15,15,676
20213,2,15,15,691
20214,2,15,15,690
20215,2,15,15,688
20216,2,15,15,648
20217,2,15,15,677
20218,2,15,15,634
20219,2,15,15,690
20220,2,4,4,299
20221,2,15,15,687
20222,2,15,15,669
20223,2,15,15,256
20224,2,15,15,684
20225,2,39,39,549
20226,2,15,15,679
20227,2,15,15,618
20228,2,15,15,682
20229,2,15,15,302
20230,2,15,15,422
20231,2,15,41,684
20232,2,15,15,686
20233,2,15,15,656
20234,2,15,15,692
20235,2,15,15,691
20236,2,15,15,682
20237,2,15,15,613
20238,2,21,21,476
20239,2,15,15,668
20240,2,15,15,684
20241,2,15,15,676
20242,2,15,15,640
20243,2,15,15,296
20244,2,15,15,452
20245,2,15,15,649
20246,2,15,15,682
20247,2,15,15,641
20248,2,15,15,687
20249,2,15,15,677
20250,2,15,15,687
20251,2,15,15,674
20252,2,15,15,672
20253,2,3,15,406
20254,2,15,15,673
20255,2,15,15,675
20256,2,15,15,684
20257,2,15,15,676
20258,2,15,15,636
20259,2,15,15,687
20260,2,15,15,596
20261,2,15,15,415
20262,2,15,15,587
20263,2,15,15,676
20264,2,15,15,679
20265,2,15,15,685
20266,2,15,15,691
20267,2,15,15,668
20268,2,15,15,600
20269,2,15,15,680
20270,2,15,15,625
20271,2,15,15,654
20272,2,15,15,658
20273,2,15,15,684
20274,2,15,15,675
20275,2,15,15,692
20276,2,15,15,388
20277,2,15,15,474
20278,2,15,15,626
20279,2,15,15,678
20280,2,15,15,676
20281,2,15,15,459
20282,2,15,15,589
20283,2,15,15,689
20284,2,11,11,556
20285,2,15,15,687
20286,2,15,15,670
20287,2,15,15,687
20288,2,15,15,679
20289,2,15,15,673
20290,2,15,15,610
20291,2,15,15,485
20292,2,39,39,680
20293,2,21,15,410
20294,2,15,15,678
20295,2,15,15,675
20296,2,15,15,649
20297,2,15,15,680
20298,2,15,15,96
20299,2,15,15,688
20300,2,15,15,683
20301,2,15,15,672
20302,2,15,15,384
20303,2,15,15,588
20304,2,15,15,401
20305,2,3,3,451
20306,2,21,21,526
20307,2,15,15,687
20308,2,15,15,675
20309,2,15,15,688
20310,2,15,15,652
20311,2,15,15,687
20312,2,15,15,463
20313,2,15,15,683
20314,2,15,15,650
20315,2,15,15,647
20316,2,15,15,682
20317,2,15,15,675
20318,2,15,15,525
20319,2,15,15,663
20320,2,15,15,688
20321,2,15,15,679
20322,2,15,15,676
20323,2,21,15,633
20324,2,15,15,690
20325,2,15,15,684
20326,2,20,20,621
20327,2,15,15,555
20328,2,15,15,673
20329,2,15,15,639
20330,2,15,15,665
20331,2,15,15,684
20332,2,15,15,665
20333,2,15,15,684
20334,2,15,15,687
20335,2,15,15,675
20336,2,15,15,214
20337,2,15,15,651
20338,2,15,15,652
20339,2,15,15,523
20340,2,15,15,661
20341,2,15,15,337
20342,2,15,15,679
20343,2,15,15,184
20344,2,15,15,636
20345,2,15,15,675
20346,2,15,15,691
20347,2,15,15,676
20348,2,15,15,686
20349,2,15,15,671
20350,2,15,15,482
20351,2,15,15,683
20352,2,15,15,627
20353,2,39,39,686
20354,2,15,15,694
20355,2,39,39,675
20356,2,15,15,657
20357,2,15,15,686
20358,2,15,15,689
20359,2,15,15,631
20360,2,15,15,679
20361,2,15,15,684
20362,2,15,15,650
20363,2,15,15,664
20364,2,15,15,567
20365,2,15,15,689
20366,2,15,15,685
20367,2,4,4,290
20368,2,15,15,688
20369,2,15,15,682
20370,2,15,15,633
20371,2,15,15,689
20372,2,15,15,620
20373,2,15,15,661
20374,2,15,15,653
20375,2,15,15,685
20376,2,15,15,688
20377,2,15,15,499
20378,2,15,15,686
20379,2,15,15,686
20380,2,15,15,691
20381,2,15,15,689
20382,2,15,15,651
20383,2,4,4,550
20384,2,15,15,679
20385,2,15,15,673
20386,2,15,15,665
20387,2,15,15,682
20388,2,15,15,676
20389,2,15,15,679
20390,2,15,15,675
20391,2,15,15,367
20392,2,15,15,677
20393,2,15,15,620
20394,2,15,15,506
20395,2,15,15,605
20396,2,15,15,637
20397,2,4,4,574
20398,2,15,15,679
20399,2,15,15,557
20400,2,15,15,680
20401,2,15,15,610
20402,2,15,15,689
20403,2,21,15,645
20404,2,15,15,616
20405,2,15,15,676
20406,2,15,15,664
20407,2,15,15,631
20408,2,15,15,682
20409,2,15,15,595
20410,2,15,15,669
20411,2,15,15,671
20412,2,15,15,670
20413,2,15,15,659
20414,2,15,15,676
20415,2,15,15,648
20416,2,15,15,676
20417,2,15,15,391
20418,2,15,15,658
20419,2,15,15,617
20420,2,15,15,683
20421,2,15,15,665
20422,2,15,15,638
20423,2,15,15,686
20424,2,4,4,607
20425,2,4,4,590
20426,2,15,15,622
20427,2,15,15,683
20428,2,15,15,667
20429,2,15,15,673
20430,2,15,15,690
20431,2,15,15,684
20432,2,15,15,683
20433,2,15,15,679
20434,2,15,15,683
20435,2,15,15,134
20436,2,15,15,662
20437,2,15,15,591
20438,2,15,15,647
20439,2,15,15,92
20440,2,4,4,644
20441,2,15,15,606
20442,2,15,15,678
20443,2,15,15,684
20444,2,15,15,485
20445,2,15,15,439
20446,2,15,15,685
20447,2,15,15,323
20448,2,4,4,668
20449,2,15,15,677
20450,2,39,39,672
20451,2,15,15,658
20452,2,15,15,556
20453,2,15,15,664
20454,2,15,15,690
20455,2,15,15,675
20456,2,41,41,589
20457,2,15,15,682
20458,2,15,15,674
20459,2,15,15,692
20460,2,15,15,686
20461,2,15,15,690
20462,2,15,15,677
20463,2,15,15,685
20464,2,15,15,613
20465,2,15,15,500
20466,2,15,15,680
20467,2,15,15,687
20468,2,15,15,577
20469,2,15,15,649
20470,2,15,15,648
20471,2,15,15,257
20472,2,15,15,660
20473,2,15,15,672
20474,2,15,15,685
20475,2,39,39,686
20476,2,15,15,658
20477,2,15,15,411
20478,2,15,15,576
20479,2,15,15,666
20480,2,15,15,694
20481,2,15,15,27
20482,2,15,15,652
20483,2,15,15,402
20484,2,15,15,693
20485,2,15,15,679
20486,2,15,15,652
20487,2,15,4,514
20488,2,4,4,571
20489,2,15,15,432
20490,2,15,15,686
20491,2,15,15,685
20492,2,15,15,650
20493,2,15,15,655
20494,2,15,15,679
20495,2,15,15,685
20496,2,15,15,672
20497,2,15,15,667
20498,2,21,4,541
20499,2,15,15,665
20500,2,15,15,649
20501,2,15,15,452
20502,2,21,21,670
20503,2,15,15,612
20504,2,15,15,649
20505,2,4,15,667
20506,2,15,15,682
20507,2,15,15,678
20508,2,15,15,686
20509,2,15,15,686
20510,2,15,15,681
20511,2,15,15,678
20512,2,15,15,448
20513,2,15,15,633
20514,2,15,15,688
20515,2,15,15,681
20516,2,15,15,672
20517,2,15,15,676
20518,2,15,15,677
20519,2,15,15,657
20520,2,15,15,672
20521,2,15,15,672
20522,2,15,15,674
20523,2,15,15,692
20524,2,15,15,636
20525,2,15,15,650
20526,2,21,15,687
20527,2,15,15,681
20528,2,15,15,105
20529,2,15,15,682
20530,2,15,15,674
20531,2,15,15,422
20532,2,15,15,672
20533,2,15,15,586
20534,2,15,15,470
20535,2,15,15,464
20536,2,41,41,636
20537,2,15,15,674
20538,2,15,15,662
20539,2,15,15,599
20540,2,15,15,687
20541,2,15,15,627
20542,2,15,15,677
20543,2,15,15,677
20544,2,15,15,194
20545,2,15,15,673
20546,2,15,15,688
20547,2,15,15,647
20548,2,15,15,687
20549,2,15,15,652
20550,2,15,15,681
20551,2,15,15,676
20552,2,15,15,662
20553,2,15,15,531
20554,2,15,15,688
20555,2,15,15,509
20556,2,15,15,536
20557,2,15,15,670
20558,2,15,15,621
20559,2,12,12,657
20560,2,15,15,684
20561,2,15,15,687
20562,2,15,15,691
20563,2,15,15,689
20564,2,15,15,564
20565,2,15,15,676
20566,2,15,15,681
20567,2,15,15,678
20568,2,15,15,688
20569,2,15,15,681
20570,2,15,15,683
20571,2,15,15,680
20572,2,15,15,695
20573,2,15,15,463
20574,2,15,15,679
20575,2,15,15,638
20576,2,15,15,442
20577,2,15,15,687
20578,2,15,15,638
20579,2,15,15,692
20580,2,11,11,661
20581,2,15,15,685
20582,2,15,15,691
20583,2,15,15,674
20584,2,15,15,484
20585,2,15,15,687
20586,2,15,15,566
20587,2,15,15,681
20588,2,15,15,672
20589,2,15,15,655
20590,2,15,15,684
20591,2,15,15,636
20592,2,15,15,685
20593,2,15,15,190
20594,2,15,15,670
20595,2,15,15,622
20596,2,15,15,682
20597,2,15,15,676
20598,2,15,15,681
20599,2,15,15,389
20600,2,15,15,515
20601,2,3,3,475
20602,2,15,15,577
20603,2,15,15,683
20604,2,15,15,679
20605,2,15,15,691
20606,2,15,15,675
20607,2,15,15,682
20608,2,15,15,670
20609,2,15,15,648
20610,2,15,15,682
20611,2,15,15,587
20612,2,15,15,669
20613,2,15,15,671
20614,2,15,15,646
20615,2,15,15,679
20616,2,15,15,689
20617,2,15,15,659
20618,2,15,15,630
20619,2,4,4,623
20620,2,15,15,324
20621,2,15,15,685
20622,2,15,15,690
20623,2,39,39,663
20624,2,4,4,661
20625,2,15,15,671
20626,2,15,15,678
20627,2,15,15,678
20628,2,15,15,198
20629,2,15,15,59
20630,2,15,15,681
20631,2,15,15,643
20632,2,15,15,683
20633,2,15,15,658
20634,2,15,15,543
20635,2,15,15,617
20636,2,15,15,688
20637,2,15,15,697
20638,2,15,15,650
20639,2,15,15,677
20640,2,15,15,644
20641,2,15,15,688
20642,2,15,4,579
20643,2,15,15,667
20644,2,15,15,680
20645,2,3,21,402
20646,2,15,15,672
20647,2,15,15,603
20648,2,15,15,684
20649,2,15,15,684
20650,2,3,3,556
20651,2,15,15,683
20652,2,15,15,687
20653,2,15,15,682
20654,2,15,15,685
20655,2,15,15,672
20656,2,15,15,682
20657,2,15,15,654
20658,2,15,15,588
20659,2,15,15,666
20660,2,15,15,684
20661,2,15,15,664
20662,2,15,15,681
20663,2,41,41,663
20664,2,15,15,174
20665,2,15,15,622
20666,2,15,15,676
20667,2,15,15,686
20668,2,15,15,277
20669,2,15,15,677
20670,2,15,15,679
20671,2,4,4,298
20672,2,15,15,676
20673,2,15,15,686
20674,2,15,15,620
20675,2,15,15,685
20676,2,15,15,86
20677,2,15,15,676
20678,2,15,15,678
20679,2,15,15,689
20680,2,15,15,688
20681,2,15,15,689
20682,2,15,15,639
20683,2,15,15,619
20684,2,15,15,687
20685,2,15,15,673
20686,2,15,15,671
20687,2,15,15,681
20688,2,15,15,498
20689,2,15,15,454
20690,2,15,15,663
20691,2,15,15,685
20692,2,15,15,663
20693,2,4,4,547
20694,2,15,15,677
20695,2,4,4,54
20696,2,15,15,682
20697,2,15,15,671
20698,2,15,15,590
20699,2,15,15,665
20700,2,15,15,679
20701,2,15,15,695
20702,2,15,15,688
20703,2,15,15,585
20704,2,15,15,679
20705,2,15,15,687
20706,2,15,15,661
20707,2,15,15,688
20708,2,15,15,91
20709,2,15,15,684
20710,2,21,15,579
20711,2,15,15,684
20712,2,15,15,687
20713,2,15,15,679
20714,2,15,15,687
20715,2,15,15,687
20716,2,15,15,665
20717,2,15,15,684
20718,2,15,15,681
20719,2,15,15,539
20720,2,15,15,622
20721,2,15,15,696
20722,2,15,15,672
20723,2,15,15,638
20724,2,15,15,680
20725,2,15,15,677
20726,2,15,15,674
20727,2,15,15,634
20728,2,4,4,680
20729,2,15,15,662
20730,2,15,15,676
20731,2,15,15,680
20732,2,4,4,643
20733,2,15,15,687
20734,2,15,15,680
20735,2,15,15,679
20736,2,15,15,690
20737,2,15,15,678
20738,2,15,15,675
20739,2,15,15,675
20740,2,15,15,683
20741,2,15,15,673
20742,2,15,15,686
20743,2,15,15,623
20744,2,15,15,687
20745,2,15,15,686
20746,2,15,15,681
20747,2,15,15,621
20748,2,15,15,694
20749,2,15,15,681
20750,2,15,15,409
20751,2,15,15,696
20752,2,15,15,688
20753,2,15,15,599
20754,2,15,15,679
20755,2,15,15,650
20756,2,15,15,667
20757,2,15,15,337
20758,2,15,15,680
20759,2,15,15,672
20760,2,15,15,685
20761,2,41,41,689
20762,2,15,15,655
20763,2,15,15,681
20764,2,15,15,543
20765,2,15,15,658
20766,2,15,15,668
20767,2,15,15,620
20768,2,15,15,685
20769,2,15,15,199
20770,2,15,15,627
20771,2,15,15,649
20772,2,15,15,403
20773,2,15,15,681
20774,2,15,15,680
20775,2,15,15,691
20776,2,41,41,595
20777,2,15,15,471
20778,2,15,15,274
20779,2,15,15,681
20780,2,4,4,194
20781,2,15,15,686
20782,2,15,15,639
20783,2,4,4,411
20784,2,15,15,597
20785,2,3,4,94
20786,2,15,15,418
20787,2,15,15,35
20788,2,15,15,667
20789,2,15,15,675
20790,2,15,15,688
20791,2,15,15,670
20792,2,41,41,682
20793,2,15,15,634
20794,2,15,15,686
20795,2,15,15,681
20796,2,15,15,684
20797,2,4,4,596
20798,2,4,4,319
20799,2,15,15,688
20800,2,15,15,646
20801,2,15,15,682
20802,2,3,15,512
20803,2,41,41,683
20804,2,4,4,614
20805,2,4,4,42
20806,2,15,15,683
20807,2,15,15,496
20808,2,15,15,639
20809,2,15,15,679
20810,2,15,15,695
20811,2,15,15,677
20812,2,15,15,562
20813,2,15,15,686
20814,2,15,15,652
20815,2,15,15,485
20816,2,15,15,679
20817,2,15,15,685
20818,2,15,15,666
20819,2,15,15,657
20820,2,15,15,681
20821,2,15,15,681
20822,2,15,15,687
20823,2,15,15,569
20824,2,15,15,686
20825,2,15,15,680
20826,2,15,15,688
20827,2,15,15,691
20828,2,15,15,281
20829,2,15,15,686
20830,2,15,15,647
20831,2,15,15,665
20832,2,15,15,684
20833,2,15,15,670
20834,2,15,15,654
20835,2,15,15,486
20836,2,15,15,689
20837,2,15,15,235
20838,2,15,15,537
20839,2,15,15,695
20840,2,15,15,681
20841,2,15,15,674
20842,2,15,15,536
20843,2,15,15,685
20844,2,15,15,684
20845,2,15,15,650
20846,2,15,15,600
20847,2,15,15,56
20848,2,15,15,676
20849,2,15,15,665
20850,2,15,15,667
20851,2,15,15,679
20852,2,15,15,674
20853,2,15,15,587
20854,2,15,15,651
20855,2,15,15,669
20856,2,15,15,632
20857,2,15,15,688
20858,2,15,15,164
20859,2,15,15,688
20860,2,15,15,676
20861,2,15,15,687
20862,2,15,15,506
20863,2,15,15,676
20864,2,15,15,691
20865,2,4,4,602
20866,2,15,15,670
20867,2,39,39,576
20868,2,12,12,610
20869,2,15,15,684
20870,2,4,4,680
20871,2,4,15,649
20872,2,15,15,664
20873,2,15,15,547
20874,2,15,15,640
20875,2,15,15,686
20876,2,15,15,526
20877,2,15,15,653
20878,2,41,41,680
20879,2,3,3,544
20880,2,15,15,208
20881,2,15,15,678
20882,2,15,15,685
20883,2,15,15,694
20884,2,15,15,681
20885,2,15,15,687
20886,2,15,15,635
20887,2,21,15,443
20888,2,15,15,678
20889,2,15,15,669
20890,2,15,15,310
20891,2,15,15,686
20892,2,15,15,687
20893,2,15,15,150
20894,2,15,15,684
20895,2,15,15,687
20896,2,15,15,591
20897,2,15,15,419
20898,2,15,15,695
20899,2,15,15,674
20900,2,15,15,685
20901,2,15,15,668
20902,2,15,15,686
20903,2,15,15,686
20904,2,15,15,681
20905,2,15,15,671
20906,2,15,15,679
20907,2,15,15,670
20908,2,15,15,657
20909,2,15,15,589
20910,2,39,39,683
20911,2,15,15,675
20912,2,15,15,684
20913,2,15,15,476
20914,2,15,15,618
20915,2,15,15,649
20916,2,41,41,539
20917,2,15,15,683
20918,2,15,15,668
20919,2,15,15,681
20920,2,15,15,664
20921,2,15,15,676
20922,2,15,15,680
20923,2,15,15,680
20924,2,39,15,666
20925,2,15,15,542
20926,2,15,15,479
20927,2,15,15,313
20928,2,15,15,686
20929,2,15,15,690
20930,2,15,15,643
20931,2,15,15,170
20932,2,15,15,681
20933,2,15,15,685
20934,2,15,15,684
20935,2,15,15,687
20936,2,15,15,104
20937,2,3,3,71
20938,2,15,15,689
20939,2,15,15,686
20940,2,15,15,683
20941,2,15,15,685
20942,2,15,15,53
20943,2,15,15,651
20944,2,15,15,658
20945,2,15,15,565
20946,2,15,15,685
20947,2,15,15,578
20948,2,15,15,668
20949,2,15,15,676
20950,2,15,15,610
20951,2,15,15,656
20952,2,15,15,693
20953,2,15,15,681
20954,2,15,15,681
20955,2,15,15,663
20956,2,15,15,632
20957,2,15,15,687
20958,2,15,15,676
20959,2,15,15,679
20960,2,15,15,686
20961,2,15,15,653
20962,2,15,15,674
20963,2,15,15,678
20964,2,15,15,657
20965,2,15,15,189
20966,2,15,15,690
20967,2,4,4,681
20968,2,15,15,124
20969,2,15,15,314
20970,2,15,15,183
20971,2,15,15,686
20972,2,15,15,680
20973,2,4,15,695
20974,2,15,15,551
20975,2,15,15,664
20976,2,15,15,673
20977,2,15,15,650
20978,2,15,15,684
20979,2,15,15,690
20980,2,15,15,681
20981,2,15,15,682
20982,2,39,39,635
20983,2,15,15,427
20984,2,15,15,92
20985,2,15,15,675
20986,2,15,15,658
20987,2,15,15,681
20988,2,15,15,629
20989,2,15,15,686
20990,2,15,15,686
20991,2,15,15,678
20992,2,15,15,687
20993,2,15,15,686
20994,2,15,15,676
20995,2,15,15,566
20996,2,4,4,544
20997,2,15,15,57
20998,2,15,15,587
20999,2,15,15,665
21000,2,15,15,676
21001,2,15,15,673
21002,2,15,15,671
21003,2,15,15,582
21004,2,15,15,604
21005,2,15,15,675
21006,2,15,15,465
21007,2,41,41,682
21008,2,15,15,544
21009,2,15,15,668
21010,2,15,15,687
21011,2,15,15,657
21012,2,15,15,177
21013,2,15,15,678
21014,2,15,4,650
21015,2,15,15,686
21016,2,15,15,687
21017,2,15,15,656
21018,2,15,15,687
21019,2,15,15,633
21020,2,15,15,72
21021,2,15,15,684
21022,2,15,15,645
21023,2,15,15,677
21024,2,15,15,686
21025,2,15,15,666
21026,2,15,15,657
21027,2,15,15,683
21028,2,15,15,121
21029,2,15,15,334
21030,2,41,41,683
21031,2,15,15,667
21032,2,15,15,693
21033,2,15,15,678
21034,2,15,15,685
21035,2,15,15,676
21036,2,15,15,672
21037,2,15,15,682
21038,2,15,15,259
21039,2,15,15,625
21040,2,15,15,671
21041,2,15,15,243
21042,2,15,15,678
21043,2,15,15,254
21044,2,15,15,687
21045,2,15,15,678
21046,2,15,15,687
21047,2,15,15,672
21048,2,15,15,672
21049,2,15,15,686
21050,2,15,15,686
21051,2,15,15,670
21052,2,15,15,603
21053,2,15,15,688
21054,2,15,15,55
21055,2,15,15,568
21056,2,15,15,678
21057,2,15,15,690
21058,2,15,15,667
21059,2,15,15,472
21060,2,15,15,670
21061,2,15,15,214
21062,2,15,15,685
21063,2,15,15,686
21064,2,15,15,684
21065,2,15,15,687
21066,2,15,4,657
21067,2,41,41,558
21068,2,15,15,687
21069,2,15,15,678
21070,2,15,15,677
21071,2,15,15,296
21072,2,15,15,644
21073,2,15,15,682
21074,2,15,15,685
21075,2,15,15,689
21076,2,15,15,604
21077,2,15,15,670
21078,2,15,15,668
21079,2,15,15,642
21080,2,15,15,637
21081,2,15,15,687
21082,2,15,15,686
21083,2,15,15,689
21084,2,15,15,640
21085,2,15,15,684
21086,2,4,4,628
21087,2,15,15,603
21088,2,15,15,686
21089,2,15,15,598
21090,2,15,15,674
21091,2,15,15,672
21092,2,15,15,687
21093,2,15,15,693
21094,2,15,15,579
21095,2,15,15,663
21096,2,15,15,686
21097,2,15,15,674
21098,2,15,15,679
21099,2,15,15,659
21100,2,15,15,677
21101,2,15,15,643
21102,2,15,15,651
21103,2,15,15,687
21104,2,15,15,674
21105,2,15,15,684
21106,2,15,15,679
21107,2,15,15,671
21108,2,15,15,420
21109,2,15,15,656
21110,2,39,39,685
21111,2,15,15,684
21112,2,21,15,570
21113,2,15,15,683
21114,2,15,3,617
21115,2,15,15,639
21116,2,15,15,683
21117,2,15,15,680
21118,2,15,15,72
21119,2,15,15,671
21120,2,15,15,588
21121,2,15,15,560
21122,2,21,15,683
21123,2,15,15,683
21124,2,15,15,677
21125,2,15,15,680
21126,2,4,4,586
21127,2,15,15,689
21128,2,15,15,667
21129,2,15,15,35
21130,2,15,15,143
21131,2,15,15,685
21132,2,15,15,679
21133,2,15,15,681
21134,2,15,15,682
21135,2,15,15,667
21136,2,15,15,657
21137,2,41,41,577
21138,2,3,3,668
21139,2,15,15,597
21140,2,15,15,652
21141,2,15,15,672
21142,2,15,15,655
21143,2,15,15,121
21144,2,15,15,549
21145,2,15,15,675
21146,2,15,15,684
21147,2,15,15,693
21148,2,15,15,696
21149,2,15,15,569
21150,2,15,15,635
21151,2,15,15,685
21152,2,15,15,686
21153,2,15,15,656
21154,2,15,15,679
21155,2,15,15,146
21156,2,15,15,622
21157,2,15,15,676
21158,2,15,15,695
21159,2,15,15,676
21160,2,4,15,644
21161,2,15,15,268
21162,2,21,15,270
21163,2,4,4,654
21164,2,15,15,635
21165,2,3,3,209
21166,2,15,15,686
21167,2,15,15,636
21168,2,15,15,651
21169,2,15,15,515
21170,2,15,15,682
21171,2,15,15,678
21172,2,15,15,665
21173,2,15,15,611
21174,2,15,15,686
21175,2,15,15,638
21176,2,15,15,682
21177,2,15,15,504
21178,2,15,15,483
21179,2,4,4,507
21180,2,15,15,578
21181,2,15,15,695
21182,2,15,15,683
21183,2,15,15,676
21184,2,15,15,194
21185,2,15,15,686
21186,2,15,15,568
21187,2,15,15,686
21188,2,15,15,661
21189,2,15,15,657
21190,2,15,15,130
21191,2,15,15,561
21192,2,15,15,629
21193,2,15,15,674
21194,2,15,15,458
21195,2,15,15,670
21196,2,15,15,664
21197,2,15,15,659
21198,2,15,15,632
21199,2,15,15,684
21200,2,15,15,660
21201,2,15,15,694
21202,2,15,15,674
21203,2,15,4,645
21204,2,15,15,552
21205,2,15,15,674
21206,2,15,15,655
21207,2,15,15,655
21208,2,15,15,688
21209,2,15,15,691
21210,2,15,15,681
21211,2,15,15,610
21212,2,15,15,677
21213,2,15,15,627
21214,2,15,15,683
21215,2,15,15,677
21216,2,15,15,628
21217,2,15,15,685
21218,2,15,15,675
21219,2,15,15,654
21220,2,15,15,690
21221,2,15,15,635
21222,2,15,15,653
21223,2,15,15,662
21224,2,15,15,607
21225,2,15,15,674
21226,2,15,15,684
21227,2,15,15,688
21228,2,15,15,683
21229,2,15,15,677
21230,2,15,15,680
21231,2,15,15,682
21232,2,15,15,665
21233,2,15,15,537
21234,2,15,15,638
21235,2,15,15,693
21236,2,15,15,600
21237,2,15,15,534
21238,2,41,41,642
21239,2,15,15,235
21240,2,15,15,682
21241,2,39,39,685
21242,2,15,15,340
21243,2,15,15,191
21244,2,15,15,622
21245,2,15,15,690
21246,2,15,15,619
21247,2,15,15,623
21248,2,15,15,192
21249,2,15,15,667
21250,2,15,15,655
21251,2,15,15,688
21252,2,15,15,659
21253,2,15,15,681
21254,2,15,15,683
21255,2,15,15,600
21256,2,15,15,677
21257,2,15,15,684
21258,2,41,41,77
21259,2,15,15,676
21260,2,15,15,673
21261,2,15,15,412
21262,2,15,15,636
21263,2,15,15,658
21264,2,15,15,687
21265,2,39,39,657
21266,2,15,15,691
21267,2,15,15,680
21268,2,15,15,662
21269,2,15,15,682
21270,2,15,15,657
21271,2,15,15,613
21272,2,21,15,661
21273,2,15,15,670
21274,2,15,15,669
21275,2,15,15,690
21276,2,15,15,529
21277,2,15,15,684
21278,2,15,15,159
21279,2,15,15,492
21280,2,15,15,685
21281,2,15,4,664
21282,2,15,15,680
21283,2,15,15,601
21284,2,15,15,672
21285,2,15,15,606
21286,2,15,15,675
21287,2,15,15,649
21288,2,15,15,685
21289,2,15,15,687
21290,2,15,15,414
21291,2,15,15,663
21292,2,15,15,664
21293,2,15,15,167
21294,2,15,15,409
21295,2,15,15,684
21296,2,15,15,671
21297,2,15,15,683
21298,2,15,15,662
21299,2,15,15,682
21300,2,15,15,526
21301,2,15,15,253
21302,2,15,15,685
21303,2,15,15,668
21304,2,15,15,531
21305,2,15,15,642
21306,2,15,15,588
21307,2,15,15,656
21308,2,15,15,676
21309,2,15,15,448
21310,2,15,15,134
21311,2,15,15,493
21312,2,15,15,627
21313,2,15,15,643
21314,2,15,15,683
21315,2,4,4,655
21316,2,15,15,688
21317,2,15,4,552
21318,2,15,15,683
21319,2,15,15,685
21320,2,15,15,673
21321,2,39,39,671
21322,2,15,15,593
21323,2,15,15,674
21324,2,15,15,684
21325,2,15,15,684
21326,2,15,15,606
21327,2,15,15,677
21328,2,15,15,684
21329,2,15,15,628
21330,2,4,4,277
21331,2,15,15,293
21332,2,15,15,614
21333,2,15,15,603
21334,2,15,15,686
21335,2,15,15,581
21336,2,15,15,665
21337,2,15,15,674
21338,2,15,15,562
21339,2,15,15,658
21340,2,15,15,604
21341,2,15,15,653
21342,2,15,15,665
21343,2,15,15,172
21344,2,15,4,681
21345,2,15,15,688
21346,2,15,15,672
21347,2,21,15,213
21348,2,15,15,675
21349,2,39,39,672
21350,2,15,15,372
21351,2,15,15,669
21352,2,15,15,665
21353,2,15,15,653
21354,2,15,15,223
21355,2,15,15,656
21356,2,15,15,685
21357,2,15,15,683
21358,2,15,15,671
21359,2,15,15,648
21360,2,15,15,686
21361,2,15,15,641
21362,2,15,15,688
21363,2,3,3,642
21364,2,15,15,666
21365,2,15,15,672
21366,2,15,4,686
21367,2,15,15,677
21368,2,15,15,678
21369,2,15,15,655
21370,2,15,15,690
21371,2,15,15,445
21372,2,15,15,667
21373,2,15,15,599
21374,2,15,15,685
21375,2,15,15,681
21376,2,15,15,621
21377,2,15,15,665
21378,2,15,15,689
21379,2,15,15,679
21380,2,15,15,512
21381,2,15,15,106
21382,2,15,15,657
21383,2,15,15,691
21384,2,15,15,689
21385,2,3,3,608
21386,2,15,15,667
21387,2,15,15,666
21388,2,15,15,683
21389,2,15,15,680
21390,2,15,15,662
21391,2,15,15,671
21392,2,15,15,693
21393,2,15,15,673
21394,2,4,4,644
21395,2,15,15,659
21396,2,15,15,530
21397,2,15,15,674
21398,2,15,15,686
21399,2,15,15,610
21400,2,15,15,681
21401,2,15,15,685
21402,2,15,15,679
21403,2,15,15,579
21404,2,15,15,677
21405,2,15,15,678
21406,2,15,15,679
21407,2,15,15,690
21408,2,15,15,684
21409,2,15,15,84
21410,2,3,3,8
21411,2,15,15,660
21412,2,15,15,670
21413,2,15,15,680
21414,2,15,15,552
21415,2,15,15,679
21416,2,15,15,687
21417,2,15,15,689
21418,2,15,15,691
21419,2,15,15,687
21420,2,15,15,680
21421,2,15,15,621
21422,2,3,3,343
21423,2,15,15,680
21424,2,15,15,665
21425,2,15,15,686
21426,2,15,15,696
21427,2,21,15,221
21428,2,15,15,498
21429,2,15,15,679
21430,2,4,4,617
21431,2,15,15,598
21432,2,15,15,635
21433,2,15,15,683
21434,2,15,15,668
21435,2,15,15,678
21436,2,15,15,683
21437,2,15,15,472
21438,2,15,15,687
21439,2,15,15,545
21440,2,15,15,638
21441,2,15,15,683
21442,2,15,15,684
21443,2,15,15,652
21444,2,15,15,686
21445,2,15,15,668
21446,2,15,15,660
21447,2,15,15,601
21448,2,15,15,685
21449,2,15,15,658
21450,2,15,15,657
21451,2,15,15,650
21452,2,15,15,682
21453,2,15,15,678
21454,2,15,15,686
21455,2,15,15,683
21456,2,15,15,664
21457,2,15,15,686
21458,2,15,15,680
21459,2,15,15,638
21460,2,15,15,690
21461,2,15,15,694
21462,2,15,15,550
21463,2,15,15,683
21464,2,15,15,440
21465,2,15,15,661
21466,2,15,15,639
21467,2,15,15,681
21468,2,15,15,668
21469,2,15,15,679
21470,2,15,15,691
21471,2,15,15,44
21472,2,15,15,629
21473,2,15,15,528
21474,2,15,15,691
21475,2,15,15,649
21476,2,15,15,669
21477,2,15,15,651
21478,2,15,15,404
21479,2,15,15,680
21480,2,15,15,688
21481,2,15,15,680
21482,2,15,15,668
21483,2,15,15,689
21484,2,15,15,687
21485,2,15,15,681
21486,2,15,15,680
21487,2,15,15,332
21488,2,15,15,652
21489,2,15,15,679
21490,2,15,15,691
21491,2,30,30,325
21492,2,15,15,687
21493,2,15,15,682
21494,2,15,15,611
21495,2,15,15,674
21496,2,15,15,674
21497,2,15,15,682
21498,2,15,15,259
21499,2,15,15,682
21500,2,15,15,397
21501,2,15,15,680
21502,2,15,15,684
21503,2,15,15,680
21504,2,15,15,687
21505,2,15,15,218
21506,2,9,9,684
21507,2,15,15,682
21508,2,15,15,218
21509,2,15,15,685
21510,2,15,15,164
21511,2,15,15,672
21512,2,15,15,674
21513,2,15,15,680
21514,2,15,15,661
21515,2,15,15,666
21516,2,15,15,682
21517,2,4,4,651
21518,2,15,15,665
21519,2,15,15,671
21520,2,4,4,650
21521,2,15,15,685
21522,2,15,15,686
21523,2,11,11,272
21524,2,15,15,663
21525,2,15,15,664
21526,2,15,15,671
21527,2,15,15,660
21528,2,15,15,675
21529,2,15,15,383
21530,2,15,15,688
21531,2,15,15,665
21532,2,15,15,676
21533,2,15,15,678
21534,2,15,15,607
21535,2,15,15,380
21536,2,15,15,651
21537,2,15,15,250
21538,2,15,15,657
21539,2,15,15,672
21540,2,15,15,665
21541,2,15,15,549
21542,2,15,15,660
21543,2,15,15,688
21544,2,15,15,686
21545,2,15,15,688
21546,2,41,41,693
21547,2,15,15,553
21548,2,15,15,683
21549,2,15,15,662
21550,2,15,15,163
21551,2,15,15,688
21552,2,15,15,673
21553,2,3,3,521
21554,2,15,15,671
21555,2,4,4,633
21556,2,15,15,692
21557,2,15,15,670
21558,2,4,4,655
21559,2,15,15,665
21560,2,15,15,650
21561,2,15,15,685
21562,2,4,4,573
21563,2,15,15,463
21564,2,15,15,680
21565,2,15,15,607
21566,2,15,15,429
21567,2,15,15,660
21568,2,15,15,683
21569,2,15,15,683
21570,2,15,15,532
21571,2,15,15,681
21572,2,15,15,697
21573,2,15,15,676
21574,2,15,15,588
21575,2,15,15,671
21576,2,15,15,672
21577,2,15,15,328
21578,2,21,15,419
21579,2,15,15,691
21580,2,15,15,682
21581,2,15,15,688
21582,2,15,15,686
21583,2,15,15,671
21584,2,15,15,671
21585,2,15,15,141
21586,2,15,15,678
21587,2,15,15,655
21588,2,15,15,685
21589,2,15,15,686
21590,2,15,15,683
21591,2,21,15,430
21592,2,21,15,684
21593,2,15,15,99
21594,2,15,15,692
21595,2,15,15,674
21596,2,15,15,469
21597,2,15,15,690
21598,2,15,15,692
21599,2,15,15,688
21600,2,15,15,657
21601,2,15,15,686
21602,2,15,15,682
21603,2,15,15,463
21604,2,4,4,678
21605,2,15,15,542
21606,2,15,4,672
21607,2,3,3,4
21608,2,15,15,686
21609,2,15,15,662
21610,2,15,15,673
21611,2,15,15,673
21612,2,15,15,676
21613,2,39,39,663
21614,2,15,15,677
21615,2,15,15,634
21616,2,15,15,692
21617,2,15,15,668
21618,2,15,15,663
21619,2,15,15,677
21620,2,15,15,674
21621,2,15,15,657
21622,2,15,15,598
21623,2,15,15,655
21624,2,15,15,657
21625,2,15,15,671
21626,2,15,15,619
21627,2,15,15,678
21628,2,15,15,668
21629,2,15,15,144
21630,2,15,15,91
21631,2,15,15,104
21632,2,15,15,653
21633,2,15,15,515
21634,2,15,15,499
21635,2,3,3,447
21636,2,15,15,670
21637,2,4,4,669
21638,2,15,15,689
21639,2,15,4,682
21640,2,15,15,666
21641,2,39,39,664
21642,2,15,15,111
21643,2,15,15,660
21644,2,4,4,550
21645,2,15,15,683
21646,2,15,15,613
21647,2,15,15,116
21648,2,15,15,659
21649,2,15,15,677
21650,2,4,4,678
21651,2,4,15,653
21652,2,15,15,692
21653,2,15,15,631
21654,2,15,3,38
21655,2,15,15,505
21656,2,39,39,680
21657,2,15,15,658
21658,2,15,15,671
21659,2,15,15,663
21660,2,15,15,638
21661,2,15,15,695
21662,2,15,15,673
21663,2,15,15,484
21664,2,15,15,686
21665,2,15,15,683
21666,2,15,15,681
21667,2,15,15,488
21668,2,15,15,679
21669,2,15,15,598
21670,2,15,15,671
21671,2,15,15,663
21672,2,15,15,649
21673,2,15,15,687
21674,2,15,15,612
21675,2,15,15,265
21676,2,41,41,652
21677,2,15,15,683
21678,2,15,15,685
21679,2,15,15,669
21680,2,15,15,684
21681,2,39,39,635
21682,2,15,15,653
21683,2,15,15,608
21684,2,21,15,299
21685,2,15,15,674
21686,2,15,15,689
21687,2,15,15,683
21688,2,15,15,668
21689,2,15,15,544
21690,2,15,15,679
21691,2,15,15,686
21692,2,15,15,670
21693,2,15,15,683
21694,2,15,15,684
21695,2,15,15,414
21696,2,15,15,677
21697,2,15,15,633
21698,2,4,4,675
21699,2,15,15,687
21700,2,15,15,585
21701,2,15,15,615
21702,2,15,15,684
21703,2,39,39,689
21704,2,15,15,692
21705,2,21,15,271
21706,2,41,41,673
21707,2,15,15,693
21708,2,15,15,683
21709,2,15,15,686
21710,2,15,15,32
21711,2,15,15,688
21712,2,15,15,687
21713,2,41,15,681
21714,2,15,15,661
21715,2,15,15,669
21716,2,15,15,683
21717,2,15,15,672
21718,2,15,15,676
21719,2,15,15,636
21720,2,3,3,624
21721,2,15,15,669
21722,2,4,15,651
21723,2,15,15,241
21724,2,15,15,664
21725,2,15,15,672
21726,2,15,15,666
21727,2,15,15,684
21728,2,3,3,93
21729,2,3,3,607
21730,2,15,15,229
21731,2,15,15,655
21732,2,15,15,652
21733,2,41,41,686
21734,2,15,15,675
21735,2,21,21,464
21736,2,15,15,686
21737,2,15,15,669
21738,2,15,15,626
21739,2,15,15,664
21740,2,15,15,692
21741,2,15,15,679
21742,2,15,15,668
21743,2,15,4,605
21744,2,39,39,654
21745,2,15,15,688
21746,2,15,15,668
21747,2,15,15,688
21748,2,15,15,688
21749,2,15,15,31
21750,2,15,15,676
21751,2,15,15,674
21752,2,15,15,657
21753,2,15,15,686
21754,2,4,4,581
21755,2,15,15,687
21756,2,15,15,691
21757,2,21,21,554
21758,2,15,15,657
21759,2,15,15,682
21760,2,15,15,653
21761,2,15,15,50
21762,2,15,15,43
21763,2,15,15,686
21764,2,15,15,685
21765,2,39,39,686
21766,2,15,15,545
21767,2,15,15,685
21768,2,15,15,645
21769,2,15,15,684
21770,2,15,15,615
21771,2,15,15,682
21772,2,15,15,676
21773,2,15,15,679
21774,2,15,15,686
21775,2,15,15,674
21776,2,15,15,654
21777,2,15,15,683
21778,2,15,15,685
21779,2,15,15,652
21780,2,15,15,669
21781,2,15,15,697
21782,2,15,15,681
21783,2,15,15,634
21784,2,15,15,674
21785,2,15,15,669
21786,2,15,15,636
21787,2,15,15,671
21788,2,15,15,650
21789,2,15,15,582
21790,2,15,15,664
21791,2,15,15,480
21792,2,4,4,668
21793,2,15,15,685
21794,2,15,15,683
21795,2,15,15,343
21796,2,15,15,654
21797,2,15,15,685
21798,2,15,15,687
21799,2,15,15,639
21800,2,15,15,683
21801,2,15,15,674
21802,2,15,15,675
21803,2,15,15,254
21804,2,15,15,690
21805,2,15,15,672
21806,2,15,15,660
21807,2,15,15,684
21808,2,4,4,448
21809,2,15,15,182
21810,2,15,15,443
21811,2,15,15,434
21812,2,15,15,653
21813,2,15,15,686
21814,2,15,15,617
21815,2,15,15,685
21816,2,15,15,678
21817,2,15,15,672
21818,2,15,15,631
21819,2,15,15,570
21820,2,15,15,675
21821,2,41,15,578
21822,2,15,15,687
21823,2,15,15,157
21824,2,15,15,639
21825,2,15,15,689
21826,2,15,15,652
21827,2,15,15,676
21828,2,15,15,686
21829,2,15,15,658
21830,2,15,15,682
21831,2,15,15,90
21832,2,15,15,674
21833,2,4,4,371
21834,2,15,15,683
21835,2,15,15,672
21836,2,15,15,572
21837,2,15,15,672
21838,2,15,15,617
21839,2,15,15,236
21840,2,15,15,608
21841,2,15,15,651
21842,2,15,15,102
21843,2,15,15,660
21844,2,15,15,640
21845,2,15,15,507
21846,2,15,15,674
21847,2,15,15,631
21848,2,15,15,672
21849,2,4,4,478
21850,2,15,15,646
21851,2,15,15,680
21852,2,15,15,21
21853,2,15,15,675
21854,2,15,15,677
21855,2,15,15,641
21856,2,15,15,656
21857,2,15,15,668
21858,2,15,15,600
21859,2,15,15,674
21860,2,15,15,576
21861,2,21,21,363
21862,2,15,15,688
21863,2,15,15,686
21864,2,15,15,687
21865,2,15,15,618
21866,2,4,4,211
21867,2,15,15,683
21868,2,15,15,528
21869,2,15,15,519
21870,2,15,15,619
21871,2,15,15,686
21872,2,15,15,653
21873,2,15,15,617
21874,2,15,15,639
21875,2,39,39,689
21876,2,15,15,688
21877,2,15,15,636
21878,2,21,15,248
21879,2,15,15,679
21880,2,15,15,674
21881,2,15,15,689
21882,2,15,3,276
21883,2,15,15,464
21884,2,15,15,379
21885,2,15,15,663
21886,2,15,15,666
21887,2,15,15,682
21888,2,15,15,611
21889,2,15,15,681
21890,2,4,4,677
21891,2,15,15,684
21892,2,15,15,678
21893,2,15,15,597
21894,2,15,15,685
21895,2,15,15,660
21896,2,15,15,665
21897,2,15,15,660
21898,2,15,15,424
21899,2,15,15,686
21900,2,15,15,248
21901,2,4,4,653
21902,2,15,15,682
21903,2,15,15,671
21904,2,39,39,663
21905,2,15,15,675
21906,2,15,15,575
21907,2,15,15,671
21908,2,15,15,647
21909,2,15,15,687
21910,2,15,15,673
21911,2,39,39,617
21912,2,15,15,664
21913,2,15,15,666
21914,2,41,41,679
21915,2,15,15,665
21916,2,15,15,637
21917,2,15,15,692
21918,2,15,15,677
21919,2,15,15,695
21920,2,15,15,539
21921,2,3,3,577
21922,2,15,15,660
21923,2,15,15,672
21924,2,15,15,676
21925,2,15,15,689
21926,2,15,15,654
21927,2,21,15,641
21928,2,15,15,679
21929,2,15,15,689
21930,2,15,15,680
21931,2,15,15,685
21932,2,41,41,317
21933,2,15,15,686
21934,2,15,15,694
21935,2,15,15,686
21936,2,15,15,684
21937,2,15,15,640
21938,2,15,15,666
21939,2,4,4,438
21940,2,15,15,536
21941,2,15,15,373
21942,2,15,15,638
21943,2,15,15,656
21944,2,15,15,665
21945,2,15,15,638
21946,2,15,15,675
21947,2,15,15,627
21948,2,4,4,557
21949,2,4,4,603
21950,2,15,15,682
21951,2,15,15,634
21952,2,21,15,294
21953,2,15,15,674
21954,2,15,15,686
21955,2,15,15,213
21956,2,15,15,686
21957,2,15,15,659
21958,2,15,15,678
21959,2,15,15,613
21960,2,15,15,680
21961,2,15,15,665
21962,2,15,15,673
21963,2,15,15,459
21964,2,15,15,689
21965,2,15,15,636
21966,2,15,15,681
21967,2,21,21,630
21968,2,15,15,237
21969,2,15,15,43
21970,2,15,15,676
21971,2,15,15,685
21972,2,15,15,651
21973,2,15,15,684
21974,2,15,15,680
21975,2,15,15,681
21976,2,4,4,12
21977,2,15,15,105
21978,2,15,15,685
21979,2,15,15,692
21980,2,15,15,248
21981,2,15,15,680
21982,2,15,15,281
21983,2,15,15,690
21984,2,15,15,679
21985,2,15,15,666
21986,2,15,15,686
21987,2,41,41,655
21988,2,15,15,651
21989,2,15,15,643
21990,2,15,15,694
21991,2,15,15,533
21992,2,21,15,689
21993,2,15,15,690
21994,2,15,15,521
21995,2,15,15,681
21996,2,15,15,682
21997,2,41,41,676
21998,2,15,15,581
21999,2,15,15,676
22000,2,15,15,679
22001,2,15,15,651
22002,2,15,15,680
22003,2,15,15,610
22004,2,15,15,686
22005,2,15,15,684
22006,2,15,15,605
22007,2,15,15,610
22008,2,15,15,633
22009,2,15,15,672
22010,2,15,15,675
22011,2,15,15,690
22012,2,4,4,586
22013,2,15,15,685
22014,2,15,15,358
22015,2,15,15,687
22016,2,15,15,56
22017,2,15,15,677
22018,2,15,15,235
22019,2,15,15,685
22020,2,15,15,688
22021,2,15,15,644
22022,2,15,15,657
22023,2,15,15,661
22024,2,15,15,688
22025,2,15,15,683
22026,2,41,41,652
22027,2,15,15,690
22028,2,3,3,633
22029,2,15,15,688
22030,2,15,15,237
22031,2,15,15,675
22032,2,15,15,627
22033,2,15,15,581
22034,2,15,15,625
22035,2,15,15,693
22036,2,15,15,692
22037,2,15,15,672
22038,2,15,15,691
22039,2,15,15,677
22040,2,15,15,678
22041,2,15,15,677
22042,2,15,15,659
22043,2,15,15,684
22044,2,15,15,658
22045,2,15,15,667
22046,2,15,15,621
22047,2,15,15,684
22048,2,15,15,678
22049,2,21,15,689
22050,2,15,15,689
22051,2,15,15,574
22052,2,15,15,646
22053,2,15,15,287
22054,2,15,15,619
22055,2,15,15,512
22056,2,15,15,685
22057,2,15,15,473
22058,2,15,15,631
22059,2,15,15,476
22060,2,15,4,681
22061,2,15,15,625
22062,2,15,15,694
22063,2,4,4,536
22064,2,15,15,660
22065,2,15,15,589
22066,2,15,15,529
22067,2,15,15,643
22068,2,15,15,689
22069,2,15,15,580
22070,2,15,15,684
22071,2,15,15,658
22072,2,4,4,628
22073,2,15,15,637
22074,2,15,15,563
22075,2,15,15,682
22076,2,15,15,622
22077,2,15,15,170
22078,2,15,15,689
22079,2,15,15,612
22080,2,15,15,687
22081,2,15,15,686
22082,2,15,15,689
22083,2,15,15,600
22084,2,15,15,659
22085,2,24,24,607
22086,2,15,15,676
22087,2,15,15,687
22088,2,15,15,690
22089,2,15,15,643
22090,2,15,15,667
22091,2,15,15,676
22092,2,15,15,538
22093,2,15,15,608
22094,2,15,15,681
22095,2,15,15,620
22096,2,15,15,202
22097,2,15,15,681
22098,2,15,15,691
22099,2,15,15,660
22100,2,15,15,674
22101,2,15,15,656
22102,2,15,15,635
22103,2,15,15,676
22104,2,15,15,684
22105,2,15,15,678
22106,2,15,15,284
22107,2,15,15,672
22108,2,15,15,513
22109,2,4,4,686
22110,2,15,15,661
22111,2,15,15,684
22112,2,15,15,687
22113,2,15,15,687
22114,2,15,15,684
22115,2,15,15,684
22116,2,15,15,585
22117,2,15,15,687
22118,2,15,15,50
22119,2,15,15,258
22120,2,15,15,685
22121,2,15,15,690
22122,2,15,15,646
22123,2,15,15,677
22124,2,15,15,690
22125,2,15,15,625
22126,2,15,15,610
22127,2,15,15,657
22128,2,15,15,680
22129,2,15,15,682
22130,2,15,15,669
22131,2,15,15,642
22132,2,15,15,686
22133,2,15,15,676
22134,2,15,15,673
22135,2,15,15,270
22136,2,15,15,431
22137,2,15,15,685
22138,2,15,15,622
22139,2,15,15,691
22140,2,15,15,585
22141,2,15,15,645
22142,2,15,15,617
22143,2,15,15,492
22144,2,15,15,675
22145,2,15,15,686
22146,2,15,15,158
22147,2,15,15,693
22148,2,15,15,687
22149,2,3,3,507
22150,2,15,15,687
22151,2,15,15,684
22152,2,15,15,674
22153,2,15,15,682
22154,2,15,15,621
22155,2,15,15,660
22156,2,15,15,668
22157,2,15,15,650
22158,2,15,15,661
22159,2,15,15,676
22160,2,15,15,691
22161,2,15,15,512
22162,2,15,15,671
22163,2,15,15,569
22164,2,15,15,678
22165,2,15,15,691
22166,2,15,15,536
22167,2,15,15,435
22168,2,15,15,673
22169,2,15,15,618
22170,2,15,15,692
22171,2,15,15,692
22172,2,15,15,502
22173,2,15,15,662
22174,2,15,15,688
22175,2,15,15,651
22176,2,15,15,673
22177,2,15,15,661
22178,2,15,15,685
22179,2,15,15,667
22180,2,15,15,625
22181,2,15,15,380
22182,2,21,15,612
22183,2,15,15,604
22184,2,15,15,669
22185,2,15,15,687
22186,2,15,15,676
22187,2,15,15,649
22188,2,15,15,670
22189,2,15,15,686
22190,2,4,4,388
22191,2,15,15,686
22192,2,15,15,642
22193,2,15,15,679
22194,2,15,15,654
22195,2,15,15,684
22196,2,15,15,685
22197,2,15,15,685
22198,2,15,15,684
22199,2,15,15,679
22200,2,15,15,688
22201,2,15,15,414
22202,2,15,15,663
22203,2,15,15,587
22204,2,39,39,689
22205,2,15,15,676
22206,2,4,15,687
22207,2,15,15,687
22208,2,15,15,689
22209,2,15,15,681
22210,2,15,15,664
22211,2,4,4,576
22212,2,15,15,681
22213,2,15,15,681
22214,2,15,15,316
22215,2,15,15,687
22216,2,15,15,594
22217,2,15,15,492
22218,2,15,15,678
22219,2,15,15,655
22220,2,15,15,674
22221,2,15,15,677
22222,2,15,15,647
22223,2,15,15,679
22224,2,15,15,665
22225,2,15,15,437
22226,2,15,15,529
22227,2,15,15,466
22228,2,15,15,596
22229,2,15,15,677
22230,2,15,15,585
22231,2,15,15,476
22232,2,15,15,696
22233,2,15,15,644
22234,2,15,15,665
22235,2,15,15,537
22236,2,15,15,681
22237,2,15,15,680
22238,2,15,15,687
22239,2,15,15,249
22240,2,15,15,688
22241,2,15,15,658
22242,2,15,15,687
22243,2,15,15,527
22244,2,15,15,626
22245,2,15,15,548
22246,2,15,15,658
22247,2,15,15,663
22248,2,15,15,682
22249,2,15,15,667
22250,2,15,15,670
22251,2,15,15,423
22252,2,3,4,409
22253,2,15,15,676
22254,2,15,4,676
22255,2,15,15,643
22256,2,15,15,683
22257,2,15,15,178
22258,2,15,15,674
22259,2,15,15,666
22260,2,15,15,680
22261,2,15,15,619
22262,2,15,15,675
22263,2,15,4,658
22264,2,15,15,400
22265,2,15,15,675
22266,2,4,4,507
22267,2,15,15,470
22268,2,15,15,680
22269,2,15,15,637
22270,2,15,15,361
22271,2,15,15,684
22272,2,15,15,625
22273,2,15,15,681
22274,2,15,15,683
22275,2,15,15,585
22276,2,15,15,676
22277,2,15,15,560
22278,2,15,15,681
22279,2,15,15,662
22280,2,15,15,674
22281,2,15,15,573
22282,2,15,15,673
22283,2,15,15,660
22284,2,15,15,604
22285,2,15,15,673
22286,2,15,15,688
22287,2,15,15,302
22288,2,15,15,685
22289,2,15,15,601
22290,2,15,15,546
22291,2,15,15,686
22292,2,15,15,676
22293,2,15,15,671
22294,2,15,15,682
22295,2,15,15,643
22296,2,15,15,256
22297,2,15,15,555
22298,2,15,15,291
22299,2,15,15,685
22300,2,15,15,694
22301,2,15,15,628
22302,2,41,41,668
22303,2,15,15,677
22304,2,15,15,651
22305,2,4,15,675
22306,2,15,15,686
22307,2,15,15,547
22308,2,15,15,529
22309,2,15,15,678
22310,2,15,15,642
22311,2,4,4,564
22312,2,15,15,677
22313,2,15,15,667
22314,2,15,15,677
22315,2,15,15,678
22316,2,15,15,642
22317,2,15,15,686
22318,2,15,15,682
22319,2,15,15,334
22320,2,3,3,371
22321,2,15,15,678
22322,2,15,15,665
22323,2,15,15,686
22324,2,15,15,664
22325,2,15,3,665
22326,2,15,15,685
22327,2,15,15,683
22328,2,24,24,659
22329,2,15,15,653
22330,2,15,4,686
22331,2,15,15,651
22332,2,24,24,682
22333,2,15,15,681
22334,2,15,15,682
22335,2,15,15,684
22336,2,15,15,683
22337,2,15,15,490
22338,2,15,15,543
22339,2,15,15,686
22340,2,15,15,677
22341,2,15,15,679
22342,2,15,15,687
22343,2,15,15,685
22344,2,15,15,677
22345,2,15,15,690
22346,2,15,15,172
22347,2,39,39,686
22348,2,15,15,686
22349,2,15,15,684
22350,2,9,9,687
22351,2,15,15,664
22352,2,15,15,682
22353,2,15,15,504
22354,2,15,15,162
22355,2,15,15,686
22356,2,15,15,676
22357,2,15,15,676
22358,2,15,15,661
22359,2,15,15,681
22360,2,4,4,594
22361,2,15,15,678
22362,2,4,4,564
22363,2,15,15,665
22364,2,15,15,686
22365,2,15,15,677
22366,2,15,15,694
22367,2,15,15,124
22368,2,41,41,685
22369,2,15,15,679
22370,2,39,39,668
22371,2,4,4,495
22372,2,15,15,664
22373,2,15,15,47
22374,2,15,15,690
22375,2,15,15,681
22376,2,4,4,568
22377,2,15,15,654
22378,2,15,15,696
22379,2,15,15,541
22380,2,15,15,683
22381,2,15,15,690
22382,2,15,15,684
22383,2,4,4,645
22384,2,15,15,685
22385,2,15,15,668
22386,2,15,15,665
22387,2,15,15,685
22388,2,15,15,568
22389,2,15,15,693
22390,2,15,15,643
22391,2,15,15,625
22392,2,4,4,584
22393,2,15,15,664
22394,2,15,15,681
22395,2,15,15,334
22396,2,15,15,499
22397,2,15,15,689
22398,2,4,4,681
22399,2,15,15,665
22400,2,15,15,690
22401,2,15,15,684
22402,2,15,15,686
22403,2,4,4,616
22404,2,15,15,674
22405,2,15,15,630
22406,2,15,15,684
22407,2,15,15,650
22408,2,15,15,649
22409,2,15,15,562
22410,2,15,15,423
22411,2,15,15,688
22412,2,15,15,644
22413,2,15,15,683
22414,2,15,15,674
22415,2,15,15,688
22416,2,15,15,616
22417,2,15,15,547
22418,2,15,15,670
22419,2,15,15,648
22420,2,4,4,650
22421,2,15,15,658
22422,2,15,15,668
22423,2,15,15,682
22424,2,15,15,677
22425,2,15,15,689
22426,2,15,15,630
22427,2,15,15,685
22428,2,15,15,689
22429,2,15,15,680
22430,2,15,15,632
22431,2,15,15,688
22432,2,15,15,687
22433,2,15,15,689
22434,2,15,15,685
22435,2,15,15,663
22436,2,15,3,687
22437,2,15,4,631
22438,2,15,15,362
22439,2,15,15,689
22440,2,15,15,663
22441,2,15,15,686
22442,2,15,15,627
22443,2,15,15,677
22444,2,41,41,669
22445,2,15,15,671
22446,2,15,15,686
22447,2,15,15,695
22448,2,15,15,682
22449,2,15,15,678
22450,2,15,15,578
22451,2,15,15,682
22452,2,15,15,687
22453,2,15,15,630
22454,2,15,15,689
22455,2,15,15,660
22456,2,15,15,686
22457,2,15,15,566
22458,2,15,15,688
22459,2,4,4,687
22460,2,15,15,688
22461,2,15,15,680
22462,2,15,15,181
22463,2,15,15,666
22464,2,15,15,680
22465,2,15,15,689
22466,2,15,15,624
22467,2,15,15,672
22468,2,21,15,548
22469,2,15,15,688
22470,2,15,15,420
22471,2,15,15,686
22472,2,15,15,676
22473,2,12,12,531
22474,2,15,15,678
22475,2,15,15,686
22476,2,15,15,624
22477,2,15,15,685
22478,2,4,4,645
22479,2,15,15,651
22480,2,15,15,680
22481,2,15,15,666
22482,2,15,15,659
22483,2,15,15,688
22484,2,15,15,684
22485,2,39,39,677
22486,2,15,15,682
22487,2,12,12,603
22488,2,15,15,92
22489,2,15,15,269
22490,2,15,15,688
22491,2,15,15,633
22492,2,15,15,630
22493,2,15,15,497
22494,2,15,15,684
22495,2,15,15,676
22496,2,15,15,474
22497,2,15,15,519
22498,2,15,15,660
22499,2,15,15,653
22500,2,41,41,691
22501,2,15,15,257
22502,2,15,15,676
22503,2,15,15,668
22504,2,15,15,681
22505,2,15,15,23
22506,2,15,15,637
22507,2,15,15,679
22508,2,15,15,685
22509,2,15,15,118
22510,2,15,15,679
22511,2,15,4,675
22512,2,15,15,671
22513,2,15,15,687
22514,2,15,15,668
22515,2,4,4,368
22516,2,15,15,586
22517,2,15,15,686
22518,2,41,41,670
22519,2,15,15,671
22520,2,15,15,688
22521,2,15,15,678
22522,2,15,15,594
22523,2,15,15,615
22524,2,15,15,675
22525,2,15,15,613
22526,2,15,15,681
22527,2,15,15,680
22528,2,15,15,681
22529,2,15,15,679
22530,2,15,15,153
22531,2,15,15,693
22532,2,15,15,319
22533,2,15,15,688
22534,2,15,15,690
22535,2,15,15,681
22536,2,15,15,542
22537,2,15,15,686
22538,2,15,15,575
22539,2,15,15,690
22540,2,3,3,517
22541,2,15,15,552
22542,2,15,15,638
22543,2,15,15,686
22544,2,15,15,672
22545,2,15,15,686
22546,2,15,15,690
22547,2,15,15,687
22548,2,15,15,676
22549,2,15,15,686
22550,2,15,15,642
22551,2,15,15,627
22552,2,15,15,649
22553,2,21,4,657
22554,2,15,15,690
22555,2,15,15,594
22556,2,21,15,25
22557,2,15,15,412
22558,2,15,15,459
22559,2,15,15,667
22560,2,15,15,659
22561,2,15,15,669
22562,2,15,15,666
22563,2,15,15,665
22564,2,15,15,639
22565,2,15,15,672
22566,2,15,15,541
22567,2,15,15,368
22568,2,15,15,670
22569,2,15,15,673
22570,2,15,15,676
22571,2,15,15,685
22572,2,15,15,671
22573,2,15,15,677
22574,2,4,4,580
22575,2,15,15,671
22576,2,15,15,652
22577,2,15,15,679
22578,2,15,15,607
22579,2,21,15,643
22580,2,15,15,188
22581,2,15,15,685
22582,2,15,15,690
22583,2,15,15,567
22584,2,15,15,685
22585,2,15,15,666
22586,2,15,15,33
22587,2,15,4,643
22588,2,15,15,544
22589,2,15,15,677
22590,2,15,15,683
22591,2,15,15,568
22592,2,15,15,679
22593,2,15,15,659
22594,2,15,15,664
22595,2,15,15,669
22596,2,15,15,657
22597,2,15,15,306
22598,2,15,15,688
22599,2,15,15,673
22600,2,15,15,663
22601,2,15,15,660
22602,2,15,15,633
22603,2,15,15,118
22604,2,15,15,684
22605,2,15,15,673
22606,2,41,15,648
22607,2,15,15,684
22608,2,15,15,552
22609,2,15,15,415
22610,2,15,15,514
22611,2,15,15,667
22612,2,15,15,687
22613,2,4,15,646
22614,2,15,15,627
22615,2,41,41,631
22616,2,15,15,686
22617,2,15,15,684
22618,2,15,15,679
22619,2,15,15,595
22620,2,15,15,422
22621,2,15,15,679
22622,2,15,15,687
22623,2,15,15,644
22624,2,15,15,614
22625,2,15,15,675
22626,2,15,15,690
22627,2,15,15,688
22628,2,15,15,543
22629,2,4,4,83
22630,2,15,15,552
22631,2,15,15,685
22632,2,15,15,688
22633,2,15,15,601
22634,2,15,21,673
22635,2,15,15,548
22636,2,15,15,667
22637,2,15,15,668
22638,2,15,15,662
22639,2,15,15,690
22640,2,4,4,532
22641,2,15,15,674
22642,2,15,15,309
22643,2,15,15,685
22644,2,15,15,644
22645,2,15,15,696
22646,2,15,15,646
22647,2,15,15,614
22648,2,15,15,684
22649,2,15,15,678
22650,2,15,15,677
22651,2,15,15,688
22652,2,15,15,230
22653,2,15,15,625
22654,2,15,15,455
22655,2,41,15,613
22656,2,41,41,611
22657,2,15,15,667
22658,2,15,15,678
22659,2,15,15,687
22660,2,15,15,683
22661,2,15,15,641
22662,2,9,9,477
22663,2,15,15,670
22664,2,15,15,676
22665,2,15,15,673
22666,2,15,15,683
22667,2,15,15,682
22668,2,4,4,497
22669,2,15,15,681
22670,2,15,15,683
22671,2,41,41,393
22672,2,15,15,684
22673,2,15,15,670
22674,2,15,15,678
22675,2,15,15,680
22676,2,15,15,672
22677,2,15,15,320
22678,2,15,15,679
22679,2,15,15,518
22680,2,15,15,674
22681,2,15,15,410
22682,2,15,15,653
22683,2,15,15,547
22684,2,15,15,682
22685,2,15,15,686
22686,2,4,4,636
22687,2,15,15,655
22688,2,15,15,679
22689,2,15,15,621
22690,2,15,15,667
22691,2,15,15,669
22692,2,15,15,696
22693,2,15,15,674
22694,2,15,15,515
22695,2,15,15,689
22696,2,15,15,681
22697,2,15,15,661
22698,2,15,15,687
22699,2,15,15,685
22700,2,15,15,674
22701,2,15,15,683
22702,2,15,15,683
22703,2,15,15,687
22704,2,41,41,678
22705,2,15,15,575
22706,2,15,15,317
22707,2,15,15,670
22708,2,15,15,688
22709,2,15,15,645
22710,2,15,15,687
22711,2,15,15,120
22712,2,15,15,684
22713,2,15,15,679
22714,2,15,15,690
22715,2,15,15,660
22716,2,15,15,684
22717,2,15,15,608
22718,2,15,15,686
22719,2,15,15,598
22720,2,15,15,674
22721,2,15,15,688
22722,2,15,15,685
22723,2,15,15,684
22724,2,15,15,676
22725,2,15,15,169
22726,2,15,15,114
22727,2,15,15,666
22728,2,15,15,686
22729,2,15,15,466
22730,2,15,15,689
22731,2,15,15,683
22732,2,15,15,646
22733,2,15,15,655
22734,2,15,15,668
22735,2,4,4,631
22736,2,15,15,689
22737,2,21,15,414
22738,2,15,15,686
22739,2,41,41,489
22740,2,15,15,679
22741,2,15,15,679
22742,2,15,15,675
22743,2,15,15,660
22744,2,15,15,678
22745,2,15,15,505
22746,2,15,15,682
22747,2,15,15,474
22748,2,15,15,673
22749,2,15,15,688
22750,2,15,15,691
22751,2,4,4,671
22752,2,15,15,661
22753,2,15,15,694
22754,2,15,15,686
22755,2,15,15,681
22756,2,15,15,257
22757,2,15,15,338
22758,2,4,4,390
22759,2,15,15,113
22760,2,15,15,81
22761,2,15,15,689
22762,2,12,12,636
22763,2,15,15,512
22764,2,15,15,682
22765,2,15,15,676
22766,2,15,15,684
22767,2,15,15,692
22768,2,15,15,676
22769,2,15,15,690
22770,2,15,15,686
22771,2,15,15,685
22772,2,15,15,692
22773,2,15,15,666
22774,2,15,15,680
22775,2,15,15,651
22776,2,15,15,682
22777,2,15,15,684
22778,2,15,15,660
22779,2,15,15,127
22780,2,15,15,680
22781,2,4,4,539
22782,2,15,15,484
22783,2,4,4,325
22784,2,15,15,679
22785,2,15,15,296
22786,2,15,15,682
22787,2,15,15,687
22788,2,15,15,673
22789,2,15,15,432
22790,2,15,15,577
22791,2,15,15,520
22792,2,15,15,444
22793,2,15,15,688
22794,2,15,15,686
22795,2,15,15,665
22796,2,15,15,682
22797,2,15,15,665
22798,2,15,15,685
22799,2,39,39,685
22800,2,15,15,683
22801,2,15,15,687
22802,2,15,15,682
22803,2,15,15,681
22804,2,15,15,254
22805,2,4,4,27
22806,2,15,15,684
22807,2,15,15,685
22808,2,15,15,680
22809,2,15,15,688
22810,2,41,41,685
22811,2,15,15,656
22812,2,15,15,687
22813,2,15,15,128
22814,2,20,20,36
22815,2,15,15,641
22816,2,15,15,636
22817,2,15,15,682
22818,2,15,15,685
22819,2,15,15,680
22820,2,15,15,689
22821,2,15,15,674
22822,2,15,15,685
22823,2,15,15,505
22824,2,15,15,287
22825,2,21,15,654
22826,2,15,15,683
22827,2,15,15,678
22828,2,15,15,685
22829,2,4,4,642
22830,2,15,15,693
22831,2,4,4,600
22832,2,15,15,663
22833,2,15,15,686
22834,2,15,15,661
22835,2,4,4,683
22836,2,15,15,667
22837,2,15,15,663
22838,2,15,15,680
22839,2,15,15,654
22840,2,15,15,672
22841,2,4,4,295
22842,2,4,4,638
22843,2,15,15,690
22844,2,15,15,685
22845,2,15,15,196
22846,2,15,15,678
22847,2,3,3,540
22848,2,15,15,682
22849,2,15,15,605
22850,2,15,15,679
22851,2,15,15,686
22852,2,15,15,665
22853,2,15,15,554
22854,2,15,15,683
22855,2,15,15,418
22856,2,15,15,638
22857,2,15,15,633
22858,2,15,15,677
22859,2,15,15,685
22860,2,24,4,181
22861,2,15,15,674
22862,2,15,15,693
22863,2,15,15,640
22864,2,15,3,33
22865,2,15,15,653
22866,2,15,15,667
22867,2,15,15,656
22868,2,15,15,617
22869,2,15,15,670
22870,2,15,15,421
22871,2,15,15,659
22872,2,15,15,683
22873,2,15,15,642
22874,2,15,15,673
22875,2,15,15,682
22876,2,15,15,685
22877,2,15,15,669
22878,2,15,15,636
22879,2,15,15,683
22880,2,4,4,429
22881,2,15,15,664
22882,2,15,15,208
22883,2,15,15,654
22884,2,15,15,694
22885,2,15,15,668
22886,2,15,15,685
22887,2,15,15,53
22888,2,15,15,661
22889,2,15,15,692
22890,2,15,15,685
22891,2,15,15,208
22892,2,15,15,659
22893,2,15,15,604
22894,2,41,41,670
22895,2,15,15,681
22896,2,15,15,571
22897,2,15,15,667
22898,2,15,15,679
22899,2,15,15,352
22900,2,15,15,663
22901,2,15,15,638
22902,2,15,15,170
22903,2,15,15,656
22904,2,15,15,687
22905,2,15,15,681
22906,2,15,15,663
22907,2,15,15,682
22908,2,41,41,683
22909,2,15,15,686
22910,2,4,15,649
22911,2,15,15,668
22912,2,15,15,682
22913,2,15,15,686
22914,2,15,15,637
22915,2,15,15,667
22916,2,15,15,650
22917,2,15,15,684
22918,2,15,15,569
22919,2,21,21,603
22920,2,15,15,506
22921,2,15,15,665
22922,2,15,15,680
22923,2,15,15,529
22924,2,15,15,664
22925,2,15,15,676
22926,2,15,15,296
22927,2,15,15,687
22928,2,15,15,596
22929,2,15,15,580
22930,2,15,15,689
22931,2,21,11,343
22932,2,15,15,665
22933,2,15,15,692
22934,2,15,15,658
22935,2,3,3,88
22936,2,15,15,673
22937,2,15,15,685
22938,2,4,4,642
22939,2,15,15,677
22940,2,15,15,659
22941,2,15,15,626
22942,2,15,15,649
22943,2,15,15,674
22944,2,15,15,674
22945,2,15,15,667
22946,2,15,15,599
22947,2,15,15,685
22948,2,15,15,665
22949,2,15,15,632
22950,2,15,4,567
22951,2,15,15,680
22952,2,15,15,686
22953,2,21,15,692
22954,2,15,15,672
22955,2,15,15,660
22956,2,15,15,680
22957,2,15,15,655
22958,2,15,15,692
22959,2,15,15,640
22960,2,15,15,662
22961,2,15,15,681
22962,2,15,15,667
22963,2,15,15,585
22964,2,15,4,670
22965,2,15,15,687
22966,2,15,15,672
22967,2,3,3,537
22968,2,15,15,687
22969,2,15,15,647
22970,2,15,15,678
22971,2,15,15,679
22972,2,15,15,691
22973,2,15,15,671
22974,2,15,15,684
22975,2,15,15,688
22976,2,15,4,677
22977,2,15,15,686
22978,2,15,15,582
22979,2,15,15,682
22980,2,15,15,592
22981,2,15,15,59
22982,2,15,15,662
22983,2,15,15,685
22984,2,15,15,647
22985,2,15,15,682
22986,2,15,15,683
22987,2,15,15,684
22988,2,15,15,520
22989,2,15,15,679
22990,2,15,15,629
22991,2,15,4,159
22992,2,15,15,688
22993,2,15,15,688
22994,2,15,15,685
22995,2,15,15,686
22996,2,15,15,643
22997,2,15,15,644
22998,2,15,15,672
22999,2,15,15,365
23000,2,15,15,674
23001,2,15,15,678
23002,2,3,3,235
23003,2,15,15,678
23004,2,15,15,688
23005,2,15,15,689
23006,2,15,15,686
23007,2,15,15,664
23008,2,4,4,606
23009,2,15,15,576
23010,2,15,15,687
23011,2,15,15,132
23012,2,15,15,675
23013,2,15,15,681
23014,2,15,15,443
23015,2,15,15,691
23016,2,15,15,669
23017,2,15,15,653
23018,2,15,15,489
23019,2,15,15,641
23020,2,15,15,579
23021,2,15,15,687
23022,2,15,15,682
23023,2,15,15,688
23024,2,15,15,687
23025,2,15,15,482
23026,2,15,15,420
23027,2,15,15,672
23028,2,15,15,639
23029,2,15,15,683
23030,2,15,15,628
23031,2,15,15,661
23032,2,15,15,686
23033,2,15,15,687
23034,2,15,15,652
23035,2,4,4,656
23036,2,15,15,497
23037,2,15,15,678
23038,2,15,15,675
23039,2,15,15,659
23040,2,4,4,687
23041,2,15,15,676
23042,2,15,15,652
23043,2,15,15,690
23044,2,15,15,687
23045,2,15,15,654
23046,2,15,15,164
23047,2,15,4,532
23048,2,15,15,332
23049,2,15,15,685
23050,2,15,15,677
23051,2,15,15,656
23052,2,39,39,687
23053,2,15,15,688
23054,2,15,15,368
23055,2,15,15,44
23056,2,15,15,255
23057,2,15,15,679
23058,2,15,15,674
23059,2,15,15,688
23060,2,15,15,670
23061,2,15,15,646
23062,2,15,15,639
23063,2,15,15,653
23064,2,15,15,680
23065,2,15,15,630
23066,2,15,15,672
23067,2,15,15,675
23068,2,15,15,688
23069,2,15,15,675
23070,2,15,15,297
23071,2,15,15,624
23072,2,15,15,327
23073,2,15,15,666
23074,2,15,15,686
23075,2,15,15,692
23076,2,15,15,693
23077,2,15,15,681
23078,2,15,4,638
23079,2,15,15,694
23080,2,15,15,569
23081,2,15,15,596
23082,2,15,15,323
23083,2,15,15,639
23084,2,15,15,248
23085,2,15,15,681
23086,2,15,15,679
23087,2,15,15,654
23088,2,15,15,204
23089,2,15,15,624
23090,2,15,15,660
23091,2,15,15,683
23092,2,15,15,675
23093,2,15,15,670
23094,2,15,15,607
23095,2,15,15,679
23096,2,15,15,643
23097,2,15,15,683
23098,2,15,15,684
23099,2,15,15,185
23100,2,15,15,609
23101,2,15,15,652
23102,2,15,15,682
23103,2,15,15,640
23104,2,15,15,687
23105,2,15,15,681
23106,2,15,15,676
23107,2,15,15,455
23108,2,15,15,665
23109,2,15,15,671
23110,2,15,15,677
23111,2,15,15,680
23112,2,15,15,380
23113,2,15,15,679
23114,2,15,15,690
23115,2,3,3,39
23116,2,4,4,410
23117,2,15,15,663
23118,2,15,15,486
23119,2,15,15,487
23120,2,15,15,510
23121,2,15,15,678
23122,2,15,15,649
23123,2,21,4,357
23124,2,15,15,348
23125,2,41,41,636
23126,2,15,15,683
23127,2,15,15,683
23128,2,15,15,688
23129,2,15,15,567
23130,2,15,15,536
23131,2,15,15,678
23132,2,15,15,677
23133,2,15,15,687
23134,2,15,15,119
23135,2,15,15,681
23136,2,15,15,683
23137,2,15,15,680
23138,2,4,4,490
23139,2,15,4,304
23140,2,15,15,680
23141,2,15,15,679
23142,2,15,15,616
23143,2,15,15,691
23144,2,15,15,670
23145,2,15,15,685
23146,2,15,15,629
23147,2,15,15,657
23148,2,15,15,440
23149,2,15,15,678
23150,2,15,15,18
23151,2,15,15,678
23152,2,15,15,127
23153,2,15,15,640
23154,2,15,15,460
23155,2,15,15,681
23156,2,15,15,655
23157,2,15,15,577
23158,2,15,15,669
23159,2,15,15,643
23160,2,15,15,688
23161,2,15,15,669
23162,2,15,15,680
23163,2,15,15,85
23164,2,15,15,658
23165,2,15,15,439
23166,2,15,15,667
23167,2,15,15,687
23168,2,15,15,633
23169,2,15,15,673
23170,2,15,15,93
23171,2,15,15,641
23172,2,15,15,298
23173,2,15,15,686
23174,2,24,15,668
23175,2,15,15,546
23176,2,15,15,552
23177,2,15,15,689
23178,2,15,15,690
23179,2,15,15,651
23180,2,15,15,646
23181,2,15,15,124
23182,2,4,4,611
23183,2,15,15,661
23184,2,4,4,428
23185,2,15,15,650
23186,2,15,15,670
23187,2,4,4,513
23188,2,15,15,687
23189,2,15,15,502
23190,2,15,15,335
23191,2,4,4,563
23192,2,15,15,684
23193,2,15,15,615
23194,2,15,15,672
23195,2,15,15,670
23196,2,15,15,639
23197,2,15,15,669
23198,2,15,15,659
23199,2,15,15,653
23200,2,15,15,687
23201,2,15,15,685
23202,2,15,15,510
23203,2,15,15,682
23204,2,15,15,575
23205,2,15,15,118
23206,2,15,15,665
23207,2,15,15,676
23208,2,15,15,682
23209,2,15,15,681
23210,2,15,15,690
23211,2,15,15,661
23212,2,15,15,132
23213,2,15,15,662
23214,2,15,15,676
23215,2,15,15,691
23216,2,15,15,135
23217,2,15,15,687
23218,2,15,15,678
23219,2,15,15,676
23220,2,15,15,523
23221,2,15,15,679
23222,2,15,3,68
23223,2,15,15,689
23224,2,15,15,659
23225,2,15,15,680
23226,2,15,15,686
23227,2,15,15,693
23228,2,15,15,661
23229,2,21,15,622
23230,2,15,15,684
23231,2,15,15,688
23232,2,15,15,402
23233,2,15,15,358
23234,2,15,15,689
23235,2,15,15,640
23236,2,15,15,318
23237,2,15,15,687
23238,2,15,15,656
23239,2,15,15,668
23240,2,15,15,689
23241,2,15,4,600
23242,2,15,15,679
23243,2,15,15,675
23244,2,15,15,688
23245,2,15,15,679
23246,2,15,15,624
23247,2,15,15,508
23248,2,15,15,689
23249,2,15,15,43
23250,2,15,15,693
23251,2,15,15,675
23252,2,15,15,476
23253,2,15,15,679
23254,2,15,15,677
23255,2,15,15,679
23256,2,15,15,686
23257,2,15,15,678
23258,2,15,15,682
23259,2,15,15,680
23260,2,39,39,670
23261,2,15,15,682
23262,2,15,15,680
23263,2,15,15,689
23264,2,15,15,142
23265,2,4,4,621
23266,2,4,4,630
23267,2,39,41,675
23268,2,11,11,567
23269,2,15,15,694
23270,2,15,15,692
23271,2,15,15,676
23272,2,15,15,638
23273,2,15,15,681
23274,2,15,15,681
23275,2,15,15,676
23276,2,15,15,625
23277,2,15,15,678
23278,2,21,15,593
23279,2,3,3,669
23280,2,15,15,689
23281,2,15,15,337
23282,2,15,15,687
23283,2,15,15,683
23284,2,15,15,644
23285,2,15,15,693
23286,2,15,15,677
23287,2,11,11,37
23288,2,15,15,693
23289,2,15,15,641
23290,2,15,15,683
23291,2,15,15,645
23292,2,15,4,682
23293,2,15,15,684
23294,2,15,15,665
23295,2,15,15,663
23296,2,15,15,688
23297,2,15,15,674
23298,2,15,15,670
23299,2,15,15,688
23300,2,15,15,671
23301,2,15,15,682
23302,2,15,15,671
23303,2,4,4,654
23304,2,15,15,686
23305,2,15,15,688
23306,2,15,15,688
23307,2,4,4,648
23308,2,15,15,670
23309,2,15,15,666
23310,2,15,15,298
23311,2,15,15,669
23312,2,15,15,627
23313,2,15,15,688
23314,2,15,15,684
23315,2,15,15,687
23316,2,15,15,461
23317,2,15,15,671
23318,2,15,15,691
23319,2,15,15,683
23320,2,15,15,643
23321,2,15,15,693
23322,2,15,15,687
23323,2,15,15,675
23324,2,15,15,674
23325,2,15,15,670
23326,2,15,15,650
23327,2,15,15,686
23328,2,15,15,639
23329,2,39,39,673
23330,2,15,15,617
23331,2,15,15,691
23332,2,15,15,669
23333,2,15,15,256
23334,2,15,15,484
23335,2,15,15,691
23336,2,15,15,686
23337,2,15,15,129
23338,2,15,15,542
23339,2,15,15,690
23340,2,15,15,688
23341,2,12,12,626
23342,2,15,15,654
23343,2,15,15,679
23344,2,15,15,363
23345,2,15,15,675
23346,2,15,15,673
23347,2,15,15,661
23348,2,15,15,437
23349,2,15,15,138
23350,2,15,15,343
23351,2,4,4,683
23352,2,15,15,690
23353,2,15,15,686
23354,2,15,15,674
23355,2,15,15,690
23356,2,15,15,662
23357,2,15,15,631
23358,2,15,15,30
23359,2,15,15,680
23360,2,15,15,685
23361,2,15,15,660
23362,2,15,15,683
23363,2,41,41,532
23364,2,15,15,687
23365,2,15,15,646
23366,2,15,15,683
23367,2,15,15,682
23368,2,15,15,661
23369,2,15,15,686
23370,2,15,15,662
23371,2,21,15,95
23372,2,15,15,667
23373,2,15,15,662
23374,2,15,15,678
23375,2,15,15,689
23376,2,15,15,687
23377,2,15,15,668
23378,2,15,15,683
23379,2,15,15,675
23380,2,15,15,687
23381,2,15,15,607
23382,2,15,15,668
23383,2,15,15,580
23384,2,15,15,545
23385,2,15,15,692
23386,2,15,15,392
23387,2,15,15,683
23388,2,15,15,689
23389,2,15,15,688
23390,2,15,15,664
23391,2,15,15,679
23392,2,15,15,198
23393,2,21,21,546
23394,2,15,15,562
23395,2,15,15,668
23396,2,15,15,693
23397,2,15,15,678
23398,2,15,15,665
23399,2,15,15,627
23400,2,15,4,412
23401,2,15,15,689
23402,2,15,15,673
23403,2,15,15,670
23404,2,15,15,392
23405,2,39,39,239
23406,2,39,39,675
23407,2,15,15,687
23408,2,15,15,688
23409,2,15,15,666
23410,2,15,15,620
23411,2,15,15,683
23412,2,15,15,497
23413,2,15,15,332
23414,2,15,15,671
23415,2,15,15,678
23416,2,15,15,252
23417,2,15,15,660
23418,2,15,15,665
23419,2,15,15,694
23420,2,15,15,663
23421,2,15,15,629
23422,2,15,15,680
23423,2,15,15,673
23424,2,15,15,665
23425,2,15,15,684
23426,2,15,15,573
23427,2,15,15,681
23428,2,15,15,665
23429,2,15,15,688
23430,2,15,15,677
23431,2,15,15,163
23432,2,15,15,640
23433,2,15,15,501
23434,2,15,15,656
23435,2,15,15,675
23436,2,15,15,671
23437,2,15,15,690
23438,2,15,15,673
23439,2,15,15,688
23440,2,15,15,675
23441,2,15,15,643
23442,2,15,15,645
23443,2,15,15,455
23444,2,15,4,453
23445,2,15,15,615
23446,2,15,15,653
23447,2,15,15,679
23448,2,15,15,677
23449,2,15,15,687
23450,2,15,15,677
23451,2,15,15,678
23452,2,15,4,650
23453,2,15,15,685
23454,2,4,15,611
23455,2,15,15,682
23456,2,15,15,304
23457,2,15,15,687
23458,2,15,15,687
23459,2,15,15,679
23460,2,4,11,675
23461,2,15,15,670
23462,2,15,15,396
23463,2,15,15,683
23464,2,15,15,662
23465,2,15,15,577
23466,2,15,15,687
23467,2,15,15,670
23468,2,15,15,679
23469,2,15,15,669
23470,2,15,15,693
23471,2,15,15,687
23472,2,15,15,687
23473,2,15,15,356
23474,2,15,15,131
23475,2,15,15,689
23476,2,15,15,618
23477,2,15,15,690
23478,2,15,15,434
23479,2,15,15,682
23480,2,15,15,684
23481,2,15,15,685
23482,2,15,15,687
23483,2,15,15,690
23484,2,15,4,641
23485,2,15,15,86
23486,2,15,15,678
23487,2,15,15,649
23488,2,15,15,652
23489,2,15,15,688
23490,2,15,15,679
23491,2,15,15,413
23492,2,15,15,688
23493,2,15,15,688
23494,2,15,15,688
23495,2,15,15,668
23496,2,15,15,687
23497,2,15,15,673
23498,2,15,15,391
23499,2,15,15,677
23500,2,15,15,687
23501,2,15,15,689
23502,2,15,15,677
23503,2,15,15,689
23504,2,15,15,665
23505,2,15,15,689
23506,2,15,15,660
23507,2,15,15,688
23508,2,15,15,695
23509,2,15,15,671
23510,2,15,15,602
23511,2,15,15,681
23512,2,15,15,164
23513,2,15,15,644
23514,2,15,15,624
23515,2,15,15,655
23516,2,15,15,132
23517,2,15,15,687
23518,2,15,15,658
23519,2,15,15,661
23520,2,15,15,675
23521,2,15,15,675
23522,2,15,15,663
23523,2,15,15,680
23524,2,15,15,687
23525,2,15,15,330
23526,2,15,15,680
23527,2,15,15,651
23528,2,15,15,680
23529,2,15,15,672
23530,2,15,15,616
23531,2,4,4,671
23532,2,15,15,669
23533,2,15,15,678
23534,2,15,15,356
23535,2,15,15,650
23536,2,15,15,566
23537,2,4,4,408
23538,2,39,39,683
23539,2,21,15,657
23540,2,15,15,682
23541,2,15,15,676
23542,2,15,15,261
23543,2,39,39,280
23544,2,41,41,654
23545,2,15,15,683
23546,2,4,4,650
23547,2,15,15,654
23548,2,15,15,680
23549,2,15,15,693
23550,2,15,15,673
23551,2,15,15,662
23552,2,15,15,667
23553,2,15,15,669
23554,2,15,15,685
23555,2,15,15,419
23556,2,15,15,690
23557,2,15,15,662
23558,2,15,15,675
23559,2,15,15,273
23560,2,15,15,683
23561,2,21,21,659
23562,2,15,15,675
23563,2,15,15,663
23564,2,15,15,180
23565,2,15,15,260
23566,2,15,15,611
23567,2,15,15,641
23568,2,15,15,598
23569,2,15,15,127
23570,2,15,15,687
23571,2,15,15,684
23572,2,15,15,688
23573,2,15,15,547
23574,2,15,3,201
23575,2,15,15,668
23576,2,15,15,691
23577,2,15,15,66
23578,2,15,15,675
23579,2,15,15,686
23580,2,4,4,533
23581,2,15,15,691
23582,2,15,15,537
23583,2,15,15,142
23584,2,15,15,686
23585,2,15,15,620
23586,2,15,15,682
23587,2,15,15,663
23588,2,41,41,693
23589,2,15,15,648
23590,2,15,15,684
23591,2,15,15,680
23592,2,15,15,632
23593,2,15,15,654
23594,2,15,15,617
23595,2,39,39,656
23596,2,15,15,269
23597,2,15,15,679
23598,2,15,15,668
23599,2,15,15,671
23600,2,15,15,684
23601,2,15,15,677
23602,2,15,15,688
23603,2,15,15,691
23604,2,15,15,678
23605,2,15,15,11
23606,2,15,15,682
23607,2,15,15,685
23608,2,15,15,688
23609,2,15,15,253
23610,2,15,15,690
23611,2,15,15,675
23612,2,15,15,689
23613,2,15,15,114
23614,2,15,15,664
23615,2,15,15,632
23616,2,15,15,689
23617,2,15,15,604
23618,2,15,15,213
23619,2,15,4,573
23620,2,39,39,684
23621,2,15,15,191
23622,2,15,15,314
23623,2,15,15,680
23624,2,15,15,671
23625,2,15,15,690
23626,2,15,15,671
23627,2,15,15,690
23628,2,48,48,548
23629,2,15,15,623
23630,2,39,39,672
23631,2,15,15,551
23632,2,15,15,684
23633,2,15,15,640
23634,2,15,15,313
23635,2,15,15,685
23636,2,15,15,636
23637,2,15,15,655
23638,2,15,15,138
23639,2,15,15,663
23640,2,15,15,684
23641,2,15,15,591
23642,2,15,15,683
23643,2,3,3,468
23644,2,15,15,458
23645,2,15,15,659
23646,2,15,15,629
23647,2,15,15,668
23648,2,15,15,681
23649,2,15,15,673
23650,2,15,15,413
23651,2,41,41,655
23652,2,15,15,544
23653,2,15,15,666
23654,2,15,15,686
23655,2,15,15,670
23656,2,15,15,680
23657,2,15,15,683
23658,2,15,15,675
23659,2,15,15,571
23660,2,15,15,668
23661,2,15,15,683
23662,2,15,15,677
23663,2,15,15,315
23664,2,15,15,670
23665,2,15,15,687
23666,2,15,15,633
23667,2,15,15,670
23668,2,15,15,689
23669,2,15,15,691
23670,2,15,15,665
23671,2,15,15,633
23672,2,15,15,630
23673,2,15,15,637
23674,2,15,15,678
23675,2,15,15,655
23676,2,15,15,616
23677,2,15,15,539
23678,2,15,15,665
23679,2,15,15,609
23680,2,15,15,641
23681,2,15,15,678
23682,2,15,15,689
23683,2,15,15,689
23684,2,15,15,642
23685,2,15,15,666
23686,2,15,15,422
23687,2,15,15,672
23688,2,15,15,688
23689,2,15,15,656
23690,2,15,15,642
23691,2,15,15,684
23692,2,15,15,454
23693,2,3,3,605
23694,2,15,15,94
23695,2,15,15,639
23696,2,15,15,687
23697,2,15,15,531
23698,2,15,15,683
23699,2,15,15,685
23700,2,15,15,686
23701,2,15,15,641
23702,2,15,15,682
23703,2,15,15,676
23704,2,15,15,678
23705,2,15,15,634
23706,2,15,15,189
23707,2,15,15,609
23708,2,15,15,41
23709,2,15,15,440
23710,2,9,9,677
23711,2,15,15,691
23712,2,15,15,631
23713,2,15,15,584
23714,2,15,15,666
23715,2,15,15,661
23716,2,15,15,630
23717,2,15,15,685
23718,2,15,15,342
23719,2,15,15,662
23720,2,15,15,625
23721,2,15,15,678
23722,2,15,15,683
23723,2,15,15,687
23724,2,15,4,624
23725,2,15,15,691
23726,2,15,15,680
23727,2,15,15,688
23728,2,15,15,536
23729,2,15,15,658
23730,2,3,3,445
23731,2,15,15,683
23732,2,15,15,680
23733,2,15,15,688
23734,2,15,15,643
23735,2,15,15,616
23736,2,15,15,669
23737,2,15,15,682
23738,2,15,15,685
23739,2,15,15,600
23740,2,15,15,195
23741,2,15,15,676
23742,2,15,15,692
23743,2,15,15,667
23744,2,15,15,685
23745,2,15,15,658
23746,2,15,15,685
23747,2,15,15,682
23748,2,15,15,676
23749,2,15,15,683
23750,2,15,15,657
23751,2,4,4,569
23752,2,15,15,679
23753,2,15,15,686
23754,2,15,15,685
23755,2,15,4,595
23756,2,15,15,684
23757,2,15,15,681
23758,2,15,15,660
23759,2,15,15,694
23760,2,15,15,99
23761,2,15,15,662
23762,2,15,15,271
23763,2,15,15,688
23764,2,15,15,690
23765,2,15,15,625
23766,2,15,15,494
23767,2,15,15,685
23768,2,15,15,689
23769,2,15,15,679
23770,2,4,4,671
23771,2,15,15,686
23772,2,15,15,687
23773,2,15,15,678
23774,2,15,15,669
23775,2,15,15,685
23776,2,39,41,664
23777,2,4,15,654
23778,2,15,15,676
23779,2,15,15,675
23780,2,15,15,678
23781,2,15,15,668
23782,2,15,15,122
23783,2,15,15,447
23784,2,15,15,478
23785,2,15,15,168
23786,2,15,15,580
23787,2,15,15,687
23788,2,15,15,692
23789,2,15,15,669
23790,2,15,15,684
23791,2,15,15,669
23792,2,15,15,686
23793,2,15,15,520
23794,2,15,15,677
23795,2,15,15,676
23796,2,15,15,675
23797,2,15,15,663
23798,2,15,15,679
23799,2,15,15,694
23800,2,15,15,666
23801,2,15,15,659
23802,2,15,15,627
23803,2,15,15,654
23804,2,15,15,660
23805,2,15,15,562
23806,2,15,15,666
23807,2,39,39,680
23808,2,15,15,600
23809,2,15,15,664
23810,2,15,15,666
23811,2,15,15,683
23812,2,15,15,610
23813,2,15,15,582
23814,2,15,15,683
23815,2,4,4,630
23816,2,15,15,678
23817,2,15,15,28
23818,2,15,15,671
23819,2,15,15,678
23820,2,15,15,684
23821,2,15,15,693
23822,2,15,15,677
23823,2,15,15,676
23824,2,15,15,658
23825,2,15,15,105
23826,2,15,15,657
23827,2,15,15,681
23828,2,15,15,679
23829,2,15,15,632
23830,2,15,15,679
23831,2,15,15,677
23832,2,15,15,676
23833,2,15,15,656
23834,2,21,21,577
23835,2,3,3,658
23836,2,15,15,676
23837,2,15,15,668
23838,2,15,15,682
23839,2,15,15,680
23840,2,15,15,625
23841,2,4,4,647
23842,2,4,4,661
23843,2,41,41,685
23844,2,15,15,658
23845,2,15,15,691
23846,2,15,15,677
23847,2,15,15,617
23848,2,15,15,682
23849,2,41,41,660
23850,2,15,15,677
23851,2,15,15,677
23852,2,15,15,644
23853,2,15,15,476
23854,2,15,15,688
23855,2,4,4,664
23856,2,21,15,662
23857,2,15,15,685
23858,2,15,15,535
23859,2,15,15,646
23860,2,15,15,633
23861,2,15,15,653
23862,2,15,15,56
23863,2,15,15,677
23864,2,15,15,589
23865,2,15,15,679
23866,2,15,15,683
23867,2,15,15,679
23868,2,15,15,690
23869,2,15,15,663
23870,2,15,15,191
23871,2,15,15,304
23872,2,15,15,669
23873,2,4,4,645
23874,2,15,15,678
23875,2,15,15,681
23876,2,15,15,681
23877,2,15,15,639
23878,2,21,15,646
23879,2,15,15,683
23880,2,15,15,688
23881,2,41,41,678
23882,2,15,15,688
23883,2,15,15,684
23884,2,15,15,690
23885,2,15,15,685
23886,2,15,15,267
23887,2,15,15,631
23888,2,15,15,674
23889,2,15,15,694
23890,2,15,15,546
23891,2,15,15,682
23892,2,15,15,682
23893,2,15,15,665
23894,2,15,15,691
23895,2,15,15,666
23896,2,15,15,433
23897,2,15,15,383
23898,2,15,15,664
23899,2,15,15,616
23900,2,15,15,568
23901,2,15,15,692
23902,2,15,15,683
23903,2,15,15,680
23904,2,15,15,682
23905,2,15,15,687
23906,2,15,15,683
23907,2,15,15,666
23908,2,15,15,665
23909,2,15,21,662
23910,2,15,15,681
23911,2,15,15,515
23912,2,15,15,691
23913,2,15,15,689
23914,2,15,15,688
23915,2,15,15,686
23916,2,15,15,134
23917,2,15,15,186
23918,2,3,3,623
23919,2,15,15,677
23920,2,15,15,651
23921,2,15,15,689
23922,2,15,15,380
23923,2,15,15,345
23924,2,15,15,675
23925,2,15,15,647
23926,2,15,15,132
23927,2,15,15,637
23928,2,15,15,682
23929,2,15,15,688
23930,2,3,4,43
23931,2,15,15,689
23932,2,15,15,680
23933,2,15,15,685
23934,2,15,15,650
23935,2,15,15,673
23936,2,15,15,623
23937,2,4,4,629
23938,2,15,15,678
23939,2,15,15,686
23940,2,15,15,678
23941,2,15,15,493
23942,2,15,15,619
23943,2,15,15,689
23944,2,15,15,681
23945,2,15,15,664
23946,2,15,15,693
23947,2,15,15,676
23948,2,15,15,306
23949,2,15,15,690
23950,2,15,15,660
23951,2,15,15,683
23952,2,15,15,687
23953,2,15,15,640
23954,2,15,15,621
23955,2,15,15,682
23956,2,15,15,682
23957,2,15,15,676
23958,2,15,15,660
23959,2,15,15,667
23960,2,4,4,406
23961,2,15,15,209
23962,2,15,15,183
23963,2,15,15,691
23964,2,15,15,684
23965,2,15,15,33
23966,2,15,15,685
23967,2,15,15,77
23968,2,15,15,647
23969,2,15,15,678
23970,2,4,4,450
23971,2,15,15,672
23972,2,15,15,374
23973,2,15,15,687
23974,2,15,15,650
23975,2,15,15,679
23976,2,15,15,350
23977,2,15,15,669
23978,2,15,15,684
23979,2,4,4,616
23980,2,4,4,616
23981,2,15,15,677
23982,2,15,15,668
23983,2,15,15,689
23984,2,15,15,681
23985,2,3,3,624
23986,2,15,15,679
23987,2,15,15,671
23988,2,15,15,403
23989,2,15,15,620
23990,2,15,15,609
23991,2,15,15,678
23992,2,4,4,181
23993,2,15,4,626
23994,2,15,15,689
23995,2,15,15,182
23996,2,15,15,571
23997,2,15,15,684
23998,2,15,15,681
23999,2,15,15,646
24000,2,15,15,688
24001,2,15,15,664
24002,2,15,15,119
24003,2,15,15,685
24004,2,15,15,184
24005,2,15,15,521
24006,2,15,15,587
24007,2,15,15,515
24008,2,15,15,549
24009,2,15,15,689
24010,2,15,15,686
24011,2,15,15,637
24012,2,15,15,686
24013,2,15,15,661
24014,2,15,15,685
24015,2,15,15,620
24016,2,15,15,646
24017,2,15,15,140
24018,2,15,15,688
24019,2,15,15,289
24020,2,15,15,543
24021,2,15,15,354
24022,2,15,15,680
24023,2,4,4,671
24024,2,15,15,246
24025,2,11,11,668
24026,2,15,15,682
24027,2,15,15,621
24028,2,4,4,173
24029,2,15,15,685
24030,2,15,15,616
24031,2,15,15,684
24032,2,15,15,664
24033,2,15,15,620
24034,2,15,15,665
24035,2,21,15,668
24036,2,15,15,621
24037,2,15,15,689
24038,2,3,3,649
24039,2,15,15,678
24040,2,15,15,599
24041,2,15,15,625
24042,2,15,15,590
24043,2,15,15,570
24044,2,3,3,617
24045,2,15,15,480
24046,2,15,15,514
24047,2,15,15,679
24048,2,15,15,690
24049,2,15,15,679
24050,2,15,15,672
24051,2,15,15,389
24052,2,39,15,618
24053,2,15,15,484
24054,2,15,15,685
24055,2,15,15,670
24056,2,15,15,397
24057,2,15,15,681
24058,2,15,15,684
24059,2,15,15,665
24060,2,15,15,670
24061,2,4,4,550
24062,2,21,15,198
24063,2,15,15,681
24064,2,15,15,621
24065,2,15,15,688
24066,2,15,15,686
24067,2,15,15,612
24068,2,15,15,684
24069,2,15,15,685
24070,2,15,15,418
24071,2,15,15,685
24072,2,15,15,694
24073,2,15,15,676
24074,2,15,15,381
24075,2,15,15,686
24076,2,15,15,678
24077,2,15,4,515
24078,2,21,15,97
24079,2,15,15,670
24080,2,15,15,440
24081,2,15,15,669
24082,2,15,15,681
24083,2,15,15,680
24084,2,15,15,682
24085,2,15,15,685
24086,2,15,15,601
24087,2,15,15,184
24088,2,15,15,588
24089,2,15,15,686
24090,2,15,15,677
24091,2,15,15,683
24092,2,15,15,197
24093,2,15,15,689
24094,2,4,4,655
24095,2,15,15,662
24096,2,15,15,677
24097,2,21,15,652
24098,2,15,15,688
24099,2,15,41,673
24100,2,15,15,645
24101,2,21,21,408
24102,2,15,15,138
24103,2,15,15,267
24104,2,15,15,691
24105,2,4,4,590
24106,2,15,15,674
24107,2,15,15,666
24108,2,15,15,376
24109,2,15,15,635
24110,2,15,15,510
24111,2,15,15,675
24112,2,15,15,675
24113,2,15,15,524
24114,2,15,15,633
24115,2,15,15,481
24116,2,15,15,667
24117,2,15,15,692
24118,2,15,15,665
24119,2,15,15,692
24120,2,15,15,685
24121,2,15,15,679
24122,2,21,15,660
24123,2,15,15,610
24124,2,15,15,557
24125,2,15,15,690
24126,2,15,15,678
24127,2,15,15,655
24128,2,15,15,395
24129,2,15,15,629
24130,2,15,15,685
24131,2,15,15,680
24132,2,41,41,671
24133,2,15,15,655
24134,2,15,15,571
24135,2,15,15,510
24136,2,15,15,688
24137,2,15,15,239
24138,2,15,15,186
24139,2,15,15,692
24140,2,15,15,682
24141,2,15,15,678
24142,2,15,15,683
24143,2,15,15,511
24144,2,15,15,692
24145,2,15,15,143
24146,2,15,15,680
24147,2,15,15,691
24148,2,15,15,409
24149,2,39,39,667
24150,2,3,3,535
24151,2,15,15,685
24152,2,15,15,673
24153,2,15,15,686
24154,2,15,15,691
24155,2,15,15,679
24156,2,15,15,681
24157,2,15,15,547
24158,2,15,15,133
24159,2,15,15,690
24160,2,15,15,681
24161,2,15,15,680
24162,2,15,15,688
24163,2,21,15,683
24164,2,15,15,688
24165,2,15,15,672
24166,2,15,15,665
24167,2,15,4,592
24168,2,15,15,660
24169,2,15,15,679
24170,2,15,15,684
24171,2,15,15,682
24172,2,15,15,671
24173,2,15,15,672
24174,2,15,15,688
24175,2,15,15,574
24176,2,15,15,310
24177,2,15,15,666
24178,2,15,15,481
24179,2,15,15,675
24180,2,3,3,331
24181,2,15,15,319
24182,2,15,15,688
24183,2,15,15,508
24184,2,4,4,627
24185,2,15,15,356
24186,2,4,4,530
24187,2,15,15,342
24188,2,15,15,653
24189,2,15,15,559
24190,2,15,15,664
24191,2,15,15,684
24192,2,15,15,672
24193,2,15,15,645
24194,2,15,15,138
24195,2,15,15,688
24196,2,15,15,457
24197,2,15,15,539
24198,2,15,15,678
24199,2,15,15,692
24200,2,15,15,681
24201,2,15,15,639
24202,2,15,15,686
24203,2,15,15,688
24204,2,15,15,678
24205,2,15,15,638
24206,2,15,15,423
24207,2,15,15,669
24208,2,15,15,676
24209,2,15,15,679
24210,2,15,15,655
24211,2,15,15,683
24212,2,15,15,670
24213,2,15,15,536
24214,2,15,15,446
24215,2,15,15,662
24216,2,15,15,661
24217,2,39,39,679
24218,2,15,15,689
24219,2,15,15,614
24220,2,15,15,638
24221,2,15,15,563
24222,2,15,15,668
24223,2,15,15,684
24224,2,15,15,679
24225,2,15,15,688
24226,2,15,15,685
24227,2,15,15,664
24228,2,15,15,678
24229,2,15,15,673
24230,2,15,15,687
24231,2,4,15,96
24232,2,15,15,516
24233,2,15,15,624
24234,2,15,15,688
24235,2,15,15,685
24236,2,15,4,640
24237,2,15,15,685
24238,2,15,15,681
24239,2,15,15,641
24240,2,15,15,663
24241,2,15,15,635
24242,2,15,15,655
24243,2,15,15,167
24244,2,15,15,686
24245,2,15,15,674
24246,2,15,15,603
24247,2,15,15,638
24248,2,15,15,661
24249,2,15,15,676
24250,2,15,15,431
24251,2,15,15,678
24252,2,15,15,687
24253,2,15,15,69
24254,2,15,15,328
24255,2,15,15,687
24256,2,15,15,647
24257,2,15,15,639
24258,2,15,15,481
24259,2,15,15,642
24260,2,15,15,686
24261,2,15,15,681
24262,2,15,15,672
24263,2,15,15,665
24264,2,15,15,684
24265,2,15,15,679
24266,2,15,15,680
24267,2,15,15,684
24268,2,15,15,687
24269,2,15,15,675
24270,2,15,15,612
24271,2,15,15,686
24272,2,15,15,610
24273,2,4,4,569
24274,2,15,15,677
24275,2,15,15,608
24276,2,15,15,487
24277,2,15,15,687
24278,2,15,15,686
24279,2,15,15,683
24280,2,15,15,644
24281,2,15,15,681
24282,2,15,15,665
24283,2,15,15,689
24284,2,15,15,679
24285,2,15,15,658
24286,2,9,9,481
24287,2,4,4,109
24288,2,15,15,656
24289,2,3,3,34
24290,2,15,15,692
24291,2,15,15,670
24292,2,15,15,622
24293,2,15,15,681
24294,2,15,4,659
24295,2,15,15,691
24296,2,15,15,672
24297,2,15,15,650
24298,2,15,15,686
24299,2,15,15,693
24300,2,15,15,682
24301,2,4,4,644
24302,2,15,15,616
24303,2,15,15,657
24304,2,15,15,689
24305,2,15,15,695
24306,2,15,15,660
24307,2,21,21,562
24308,2,15,15,468
24309,2,15,15,508
24310,2,15,15,668
24311,2,15,15,539
24312,2,15,15,690
24313,2,15,15,662
24314,2,15,15,689
24315,2,15,15,647
24316,2,15,15,685
24317,2,15,15,214
24318,2,15,15,682
24319,2,15,15,673
24320,2,4,15,497
24321,2,15,15,248
24322,2,15,15,132
24323,2,15,15,675
24324,2,15,15,688
24325,2,15,15,159
24326,2,15,15,686
24327,2,15,15,680
24328,2,41,41,661
24329,2,15,15,668
24330,2,3,3,625
24331,2,15,15,624
24332,2,15,15,678
24333,2,15,15,276
24334,2,15,15,690
24335,2,15,15,683
24336,2,15,15,689
24337,2,15,15,553
24338,2,15,15,653
24339,2,15,15,366
24340,2,15,15,677
24341,2,15,15,346
24342,2,15,15,671
24343,2,15,15,660
24344,2,15,15,689
24345,2,15,15,672
24346,2,15,15,679
24347,2,4,4,657
24348,2,15,15,685
24349,2,15,15,681
24350,2,15,15,279
24351,2,15,15,547
24352,2,15,15,668
24353,2,15,15,650
24354,2,41,41,681
24355,2,15,15,601
24356,2,15,15,158
24357,2,15,15,684
24358,2,15,15,605
24359,2,15,15,684
24360,2,15,15,683
24361,2,15,15,685
24362,2,15,15,348
24363,2,4,4,374
24364,2,15,15,684
24365,2,15,15,285
24366,2,4,4,633
24367,2,15,15,679
24368,2,15,15,562
24369,2,15,15,661
24370,2,15,15,664
24371,2,15,15,623
24372,2,15,15,618
24373,2,3,3,29
24374,2,15,15,659
24375,2,15,15,648
24376,2,15,15,676
24377,2,15,15,651
24378,2,15,15,494
24379,2,15,15,696
24380,2,15,15,687
24381,2,15,15,441
24382,2,15,15,645
24383,2,15,15,689
24384,2,3,3,675
24385,2,15,15,660
24386,2,15,15,534
24387,2,15,15,669
24388,2,15,4,648
24389,2,15,15,686
24390,2,15,15,683
24391,2,15,15,601
24392,2,15,15,670
24393,2,15,15,680
24394,2,15,15,610
24395,2,15,15,686
24396,2,15,15,602
24397,2,15,15,666
24398,2,15,15,666
24399,2,15,15,661
24400,2,41,41,642
24401,2,15,15,674
24402,2,15,15,687
24403,2,4,4,351
24404,2,15,15,688
24405,2,15,15,685
24406,2,15,15,688
24407,2,15,15,685
24408,2,15,15,647
24409,2,15,15,696
24410,2,15,15,98
24411,2,15,15,688
24412,2,15,15,668
24413,2,15,15,599
24414,2,15,15,472
24415,2,15,15,663
24416,2,15,15,676
24417,2,15,15,626
24418,2,3,3,170
24419,2,15,15,656
24420,2,15,15,683
24421,2,15,15,697
24422,2,15,15,663
24423,2,15,15,683
24424,2,15,15,695
24425,2,15,15,586
24426,2,15,15,681
24427,2,15,15,497
24428,2,15,15,687
24429,2,15,15,655
24430,2,15,15,683
24431,2,15,15,675
24432,2,15,15,571
24433,2,15,15,273
24434,2,4,4,14
24435,2,15,15,667
24436,2,15,15,663
24437,2,15,15,649
24438,2,15,15,679
24439,2,15,15,653
24440,2,15,15,683
24441,2,15,15,668
24442,2,15,15,638
24443,2,15,15,659
24444,2,15,15,688
24445,2,15,15,618
24446,2,15,15,653
24447,2,15,15,131
24448,2,15,15,682
24449,2,15,15,651
24450,2,15,15,684
24451,2,15,15,692
24452,2,4,4,585
24453,2,15,15,641
24454,2,15,15,681
24455,2,15,15,149
24456,2,15,15,686
24457,2,15,15,675
24458,2,15,15,681
24459,2,21,15,366
24460,2,15,15,686
24461,2,15,15,636
24462,2,21,15,120
24463,2,15,15,676
24464,2,30,15,679
24465,2,15,15,681
24466,2,15,15,671
24467,2,15,15,683
24468,2,15,15,625
24469,2,15,15,661
24470,2,15,15,332
24471,2,15,15,673
24472,2,15,15,688
24473,2,15,15,63
24474,2,15,15,692
24475,2,15,15,626
24476,2,15,15,600
24477,2,15,15,83
24478,2,15,15,667
24479,2,15,15,685
24480,2,15,15,667
24481,2,41,41,689
24482,2,3,3,186
24483,2,15,15,683
24484,2,15,15,599
24485,2,15,15,686
24486,2,15,15,676
24487,2,15,15,638
24488,2,15,15,649
24489,2,15,15,683
24490,2,15,15,462
24491,2,15,15,352
24492,2,15,15,397
24493,2,15,15,646
24494,2,15,15,687
24495,2,15,15,688
24496,2,15,15,670
24497,2,15,15,393
24498,2,15,15,669
24499,2,15,15,678
24500,2,15,15,681
24501,2,15,15,684
24502,2,15,15,672
24503,2,15,15,684
24504,2,15,15,130
24505,2,15,15,690
24506,2,15,15,688
24507,2,15,15,683
24508,2,15,15,681
24509,2,15,15,651
24510,2,15,15,673
24511,2,15,15,694
24512,2,15,15,568
24513,2,15,15,680
24514,2,15,15,597
24515,2,4,4,577
24516,2,15,15,681
24517,2,15,15,636
24518,2,15,15,678
24519,2,15,15,681
24520,2,15,15,612
24521,2,4,4,656
24522,2,15,15,664
24523,2,15,15,684
24524,2,4,4,580
24525,2,15,4,676
24526,2,15,15,683
24527,2,15,15,675
24528,2,15,15,685
24529,2,15,15,665
24530,2,15,15,686
24531,2,15,15,686
24532,2,15,15,328
24533,2,15,15,677
24534,2,15,15,690
24535,2,15,15,665
24536,2,15,15,675
24537,2,15,15,683
24538,2,15,15,617
24539,2,15,15,664
24540,2,15,15,664
24541,2,15,15,677
24542,2,15,15,678
24543,2,15,15,631
24544,2,15,15,688
24545,2,15,15,682
24546,2,15,15,588
24547,2,15,15,482
24548,2,15,15,678
24549,2,15,15,677
24550,2,15,15,689
24551,2,15,15,649
24552,2,15,15,499
24553,2,12,12,655
24554,2,15,15,692
24555,2,15,15,626
24556,2,15,15,643
24557,2,15,15,625
24558,2,15,15,685
24559,2,15,15,171
24560,2,15,15,676
24561,2,15,15,685
24562,2,15,15,674
24563,2,4,4,429
24564,2,15,15,675
24565,2,15,15,582
24566,2,15,15,682
24567,2,15,15,678
24568,2,15,15,682
24569,2,15,15,74
24570,2,15,15,662
24571,2,15,15,689
24572,2,15,15,680
24573,2,15,15,641
24574,2,15,15,674
24575,2,15,15,674
24576,2,15,15,645
24577,2,15,15,676
24578,2,15,15,694
24579,2,15,15,32
24580,2,4,15,653
24581,2,15,15,689
24582,2,15,15,676
24583,2,15,15,586
24584,2,15,15,665
24585,2,15,15,678
24586,2,15,15,675
24587,2,15,15,391
24588,2,15,15,681
24589,2,15,15,436
24590,2,15,15,681
24591,2,15,15,276
24592,2,15,15,663
24593,2,4,4,525
24594,2,15,15,607
24595,2,15,15,578
24596,2,15,15,670
24597,2,15,15,656
24598,2,15,15,683
24599,2,15,15,665
24600,2,15,15,628
24601,2,15,15,646
24602,2,15,15,302
24603,2,15,15,641
24604,2,4,15,685
24605,2,15,15,469
24606,2,15,15,340
24607,2,15,15,676
24608,2,15,15,668
24609,2,15,15,643
24610,2,15,15,686
24611,2,15,15,174
24612,2,15,15,686
24613,2,15,15,328
24614,2,4,4,658
24615,2,15,15,464
24616,2,15,15,661
24617,2,15,15,678
24618,2,15,15,642
24619,2,15,15,676
24620,2,15,15,655
24621,2,15,15,676
24622,2,15,15,640
24623,2,15,15,685
24624,2,15,15,544
24625,2,15,15,671
24626,2,15,15,671
24627,2,15,15,675
24628,2,15,15,137
24629,2,15,15,626
24630,2,15,15,684
24631,2,15,15,290
24632,2,15,15,639
24633,2,15,15,689
24634,2,15,15,608
24635,2,15,15,682
24636,2,15,15,691
24637,2,15,15,681
24638,2,15,15,539
24639,2,15,15,669
24640,2,15,15,643
24641,2,15,15,641
24642,2,15,15,670
24643,2,15,15,488
24644,2,15,15,306
24645,2,15,15,682
24646,2,4,4,575
24647,2,4,15,652
24648,2,15,15,672
24649,2,15,15,682
24650,2,15,15,610
24651,2,15,15,565
24652,2,15,15,671
24653,2,15,15,677
24654,2,15,15,684
24655,2,15,15,512
24656,2,15,15,628
24657,2,15,15,669
24658,2,15,15,670
24659,2,15,3,452
24660,2,20,20,675
24661,2,15,15,622
24662,2,15,15,670
24663,2,15,15,623
24664,2,15,15,479
24665,2,15,15,690
24666,2,15,15,519
24667,2,4,4,619
24668,2,15,15,644
24669,2,3,3,420
24670,2,15,15,227
24671,2,15,15,688
24672,2,15,15,690
24673,2,15,15,606
24674,2,15,15,485
24675,2,15,15,696
24676,2,4,4,599
24677,2,15,15,544
24678,2,15,15,674
24679,2,15,15,670
24680,2,15,15,689
24681,2,15,15,676
24682,2,15,15,685
24683,2,15,15,692
24684,2,15,15,679
24685,2,15,15,685
24686,2,15,15,674
24687,2,4,4,595
24688,2,15,15,688
24689,2,15,15,481
24690,2,15,15,606
24691,2,15,15,673
24692,2,15,15,675
24693,2,15,15,684
24694,2,15,15,660
24695,2,15,15,688
24696,2,15,15,495
24697,2,15,15,688
24698,2,15,15,659
24699,2,15,15,670
24700,2,15,15,679
24701,2,15,15,691
24702,2,15,15,658
24703,2,15,15,554
24704,2,4,4,672
24705,2,15,15,682
24706,2,15,15,33
24707,2,15,15,341
24708,2,15,15,592
24709,2,15,15,664
24710,2,15,15,686
24711,2,15,15,687
24712,2,15,15,624
24713,2,15,15,684
24714,2,15,15,688
24715,2,15,15,544
24716,2,4,4,683
24717,2,4,4,92
24718,2,4,4,465
24719,2,15,15,50
24720,2,15,15,678
24721,2,15,15,652
24722,2,15,15,686
24723,2,15,15,691
24724,2,15,15,686
24725,2,15,15,675
24726,2,15,15,687
24727,2,39,39,689
24728,2,15,15,671
24729,2,15,15,686
24730,2,15,15,644
24731,2,15,15,369
24732,2,15,15,687
24733,2,15,15,587
24734,2,15,15,52
24735,2,15,21,521
24736,2,15,15,683
24737,2,15,15,689
24738,2,15,15,654
24739,2,15,15,405
24740,2,15,15,502
24741,2,15,15,680
24742,2,15,15,665
24743,2,15,15,582
24744,2,15,15,688
24745,2,15,15,663
24746,2,4,4,677
24747,2,15,15,682
24748,2,21,21,251
24749,2,15,15,564
24750,2,15,15,447
24751,2,15,15,687
24752,2,15,15,670
24753,2,15,15,680
24754,2,15,15,209
24755,2,15,15,673
24756,2,15,15,673
24757,2,15,15,680
24758,2,15,15,678
24759,2,15,15,570
24760,2,15,15,692
24761,2,4,4,627
24762,2,15,15,685
24763,2,39,39,687
24764,2,4,4,618
24765,2,15,15,117
24766,2,15,15,581
24767,2,15,15,677
24768,2,15,4,685
24769,2,15,15,618
24770,2,15,15,672
24771,2,15,15,651
24772,2,15,15,688
24773,2,15,15,688
24774,2,15,15,679
24775,2,15,15,686
24776,2,15,15,681
24777,2,15,15,657
24778,2,15,15,692
24779,2,15,15,655
24780,2,15,15,672
24781,2,15,15,690
24782,2,15,15,694
24783,2,15,15,666
24784,2,39,41,670
24785,2,15,15,683
24786,2,15,15,671
24787,2,15,15,684
24788,2,15,15,395
24789,2,15,15,691
24790,2,15,15,657
24791,2,15,15,664
24792,2,15,15,685
24793,2,15,15,654
24794,2,15,15,410
24795,2,15,15,676
24796,2,15,15,674
24797,2,15,15,490
24798,2,15,15,686
24799,2,15,15,436
24800,2,15,15,596
24801,2,15,15,687
24802,2,15,15,225
24803,2,15,15,632
24804,2,15,15,683
24805,2,15,15,668
24806,2,9,9,661
24807,2,15,15,683
24808,2,15,15,598
24809,2,15,15,689
24810,2,15,15,688
24811,2,15,15,681
24812,2,15,15,676
24813,2,15,15,595
24814,2,15,15,687
24815,2,4,4,629
24816,2,15,15,678
24817,2,15,15,602
24818,2,15,15,512
24819,2,15,15,393
24820,2,15,15,348
24821,2,15,15,663
24822,2,3,3,98
24823,2,15,15,639
24824,2,15,15,670
24825,2,15,15,620
24826,2,15,15,667
24827,2,15,15,677
24828,2,15,15,661
24829,2,15,15,162
24830,2,15,15,687
24831,2,15,15,681
24832,2,15,15,693
24833,2,15,15,683
24834,2,15,15,674
24835,2,15,15,673
24836,2,15,15,137
24837,2,15,15,676
24838,2,15,15,683
24839,2,15,15,686
24840,2,15,15,598
24841,2,15,15,610
24842,2,15,15,683
24843,2,15,15,640
24844,2,24,24,685
24845,2,15,15,312
24846,2,15,15,677
24847,2,15,15,678
24848,2,15,15,694
24849,2,15,15,688
24850,2,15,15,529
24851,2,15,15,689
24852,2,15,15,663
24853,2,15,15,683
24854,2,15,15,679
24855,2,15,15,663
24856,2,15,15,665
24857,2,4,4,664
24858,2,15,15,635
24859,2,15,15,616
24860,2,15,15,684
24861,2,15,15,668
24862,2,15,15,665
24863,2,15,15,668
24864,2,15,15,689
24865,2,15,15,635
24866,2,15,15,175
24867,2,15,15,675
24868,2,15,15,661
24869,2,15,15,657
24870,2,15,15,680
24871,2,15,15,646
24872,2,15,15,684
24873,2,15,15,690
24874,2,15,15,680
24875,2,15,15,672
24876,2,15,15,666
24877,2,15,15,611
24878,2,15,15,674
24879,2,4,4,351
24880,2,15,15,547
24881,2,15,15,687
24882,2,15,15,680
24883,2,15,15,679
24884,2,15,15,681
24885,2,15,15,361
24886,2,4,4,642
24887,2,15,15,390
24888,2,15,15,594
24889,2,15,15,139
24890,2,15,15,644
24891,2,39,39,686
24892,2,15,15,677
24893,2,15,15,564
24894,2,15,15,683
24895,2,15,4,673
24896,2,4,4,434
24897,2,15,15,674
24898,2,15,15,680
24899,2,15,15,664
24900,2,15,15,678
24901,2,15,15,689
24902,2,15,15,673
24903,2,15,15,690
24904,2,15,15,630
24905,2,15,15,667
24906,2,15,15,670
24907,2,15,15,677
24908,2,15,15,501
24909,2,15,15,687
24910,2,15,15,675
24911,2,21,21,551
24912,2,15,15,683
24913,2,15,15,619
24914,2,15,15,686
24915,2,15,15,678
24916,2,15,15,169
24917,2,15,15,393
24918,2,15,15,678
24919,2,15,15,676
24920,2,15,15,17
24921,2,15,15,589
24922,2,15,15,651
24923,2,15,15,680
24924,2,15,15,662
24925,2,15,15,672
24926,2,15,15,651
24927,2,15,15,627
24928,2,15,15,684
24929,2,15,15,681
24930,2,15,15,689
24931,2,15,15,666
24932,2,15,15,687
24933,2,4,4,596
24934,2,21,21,673
24935,2,15,15,580
24936,2,15,15,638
24937,2,15,15,654
24938,2,15,15,654
24939,2,4,4,78
24940,2,21,4,663
24941,2,15,15,669
24942,2,4,4,495
24943,2,15,15,658
24944,2,15,15,690
24945,2,15,15,687
24946,2,15,15,228
24947,2,15,15,529
24948,2,15,15,612
24949,2,15,15,689
24950,2,15,15,165
24951,2,15,15,674
24952,2,15,15,678
24953,2,15,15,679
24954,2,15,15,558
24955,2,15,15,567
24956,2,15,15,681
24957,2,15,15,600
24958,2,15,15,687
24959,2,15,15,679
24960,2,15,15,628
24961,2,15,15,678
24962,2,15,15,651
24963,2,15,15,665
24964,2,15,15,683
24965,2,15,15,673
24966,2,15,15,677
24967,2,15,15,669
24968,2,15,15,662
24969,2,15,15,681
24970,2,15,15,591
24971,2,15,15,649
24972,2,15,15,666
24973,2,41,41,597
24974,2,15,15,689
24975,2,15,15,399
24976,2,3,3,580
24977,2,15,15,659
24978,2,15,15,309
24979,2,15,15,677
24980,2,15,15,242
24981,2,15,15,690
24982,2,39,39,610
24983,2,15,15,681
24984,2,15,15,687
24985,2,15,15,678
24986,2,15,15,590
24987,2,15,15,677
24988,2,15,15,492
24989,2,15,15,689
24990,2,15,15,690
24991,2,15,15,628
24992,2,15,15,687
24993,2,15,15,668
24994,2,4,4,487
24995,2,15,15,190
24996,2,15,15,637
24997,2,15,15,603
24998,2,15,15,545
24999,2,15,15,686
25000,2,15,15,659
25001,2,15,15,692
25002,2,41,41,672
25003,2,15,15,670
25004,2,15,15,656
25005,2,15,15,694
25006,2,15,15,360
25007,2,15,15,688
25008,2,15,15,548
25009,2,15,15,560
25010,2,15,15,663
25011,2,15,15,672
25012,2,39,39,627
25013,2,15,15,562
25014,2,15,15,691
25015,2,15,15,679
25016,2,15,15,682
25017,2,15,15,683
25018,2,15,15,667
25019,2,15,15,688
25020,2,15,15,459
25021,2,15,15,684
25022,2,15,15,676
25023,2,15,15,657
25024,2,15,15,687
25025,2,15,15,650
25026,2,15,15,684
25027,2,15,15,307
25028,2,15,15,679
25029,2,41,41,675
25030,2,4,4,672
25031,2,15,15,658
25032,2,15,15,601
25033,2,15,15,427
25034,2,3,3,290
25035,2,15,15,671
25036,2,15,15,586
25037,2,15,15,272
25038,2,15,15,683
25039,2,15,21,678
25040,2,15,4,76
25041,2,15,15,658
25042,2,15,15,661
25043,2,15,15,683
25044,2,15,15,107
25045,2,15,15,684
25046,2,3,3,476
25047,2,15,15,653
25048,2,15,15,688
25049,2,15,15,621
25050,2,15,15,660
25051,2,15,15,649
25052,2,4,15,616
25053,2,15,15,51
25054,2,15,15,656
25055,2,15,15,666
25056,2,15,15,689
25057,2,21,15,628
25058,2,4,4,580
25059,2,15,15,574
25060,2,4,4,643
25061,2,15,15,132
25062,2,15,15,686
25063,2,15,15,669
25064,2,15,15,679
25065,2,15,15,683
25066,2,15,15,322
25067,2,15,15,565
25068,2,15,15,635
25069,2,15,15,690
25070,2,15,15,311
25071,2,15,15,686
25072,2,15,15,689
25073,2,4,4,465
25074,2,15,15,618
25075,2,15,15,682
25076,2,15,15,597
25077,2,15,15,684
25078,2,15,15,674
25079,2,15,15,566
25080,2,15,15,43
25081,2,15,15,601
25082,2,15,15,689
25083,2,15,15,664
25084,2,15,15,559
25085,2,15,15,657
25086,2,15,15,401
25087,2,15,15,396
25088,2,15,15,563
25089,2,15,15,663
25090,2,15,15,685
25091,2,15,4,658
25092,2,15,15,661
25093,2,4,15,666
25094,2,15,15,666
25095,2,15,15,677
25096,2,15,15,668
25097,2,15,15,617
25098,2,15,15,695
25099,2,15,15,672
25100,2,15,15,676
25101,2,15,15,683
25102,2,15,15,234
25103,2,15,15,694
25104,2,15,15,670
25105,2,15,15,695
25106,2,15,15,690
25107,2,15,15,653
25108,2,15,15,686
25109,2,15,15,687
25110,2,15,15,655
25111,2,15,15,661
25112,2,15,15,639
25113,2,15,15,536
25114,2,15,15,688
25115,2,15,15,677
25116,2,15,15,689
25117,2,15,15,663
25118,2,15,15,635
25119,2,15,15,635
25120,2,15,15,689
25121,2,4,4,635
25122,2,15,15,677
25123,2,15,15,658
25124,2,15,41,667
25125,2,15,15,653
25126,2,15,15,637
25127,2,15,15,680
25128,2,15,15,679
25129,2,15,15,440
25130,2,15,15,629
25131,2,15,15,634
25132,2,4,4,678
25133,2,15,15,674
25134,2,15,15,310
25135,2,15,15,658
25136,2,15,15,665
25137,2,15,15,293
25138,2,15,15,689
25139,2,15,15,613
25140,2,15,15,368
25141,2,15,15,672
25142,2,15,15,673
25143,2,15,15,678
25144,2,15,15,686
25145,2,15,15,240
25146,2,15,15,694
25147,2,15,15,662
25148,2,15,15,678
25149,2,15,15,694
25150,2,15,15,693
25151,2,15,15,691
25152,2,15,15,688
25153,2,15,15,654
25154,2,15,15,590
25155,2,4,4,662
25156,2,4,4,655
25157,2,15,15,694
25158,2,15,15,685
25159,2,15,15,643
25160,2,15,15,673
25161,2,3,3,106
25162,2,15,15,663
25163,2,15,15,294
25164,2,15,15,662
25165,2,15,15,686
25166,2,15,15,666
25167,2,15,15,687
25168,2,15,15,687
25169,2,15,15,670
25170,2,15,15,663
25171,2,15,15,675
25172,2,21,15,654
25173,2,15,15,682
25174,2,15,15,648
25175,2,15,15,663
25176,2,15,15,683
25177,2,15,15,658
25178,2,15,4,635
25179,2,15,15,390
25180,2,15,15,669
25181,2,15,15,623
25182,2,4,4,678
25183,2,15,15,681
25184,2,4,15,529
25185,2,15,15,684
25186,2,15,15,95
25187,2,15,15,183
25188,2,15,15,677
25189,2,15,15,683
25190,2,15,15,571
25191,2,15,15,662
25192,2,15,15,663
25193,2,15,15,650
25194,2,15,15,686
25195,2,15,15,676
25196,2,15,15,684
25197,2,15,15,687
25198,2,15,15,513
25199,2,15,4,629
25200,2,15,15,669
25201,2,15,15,654
25202,2,15,15,543
25203,2,15,15,681
25204,2,15,15,695
25205,2,15,15,671
25206,2,15,15,684
25207,2,15,15,687
25208,2,3,3,641
25209,2,15,15,688
25210,2,15,15,673
25211,2,15,15,678
25212,2,15,15,323
25213,2,15,15,642
25214,2,15,15,649
25215,2,15,15,687
25216,2,15,15,640
25217,2,15,15,654
25218,2,15,15,688
25219,2,15,15,677
25220,2,15,15,680
25221,2,15,15,687
25222,2,15,15,673
25223,2,15,15,691
25224,2,15,15,540
25225,2,15,15,684
25226,2,15,15,695
25227,2,15,15,672
25228,2,15,15,691
25229,2,15,15,579
25230,2,15,15,572
25231,2,15,15,632
25232,2,15,15,691
25233,2,15,15,673
25234,2,15,15,684
25235,2,15,15,582
25236,2,15,15,693
25237,2,15,15,640
25238,2,15,15,345
25239,2,15,15,669
25240,2,15,15,671
25241,2,15,15,657
25242,2,15,15,674
25243,2,21,15,665
25244,2,15,15,657
25245,2,15,15,675
25246,2,15,15,690
25247,2,15,15,682
25248,2,15,15,397
25249,2,15,15,694
25250,2,15,4,482
25251,2,15,15,686
25252,2,15,15,659
25253,2,15,15,687
25254,2,15,15,682
25255,2,15,15,684
25256,2,15,15,687
25257,2,15,15,680
25258,2,21,11,682
25259,2,15,15,676
25260,2,15,15,284
25261,2,15,15,619
25262,2,15,15,564
25263,2,15,15,679
25264,2,15,15,653
25265,2,15,15,539
25266,2,15,15,682
25267,2,15,15,75
25268,2,15,15,684
25269,2,15,15,620
25270,2,15,15,83
25271,2,15,15,680
25272,2,15,15,671
25273,2,15,15,674
25274,2,15,15,682
25275,2,15,15,684
25276,2,15,15,680
25277,2,15,15,667
25278,2,15,15,605
25279,2,15,15,687
25280,2,15,15,686
25281,2,15,15,677
25282,2,15,15,661
25283,2,15,15,655
25284,2,15,15,689
25285,2,4,4,608
25286,2,15,15,531
25287,2,15,15,685
25288,2,15,15,653
25289,2,15,15,669
25290,2,15,15,689
25291,2,15,15,665
25292,2,15,15,539
25293,2,15,15,682
25294,2,15,15,683
25295,2,15,15,458
25296,2,15,15,679
25297,2,15,15,681
25298,2,15,15,590
25299,2,15,15,690
25300,2,15,15,632
25301,2,15,15,652
25302,2,15,15,660
25303,2,15,15,691
25304,2,15,15,674
25305,2,15,15,688
25306,2,15,15,678
25307,2,15,15,682
25308,2,15,15,666
25309,2,15,15,689
25310,2,15,15,644
25311,2,4,15,644
25312,2,15,15,678
25313,2,15,15,683
25314,2,15,15,683
25315,2,15,15,645
25316,2,15,15,694
25317,2,15,3,688
25318,2,15,15,378
25319,2,15,15,677
25320,2,15,15,620
25321,2,15,15,493
25322,2,15,15,596
25323,2,15,15,693
25324,2,15,15,634
25325,2,15,15,677
25326,2,15,15,667
25327,2,15,15,678
25328,2,15,15,687
25329,2,15,15,361
25330,2,15,15,453
25331,2,15,15,668
25332,2,15,15,686
25333,2,15,15,690
25334,2,15,15,667
25335,2,15,15,688
25336,2,15,15,673
25337,2,15,15,622
25338,2,15,15,691
25339,2,15,15,692
25340,2,15,15,684
25341,2,15,15,672
25342,2,15,15,159
25343,2,15,15,678
25344,2,15,15,684
25345,2,12,12,531
25346,2,15,15,678
25347,2,15,15,686
25348,2,15,15,663
25349,2,15,15,641
25350,2,15,15,652
25351,2,41,41,686
25352,2,21,21,648
25353,2,15,15,660
25354,2,41,41,688
25355,2,15,15,690
25356,2,15,15,544
25357,2,15,15,688
25358,2,15,15,685
25359,2,15,15,661
25360,2,15,15,684
25361,2,15,15,691
25362,2,21,21,228
25363,2,15,15,626
25364,2,15,15,676
25365,2,15,15,676
25366,2,15,15,688
25367,2,4,4,675
25368,2,15,15,678
25369,2,15,15,680
25370,2,15,15,530
25371,2,15,15,190
25372,2,15,15,682
25373,2,39,15,472
25374,2,15,15,668
25375,2,15,15,636
25376,2,15,15,432
25377,2,15,15,674
25378,2,15,15,616
25379,2,15,15,412
25380,2,15,15,692
25381,2,15,15,690
25382,2,15,15,679
25383,2,15,15,633
25384,2,15,15,686
25385,2,4,4,660
25386,2,21,15,487
25387,2,15,15,668
25388,2,15,15,613
25389,2,15,15,141
25390,2,15,15,649
25391,2,15,15,686
25392,2,15,15,612
25393,2,15,15,687
25394,2,15,15,634
25395,2,15,15,681
25396,2,15,15,677
25397,2,15,15,471
25398,2,15,15,664
25399,2,15,15,678
25400,2,15,15,651
25401,2,15,15,694
25402,2,15,15,236
25403,2,15,15,674
25404,2,15,15,680
25405,2,15,15,685
25406,2,15,15,684
25407,2,15,15,677
25408,2,15,15,570
25409,2,15,15,682
25410,2,15,15,666
25411,2,15,15,311
25412,2,15,15,685
25413,2,15,15,672
25414,2,15,15,683
25415,2,15,15,684
25416,2,15,15,665
25417,2,21,15,631
25418,2,15,15,472
25419,2,15,15,648
25420,2,15,15,689
25421,2,15,15,633
25422,2,15,15,647
25423,2,15,15,565
25424,2,15,15,687
25425,2,15,15,313
25426,2,15,15,691
25427,2,15,15,675
25428,2,15,15,616
25429,2,15,15,688
25430,2,15,15,91
25431,2,15,15,556
25432,2,15,15,683
25433,2,15,15,673
25434,2,15,15,682
25435,2,15,15,679
25436,2,15,15,521
25437,2,15,15,678
25438,2,15,15,686
25439,2,15,15,693
25440,2,15,4,632
25441,2,15,15,662
25442,2,39,39,673
25443,2,15,15,687
25444,2,15,15,676
25445,2,41,41,150
25446,2,15,15,688
25447,2,15,15,679
25448,2,15,15,678
25449,2,15,15,128
25450,2,15,15,684
25451,2,15,15,678
25452,2,15,15,626
25453,2,15,15,632
25454,2,15,15,680
25455,2,15,15,616
25456,2,15,15,669
25457,2,15,15,657
25458,2,15,15,636
25459,2,15,15,560
25460,2,15,15,687
25461,2,15,15,687
25462,2,15,15,679
25463,2,15,15,584
25464,2,15,15,624
25465,2,15,15,668
25466,2,39,39,675
25467,2,15,15,497
25468,2,15,15,658
25469,2,15,15,666
25470,2,39,39,673
25471,2,15,15,692
25472,2,15,15,684
25473,2,15,15,680
25474,2,15,15,666
25475,2,4,15,670
25476,2,15,15,687
25477,2,15,15,661
25478,2,15,15,464
25479,2,15,15,687
25480,2,15,15,602
25481,2,15,15,671
25482,2,15,15,688
25483,2,15,15,585
25484,2,15,15,689
25485,2,15,15,682
25486,2,15,15,663
25487,2,15,15,530
25488,2,15,15,640
25489,2,15,15,251
25490,2,4,4,590
25491,2,15,15,665
25492,2,15,15,694
25493,2,20,15,680
25494,2,15,15,684
25495,2,15,15,689
25496,2,15,15,661
25497,2,15,15,593
25498,2,15,15,672
25499,2,15,15,691
25500,2,15,15,680
25501,2,15,15,571
25502,2,15,15,676
25503,2,15,15,658
25504,2,15,15,539
25505,2,15,15,679
25506,2,15,15,666
25507,2,15,15,674
25508,2,15,15,687
25509,2,15,15,671
25510,2,15,15,395
25511,2,3,3,640
25512,2,15,15,629
25513,2,15,15,680
25514,2,15,15,690
25515,2,15,15,685
25516,2,15,15,674
25517,2,15,15,684
25518,2,15,15,631
25519,2,3,3,652
25520,2,15,15,686
25521,2,15,15,663
25522,2,15,15,668
25523,2,15,15,688
25524,2,15,15,689
25525,2,15,15,662
25526,2,15,15,628
25527,2,15,15,602
25528,2,15,15,687
25529,2,15,15,696
25530,2,15,15,688
25531,2,15,15,664
25532,2,15,15,629
25533,2,15,15,117
25534,2,15,15,683
25535,2,15,15,672
25536,2,15,15,684
25537,2,15,15,683
25538,2,15,15,680
25539,2,15,15,673
25540,2,15,15,120
25541,2,15,15,688
25542,2,15,15,665
25543,2,15,15,676
25544,2,15,15,623
25545,2,15,15,673
25546,2,15,15,677
25547,2,15,15,688
25548,2,15,15,473
25549,2,15,15,686
25550,2,15,15,691
25551,2,15,15,655
25552,2,15,15,678
25553,2,15,15,686
25554,2,15,15,687
25555,2,15,15,135
25556,2,3,3,90
25557,2,15,15,690
25558,2,15,15,668
25559,2,15,15,648
25560,2,15,15,130
25561,2,15,15,571
25562,2,15,15,631
25563,2,15,15,656
25564,2,15,15,146
25565,2,15,15,669
25566,2,15,15,667
25567,2,15,15,679
25568,2,15,15,653
25569,2,15,15,542
25570,2,15,15,677
25571,2,15,15,649
25572,2,15,15,689
25573,2,15,15,684
25574,2,15,15,687
25575,2,15,15,687
25576,2,15,15,683
25577,2,15,15,686
25578,2,15,15,686
25579,2,15,15,585
25580,2,15,15,664
25581,2,15,15,90
25582,2,15,15,681
25583,2,15,15,667
25584,2,15,15,687
25585,2,15,15,655
25586,2,15,15,684
25587,2,15,15,666
25588,2,15,15,692
25589,2,15,15,676
25590,2,15,15,676
25591,2,15,15,691
25592,2,15,15,477
25593,2,15,15,637
25594,2,15,15,647
25595,2,15,15,674
25596,2,15,15,649
25597,2,39,39,683
25598,2,15,15,602
25599,2,15,15,683
25600,2,4,4,521
25601,2,15,15,640
25602,2,15,15,666
25603,2,15,15,692
25604,2,15,15,688
25605,2,15,15,523
25606,2,15,15,673
25607,2,15,15,663
25608,2,15,15,667
25609,2,15,15,690
25610,2,15,15,668
25611,2,15,15,687
25612,2,15,15,673
25613,2,15,15,613
25614,2,15,15,666
25615,2,15,15,693
25616,2,15,15,682
25617,2,15,15,683
25618,2,15,15,326
25619,2,4,4,587
25620,2,41,41,690
25621,2,15,15,687
25622,2,15,15,693
25623,2,15,15,673
25624,2,15,15,687
25625,2,15,15,685
25626,2,39,15,625
25627,2,15,15,649
25628,2,39,39,687
25629,2,15,15,663
25630,2,15,15,618
25631,2,15,15,690
25632,2,15,15,685
25633,2,15,15,686
25634,2,15,15,690
25635,2,15,15,680
25636,2,15,15,688
25637,2,15,15,555
25638,2,15,15,630
25639,2,15,15,623
25640,2,15,15,689
25641,2,15,15,683
25642,2,21,15,683
25643,2,15,15,683
25644,2,15,15,676
25645,2,15,15,688
25646,2,15,15,651
25647,2,15,15,662
25648,2,15,15,669
25649,2,15,15,657
25650,2,15,15,690
25651,2,15,15,675
25652,2,15,15,661
25653,2,21,15,634
25654,2,15,15,579
25655,2,15,15,676
25656,2,4,15,530
25657,2,15,15,680
25658,2,15,15,667
25659,2,15,15,688
25660,2,15,15,483
25661,2,15,15,662
25662,2,15,15,686
25663,2,41,41,689
25664,2,15,15,659
25665,2,15,15,689
25666,2,15,15,652
25667,2,15,15,690
25668,2,15,15,643
25669,2,15,15,672
25670,2,15,15,143
25671,2,15,15,682
25672,2,15,15,549
25673,2,15,15,679
25674,2,15,15,657
25675,2,39,39,660
25676,2,4,4,625
25677,2,15,15,685
25678,2,4,4,602
25679,2,15,15,650
25680,2,15,15,683
25681,2,15,15,687
25682,2,15,15,688
25683,2,15,15,690
25684,2,15,15,676
25685,2,15,15,640
25686,2,15,15,687
25687,2,15,15,149
25688,2,15,15,594
25689,2,15,15,669
25690,2,15,15,635
25691,2,15,15,689
25692,2,15,15,644
25693,2,15,15,424
25694,2,15,15,691
25695,2,15,15,680
25696,2,15,15,678
25697,2,15,15,590
25698,2,4,4,620
25699,2,15,15,370
25700,2,15,15,682
25701,2,15,15,677
25702,2,15,15,530
25703,2,15,15,665
25704,2,15,15,615
25705,2,15,15,686
25706,2,15,15,686
25707,2,15,15,681
25708,2,15,15,688
25709,2,21,15,22
25710,2,15,15,334
25711,2,15,15,690
25712,2,15,15,678
25713,2,15,15,155
25714,2,15,15,542
25715,2,15,15,673
25716,2,15,15,142
25717,2,15,15,661
25718,2,15,15,687
25719,2,15,15,677
25720,2,15,15,677
25721,2,15,15,640
25722,2,15,15,677
25723,2,15,15,687
25724,2,15,15,621
25725,2,15,15,677
25726,2,15,15,637
25727,2,15,4,311
25728,2,15,15,673
25729,2,15,15,680
25730,2,3,3,448
25731,2,15,15,663
25732,2,15,15,681
25733,2,15,15,460
25734,2,15,15,686
25735,2,15,15,669
25736,2,15,15,683
25737,2,15,15,684
25738,2,15,15,667
25739,2,15,15,670
25740,2,15,15,687
25741,2,15,15,686
25742,2,15,15,680
25743,2,15,15,100
25744,2,15,15,682
25745,2,4,4,647
25746,2,15,15,688
25747,2,15,15,675
25748,2,15,15,674
25749,2,4,4,95
25750,2,15,15,533
25751,2,15,15,677
25752,2,15,15,689
25753,2,15,15,677
25754,2,15,4,659
25755,2,15,15,683
25756,2,15,15,688
25757,2,15,15,679
25758,2,15,15,452
25759,2,15,15,660
25760,2,15,15,674
25761,2,15,15,658
25762,2,15,15,692
25763,2,15,15,687
25764,2,15,15,697
25765,2,15,15,560
25766,2,41,41,674
25767,2,15,15,687
25768,2,15,15,684
25769,2,15,15,695
25770,2,15,15,682
25771,2,15,15,568
25772,2,15,15,519
25773,2,15,15,662
25774,2,15,15,638
25775,2,15,15,688
25776,2,15,15,652
25777,2,15,15,675
25778,2,15,15,647
25779,2,15,15,689
25780,2,15,15,679
25781,2,4,15,630
25782,2,41,41,669
25783,2,15,15,657
25784,2,15,15,16
25785,2,39,39,681
25786,2,15,15,671
25787,2,21,15,653
25788,2,15,15,662
25789,2,15,15,678
25790,2,15,15,12
25791,2,15,15,660
25792,2,4,15,667
25793,2,15,15,679
25794,2,15,15,684
25795,2,15,15,675
25796,2,15,15,660
25797,2,15,15,689
25798,2,15,15,316
25799,2,15,15,692
25800,2,15,15,661
25801,2,15,15,664
25802,2,15,15,670
25803,2,15,15,528
25804,2,15,15,685
25805,2,15,15,684
25806,2,15,15,684
25807,2,15,15,655
25808,2,4,15,669
25809,2,15,15,682
25810,2,15,15,681
25811,2,15,15,684
25812,2,15,15,685
25813,2,15,15,397
25814,2,15,4,665
25815,2,15,15,660
25816,2,15,15,688
25817,2,15,15,680
25818,2,15,15,641
25819,2,15,15,691
25820,2,15,15,674
25821,2,3,3,676
25822,2,15,15,682
25823,2,15,15,658
25824,2,15,15,669
25825,2,15,15,287
25826,2,15,15,675
25827,2,15,15,671
25828,2,15,15,666
25829,2,15,15,668
25830,2,15,15,623
25831,2,15,15,652
25832,2,15,15,642
25833,2,15,15,625
25834,2,15,15,601
25835,2,15,15,568
25836,2,15,15,687
25837,2,15,15,680
25838,2,15,15,666
25839,2,15,15,693
25840,2,15,15,687
25841,2,15,15,542
25842,2,15,15,671
25843,2,15,15,675
25844,2,15,15,672
25845,2,15,15,679
25846,2,21,4,575
25847,2,15,15,669
25848,2,15,15,528
25849,2,15,15,694
25850,2,15,15,679
25851,2,15,15,684
25852,2,15,15,666
25853,2,15,15,688
25854,2,15,15,678
25855,2,15,15,574
25856,2,15,15,633
25857,2,15,15,665
25858,2,15,15,657
25859,2,15,15,689
25860,2,15,15,611
25861,2,15,15,680
25862,2,15,15,655
25863,2,15,15,685
25864,2,15,15,662
25865,2,15,15,682
25866,2,15,15,209
25867,2,15,15,674
25868,2,15,15,659
25869,2,15,15,686
25870,2,15,15,690
25871,2,15,15,648
25872,2,15,15,684
25873,2,15,15,689
25874,2,15,15,672
25875,2,15,15,674
25876,2,15,15,639
25877,2,15,15,676
25878,2,15,15,641
25879,2,15,15,659
25880,2,15,15,92
25881,2,15,15,668
25882,2,15,15,688
25883,2,15,15,691
25884,2,15,15,687
25885,2,15,15,670
25886,2,15,15,686
25887,2,15,12,686
25888,2,15,15,687
25889,2,15,15,635
25890,2,15,15,683
25891,2,15,15,639
25892,2,15,15,688
25893,2,15,15,689
25894,2,15,15,685
25895,2,15,15,691
25896,2,15,15,680
25897,2,15,15,667
25898,2,15,15,683
25899,2,15,15,375
25900,2,15,15,536
25901,2,20,15,680
25902,2,21,15,626
25903,2,15,15,685
25904,2,15,15,688
25905,2,15,15,623
25906,2,15,15,652
25907,2,15,15,640
25908,2,15,15,613
25909,2,15,15,687
25910,2,15,15,675
25911,2,15,15,606
25912,2,15,15,687
25913,2,15,15,680
25914,2,15,15,675
25915,2,15,15,647
25916,2,15,15,689
25917,2,15,15,624
25918,2,4,4,643
25919,2,15,15,690
25920,2,15,15,672
25921,2,15,21,670
25922,2,15,15,673
25923,2,15,15,661
25924,2,15,15,695
25925,2,15,15,670
25926,2,15,15,683
25927,2,15,15,679
25928,2,15,15,618
25929,2,15,15,672
25930,2,15,15,690
25931,2,15,15,660
25932,2,15,15,689
25933,2,15,15,661
25934,2,15,15,655
25935,2,15,15,656
25936,2,15,15,683
25937,2,4,4,507
25938,2,15,15,666
25939,2,15,15,653
25940,2,15,15,603
25941,2,15,15,639
25942,2,15,15,692
25943,2,15,15,672
25944,2,15,15,680
25945,2,15,15,685
25946,2,15,15,683
25947,2,15,15,643
25948,2,15,15,643
25949,2,15,15,687
25950,2,15,15,689
25951,2,15,15,138
25952,2,15,15,660
25953,2,15,15,683
25954,2,15,15,677
25955,2,15,15,660
25956,2,15,15,671
25957,2,15,15,682
25958,2,15,15,612
25959,2,4,4,620
25960,2,15,15,685
25961,2,15,15,651
25962,2,15,15,671
25963,2,15,15,35
25964,2,15,15,648
25965,2,15,15,675
25966,2,15,15,376
25967,2,15,15,695
25968,2,15,15,599
25969,2,15,15,688
25970,2,15,15,667
25971,2,3,15,629
25972,2,15,15,364
25973,2,15,15,687
25974,2,15,15,480
25975,2,41,41,79
25976,2,15,15,501
25977,2,15,15,76
25978,2,15,15,680
25979,2,15,15,681
25980,2,15,15,686
25981,2,15,4,615
25982,2,15,15,673
25983,2,15,15,696
25984,2,15,15,508
25985,2,15,15,683
25986,2,15,15,662
25987,2,15,15,31
25988,2,15,15,687
25989,2,15,15,669
25990,2,15,15,674
25991,2,15,15,687
25992,2,15,15,674
25993,2,15,15,688
25994,2,15,15,514
25995,2,21,15,462
25996,2,15,15,683
25997,2,15,15,660
25998,2,15,15,684
25999,2,15,15,674
26000,2,15,15,473
26001,2,15,15,524
26002,2,15,15,688
26003,2,15,15,676
26004,2,15,15,463
26005,2,15,15,652
26006,2,15,15,686
26007,2,15,15,669
26008,2,15,15,682
26009,2,4,4,671
26010,2,15,15,523
26011,2,15,15,682
26012,2,15,15,669
26013,2,15,15,652
26014,2,15,15,651
26015,2,15,9,585
26016,2,15,15,585
26017,2,15,15,671
26018,2,15,15,667
26019,2,15,15,679
26020,2,15,15,507
26021,2,15,15,687
26022,2,15,15,680
26023,2,15,15,487
26024,2,15,15,662
26025,2,15,15,654
26026,2,15,15,654
26027,2,15,15,684
26028,2,15,15,358
26029,2,15,15,647
26030,2,15,15,693
26031,2,15,15,682
26032,2,15,15,664
26033,2,15,15,683
26034,2,15,15,689
26035,2,15,15,691
26036,2,15,15,676
26037,2,15,15,682
26038,2,15,15,678
26039,2,15,15,608
26040,2,15,15,567
26041,2,15,15,687
26042,2,15,15,659
26043,2,15,15,616
26044,2,15,15,690
26045,2,15,15,678
26046,2,15,15,597
26047,2,15,15,655
26048,2,15,15,685
26049,2,15,15,439
26050,2,15,15,151
26051,2,15,15,637
26052,2,15,15,666
26053,2,15,15,638
26054,2,15,15,693
26055,2,15,15,624
26056,2,15,15,674
26057,2,15,15,681
26058,2,15,15,680
26059,2,4,4,632
26060,2,15,15,678
26061,2,15,15,687
26062,2,15,15,676
26063,2,15,15,634
26064,2,15,15,369
26065,2,15,15,679
26066,2,15,15,381
26067,2,15,15,628
26068,2,41,41,685
26069,2,15,15,656
26070,2,15,15,632
26071,2,15,15,379
26072,2,15,15,627
26073,2,15,15,689
26074,2,4,4,58
26075,2,15,15,504
26076,2,15,15,639
26077,2,15,15,676
26078,2,15,15,688
26079,2,15,15,688
26080,2,15,15,368
26081,2,21,4,623
26082,2,15,15,680
26083,2,15,15,669
26084,2,15,15,687
26085,2,21,15,680
26086,2,15,15,80
26087,2,15,15,690
26088,2,15,15,658
26089,2,15,15,677
26090,2,3,3,600
26091,2,15,15,562
26092,2,15,15,685
26093,2,15,15,683
26094,2,15,15,695
26095,2,15,15,661
26096,2,15,15,128
26097,2,4,4,663
26098,2,15,15,676
26099,2,15,15,606
26100,2,15,15,614
26101,2,15,15,687
26102,2,4,15,660
26103,2,15,15,667
26104,2,15,15,689
26105,2,15,15,631
26106,2,15,15,608
26107,2,15,15,649
26108,2,15,15,686
26109,2,15,15,665
26110,2,15,15,679
26111,2,15,15,688
26112,2,15,15,624
26113,2,21,21,554
26114,2,4,4,657
26115,2,4,15,528
26116,2,15,15,666
26117,2,15,15,673
26118,2,15,15,618
26119,2,15,15,669
26120,2,15,15,688
26121,2,15,15,692
26122,2,15,15,382
26123,2,15,15,673
26124,2,15,15,683
26125,2,15,15,684
26126,2,15,15,610
26127,2,15,15,598
26128,2,15,15,685
26129,2,15,15,665
26130,2,15,15,658
26131,2,15,15,686
26132,2,15,15,684
26133,2,15,15,541
26134,2,15,15,678
26135,2,15,15,683
26136,2,15,15,457
26137,2,15,15,665
26138,2,15,15,321
26139,2,15,15,670
26140,2,15,4,602
26141,2,15,15,645
26142,2,15,15,686
26143,2,15,15,662
26144,2,15,15,114
26145,2,4,4,542
26146,2,15,15,622
26147,2,15,15,632
26148,2,15,15,654
26149,2,12,12,664
26150,2,15,15,629
26151,2,15,15,647
26152,2,15,15,687
26153,2,15,15,681
26154,2,15,15,182
26155,2,15,15,644
26156,2,15,15,638
26157,2,15,15,620
26158,2,15,15,698
26159,2,15,15,691
26160,2,15,15,665
26161,2,15,15,686
26162,2,15,15,295
26163,2,15,15,348
26164,2,15,15,658
26165,2,15,15,680
26166,2,15,15,678
26167,2,15,15,680
26168,2,15,15,613
26169,2,15,15,319
26170,2,15,15,510
26171,2,15,15,665
26172,2,21,4,73
26173,2,15,15,681
26174,2,15,15,688
26175,2,15,15,679
26176,2,15,15,689
26177,2,15,15,688
26178,2,15,15,225
26179,2,15,15,633
26180,2,15,15,586
26181,2,15,15,291
26182,2,15,15,681
26183,2,15,15,679
26184,2,15,15,650
26185,2,15,15,675
26186,2,15,15,611
26187,2,15,15,529
26188,2,15,15,608
26189,2,15,15,693
26190,2,15,15,666
26191,2,15,15,512
26192,2,15,15,664
26193,2,15,15,45
26194,2,15,15,670
26195,2,15,15,689
26196,2,21,21,645
26197,2,15,15,622
26198,2,15,15,653
26199,2,15,15,679
26200,2,15,15,666
26201,2,15,15,685
26202,2,15,15,680
26203,2,15,15,551
26204,2,15,15,684
26205,2,15,15,547
26206,2,15,15,639
26207,2,15,15,675
26208,2,15,15,685
26209,2,4,4,655
26210,2,15,15,687
26211,2,15,15,687
26212,2,15,15,667
26213,2,15,15,676
26214,2,15,15,683
26215,2,15,15,530
26216,2,15,15,679
26217,2,15,15,140
26218,2,15,15,687
26219,2,15,15,649
26220,2,15,15,205
26221,2,15,15,680
26222,2,15,15,620
26223,2,15,15,668
26224,2,15,15,691
26225,2,15,15,688
26226,2,15,15,662
26227,2,15,15,695
26228,2,15,15,279
26229,2,15,15,612
26230,2,15,15,682
26231,2,15,15,664
26232,2,15,15,537
26233,2,15,15,689
26234,2,15,15,686
26235,2,15,15,690
26236,2,15,15,683
26237,2,15,15,678
26238,2,15,15,667
26239,2,15,15,543
26240,2,15,4,32
26241,2,15,15,684
26242,2,15,15,674
26243,2,15,15,685
26244,2,15,15,684
26245,2,15,15,615
26246,2,15,15,678
26247,2,15,15,683
26248,2,11,15,665
26249,2,15,15,695
26250,2,15,15,686
26251,2,15,15,660
26252,2,15,4,677
26253,2,15,15,599
26254,2,15,15,685
26255,2,15,15,694
26256,2,15,15,155
26257,2,15,15,519
26258,2,15,15,673
26259,2,15,15,683
26260,2,15,15,648
26261,2,15,15,496
26262,2,15,15,309
26263,2,15,15,660
26264,2,15,15,659
26265,2,15,15,306
26266,2,15,15,683
26267,2,15,15,682
26268,2,4,4,584
26269,2,15,15,645
26270,2,15,15,666
26271,2,15,15,677
26272,2,15,15,47
26273,2,15,15,687
26274,2,15,15,688
26275,2,15,15,655
26276,2,15,4,429
26277,2,15,15,457
26278,2,15,4,677
26279,2,15,15,669
26280,2,15,15,686
26281,2,15,15,621
26282,2,15,15,668
26283,2,15,15,680
26284,2,15,15,279
26285,2,15,15,620
26286,2,15,15,677
26287,2,15,15,687
26288,2,15,15,676
26289,2,15,15,684
26290,2,15,15,681
26291,2,15,15,661
26292,2,15,15,685
26293,2,15,15,513
26294,2,15,15,600
26295,2,15,15,627
26296,2,15,15,647
26297,2,15,15,131
26298,2,15,4,665
26299,2,15,15,688
26300,2,12,12,307
26301,2,15,15,685
26302,2,15,15,426
26303,2,15,15,170
26304,2,15,15,659
26305,2,15,15,690
26306,2,15,15,695
26307,2,15,15,538
26308,2,15,15,691
26309,2,15,15,583
26310,2,15,15,673
26311,2,15,15,631
26312,2,15,15,385
26313,2,15,15,684
26314,2,15,15,625
26315,2,15,15,340
26316,2,15,15,428
26317,2,15,15,690
26318,2,15,15,681
26319,2,15,15,658
26320,2,15,15,683
26321,2,15,15,133
26322,2,15,15,544
26323,2,15,15,685
26324,2,15,15,682
26325,2,4,4,687
26326,2,15,15,676
26327,2,15,15,651
26328,2,15,15,678
26329,2,15,15,662
26330,2,15,15,593
26331,2,15,15,666
26332,2,15,15,453
26333,2,4,4,661
26334,2,15,15,663
26335,2,15,15,438
26336,2,15,15,642
26337,2,15,15,610
26338,2,15,15,576
26339,2,15,15,681
26340,2,15,15,681
26341,2,15,15,687
26342,2,4,15,678
26343,2,15,15,687
26344,2,15,15,688
26345,2,15,15,167
26346,2,15,15,630
26347,2,15,15,687
26348,2,15,15,687
26349,2,15,15,634
26350,2,15,15,684
26351,2,15,15,687
26352,2,15,15,581
26353,2,15,15,625
26354,2,15,15,695
26355,2,15,15,673
26356,2,15,15,676
26357,2,15,15,643
26358,2,15,15,659
26359,2,15,15,682
26360,2,15,15,675
26361,2,15,15,591
26362,2,15,15,697
26363,2,15,15,683
26364,2,15,15,685
26365,2,15,15,597
26366,2,15,15,441
26367,2,15,15,671
26368,2,15,15,676
26369,2,15,15,660
26370,2,15,15,312
26371,2,15,15,670
26372,2,15,15,109
26373,2,39,39,683
26374,2,15,15,689
26375,2,15,15,489
26376,2,15,15,686
26377,2,4,15,552
26378,2,15,15,669
26379,2,41,41,681
26380,2,41,41,683
26381,2,15,15,275
26382,2,15,15,680
26383,2,15,15,283
26384,2,15,15,672
26385,2,15,15,665
26386,2,39,39,566
26387,2,41,41,492
26388,2,15,15,674
26389,2,15,15,673
26390,2,15,15,639
26391,2,15,15,681
26392,2,15,15,687
26393,2,21,21,197
26394,2,15,15,655
26395,2,15,15,685
26396,2,15,15,193
26397,2,15,15,681
26398,2,15,15,607
26399,2,15,15,148
26400,2,15,15,614
26401,2,15,15,671
26402,2,15,15,677
26403,2,15,15,634
26404,2,15,15,694
26405,2,15,15,693
26406,2,15,15,687
26407,2,15,15,677
26408,2,15,15,678
26409,2,15,15,551
26410,2,15,15,505
26411,2,15,15,213
26412,2,15,15,678
26413,2,15,15,628
26414,2,15,15,673
26415,2,15,15,677
26416,2,21,15,547
26417,2,15,15,676
26418,2,15,15,688
26419,2,15,15,630
26420,2,15,15,688
26421,2,15,15,677
26422,2,15,15,254
26423,2,15,15,689
26424,2,15,15,688
26425,2,15,15,684
26426,2,15,15,687
26427,2,4,4,644
26428,2,15,15,608
26429,2,15,15,688
26430,2,15,15,447
26431,2,15,15,668
26432,2,15,15,518
26433,2,15,15,685
26434,2,39,15,682
26435,2,15,15,540
26436,2,15,15,677
26437,2,15,15,659
26438,2,15,15,670
26439,2,15,15,644
26440,2,15,15,675
26441,2,15,15,645
26442,2,15,15,686
26443,2,15,15,629
26444,2,15,15,370
26445,2,15,15,682
26446,2,15,15,689
26447,2,15,15,382
26448,2,15,15,674
26449,2,41,41,673
26450,2,15,15,684
26451,2,15,15,670
26452,2,15,15,677
26453,2,15,15,674
26454,2,15,15,546
26455,2,15,15,561
26456,2,15,15,513
26457,2,15,15,659
26458,2,15,15,577
26459,2,15,15,545
26460,2,15,15,677
26461,2,15,15,659
26462,2,15,15,142
26463,2,15,15,685
26464,2,4,4,686
26465,2,15,15,347
26466,2,15,15,685
26467,2,15,15,681
26468,2,15,15,674
26469,2,15,15,684
26470,2,15,15,685
26471,2,15,15,686
26472,2,15,15,687
26473,2,15,15,684
26474,2,15,15,346
26475,2,15,15,648
26476,2,15,4,225
26477,2,12,12,541
26478,2,15,15,213
26479,2,3,3,519
26480,2,15,15,688
26481,2,15,15,678
26482,2,15,15,689
26483,2,15,15,247
26484,2,4,15,683
26485,2,15,15,685
26486,2,15,15,230
26487,2,15,15,684
26488,2,15,4,626
26489,2,15,15,685
26490,2,15,15,490
26491,2,15,15,200
26492,2,15,15,681
26493,2,15,15,670
26494,2,15,15,457
26495,2,15,15,645
26496,2,15,15,654
26497,2,41,15,662
26498,2,15,15,386
26499,2,15,15,684
26500,2,15,15,670
26501,2,15,15,265
26502,2,15,15,676
26503,2,15,15,682
26504,2,15,15,681
26505,2,15,15,679
26506,2,15,15,674
26507,2,15,15,683
26508,2,15,15,686
26509,2,15,15,685
26510,2,15,15,682
26511,2,15,15,675
26512,2,21,15,41
26513,2,4,4,641
26514,2,15,15,569
26515,2,15,15,164
26516,2,15,15,681
26517,2,3,15,654
26518,2,15,15,93
26519,2,15,15,682
26520,2,15,15,676
26521,2,15,15,676
26522,2,15,15,286
26523,2,15,15,686
26524,2,15,15,679
26525,2,15,15,685
26526,2,15,15,686
26527,2,15,15,670
26528,2,15,15,655
26529,2,15,15,150
26530,2,41,15,663
26531,2,15,15,53
26532,2,15,15,629
26533,2,21,4,580
26534,2,15,15,678
26535,2,15,15,688
26536,2,15,15,632
26537,2,15,15,684
26538,2,15,15,644
26539,2,15,15,429
26540,2,15,15,683
26541,2,15,15,664
26542,2,15,15,632
26543,2,15,15,678
26544,2,15,15,659
26545,2,15,15,192
26546,2,15,15,646
26547,2,15,15,690
26548,2,15,15,667
26549,2,15,15,675
26550,2,15,15,484
26551,2,39,39,610
26552,2,15,15,676
26553,2,15,15,656
26554,2,15,15,539
26555,2,15,15,679
26556,2,21,3,620
26557,2,15,15,605
26558,2,15,15,695
26559,2,15,15,438
26560,2,4,15,561
26561,2,15,15,689
26562,2,15,15,690
26563,2,15,15,154
26564,2,15,15,664
26565,2,15,15,506
26566,2,15,15,685
26567,2,20,20,30
26568,2,15,15,659
26569,2,15,15,542
26570,2,4,4,667
26571,2,15,15,645
26572,2,15,15,669
26573,2,15,15,681
26574,2,15,15,324
26575,2,4,4,616
26576,2,15,15,687
26577,2,15,15,635
26578,2,15,15,428
26579,2,15,15,557
26580,2,15,15,681
26581,2,15,15,665
26582,2,20,15,635
26583,2,15,15,152
26584,2,15,15,676
26585,2,15,15,560
26586,2,15,15,670
26587,2,15,15,677
26588,2,15,15,677
26589,2,15,15,689
26590,2,15,15,688
26591,2,15,15,495
26592,2,15,15,595
26593,2,15,15,376
26594,2,15,15,687
26595,2,15,15,691
26596,2,15,15,682
26597,2,15,15,686
26598,2,15,15,657
26599,2,15,15,673
26600,2,15,15,686
26601,2,15,15,693
26602,2,4,4,656
26603,2,15,15,678
26604,2,4,4,682
26605,2,15,15,686
26606,2,15,15,660
26607,2,15,15,685
26608,2,15,3,648
26609,2,4,4,655
26610,2,15,15,141
26611,2,15,15,224
26612,2,15,15,679
26613,2,15,15,589
26614,2,15,15,654
26615,2,3,3,320
26616,2,15,15,641
26617,2,15,15,694
26618,2,15,15,670
26619,2,15,15,693
26620,2,15,15,563
26621,2,15,15,640
26622,2,15,15,696
26623,2,15,15,681
26624,2,15,15,680
26625,2,15,15,683
26626,2,15,15,605
26627,2,15,15,673
26628,2,15,15,675
26629,2,15,15,678
26630,2,15,15,685
26631,2,15,15,625
26632,2,15,15,675
26633,2,15,15,679
26634,2,15,15,603
26635,2,15,15,689
26636,2,15,15,686
26637,2,15,15,683
26638,2,15,15,524
26639,2,15,15,666
26640,2,15,15,170
26641,2,15,15,677
26642,2,15,15,663
26643,2,15,15,681
26644,2,15,15,689
26645,2,15,15,20
26646,2,15,15,635
26647,2,15,15,684
26648,2,15,15,648
26649,2,15,15,693
26650,2,15,15,422
26651,2,15,15,138
26652,2,15,15,669
26653,2,15,15,676
26654,2,15,15,686
26655,2,15,15,667
26656,2,15,15,197
26657,2,15,15,680
26658,2,15,15,688
26659,2,15,15,676
26660,2,15,15,670
26661,2,15,4,672
26662,2,15,15,658
26663,2,15,15,679
26664,2,15,15,676
26665,2,15,15,687
26666,2,15,15,690
26667,2,4,4,524
26668,2,15,15,86
26669,2,15,15,576
26670,2,15,15,618
26671,2,15,15,563
26672,2,15,15,618
26673,2,15,15,687
26674,2,15,15,680
26675,2,20,15,687
26676,2,15,15,670
26677,2,15,15,595
26678,2,4,4,652
26679,2,15,15,690
26680,2,15,15,692
26681,2,15,15,537
26682,2,15,15,682
26683,2,15,15,576
26684,2,15,15,690
26685,2,15,15,681
26686,2,15,15,691
26687,2,15,15,378
26688,2,15,15,682
26689,2,15,15,680
26690,2,15,15,682
26691,2,15,15,486
26692,2,15,15,593
26693,2,15,15,238
26694,2,15,15,690
26695,2,15,15,660
26696,2,15,15,652
26697,2,15,15,676
26698,2,15,15,691
26699,2,41,41,611
26700,2,15,15,684
26701,2,15,15,650
26702,2,15,15,217
26703,2,15,15,12
26704,2,15,15,524
26705,2,15,15,685
26706,2,15,15,686
26707,2,15,15,644
26708,2,21,15,683
26709,2,15,15,662
26710,2,15,15,491
26711,2,15,15,591
26712,2,15,15,196
26713,2,15,15,383
26714,2,15,15,690
26715,2,15,15,685
26716,2,15,15,598
26717,2,15,15,683
26718,2,4,4,273
26719,2,15,15,425
26720,2,15,15,668
26721,2,15,15,679
26722,2,15,15,519
26723,2,4,4,677
26724,2,15,15,686
26725,2,15,15,562
26726,2,15,15,668
26727,2,15,15,682
26728,2,15,15,688
26729,2,15,15,654
26730,2,15,15,690
26731,2,15,15,683
26732,2,15,15,116
26733,2,15,15,670
26734,2,15,15,637
26735,2,15,15,683
26736,2,4,4,627
26737,2,15,15,691
26738,2,15,15,646
26739,2,15,15,690
26740,2,15,15,682
26741,2,15,15,583
26742,2,15,15,683
26743,2,15,15,428
26744,2,15,15,676
26745,2,15,15,308
26746,2,15,15,693
26747,2,15,15,659
26748,2,15,15,688
26749,2,15,15,680
26750,2,15,15,676
26751,2,15,15,347
26752,2,15,15,644
26753,2,15,15,660
26754,2,15,15,633
26755,2,3,3,82
26756,2,15,15,664
26757,2,15,15,677
26758,2,15,15,189
26759,2,15,15,682
26760,2,15,15,278
26761,2,15,15,251
26762,2,15,15,683
26763,2,15,15,686
26764,2,15,15,654
26765,2,15,15,630
26766,2,15,15,33
26767,2,3,3,475
26768,2,15,15,683
26769,2,41,41,685
26770,2,15,15,686
26771,2,15,15,684
26772,2,15,15,683
26773,2,15,15,639
26774,2,15,15,688
26775,2,15,15,683
26776,2,15,15,693
26777,2,15,15,654
26778,2,15,15,691
26779,2,15,15,680
26780,2,21,21,579
26781,2,15,15,686
26782,2,15,15,689
26783,2,15,15,685
26784,2,15,15,686
26785,2,4,4,632
26786,2,15,15,693
26787,2,15,15,446
26788,2,15,15,635
26789,2,15,15,665
26790,2,15,15,538
26791,2,41,41,685
26792,2,4,4,666
26793,2,15,15,682
26794,2,15,15,669
26795,2,15,15,631
26796,2,15,15,668
26797,2,15,15,680
26798,2,15,15,683
26799,2,15,15,654
26800,2,15,15,689
26801,2,15,15,651
26802,2,39,41,677
26803,2,15,15,687
26804,2,15,15,202
26805,2,15,21,629
26806,2,15,15,418
26807,2,15,15,687
26808,2,15,15,684
26809,2,12,12,165
26810,2,15,15,166
26811,2,15,15,611
26812,2,15,15,626
26813,2,15,15,657
26814,2,15,15,688
26815,2,15,15,677
26816,2,15,15,594
26817,2,15,15,682
26818,2,15,15,670
26819,2,15,15,688
26820,2,15,15,672
26821,2,15,15,656
26822,2,15,15,439
26823,2,15,15,674
26824,2,15,15,641
26825,2,15,15,688
26826,2,15,15,686
26827,2,15,15,608
26828,2,15,15,680
26829,2,15,15,689
26830,2,15,15,646
26831,2,15,15,681
26832,2,15,15,677
26833,2,15,15,686
26834,2,15,15,670
26835,2,15,15,663
26836,2,15,15,694
26837,2,15,15,501
26838,2,41,41,685
26839,2,15,15,644
26840,2,15,15,639
26841,2,15,15,663
26842,2,15,15,676
26843,2,15,15,680
26844,2,15,15,680
26845,2,15,15,662
26846,2,15,15,636
26847,2,15,15,696
26848,2,15,15,688
26849,2,15,15,674
26850,2,15,15,690
26851,2,15,15,677
26852,2,15,15,684
26853,2,15,15,696
26854,2,15,15,686
26855,2,3,3,472
26856,2,15,15,686
26857,2,15,15,653
26858,2,15,15,336
26859,2,15,15,666
26860,2,15,15,611
26861,2,15,15,577
26862,2,15,15,130
26863,2,15,15,60
26864,2,15,15,679
26865,2,15,15,680
26866,2,15,15,133
26867,2,15,15,688
26868,2,15,15,662
26869,2,4,4,603
26870,2,4,4,158
26871,2,15,15,672
26872,2,15,15,676
26873,2,15,15,675
26874,2,15,15,620
26875,2,4,4,611
26876,2,15,15,684
26877,2,21,15,473
26878,2,15,15,680
26879,2,15,15,655
26880,2,15,15,677
26881,2,15,15,676
26882,2,15,15,530
26883,2,15,15,635
26884,2,15,15,667
26885,2,15,15,677
26886,2,15,15,683
26887,2,15,15,576
26888,2,15,15,690
26889,2,15,15,692
26890,2,15,15,683
26891,2,15,15,656
26892,2,15,15,679
26893,2,15,15,685
26894,2,15,15,677
26895,2,15,15,647
26896,2,15,15,683
26897,2,15,15,674
26898,2,15,15,663
26899,2,41,41,598
26900,2,15,15,654
26901,2,15,15,679
26902,2,15,15,680
26903,2,15,15,661
26904,2,15,15,634
26905,2,15,15,666
26906,2,15,15,667
26907,2,15,15,43
26908,2,15,15,647
26909,2,15,15,682
26910,2,15,15,685
26911,2,15,15,586
26912,2,15,15,120
26913,2,15,15,679
26914,2,15,15,696
26915,2,15,15,693
26916,2,15,15,681
26917,2,41,41,672
26918,2,15,15,602
26919,2,15,15,685
26920,2,15,15,689
26921,2,15,15,676
26922,2,15,15,625
26923,2,15,15,684
26924,2,24,15,369
26925,2,15,15,687
26926,2,15,15,667
26927,2,15,15,620
26928,2,15,15,621
26929,2,15,15,668
26930,2,15,15,687
26931,2,4,4,30
26932,2,21,21,130
26933,2,15,15,674
26934,2,15,15,342
26935,2,15,15,682
26936,2,15,15,689
26937,2,15,15,372
26938,2,15,15,685
26939,2,15,15,673
26940,2,9,9,689
26941,2,4,4,2
26942,2,15,15,682
26943,2,15,15,691
26944,2,15,15,681
26945,2,15,15,334
26946,2,15,15,670
26947,2,15,15,686
26948,2,15,15,572
26949,2,15,15,597
26950,2,15,15,580
26951,2,15,15,678
26952,2,41,41,681
26953,2,15,15,531
26954,2,15,15,682
26955,2,15,15,684
26956,2,15,15,686
26957,2,15,15,683
26958,2,15,15,680
26959,2,15,15,690
26960,2,15,15,497
26961,2,15,15,668
26962,2,15,15,601
26963,2,15,15,648
26964,2,15,15,662
26965,2,15,15,682
26966,2,15,15,644
26967,2,15,15,576
26968,2,15,15,678
26969,2,15,15,690
26970,2,15,15,687
26971,2,15,15,687
26972,2,15,15,618
26973,2,15,15,258
26974,2,15,15,684
26975,2,15,15,681
26976,2,15,15,690
26977,2,15,15,687
26978,2,15,15,676
26979,2,15,15,511
26980,2,15,15,668
26981,2,15,15,602
26982,2,4,4,660
26983,2,15,15,690
26984,2,15,15,678
26985,2,21,15,288
26986,2,15,15,583
26987,2,15,15,687
26988,2,15,15,480
26989,2,15,15,684
26990,2,15,15,390
26991,2,15,15,678
26992,2,15,15,675
26993,2,15,15,498
26994,2,15,15,628
26995,2,15,15,685
26996,2,15,15,667
26997,2,15,15,574
26998,2,39,39,598
26999,2,41,41,677
27000,2,15,15,449
27001,2,15,15,663
27002,2,15,15,688
27003,2,15,15,682
27004,2,15,15,682
27005,2,15,15,688
27006,2,15,15,665
27007,2,15,15,679
27008,2,15,15,685
27009,2,15,15,687
27010,2,15,15,683
27011,2,15,15,679
27012,2,15,15,436
27013,2,15,15,304
27014,2,15,15,684
27015,2,15,15,683
27016,2,15,15,494
27017,2,15,15,688
27018,2,15,15,652
27019,2,39,39,87
27020,2,15,15,573
27021,2,20,15,678
27022,2,15,15,685
27023,2,15,15,642
27024,2,15,15,683
27025,2,15,15,674
27026,2,15,15,658
27027,2,15,15,621
27028,2,15,15,688
27029,2,15,15,597
27030,2,15,15,673
27031,2,15,15,573
27032,2,15,15,557
27033,2,15,15,676
27034,2,15,15,675
27035,2,15,15,680
27036,2,15,15,693
27037,2,15,15,689
27038,2,21,15,676
27039,2,15,15,650
27040,2,15,15,686
27041,2,15,15,688
27042,2,4,4,617
27043,2,15,15,672
27044,2,15,15,685
27045,2,15,15,657
27046,2,15,15,682
27047,2,41,41,689
27048,2,21,15,418
27049,2,15,15,660
27050,2,15,15,663
27051,2,15,15,621
27052,2,15,15,641
27053,2,15,15,669
27054,2,15,15,429
27055,2,15,15,676
27056,2,15,15,657
27057,2,15,15,673
27058,2,15,15,695
27059,2,15,15,490
27060,2,15,15,618
27061,2,15,15,684
27062,2,15,15,677
27063,2,15,15,672
27064,2,15,15,669
27065,2,15,15,659
27066,2,15,15,685
27067,2,15,15,683
27068,2,15,15,669
27069,2,15,15,683
27070,2,15,15,583
27071,2,15,15,657
27072,2,15,15,655
27073,2,15,15,679
27074,2,15,15,652
27075,2,15,15,652
27076,2,15,15,615
27077,2,15,15,317
27078,2,15,15,655
27079,2,15,15,682
27080,2,15,15,651
27081,2,15,4,236
27082,2,15,15,686
27083,2,15,15,680
27084,2,15,15,493
27085,2,15,15,686
27086,2,15,15,678
27087,2,15,15,687
27088,2,15,15,344
27089,2,15,15,613
27090,2,15,15,272
27091,2,15,15,523
27092,2,15,15,567
27093,2,15,15,680
27094,2,15,15,665
27095,2,15,15,687
27096,2,15,15,652
27097,2,15,15,646
27098,2,15,15,307
27099,2,4,4,662
27100,2,15,15,683
27101,2,15,15,687
27102,2,39,39,646
27103,2,15,15,665
27104,2,15,15,683
27105,2,15,15,676
27106,2,15,15,687
27107,2,15,15,676
27108,2,15,15,386
27109,2,15,15,664
27110,2,15,15,680
27111,2,15,15,263
27112,2,15,15,680
27113,2,15,15,568
27114,2,15,15,681
27115,2,15,15,682
27116,2,15,15,635
27117,2,15,15,676
27118,2,39,41,684
27119,2,15,15,680
27120,2,15,15,619
27121,2,4,15,680
27122,2,15,15,508
27123,2,15,15,689
27124,2,15,15,686
27125,2,15,15,673
27126,2,15,15,689
27127,2,15,15,681
27128,2,41,41,678
27129,2,15,15,683
27130,2,15,15,639
27131,2,15,15,675
27132,2,15,15,686
27133,2,15,15,674
27134,2,15,15,686
27135,2,15,15,651
27136,2,15,15,680
27137,2,15,15,681
27138,2,15,15,665
27139,2,15,15,675
27140,2,15,15,684
27141,2,15,15,677
27142,2,15,15,686
27143,2,15,15,583
27144,2,15,15,682
27145,2,15,15,669
27146,2,15,15,316
27147,2,15,15,316
27148,2,4,4,555
27149,2,15,15,640
27150,2,15,15,668
27151,2,15,15,683
27152,2,15,15,665
27153,2,15,15,241
27154,2,4,4,674
27155,2,15,15,690
27156,2,15,4,631
27157,2,15,15,690
27158,2,15,15,681
27159,2,15,15,691
27160,2,15,15,666
27161,2,15,15,682
27162,2,15,15,681
27163,2,15,15,443
27164,2,15,15,688
27165,2,15,15,673
27166,2,15,15,102
27167,2,15,15,654
27168,2,4,15,594
27169,2,15,15,688
27170,2,15,15,679
27171,2,15,15,449
27172,2,15,15,679
27173,2,15,15,685
27174,2,15,15,553
27175,2,15,15,687
27176,2,15,15,128
27177,2,15,15,673
27178,2,15,15,556
27179,2,15,15,644
27180,2,24,24,654
27181,2,15,15,677
27182,2,15,15,674
27183,2,15,15,538
27184,2,15,15,130
27185,2,15,4,584
27186,2,15,15,679
27187,2,15,15,518
27188,2,15,15,641
27189,2,15,15,687
27190,2,15,15,562
27191,2,15,15,661
27192,2,15,15,195
27193,2,15,15,661
27194,2,15,15,314
27195,2,15,15,90
27196,2,15,15,676
27197,2,15,15,668
27198,2,15,15,545
27199,2,15,15,695
27200,2,15,15,686
27201,2,15,15,667
27202,2,21,15,661
27203,2,15,15,672
27204,2,15,15,673
27205,2,15,15,682
27206,2,21,4,475
27207,2,15,15,676
27208,2,15,15,677
27209,2,15,15,689
27210,2,15,15,655
27211,2,15,15,245
27212,2,15,15,276
27213,2,15,15,690
27214,2,15,15,36
27215,2,15,15,678
27216,2,15,15,661
27217,2,15,15,652
27218,2,15,15,490
27219,2,15,15,673
27220,2,15,15,686
27221,2,21,15,682
27222,2,15,15,420
27223,2,15,15,676
27224,2,15,15,659
27225,2,15,15,675
27226,2,15,15,689
27227,2,15,15,689
27228,2,15,15,686
27229,2,15,15,620
27230,2,15,15,685
27231,2,15,15,657
27232,2,15,15,686
27233,2,15,15,654
27234,2,15,15,679
27235,2,15,15,674
27236,2,4,4,671
27237,2,15,15,647
27238,2,15,15,636
27239,2,15,15,689
27240,2,15,15,105
27241,2,4,4,663
27242,2,15,15,684
27243,2,15,15,455
27244,2,15,15,689
27245,2,21,21,339
27246,2,15,15,686
27247,2,39,41,679
27248,2,15,15,685
27249,2,15,15,684
27250,2,15,15,688
27251,2,15,15,685
27252,2,15,15,643
27253,2,15,15,571
27254,2,15,15,678
27255,2,15,15,634
27256,2,15,15,663
27257,2,21,15,652
27258,2,15,15,678
27259,2,15,15,687
27260,2,15,15,504
27261,2,15,15,638
27262,2,4,4,605
27263,2,15,15,677
27264,2,15,15,680
27265,2,15,15,616
27266,2,15,15,686
27267,2,15,15,679
27268,2,15,15,686
27269,2,15,15,602
27270,2,15,15,628
27271,2,15,15,582
27272,2,20,20,667
27273,2,15,15,679
27274,2,15,15,686
27275,2,15,15,437
27276,2,15,15,577
27277,2,15,15,687
27278,2,15,15,673
27279,2,15,15,682
27280,2,15,15,687
27281,2,15,15,637
27282,2,4,4,664
27283,2,4,4,661
27284,2,15,15,402
27285,2,15,15,516
27286,2,15,15,671
27287,2,15,15,680
27288,2,15,15,86
27289,2,15,15,479
27290,2,15,15,652
27291,2,15,15,444
27292,2,15,15,622
27293,2,15,15,637
27294,2,15,15,685
27295,2,15,15,691
27296,2,15,15,43
27297,2,15,15,531
27298,2,15,15,690
27299,2,15,15,687
27300,2,15,15,684
27301,2,15,15,612
27302,2,15,15,687
27303,2,15,15,685
27304,2,15,15,694
27305,2,15,15,690
27306,2,15,15,689
27307,2,15,15,663
27308,2,15,15,650
27309,2,15,15,688
27310,2,15,15,678
27311,2,15,15,694
27312,2,15,15,606
27313,2,15,15,678
27314,2,15,15,687
27315,2,15,15,685
27316,2,15,15,632
27317,2,15,15,628
27318,2,15,15,666
27319,2,15,15,572
27320,2,15,15,585
27321,2,15,15,685
27322,2,15,15,671
27323,2,15,15,672
27324,2,15,15,675
27325,2,15,15,669
27326,2,15,15,686
27327,2,3,3,653
27328,2,15,15,694
27329,2,15,15,685
27330,2,15,15,668
27331,2,15,15,687
27332,2,15,15,651
27333,2,15,15,641
27334,2,15,15,95
27335,2,15,15,488
27336,2,15,15,201
27337,2,15,15,678
27338,2,15,15,574
27339,2,15,15,564
27340,2,15,15,689
27341,2,15,15,183
27342,2,15,15,688
27343,2,15,15,412
27344,2,15,15,680
27345,2,15,15,556
27346,2,15,15,643
27347,2,15,4,579
27348,2,15,15,677
27349,2,15,15,685
27350,2,15,15,661
27351,2,15,15,687
27352,2,15,15,685
27353,2,15,15,684
27354,2,15,15,107
27355,2,15,15,687
27356,2,15,15,528
27357,2,15,15,672
27358,2,15,15,683
27359,2,15,15,644
27360,2,15,15,682
27361,2,15,15,681
27362,2,15,15,582
27363,2,15,15,659
27364,2,15,15,677
27365,2,15,15,655
27366,2,15,15,667
27367,2,15,15,621
27368,2,15,15,676
27369,2,15,15,591
27370,2,15,15,688
27371,2,15,15,682
27372,2,15,15,253
27373,2,15,15,672
27374,2,15,15,591
27375,2,15,15,652
27376,2,3,3,551
27377,2,15,15,688
27378,2,15,15,623
27379,2,15,15,564
27380,2,15,15,558
27381,2,15,15,686
27382,2,15,15,685
27383,2,15,15,472
27384,2,15,15,693
27385,2,15,15,684
27386,2,15,15,688
27387,2,3,3,411
27388,2,15,15,549
27389,2,15,15,686
27390,2,4,15,655
27391,2,4,4,408
27392,2,15,15,486
27393,2,15,15,589
27394,2,15,15,681
27395,2,15,15,291
27396,2,15,15,684
27397,2,15,15,671
27398,2,15,15,646
27399,2,15,15,440
27400,2,15,15,678
27401,2,15,15,667
27402,2,9,9,672
27403,2,15,15,694
27404,2,15,15,156
27405,2,15,15,683
27406,2,15,15,676
27407,2,15,15,677
27408,2,15,15,688
27409,2,3,3,622
27410,2,15,15,678
27411,2,15,15,684
27412,2,21,15,684
27413,2,15,15,680
27414,2,15,15,597
27415,2,15,15,562
27416,2,15,15,670
27417,2,15,15,685
27418,2,15,15,653
27419,2,15,15,661
27420,2,15,15,584
27421,2,21,15,560
27422,2,15,15,651
27423,2,15,15,686
27424,2,15,15,576
27425,2,39,39,688
27426,2,15,15,679
27427,2,15,15,100
27428,2,15,15,660
27429,2,15,15,676
27430,2,15,15,683
27431,2,15,15,634
27432,2,15,15,633
27433,2,15,15,662
27434,2,15,15,675
27435,2,15,15,636
27436,2,15,15,676
27437,2,15,15,678
27438,2,15,15,686
27439,2,15,15,676
27440,2,15,15,683
27441,2,15,15,692
27442,2,15,15,254
27443,2,15,15,688
27444,2,15,15,687
27445,2,15,15,192
27446,2,15,15,492
27447,2,15,15,689
27448,2,15,15,682
27449,2,15,15,671
27450,2,15,15,529
27451,2,15,15,684
27452,2,15,15,669
27453,2,21,15,671
27454,2,15,15,673
27455,2,15,15,584
27456,2,15,15,648
27457,2,15,15,681
27458,2,15,15,683
27459,2,15,15,694
27460,2,41,41,685
27461,2,15,15,339
27462,2,15,15,313
27463,2,15,15,278
27464,2,4,4,606
27465,2,15,15,681
27466,2,15,15,651
27467,2,15,15,325
27468,2,15,15,662
27469,2,15,15,580
27470,2,15,15,357
27471,2,15,15,154
27472,2,15,15,676
27473,2,4,4,523
27474,2,15,15,257
27475,2,15,15,683
27476,2,15,15,683
27477,2,21,15,691
27478,2,15,15,663
27479,2,15,15,659
27480,2,15,15,691
27481,2,15,15,352
27482,2,15,15,685
27483,2,15,15,689
27484,2,15,15,681
27485,2,15,15,673
27486,2,20,15,247
27487,2,15,15,585
27488,2,15,15,233
27489,2,15,15,686
27490,2,41,41,678
27491,2,15,15,683
27492,2,15,15,591
27493,2,15,15,669
27494,2,41,41,623
27495,2,15,15,681
27496,2,15,15,685
27497,2,15,15,620
27498,2,15,15,668
27499,2,15,15,687
27500,2,39,39,686
27501,2,15,15,668
27502,2,15,15,686
27503,2,15,15,673
27504,2,15,15,692
27505,2,15,15,688
27506,2,15,15,674
27507,2,4,4,59
27508,2,15,15,656
27509,2,15,15,683
27510,2,15,15,689
27511,2,39,41,642
27512,2,15,15,680
27513,2,15,15,676
27514,2,15,15,528
27515,2,4,4,668
27516,2,15,15,688
27517,2,15,15,681
27518,2,15,15,521
27519,2,15,15,651
27520,2,15,15,509
27521,2,15,15,12
27522,2,15,15,174
27523,2,15,15,689
27524,2,15,15,686
27525,2,15,15,537
27526,2,15,15,684
27527,2,15,15,592
27528,2,15,15,682
27529,2,15,15,395
27530,2,15,15,682
27531,2,15,15,688
27532,2,15,15,656
27533,2,15,15,688
27534,2,15,15,696
27535,2,15,15,672
27536,2,15,15,684
27537,2,15,15,681
27538,2,15,15,677
27539,2,15,15,690
27540,2,15,15,688
27541,2,15,15,680
27542,2,15,15,683
27543,2,41,41,673
27544,2,15,15,674
27545,2,15,15,680
27546,2,15,15,678
27547,2,15,15,621
27548,2,15,15,683
27549,2,15,15,270
27550,2,15,15,686
27551,2,15,15,658
27552,2,15,15,647
27553,2,15,15,604
27554,2,15,15,304
27555,2,15,15,674
27556,2,15,15,648
27557,2,15,15,638
27558,2,15,15,642
27559,2,15,15,659
27560,2,15,15,683
27561,2,15,4,653
27562,2,15,15,671
27563,2,15,15,675
27564,2,15,15,660
27565,2,15,15,50
27566,2,15,15,607
27567,2,15,15,175
27568,2,15,15,684
27569,2,15,15,688
27570,2,15,15,682
27571,2,15,15,667
27572,2,15,15,579
27573,2,15,15,675
27574,2,15,15,685
27575,2,15,15,687
27576,2,15,15,313
27577,2,15,15,688
27578,2,39,15,661
27579,2,15,15,681
27580,2,15,15,692
27581,2,15,15,681
27582,2,15,15,663
27583,2,3,3,40
27584,2,15,15,456
27585,2,15,15,662
27586,2,15,15,686
27587,2,15,15,684
27588,2,15,15,689
27589,2,15,15,465
27590,2,15,15,603
27591,2,15,15,681
27592,2,15,15,676
27593,2,15,15,669
27594,2,15,15,507
27595,2,15,15,684
27596,2,15,15,656
27597,2,15,15,687
27598,2,15,15,662
27599,2,15,15,177
27600,2,15,15,686
27601,2,15,15,663
27602,2,15,15,343
27603,2,15,15,684
27604,2,15,15,659
27605,2,15,15,615
27606,2,15,15,575
27607,2,15,15,651
27608,2,15,15,685
27609,2,15,15,673
27610,2,15,15,689
27611,2,15,15,529
27612,2,15,15,656
27613,2,15,15,672
27614,2,15,15,684
27615,2,15,15,686
27616,2,15,15,687
27617,2,15,15,682
27618,2,15,15,688
27619,2,15,15,648
27620,2,3,3,540
27621,2,15,15,688
27622,2,15,15,669
27623,2,15,15,652
27624,2,15,15,670
27625,2,15,15,596
27626,2,15,15,682
27627,2,15,15,674
27628,2,15,15,608
27629,2,15,15,684
27630,2,15,15,285
27631,2,15,15,686
27632,2,15,15,688
27633,2,15,15,662
27634,2,15,15,689
27635,2,15,15,685
27636,2,15,15,685
27637,2,15,15,684
27638,2,15,15,681
27639,2,15,15,620
27640,2,15,15,688
27641,2,15,15,680
27642,2,21,15,606
27643,2,15,15,681
27644,2,15,15,567
27645,2,15,15,663
27646,2,15,21,653
27647,2,15,15,416
27648,2,15,15,370
27649,2,15,15,678
27650,2,15,15,671
27651,2,15,15,657
27652,2,15,15,650
27653,2,15,15,678
27654,2,3,3,259
27655,2,15,15,673
27656,2,15,15,687
27657,2,15,15,677
27658,2,15,4,645
27659,2,15,15,691
27660,2,15,15,672
27661,2,15,15,685
27662,2,15,15,459
27663,2,15,15,683
27664,2,15,15,638
27665,2,21,15,573
27666,2,15,15,621
27667,2,15,15,687
27668,2,15,15,631
27669,2,15,15,665
27670,2,15,15,591
27671,2,15,15,673
27672,2,15,15,684
27673,2,15,15,541
27674,2,15,15,604
27675,2,15,15,668
27676,2,15,15,637
27677,2,15,4,621
27678,2,15,15,603
27679,2,15,15,687
27680,2,15,15,136
27681,2,15,15,431
27682,2,15,15,589
27683,2,15,15,513
27684,2,3,3,87
27685,2,15,15,646
27686,2,15,15,462
27687,2,15,15,667
27688,2,15,15,687
27689,2,15,15,683
27690,2,15,15,385
27691,2,15,15,180
27692,2,15,15,682
27693,2,15,15,681
27694,2,15,15,676
27695,2,15,15,150
27696,2,15,15,674
27697,2,15,15,680
27698,2,15,15,676
27699,2,15,15,660
27700,2,15,15,673
27701,2,15,15,343
27702,2,4,4,33
27703,2,15,15,672
27704,2,15,15,686
27705,2,15,15,652
27706,2,15,15,321
27707,2,15,15,671
27708,2,15,15,680
27709,2,15,15,679
27710,2,15,15,135
27711,2,4,15,680
27712,2,15,15,690
27713,2,15,15,676
27714,2,15,15,693
27715,2,15,15,684
27716,2,15,15,650
27717,2,15,15,648
27718,2,15,15,676
27719,2,15,15,693
27720,2,15,15,643
27721,2,15,15,629
27722,2,15,15,683
27723,2,15,15,415
27724,2,15,15,516
27725,2,15,15,627
27726,2,15,15,693
27727,2,15,15,645
27728,2,15,15,693
27729,2,15,15,138
27730,2,15,15,677
27731,2,15,15,290
27732,2,15,15,685
27733,2,15,15,675
27734,2,15,15,648
27735,2,15,15,637
27736,2,15,15,687
27737,2,15,15,644
27738,2,15,15,684
27739,2,15,15,688
27740,2,15,15,685
27741,2,15,15,695
27742,2,15,15,531
27743,2,15,15,682
27744,2,15,15,643
27745,2,15,15,656
27746,2,15,15,678
27747,2,15,15,208
27748,2,15,15,671
27749,2,15,15,634
27750,2,15,15,672
27751,2,15,4,493
27752,2,15,15,684
27753,2,15,15,589
27754,2,39,39,536
27755,2,15,15,686
27756,2,15,15,547
27757,2,15,15,667
27758,2,15,15,688
27759,2,4,4,641
27760,2,15,15,516
27761,2,15,15,578
27762,2,15,15,314
27763,2,15,15,690
27764,2,15,15,679
27765,2,15,15,689
27766,2,15,15,667
27767,2,15,15,668
27768,2,15,15,686
27769,2,15,15,681
27770,2,15,15,680
27771,2,15,15,676
27772,2,15,15,686
27773,2,15,15,653
27774,2,15,15,577
27775,2,15,15,544
27776,2,15,15,670
27777,2,15,15,681
27778,2,15,15,660
27779,2,15,15,683
27780,2,15,15,679
27781,2,15,15,689
27782,2,15,15,688
27783,2,15,15,684
27784,2,15,15,678
27785,2,15,15,671
27786,2,15,15,690
27787,2,15,15,640
27788,2,15,15,663
27789,2,15,15,674
27790,2,15,15,677
27791,2,15,15,547
27792,2,15,15,688
27793,2,39,39,672
27794,2,15,15,227
27795,2,15,15,653
27796,2,15,15,683
27797,2,15,15,240
27798,2,15,15,686
27799,2,15,15,563
27800,2,15,15,689
27801,2,4,4,659
27802,2,15,15,527
27803,2,15,15,650
27804,2,15,15,680
27805,2,3,3,390
27806,2,4,4,655
27807,2,15,15,461
27808,2,15,15,682
27809,2,15,15,560
27810,2,15,15,674
27811,2,15,15,678
27812,2,15,15,670
27813,2,15,15,679
27814,2,15,15,617
27815,2,15,15,638
27816,2,15,11,653
27817,2,15,15,684
27818,2,15,15,648
27819,2,15,15,596
27820,2,15,15,684
27821,2,15,15,682
27822,2,3,3,621
27823,2,15,15,676
27824,2,4,4,673
27825,2,15,15,668
27826,2,15,15,689
27827,2,15,15,622
27828,2,15,15,675
27829,2,15,15,667
27830,2,15,15,678
27831,2,15,15,415
27832,2,15,15,688
27833,2,15,15,683
27834,2,15,15,666
27835,2,15,15,107
27836,2,15,15,481
27837,2,15,15,627
27838,2,15,15,155
27839,2,41,41,662
27840,2,15,15,690
27841,2,15,15,430
27842,2,15,15,644
27843,2,15,15,678
27844,2,15,15,378
27845,2,15,15,683
27846,2,15,15,685
27847,2,15,15,633
27848,2,15,15,128
27849,2,4,4,430
27850,2,15,15,426
27851,2,15,15,689
27852,2,15,15,591
27853,2,15,15,589
27854,2,15,15,518
27855,2,15,15,648
27856,2,4,4,678
27857,2,15,15,662
27858,2,15,15,677
27859,2,15,15,684
27860,2,15,15,677
27861,2,15,15,679
27862,2,15,15,686
27863,2,15,15,663
27864,2,15,15,685
27865,2,15,15,684
27866,2,15,15,557
27867,2,15,15,663
27868,2,15,15,672
27869,2,15,15,128
27870,2,15,15,655
27871,2,15,15,684
27872,2,15,15,679
27873,2,15,15,683
27874,2,15,3,567
27875,2,15,15,688
27876,2,15,15,471
27877,2,15,15,661
27878,2,15,15,688
27879,2,15,15,672
27880,2,15,15,664
27881,2,15,15,637
27882,2,15,15,662
27883,2,15,15,184
27884,2,15,15,66
27885,2,4,4,661
27886,2,15,15,690
27887,2,15,15,694
27888,2,15,15,665
27889,2,15,15,411
27890,2,15,15,580
27891,2,15,15,685
27892,2,15,15,680
27893,2,15,15,681
27894,2,15,15,682
27895,2,15,15,688
27896,2,15,15,647
27897,2,15,15,674
27898,2,15,15,685
27899,2,15,15,653
27900,2,15,15,649
27901,2,15,15,296
27902,2,15,15,637
27903,2,15,15,647
27904,2,41,41,687
27905,2,15,15,673
27906,2,15,15,672
27907,2,15,15,683
27908,2,15,15,660
27909,2,15,15,686
27910,2,15,15,672
27911,2,15,15,691
27912,2,15,15,665
27913,2,15,15,449
27914,2,15,15,657
27915,2,15,15,686
27916,2,15,15,674
27917,2,15,15,688
27918,2,15,15,306
27919,2,41,41,690
27920,2,15,15,682
27921,2,15,15,672
27922,2,15,15,682
27923,2,15,15,666
27924,2,15,15,687
27925,2,15,15,662
27926,2,15,15,688
27927,2,15,15,689
27928,2,15,15,663
27929,2,15,15,656
27930,2,15,15,671
27931,2,15,4,652
27932,2,15,15,690
27933,2,15,15,683
27934,2,15,15,681
27935,2,15,15,687
27936,2,15,15,670
27937,2,15,15,672
27938,2,15,15,675
27939,2,15,15,604
27940,2,15,15,679
27941,2,15,15,680
27942,2,15,15,685
27943,2,41,41,671
27944,2,15,15,687
27945,2,15,15,276
27946,2,15,15,688
27947,2,15,15,684
27948,2,15,15,677
27949,2,21,15,635
27950,2,15,15,468
27951,2,15,15,676
27952,2,15,15,668
27953,2,15,15,674
27954,2,15,15,131
27955,2,15,15,676
27956,2,15,15,577
27957,2,15,15,688
27958,2,15,15,660
27959,2,15,15,583
27960,2,15,15,690
27961,2,15,15,625
27962,2,15,15,679
27963,2,15,15,686
27964,2,21,15,18
27965,2,21,15,662
27966,2,4,4,70
27967,2,15,15,664
27968,2,21,15,622
27969,2,15,15,645
27970,2,15,15,30
27971,2,15,15,682
27972,2,15,15,686
27973,2,21,21,139
27974,2,15,15,652
27975,2,15,15,607
27976,2,21,15,682
27977,2,15,15,681
27978,2,15,15,666
27979,2,15,15,670
27980,2,15,4,683
27981,2,15,15,132
27982,2,15,15,460
27983,2,15,15,687
27984,2,15,15,669
27985,2,15,15,660
27986,2,15,15,644
27987,2,15,15,585
27988,2,15,15,684
27989,2,15,15,571
27990,2,15,15,664
27991,2,15,15,663
27992,2,15,15,520
27993,2,15,4,678
27994,2,15,15,675
27995,2,15,15,688
27996,2,15,15,412
27997,2,15,15,679
27998,2,15,15,685
27999,2,15,15,688
28000,2,15,15,376
28001,2,15,15,477
28002,2,15,15,656
28003,2,15,15,690
28004,2,15,15,682
28005,2,15,15,592
28006,2,15,15,686
28007,2,4,4,590
28008,2,15,15,652
28009,2,3,3,643
28010,2,15,15,612
28011,2,15,15,635
28012,2,15,15,653
28013,2,15,15,128
28014,2,15,15,672
28015,2,4,4,673
28016,2,15,15,503
28017,2,4,4,587
28018,2,15,15,668
28019,2,15,15,664
28020,2,15,15,668
28021,2,15,15,638
28022,2,15,15,671
28023,2,15,15,682
28024,2,15,15,684
28025,2,15,15,613
28026,2,15,15,632
28027,2,15,15,618
28028,2,15,15,683
28029,2,15,15,594
28030,2,15,15,677
28031,2,15,15,656
28032,2,15,15,687
28033,2,15,15,685
28034,2,15,15,656
28035,2,15,15,693
28036,2,15,15,690
28037,2,15,15,669
28038,2,15,15,660
28039,2,15,15,679
28040,2,15,15,666
28041,2,15,15,679
28042,2,15,15,645
28043,2,15,15,623
28044,2,15,15,656
28045,2,21,21,590
28046,2,15,15,685
28047,2,15,15,672
28048,2,15,15,429
28049,2,15,15,684
28050,2,15,15,678
28051,2,15,15,628
28052,2,15,15,653
28053,2,15,15,674
28054,2,15,15,681
28055,2,15,15,684
28056,2,15,15,687
28057,2,15,15,292
28058,2,15,15,688
28059,2,15,15,695
28060,2,15,15,635
28061,2,15,15,22
28062,2,15,15,677
28063,2,15,15,670
28064,2,15,15,683
28065,2,15,15,664
28066,2,15,15,653
28067,2,15,15,597
28068,2,15,15,681
28069,2,15,15,687
28070,2,15,15,672
28071,2,15,15,679
28072,2,39,39,668
28073,2,15,15,679
28074,2,15,15,691
28075,2,15,15,672
28076,2,15,15,691
28077,2,15,15,430
28078,2,15,4,669
28079,2,15,15,690
28080,2,15,15,690
28081,2,15,15,682
28082,2,15,15,668
28083,2,15,15,657
28084,2,15,15,257
28085,2,15,15,679
28086,2,15,15,681
28087,2,15,15,634
28088,2,15,15,683
28089,2,4,4,649
28090,2,15,15,673
28091,2,15,15,664
28092,2,15,15,260
28093,2,15,15,670
28094,2,15,15,620
28095,2,15,15,623
28096,2,15,15,697
28097,2,15,15,676
28098,2,15,15,688
28099,2,15,15,681
28100,2,15,15,675
28101,2,15,15,555
28102,2,15,15,685
28103,2,15,15,685
28104,2,15,15,662
28105,2,15,15,656
28106,2,15,15,692
28107,2,15,15,647
28108,2,15,15,439
28109,2,15,15,467
28110,2,15,15,689
28111,2,15,15,687
28112,2,11,11,452
28113,2,15,15,686
28114,2,15,15,660
28115,2,15,15,660
28116,2,15,15,215
28117,2,15,15,673
28118,2,15,15,387
28119,2,15,15,679
28120,2,15,15,377
28121,2,15,15,647
28122,2,4,4,645
28123,2,15,15,590
28124,2,41,15,681
28125,2,15,15,690
28126,2,15,15,612
28127,2,15,15,166
28128,2,15,15,149
28129,2,15,15,671
28130,2,15,15,679
28131,2,15,15,243
28132,2,15,15,685
28133,2,21,39,686
28134,2,15,15,687
28135,2,15,15,678
28136,2,15,15,665
28137,2,15,15,671
28138,2,15,15,649
28139,2,15,15,612
28140,2,15,15,665
28141,2,15,15,641
28142,2,15,15,657
28143,2,15,15,498
28144,2,15,15,32
28145,2,15,15,524
28146,2,15,15,688
28147,2,41,41,678
28148,2,4,4,659
28149,2,15,15,693
28150,2,15,15,668
28151,2,15,15,670
28152,2,15,15,652
28153,2,12,12,659
28154,2,15,15,686
28155,2,15,15,659
28156,2,15,15,682
28157,2,15,15,685
28158,2,15,15,511
28159,2,15,15,687
28160,2,15,15,685
28161,2,15,15,378
28162,2,15,15,549
28163,2,4,4,623
28164,2,15,15,680
28165,2,4,4,250
28166,2,15,15,485
28167,2,15,15,678
28168,2,15,15,682
28169,2,15,15,686
28170,2,15,15,673
28171,2,15,15,677
28172,2,15,15,675
28173,2,15,15,161
28174,2,15,15,691
28175,2,15,15,676
28176,2,15,15,680
28177,2,15,15,641
28178,2,15,15,686
28179,2,15,15,628
28180,2,15,15,651
28181,2,15,15,348
28182,2,15,15,670
28183,2,15,15,685
28184,2,15,15,680
28185,2,15,15,592
28186,2,15,15,522
28187,2,15,15,290
28188,2,15,15,687
28189,2,15,15,671
28190,2,15,15,689
28191,2,15,15,680
28192,2,15,15,683
28193,2,15,15,684
28194,2,15,15,692
28195,2,15,4,538
28196,2,15,15,687
28197,2,4,15,569
28198,2,15,15,676
28199,2,4,4,38
28200,2,15,15,663
28201,2,15,15,693
28202,2,15,15,562
28203,2,15,15,533
28204,2,15,15,641
28205,2,15,15,686
28206,2,15,15,682
28207,2,15,15,695
28208,2,15,15,182
28209,2,15,15,672
28210,2,15,15,662
28211,2,15,15,644
28212,2,15,15,680
28213,2,15,15,493
28214,2,15,15,688
28215,2,15,15,649
28216,2,15,15,674
28217,2,15,15,695
28218,2,39,15,122
28219,2,15,15,676
28220,2,15,15,579
28221,2,15,15,383
28222,2,15,15,373
28223,2,15,15,663
28224,2,15,15,259
28225,2,15,15,691
28226,2,15,15,676
28227,2,15,15,685
28228,2,15,4,678
28229,2,15,15,578
28230,2,4,15,604
28231,2,15,15,642
28232,2,15,15,660
28233,2,15,15,690
28234,2,15,15,690
28235,2,15,4,636
28236,2,15,15,205
28237,2,15,15,673
28238,2,15,15,656
28239,2,15,15,691
28240,2,15,15,283
28241,2,15,15,662
28242,2,15,15,694
28243,2,15,15,34
28244,2,15,15,684
28245,2,15,15,654
28246,2,15,15,686
28247,2,15,15,678
28248,2,15,15,626
28249,2,15,15,588
28250,2,15,15,541
28251,2,15,15,665
28252,2,39,39,683
28253,2,15,15,670
28254,2,15,15,671
28255,2,15,15,581
28256,2,15,15,124
28257,2,21,21,49
28258,2,15,15,667
28259,2,15,15,684
28260,2,15,15,665
28261,2,4,4,543
28262,2,15,15,687
28263,2,15,15,544
28264,2,15,15,157
28265,2,15,15,683
28266,2,4,4,677
28267,2,15,15,628
28268,2,15,15,677
28269,2,15,15,139
28270,2,15,15,676
28271,2,15,15,689
28272,2,15,15,683
28273,2,15,15,689
28274,2,15,15,693
28275,2,15,15,688
28276,2,15,15,627
28277,2,4,4,489
28278,2,4,4,687
28279,2,15,15,689
28280,2,15,15,616
28281,2,15,15,669
28282,2,15,15,662
28283,2,15,15,673
28284,2,15,15,661
28285,2,12,12,655
28286,2,15,15,606
28287,2,4,4,657
28288,2,15,15,693
28289,2,15,15,51
28290,2,15,15,688
28291,2,15,15,672
28292,2,15,15,315
28293,2,15,15,681
28294,2,15,15,626
28295,2,15,15,676
28296,2,15,15,681
28297,2,15,15,672
28298,2,15,15,566
28299,2,15,15,103
28300,2,15,15,613
28301,2,15,15,668
28302,2,15,15,36
28303,2,41,41,685
28304,2,15,15,696
28305,2,15,15,350
28306,2,15,15,683
28307,2,15,15,660
28308,2,15,15,679
28309,2,15,15,358
28310,2,15,15,674
28311,2,15,15,679
28312,2,15,15,689
28313,2,15,15,688
28314,2,15,15,674
28315,2,15,4,626
28316,2,15,15,689
28317,2,15,15,336
28318,2,15,15,676
28319,2,15,15,686
28320,2,15,15,667
28321,2,41,41,665
28322,2,15,15,687
28323,2,15,15,681
28324,2,15,15,688
28325,2,4,15,107
28326,2,15,15,688
28327,2,15,15,675
28328,2,15,15,633
28329,2,15,15,551
28330,2,15,15,622
28331,2,15,15,684
28332,2,39,39,675
28333,2,15,15,690
28334,2,15,15,690
28335,2,15,15,680
28336,2,15,15,677
28337,2,15,15,690
28338,2,15,15,657
28339,2,15,15,677
28340,2,15,15,689
28341,2,15,15,480
28342,2,15,15,683
28343,2,15,15,670
28344,2,15,15,672
28345,2,15,15,194
28346,2,15,15,687
28347,2,15,15,691
28348,2,15,15,687
28349,2,15,15,688
28350,2,15,15,604
28351,2,15,15,691
28352,2,15,15,688
28353,2,15,15,559
28354,2,15,15,153
28355,2,15,15,685
28356,2,15,15,650
28357,2,15,15,654
28358,2,4,4,654
28359,2,15,15,662
28360,2,15,15,689
28361,2,3,3,41
28362,2,3,3,67
28363,2,15,15,679
28364,2,15,15,377
28365,2,15,15,678
28366,2,15,15,690
28367,2,15,15,665
28368,2,15,15,431
28369,2,15,15,665
28370,2,15,15,667
28371,2,15,15,674
28372,2,15,15,663
28373,2,15,15,690
28374,2,15,15,683
28375,2,15,15,689
28376,2,21,21,669
28377,2,15,15,680
28378,2,15,15,637
28379,2,15,15,626
28380,2,15,15,676
28381,2,15,15,687
28382,2,3,3,570
28383,2,15,15,664
28384,2,15,15,600
28385,2,15,15,687
28386,2,21,21,466
28387,2,15,15,686
28388,2,15,15,655
28389,2,15,15,678
28390,2,15,15,165
28391,2,15,15,659
28392,2,15,15,680
28393,2,15,15,647
28394,2,15,15,659
28395,2,21,21,501
28396,2,15,15,656
28397,2,15,15,686
28398,2,15,15,646
28399,2,15,15,661
28400,2,15,15,638
28401,2,15,15,609
28402,2,3,3,681
28403,2,15,15,664
28404,2,15,15,512
28405,2,15,15,677
28406,2,15,15,601
28407,2,15,15,691
28408,2,15,15,679
28409,2,15,15,580
28410,2,15,15,680
28411,2,15,15,506
28412,2,15,15,678
28413,2,15,15,687
28414,2,15,15,673
28415,2,15,15,680
28416,2,15,15,646
28417,2,15,15,674
28418,2,15,15,567
28419,2,4,4,653
28420,2,15,15,678
28421,2,15,15,668
28422,2,15,15,668
28423,2,15,15,680
28424,2,15,15,346
28425,2,15,15,664
28426,2,15,15,626
28427,2,15,15,665
28428,2,15,15,658
28429,2,15,15,688
28430,2,15,15,509
28431,2,15,15,666
28432,2,15,15,551
28433,2,15,15,671
28434,2,15,15,677
28435,2,15,15,158
28436,2,15,15,689
28437,2,15,15,613
28438,2,15,15,291
28439,2,15,15,689
28440,2,15,15,126
28441,2,15,15,617
28442,2,15,15,684
28443,2,15,15,568
28444,2,15,15,678
28445,2,15,15,688
28446,2,15,15,682
28447,2,15,4,670
28448,2,15,15,679
28449,2,15,15,678
28450,2,15,15,569
28451,2,15,15,676
28452,2,15,15,142
28453,2,15,15,669
28454,2,15,15,10
28455,2,3,15,387
28456,2,15,3,549
28457,2,15,15,686
28458,2,15,15,667
28459,2,15,15,689
28460,2,15,15,407
28461,2,15,15,222
28462,2,15,15,688
28463,2,15,15,478
28464,2,41,41,675
28465,2,15,15,686
28466,2,15,15,666
28467,2,15,15,673
28468,2,15,15,682
28469,2,15,15,682
28470,2,15,15,675
28471,2,15,15,34
28472,2,15,15,679
28473,2,15,15,621
28474,2,41,41,671
28475,2,15,15,680
28476,2,15,15,650
28477,2,15,15,19
28478,2,15,15,681
28479,2,15,15,562
28480,2,15,15,693
28481,2,15,15,683
28482,2,15,15,687
28483,2,15,15,688
28484,2,15,15,644
28485,2,15,15,629
28486,2,15,15,655
28487,2,15,15,518
28488,2,15,15,688
28489,2,15,15,686
28490,2,15,15,633
28491,2,15,15,688
28492,2,15,15,681
28493,2,21,15,646
28494,2,15,15,508
28495,2,15,4,639
28496,2,15,15,620
28497,2,15,15,685
28498,2,15,15,665
28499,2,15,15,687
28500,2,15,15,625
28501,2,15,15,664
28502,2,15,15,678
28503,2,15,15,673
28504,2,15,15,660
28505,2,15,15,680
28506,2,15,15,330
28507,2,15,15,637
28508,2,4,4,538
28509,2,15,15,688
28510,2,15,15,684
28511,2,15,15,679
28512,2,15,15,684
28513,2,15,15,670
28514,2,15,15,687
28515,2,15,15,424
28516,2,15,15,684
28517,2,15,15,665
28518,2,15,15,316
28519,2,15,15,668
28520,2,15,15,684
28521,2,15,15,97
28522,2,15,15,677
28523,2,15,15,681
28524,2,15,15,653
28525,2,15,15,606
28526,2,15,15,666
28527,2,15,15,665
28528,2,15,15,683
28529,2,15,15,688
28530,2,15,15,617
28531,2,15,15,667
28532,2,15,15,688
28533,2,15,15,338
28534,2,15,15,672
28535,2,15,15,685
28536,2,15,15,677
28537,2,15,15,673
28538,2,15,15,651
28539,2,15,15,683
28540,2,15,15,660
28541,2,15,15,682
28542,2,15,15,653
28543,2,15,15,559
28544,2,15,4,646
28545,2,15,15,681
28546,2,15,15,684
28547,2,15,15,685
28548,2,15,15,286
28549,2,15,15,683
28550,2,15,15,96
28551,2,15,15,427
28552,2,15,15,675
28553,2,15,15,553
28554,2,15,15,589
28555,2,15,15,668
28556,2,15,15,489
28557,2,15,15,690
28558,2,15,15,663
28559,2,15,15,678
28560,2,15,15,681
28561,2,15,15,656
28562,2,15,15,620
28563,2,15,15,661
28564,2,15,15,690
28565,2,15,15,296
28566,2,4,4,636
28567,2,15,15,684
28568,2,15,15,695
28569,2,15,15,679
28570,2,15,15,667
28571,2,15,15,680
28572,2,15,15,129
28573,2,15,15,690
28574,2,15,15,580
28575,2,15,15,613
28576,2,15,15,651
28577,2,15,15,627
28578,2,15,15,677
28579,2,15,15,696
28580,2,15,15,693
28581,2,15,15,667
28582,2,15,15,690
28583,2,15,15,692
28584,2,15,15,137
28585,2,15,15,663
28586,2,15,15,492
28587,2,15,15,687
28588,2,15,15,667
28589,2,15,15,595
28590,2,15,15,686
28591,2,15,15,684
28592,2,15,15,689
28593,2,15,15,653
28594,2,41,41,667
28595,2,15,15,663
28596,2,15,15,659
28597,2,15,15,685
28598,2,15,15,678
28599,2,15,15,631
28600,2,15,15,685
28601,2,15,15,210
28602,2,15,15,658
28603,2,15,15,554
28604,2,4,4,646
28605,2,15,15,597
28606,2,15,15,691
28607,2,15,15,562
28608,2,15,15,265
28609,2,15,15,683
28610,2,15,15,657
28611,2,15,15,687
28612,2,15,15,495
28613,2,15,15,653
28614,2,15,15,652
28615,2,39,39,686
28616,2,15,15,676
28617,2,15,15,674
28618,2,15,15,590
28619,2,15,15,649
28620,2,4,15,667
28621,2,15,15,291
28622,2,15,15,684
28623,2,15,15,679
28624,2,15,15,681
28625,2,15,15,681
28626,2,15,15,685
28627,2,15,15,684
28628,2,15,15,641
28629,2,15,15,678
28630,2,15,15,667
28631,2,15,15,662
28632,2,15,15,683
28633,2,4,4,681
28634,2,15,15,588
28635,2,15,15,689
28636,2,15,15,277
28637,2,15,15,679
28638,2,15,15,349
28639,2,15,15,681
28640,2,15,15,689
28641,2,15,15,691
28642,2,15,15,682
28643,2,15,15,576
28644,2,15,15,658
28645,2,15,15,684
28646,2,15,15,684
28647,2,15,15,671
28648,2,15,15,499
28649,2,15,15,685
28650,2,15,15,675
28651,2,15,15,687
28652,2,15,15,665
28653,2,21,21,685
28654,2,15,15,492
28655,2,15,15,617
28656,2,15,15,678
28657,2,15,15,666
28658,2,15,15,648
28659,2,15,15,608
28660,2,15,15,675
28661,2,15,15,689
28662,2,15,15,613
28663,2,15,15,332
28664,2,15,15,679
28665,2,15,15,629
28666,2,15,15,688
28667,2,15,15,667
28668,2,15,15,648
28669,2,15,15,669
28670,2,15,15,510
28671,2,15,15,685
28672,2,15,15,595
28673,2,39,39,657
28674,2,15,15,680
28675,2,15,15,685
28676,2,15,15,684
28677,2,15,15,684
28678,2,15,15,665
28679,2,15,15,631
28680,2,15,15,673
28681,2,21,21,249
28682,2,15,15,626
28683,2,15,15,688
28684,2,15,15,402
28685,2,15,15,648
28686,2,4,4,646
28687,2,15,15,676
28688,2,15,15,619
28689,2,15,15,676
28690,2,15,15,658
28691,2,15,15,629
28692,2,15,15,685
28693,2,15,15,658
28694,2,15,15,690
28695,2,15,15,682
28696,2,15,15,692
28697,2,15,15,647
28698,2,15,15,677
28699,2,21,15,646
28700,2,15,15,177
28701,2,15,15,475
28702,2,15,15,673
28703,2,4,4,600
28704,2,21,21,495
28705,2,4,4,636
28706,2,15,15,689
28707,2,15,15,683
28708,2,15,15,667
28709,2,15,15,686
28710,2,15,15,677
28711,2,15,15,693
28712,2,15,15,659
28713,2,15,15,694
28714,2,15,15,689
28715,2,15,15,687
28716,2,15,15,638
28717,2,41,41,691
28718,2,15,15,681
28719,2,15,15,684
28720,2,15,15,687
28721,2,15,15,671
28722,2,15,15,630
28723,2,21,15,630
28724,2,15,15,689
28725,2,39,39,620
28726,2,15,15,673
28727,2,15,15,681
28728,2,15,15,686
28729,2,15,15,679
28730,2,15,15,645
28731,2,15,15,673
28732,2,15,15,666
28733,2,15,15,693
28734,2,15,15,632
28735,2,15,15,677
28736,2,15,15,676
28737,2,4,4,272
28738,2,15,15,682
28739,2,15,15,687
28740,2,4,4,616
28741,2,15,15,566
28742,2,15,15,539
28743,2,15,15,425
28744,2,15,15,665
28745,2,15,15,677
28746,2,15,15,652
28747,2,15,15,679
28748,2,15,15,670
28749,2,15,15,691
28750,2,15,15,686
28751,2,15,15,685
28752,2,15,15,677
28753,2,15,15,562
28754,2,15,15,673
28755,2,15,15,634
28756,2,15,15,684
28757,2,15,15,597
28758,2,15,15,689
28759,2,15,15,691
28760,2,15,15,517
28761,2,15,15,673
28762,2,15,15,644
28763,2,15,15,677
28764,2,15,15,181
28765,2,15,15,680
28766,2,15,15,672
28767,2,15,3,555
28768,2,4,4,619
28769,2,15,15,688
28770,2,15,15,639
28771,2,15,15,685
28772,2,15,15,588
28773,2,15,15,686
28774,2,15,15,688
28775,2,15,15,680
28776,2,15,15,636
28777,2,4,4,631
28778,2,15,15,682
28779,2,15,15,687
28780,2,4,4,687
28781,2,15,15,541
28782,2,15,15,680
28783,2,15,15,681
28784,2,15,15,680
28785,2,15,15,356
28786,2,15,15,671
28787,2,15,15,472
28788,2,15,15,686
28789,2,15,15,655
28790,2,15,15,345
28791,2,41,41,391
28792,2,15,15,410
28793,2,15,15,685
28794,2,15,15,686
28795,2,15,15,622
28796,2,4,4,558
28797,2,15,15,686
28798,2,15,4,655
28799,2,15,15,653
28800,2,15,15,687
28801,2,15,15,396
28802,2,15,15,667
28803,2,15,15,682
28804,2,4,4,401
28805,2,15,15,674
28806,2,15,15,687
28807,2,15,15,674
28808,2,15,4,517
28809,2,15,15,690
28810,2,15,15,579
28811,2,15,15,679
28812,2,15,15,469
28813,2,15,15,645
28814,2,15,15,673
28815,2,15,15,635
28816,2,15,15,613
28817,2,15,15,685
28818,2,15,15,664
28819,2,15,15,688
28820,2,3,3,659
28821,2,15,15,681
28822,2,15,15,674
28823,2,15,15,661
28824,2,15,15,690
28825,2,15,15,675
28826,2,4,4,650
28827,2,15,15,459
28828,2,15,4,613
28829,2,15,15,605
28830,2,15,15,677
28831,2,15,15,490
28832,2,15,15,682
28833,2,15,15,684
28834,2,15,15,674
28835,2,15,15,650
28836,2,15,15,668
28837,2,15,15,689
28838,2,15,15,690
28839,2,15,15,676
28840,2,15,15,684
28841,2,15,15,344
28842,2,15,15,652
28843,2,15,15,691
28844,2,15,15,649
28845,2,15,15,605
28846,2,15,15,522
28847,2,15,15,677
28848,2,15,15,673
28849,2,15,15,595
28850,2,15,15,625
28851,2,15,15,686
28852,2,15,15,695
28853,2,15,15,690
28854,2,15,15,667
28855,2,15,15,688
28856,2,15,15,613
28857,2,15,15,676
28858,2,15,15,42
28859,2,15,15,651
28860,2,15,15,685
28861,2,15,15,682
28862,2,15,15,190
28863,2,15,15,226
28864,2,4,4,646
28865,2,15,15,648
28866,2,15,15,669
28867,2,15,15,686
28868,2,15,15,683
28869,2,15,15,685
28870,2,15,15,639
28871,2,15,15,354
28872,2,15,15,653
28873,2,15,15,688
28874,2,15,15,651
28875,2,15,15,687
28876,2,15,15,679
28877,2,15,15,560
28878,2,15,15,678
28879,2,15,15,683
28880,2,15,15,678
28881,2,21,21,641
28882,2,15,15,561
28883,2,15,15,672
28884,2,15,15,289
28885,2,15,15,606
28886,2,15,15,688
28887,2,15,15,607
28888,2,15,15,679
28889,2,15,15,568
28890,2,15,15,689
28891,2,15,15,662
28892,2,4,11,9
28893,2,15,15,657
28894,2,15,15,681
28895,2,15,15,622
28896,2,4,4,677
28897,2,15,15,648
28898,2,15,15,680
28899,2,15,15,676
28900,2,15,15,466
28901,2,15,15,607
28902,2,15,15,681
28903,2,4,4,678
28904,2,15,15,274
28905,2,4,4,290
28906,2,15,15,664
28907,2,15,15,687
28908,2,15,15,476
28909,2,15,15,675
28910,2,15,15,684
28911,2,15,15,385
28912,2,15,15,648
28913,2,9,15,640
28914,2,15,15,685
28915,2,15,15,389
28916,2,15,15,683
28917,2,21,21,387
28918,2,15,15,693
28919,2,15,15,674
28920,2,15,15,652
28921,2,15,15,689
28922,2,15,15,656
28923,2,15,15,683
28924,2,15,15,653
28925,2,15,15,664
28926,2,15,15,405
28927,2,15,15,685
28928,2,15,15,521
28929,2,15,15,658
28930,2,4,15,679
28931,2,15,15,684
28932,2,21,15,683
28933,2,15,15,680
28934,2,15,15,277
28935,2,15,15,591
28936,2,15,15,676
28937,2,15,15,685
28938,2,21,15,656
28939,2,15,15,453
28940,2,3,3,641
28941,2,15,15,596
28942,2,15,15,676
28943,2,15,15,652
28944,2,15,4,641
28945,2,15,15,684
28946,2,15,15,690
28947,2,15,15,659
28948,2,15,15,668
28949,2,15,15,681
28950,2,15,15,686
28951,2,15,15,655
28952,2,15,15,616
28953,2,15,15,658
28954,2,15,15,687
28955,2,15,15,688
28956,2,15,15,688
28957,2,41,41,682
28958,2,15,15,651
28959,2,15,15,398
28960,2,15,15,633
28961,2,15,15,687
28962,2,15,15,583
28963,2,15,15,670
28964,2,15,15,154
28965,2,15,15,588
28966,2,3,3,508
28967,2,15,15,621
28968,2,15,15,367
28969,2,15,15,685
28970,2,15,15,687
28971,2,15,15,477
28972,2,15,15,682
28973,2,15,15,678
28974,2,21,15,637
28975,2,15,15,672
28976,2,15,15,683
28977,2,15,15,688
28978,2,15,15,686
28979,2,15,15,680
28980,2,15,15,669
28981,2,15,15,690
28982,2,15,15,682
28983,2,15,15,339
28984,2,15,15,202
28985,2,15,15,442
28986,2,4,4,631
28987,2,39,39,690
28988,2,15,15,650
28989,2,15,15,142
28990,2,15,15,654
28991,2,15,15,694
28992,2,15,15,684
28993,2,15,15,454
28994,2,15,15,682
28995,2,15,15,496
28996,2,15,15,689
28997,2,15,15,654
28998,2,15,15,651
28999,2,15,15,692
29000,2,15,15,678
29001,2,21,15,653
29002,2,15,15,674
29003,2,15,15,655
29004,2,15,15,450
29005,2,15,15,690
29006,2,15,15,240
29007,2,15,4,592
29008,2,15,15,690
29009,2,15,15,687
29010,2,15,15,643
29011,2,15,15,634
29012,2,4,4,236
29013,2,15,15,179
29014,2,15,15,668
29015,2,15,15,682
29016,2,15,15,680
29017,2,21,15,171
29018,2,15,15,689
29019,2,15,15,649
29020,2,15,15,498
29021,2,21,15,670
29022,2,15,15,686
29023,2,15,15,686
29024,2,15,15,679
29025,2,15,15,681
29026,2,15,15,677
29027,2,15,15,673
29028,2,15,15,696
29029,2,15,15,691
29030,2,15,15,670
29031,2,15,15,678
29032,2,15,15,181
29033,2,15,15,660
29034,2,15,15,683
29035,2,15,15,605
29036,2,15,15,666
29037,2,15,15,684
29038,2,15,15,638
29039,2,15,15,687
29040,2,15,15,628
29041,2,15,15,666
29042,2,15,15,682
29043,2,15,15,686
29044,2,15,15,671
29045,2,15,15,494
29046,2,15,15,675
29047,2,15,15,657
29048,2,15,15,673
29049,2,15,15,198
29050,2,15,15,348
29051,2,15,15,638
29052,2,15,15,667
29053,2,15,15,676
29054,2,15,15,409
29055,2,15,15,661
29056,2,15,15,520
29057,2,15,15,631
29058,2,15,15,547
29059,2,15,15,690
29060,2,4,15,677
29061,2,15,15,690
29062,2,15,15,596
29063,2,15,15,682
29064,2,15,15,684
29065,2,15,15,636
29066,2,15,15,683
29067,2,15,15,637
29068,2,15,15,685
29069,2,15,15,125
29070,2,15,15,681
29071,2,15,15,676
29072,2,15,15,665
29073,2,15,15,688
29074,2,15,15,693
29075,2,15,15,683
29076,2,15,15,673
29077,2,15,15,682
29078,2,15,15,670
29079,2,15,15,686
29080,2,15,15,663
29081,2,15,15,675
29082,2,15,15,656
29083,2,15,15,687
29084,2,15,15,79
29085,2,15,15,653
29086,2,15,15,678
29087,2,15,15,688
29088,2,15,15,662
29089,2,15,15,677
29090,2,15,15,688
29091,2,15,15,688
29092,2,15,15,635
29093,2,15,15,685
29094,2,41,41,682
29095,2,15,15,677
29096,2,15,15,644
29097,2,15,15,691
29098,2,15,4,117
29099,2,15,15,658
29100,2,15,15,689
29101,2,15,15,662
29102,2,15,15,669
29103,2,15,15,682
29104,2,15,15,662
29105,2,15,15,153
29106,2,15,15,667
29107,2,15,15,685
29108,2,15,15,637
29109,2,15,15,679
29110,2,15,15,207
29111,2,15,15,679
29112,2,15,15,669
29113,2,15,15,683
29114,2,15,15,670
29115,2,15,15,686
29116,2,15,15,658
29117,2,15,15,676
29118,2,15,15,664
29119,2,15,15,678
29120,2,15,15,636
29121,2,15,15,505
29122,2,15,15,622
29123,2,15,15,686
29124,2,15,15,692
29125,2,15,15,495
29126,2,15,15,601
29127,2,4,4,654
29128,2,15,15,586
29129,2,15,15,672
29130,2,15,15,678
29131,2,15,15,693
29132,2,15,15,667
29133,2,15,15,663
29134,2,15,15,123
29135,2,15,15,687
29136,2,15,15,680
29137,2,15,15,679
29138,2,15,15,676
29139,2,15,15,683
29140,2,15,15,171
29141,2,15,15,531
29142,2,15,15,571
29143,2,15,15,685
29144,2,15,15,643
29145,2,15,15,690
29146,2,15,15,678
29147,2,15,15,689
29148,2,15,15,681
29149,2,39,41,684
29150,2,15,15,657
29151,2,15,15,686
29152,2,15,15,669
29153,2,15,15,253
29154,2,15,15,656
29155,2,15,15,573
29156,2,15,15,579
29157,2,15,15,692
29158,2,15,15,689
29159,2,15,15,680
29160,2,15,15,634
29161,2,41,15,432
29162,2,15,15,675
29163,2,15,15,524
29164,2,15,15,676
29165,2,15,15,626
29166,2,15,15,694
29167,2,39,39,672
29168,2,15,15,680
29169,2,4,4,594
29170,2,15,15,674
29171,2,15,15,687
29172,2,15,15,671
29173,2,15,15,684
29174,2,15,15,682
29175,2,15,15,671
29176,2,15,15,679
29177,2,21,21,548
29178,2,15,15,494
29179,2,15,15,686
29180,2,15,15,691
29181,2,15,15,676
29182,2,15,15,647
29183,2,15,15,639
29184,2,4,4,516
29185,2,15,15,670
29186,2,15,15,661
29187,2,4,4,449
29188,2,15,15,688
29189,2,15,15,643
29190,2,21,15,486
29191,2,15,15,689
29192,2,15,15,589
29193,2,15,15,661
29194,2,15,15,684
29195,2,15,15,661
29196,2,15,15,663
29197,2,15,15,645
29198,2,12,12,571
29199,2,15,15,644
29200,2,15,15,693
29201,2,15,15,668
29202,2,15,15,681
29203,2,4,4,100
29204,2,15,15,684
29205,2,15,15,547
29206,2,15,15,348
29207,2,15,15,604
29208,2,41,41,690
29209,2,4,4,2
29210,2,15,15,564
29211,2,15,15,661
29212,2,15,15,682
29213,2,15,15,684
29214,2,15,15,682
29215,2,15,15,676
29216,2,15,15,682
29217,2,15,15,631
29218,2,15,15,619
29219,2,15,15,500
29220,2,4,4,641
29221,2,15,15,688
29222,2,15,15,588
29223,2,15,15,682
29224,2,15,15,301
29225,2,15,15,682
29226,2,15,15,688
29227,2,15,15,673
29228,2,24,24,626
29229,2,15,15,548
29230,2,15,15,629
29231,2,15,15,681
29232,2,15,15,689
29233,2,15,15,691
29234,2,21,15,675
29235,2,15,15,585
29236,2,15,15,673
29237,2,21,21,657
29238,2,15,15,666
29239,2,39,15,646
29240,2,21,21,478
29241,2,15,15,665
29242,2,4,4,587
29243,2,15,15,660
29244,2,15,15,685
29245,2,21,21,510
29246,2,15,15,655
29247,2,15,15,457
29248,2,15,15,680
29249,2,15,15,603
29250,2,15,15,680
29251,2,15,15,673
29252,2,15,15,686
29253,2,15,15,565
29254,2,21,15,660
29255,2,15,15,652
29256,2,15,15,684
29257,2,15,15,569
29258,2,15,15,690
29259,2,15,15,686
29260,2,15,15,458
29261,2,15,15,695
29262,2,15,15,485
29263,2,15,15,684
29264,2,9,9,667
29265,2,15,15,495
29266,2,15,15,687
29267,2,15,15,451
29268,2,15,15,679
29269,2,15,15,613
29270,2,15,15,300
29271,2,15,15,687
29272,2,15,15,694
29273,2,15,15,691
29274,2,15,15,681
29275,2,15,15,689
29276,2,15,15,688
29277,2,4,4,216
29278,2,15,15,625
29279,2,15,15,676
29280,2,15,15,424
29281,2,15,15,668
29282,2,15,15,689
29283,2,20,15,195
29284,2,15,15,677
29285,2,15,15,596
29286,2,15,15,153
29287,2,15,15,84
29288,2,15,15,623
29289,2,15,15,390
29290,2,15,15,576
29291,2,15,15,692
29292,2,39,39,689
29293,2,15,15,690
29294,2,15,15,616
29295,2,15,15,690
29296,2,15,15,556
29297,2,15,15,582
29298,2,15,15,680
29299,2,15,15,688
29300,2,15,15,684
29301,2,15,15,400
29302,2,15,15,663
29303,2,41,41,681
29304,2,15,15,596
29305,2,15,15,686
29306,2,15,15,661
29307,2,15,15,616
29308,2,15,15,689
29309,2,15,15,607
29310,2,15,15,655
29311,2,15,15,665
29312,2,15,15,636
29313,2,15,15,666
29314,2,15,15,644
29315,2,15,15,668
29316,2,15,15,676
29317,2,15,15,674
29318,2,15,15,620
29319,2,15,15,690
29320,2,15,15,289
29321,2,15,15,550
29322,2,15,15,668
29323,2,3,3,615
29324,2,15,15,665
29325,2,15,15,196
29326,2,15,15,659
29327,2,15,15,686
29328,2,15,15,529
29329,2,15,15,658
29330,2,15,15,674
29331,2,15,15,685
29332,2,15,15,455
29333,2,15,15,685
29334,2,15,15,686
29335,2,15,15,681
29336,2,15,15,598
29337,2,15,15,482
29338,2,15,15,340
29339,2,15,15,682
29340,2,15,15,668
29341,2,15,15,648
29342,2,15,15,280
29343,2,15,15,657
29344,2,15,15,98
29345,2,15,15,677
29346,2,15,15,636
29347,2,15,15,686
29348,2,15,15,642
29349,2,15,15,627
29350,2,15,15,596
29351,2,15,15,666
29352,2,21,15,685
29353,2,15,15,665
29354,2,15,15,690
29355,2,15,15,428
29356,2,15,15,662
29357,2,15,15,677
29358,2,15,15,589
29359,2,15,15,615
29360,2,15,4,681
29361,2,15,15,403
29362,2,15,15,643
29363,2,15,15,687
29364,2,15,15,684
29365,2,15,15,661
29366,2,4,4,32
29367,2,15,15,687
29368,2,15,15,688
29369,2,15,15,651
29370,2,15,15,683
29371,2,15,15,668
29372,2,4,4,663
29373,2,15,15,690
29374,2,15,15,689
29375,2,15,15,681
29376,2,15,15,669
29377,2,41,41,681
29378,2,15,15,675
29379,2,15,15,223
29380,2,3,3,20
29381,2,15,15,687
29382,2,15,15,654
29383,2,15,15,685
29384,2,15,15,629
29385,2,15,15,600
29386,2,15,15,689
29387,2,15,15,681
29388,2,15,15,668
29389,2,15,15,31
29390,2,15,15,537
29391,2,15,15,644
29392,2,15,15,674
29393,2,15,15,353
29394,2,15,15,631
29395,2,15,15,26
29396,2,15,15,612
29397,2,15,15,454
29398,2,15,15,587
29399,2,15,15,104
29400,2,15,15,677
29401,2,15,15,689
29402,2,15,15,686
29403,2,15,15,683
29404,2,15,15,678
29405,2,15,15,576
29406,2,15,15,688
29407,2,15,15,682
29408,2,15,15,472
29409,2,15,15,622
29410,2,15,15,684
29411,2,15,15,686
29412,2,15,15,661
29413,2,15,15,676
29414,2,15,15,509
29415,2,15,15,679
29416,2,15,15,678
29417,2,15,15,175
29418,2,15,15,671
29419,2,15,15,667
29420,2,15,15,685
29421,2,15,15,687
29422,2,15,15,651
29423,2,15,15,683
29424,2,15,15,418
29425,2,15,15,681
29426,2,15,15,468
29427,2,15,15,621
29428,2,15,15,419
29429,2,15,15,678
29430,2,15,15,356
29431,2,15,15,680
29432,2,15,15,689
29433,2,15,15,685
29434,2,15,15,692
29435,2,39,39,568
29436,2,15,15,632
29437,2,15,15,684
29438,2,15,15,663
29439,2,15,15,676
29440,2,15,15,680
29441,2,15,15,637
29442,2,15,15,684
29443,2,15,15,643
29444,2,15,15,130
29445,2,39,39,679
29446,2,15,15,667
29447,2,4,4,647
29448,2,41,41,680
29449,2,15,15,684
29450,2,15,15,683
29451,2,15,15,680
29452,2,15,15,688
29453,2,15,15,674
29454,2,15,15,681
29455,2,4,4,591
29456,2,15,15,210
29457,2,15,15,385
29458,2,15,15,616
29459,2,15,15,669
29460,2,15,15,555
29461,2,39,39,684
29462,2,15,15,685
29463,2,15,15,670
29464,2,15,4,518
29465,2,15,15,512
29466,2,15,15,229
29467,2,15,15,679
29468,2,15,15,667
29469,2,15,15,678
29470,2,21,15,630
29471,2,15,15,690
29472,2,15,15,687
29473,2,15,15,493
29474,2,15,15,679
29475,2,15,15,690
29476,2,15,15,607
29477,2,15,15,119
29478,2,15,15,683
29479,2,15,15,680
29480,2,15,15,606
29481,2,15,15,675
29482,2,15,15,687
29483,2,15,15,578
29484,2,15,15,694
29485,2,15,15,657
29486,2,15,15,560
29487,2,15,15,674
29488,2,15,15,639
29489,2,15,15,628
29490,2,15,15,683
29491,2,15,15,687
29492,2,15,15,685
29493,2,15,15,648
29494,2,21,15,686
29495,2,15,15,664
29496,2,15,15,629
29497,2,15,15,619
29498,2,15,15,581
29499,2,15,15,668
29500,2,15,15,567
29501,2,15,15,684
29502,2,15,15,688
29503,2,15,15,660
29504,2,39,39,674
29505,2,15,15,681
29506,2,15,15,615
29507,2,15,15,678
29508,2,15,15,681
29509,2,15,15,674
29510,2,15,15,681
29511,2,15,15,677
29512,2,15,15,657
29513,2,15,15,507
29514,2,15,15,682
29515,2,15,15,151
29516,2,15,15,666
29517,2,21,21,550
29518,2,15,15,673
29519,2,15,15,182
29520,2,15,15,608
29521,2,39,39,667
29522,2,15,15,686
29523,2,15,15,676
29524,2,15,15,670
29525,2,15,15,682
29526,2,15,15,645
29527,2,4,4,401
29528,2,15,15,634
29529,2,15,15,430
29530,2,15,15,530
29531,2,21,15,204
29532,2,15,15,599
29533,2,15,15,666
29534,2,15,15,671
29535,2,15,15,664
29536,2,15,15,671
29537,2,15,4,638
29538,2,15,15,670
29539,2,15,15,688
29540,2,15,15,636
29541,2,15,15,665
29542,2,15,15,681
29543,2,15,15,421
29544,2,39,39,684
29545,2,15,15,685
29546,2,15,15,683
29547,2,15,15,681
29548,2,15,15,679
29549,2,15,15,692
29550,2,15,15,664
29551,2,15,15,621
29552,2,15,15,684
29553,2,41,41,678
29554,2,15,15,690
29555,2,15,15,671
29556,2,15,15,629
29557,2,15,15,676
29558,2,15,15,549
29559,2,15,15,686
29560,2,15,15,653
29561,2,15,15,689
29562,2,4,4,494
29563,2,15,15,574
29564,2,15,15,643
29565,2,15,15,607
29566,2,15,15,237
29567,2,15,15,676
29568,2,15,15,675
29569,2,15,15,634
29570,2,15,15,604
29571,2,15,15,678
29572,2,15,15,687
29573,2,15,15,491
29574,2,15,15,591
29575,2,15,15,663
29576,2,15,15,684
29577,2,15,15,85
29578,2,15,15,626
29579,2,15,15,682
29580,2,15,15,620
29581,2,15,15,609
29582,2,15,15,684
29583,2,15,15,573
29584,2,15,15,224
29585,2,15,15,689
29586,2,15,15,538
29587,2,15,15,682
29588,2,15,15,664
29589,2,15,15,671
29590,2,15,15,611
29591,2,15,15,683
29592,2,15,15,533
29593,2,15,15,686
29594,2,15,15,694
29595,2,41,41,678
29596,2,15,15,692
29597,2,15,15,678
29598,2,15,15,485
29599,2,15,15,689
29600,2,15,15,686
29601,2,15,15,685
29602,2,15,15,690
29603,2,15,15,685
29604,2,15,15,675
29605,2,15,15,472
29606,2,15,15,421
29607,2,15,15,686
29608,2,15,15,580
29609,2,15,15,672
29610,2,15,15,535
29611,2,15,15,679
29612,2,15,15,682
29613,2,15,15,363
29614,2,15,15,690
29615,2,15,15,649
29616,2,15,15,686
29617,2,15,15,689
29618,2,15,15,268
29619,2,15,15,665
29620,2,15,15,670
29621,2,15,15,692
29622,2,15,15,644
29623,2,15,15,671
29624,2,15,15,681
29625,2,15,15,681
29626,2,15,15,695
29627,2,39,15,643
29628,2,15,15,685
29629,2,41,41,685
29630,2,15,15,584
29631,2,15,15,678
29632,2,15,15,688
29633,2,15,15,602
29634,2,15,15,682
29635,2,15,15,616
29636,2,15,15,679
29637,2,15,15,563
29638,2,15,15,390
29639,2,15,15,682
29640,2,15,15,682
29641,2,41,41,683
29642,2,15,15,680
29643,2,15,15,686
29644,2,15,15,653
29645,2,15,15,683
29646,2,15,15,681
29647,2,15,15,683
29648,2,15,15,565
29649,2,15,15,682
29650,2,15,15,694
29651,2,15,15,681
29652,2,15,15,456
29653,2,15,15,684
29654,2,15,15,683
29655,2,4,15,606
29656,2,4,4,426
29657,2,15,15,657
29658,2,15,15,680
29659,2,15,15,646
29660,2,15,15,634
29661,2,15,15,682
29662,2,15,15,680
29663,2,15,15,590
29664,2,3,3,653
29665,2,15,15,695
29666,2,15,15,691
29667,2,15,15,676
29668,2,15,15,681
29669,2,15,15,657
29670,2,15,15,646
29671,2,15,15,665
29672,2,15,15,688
29673,2,15,15,682
29674,2,15,15,683
29675,2,15,15,591
29676,2,15,4,673
29677,2,21,15,673
29678,2,15,15,686
29679,2,15,15,685
29680,2,15,15,93
29681,2,15,15,673
29682,2,15,15,637
29683,2,15,15,657
29684,2,15,15,688
29685,2,15,15,412
29686,2,15,15,633
29687,2,15,15,333
29688,2,4,4,569
29689,2,15,15,666
29690,2,12,12,675
29691,2,15,15,678
29692,2,15,15,682
29693,2,15,15,656
29694,2,15,15,623
29695,2,15,15,144
29696,2,15,15,687
29697,2,15,15,636
29698,2,15,15,519
29699,2,15,15,593
29700,2,15,15,685
29701,2,15,15,687
29702,2,15,15,685
29703,2,15,15,681
29704,2,15,15,692
29705,2,4,15,611
29706,2,15,15,691
29707,2,15,15,681
29708,2,15,15,683
29709,2,15,15,300
29710,2,15,15,665
29711,2,15,15,618
29712,2,15,15,653
29713,2,15,15,680
29714,2,15,15,648
29715,2,15,15,428
29716,2,15,15,681
29717,2,15,15,656
29718,2,15,15,684
29719,2,15,15,662
29720,2,15,15,625
29721,2,15,15,675
29722,2,15,15,655
29723,2,15,15,690
29724,2,15,15,691
29725,2,15,15,686
29726,2,15,15,669
29727,2,15,15,678
29728,2,15,15,678
29729,2,15,15,657
29730,2,15,15,629
29731,2,15,15,584
29732,2,15,15,684
29733,2,15,15,681
29734,2,15,15,685
29735,2,15,15,649
29736,2,15,15,680
29737,2,15,15,680
29738,2,15,15,673
29739,2,15,15,682
29740,2,15,15,622
29741,2,15,15,685
29742,2,15,15,277
29743,2,15,15,671
29744,2,15,15,674
29745,2,15,15,583
29746,2,15,15,687
29747,2,15,15,690
29748,2,15,15,686
29749,2,15,15,689
29750,2,15,15,688
29751,2,15,15,640
29752,2,15,15,414
29753,2,15,15,565
29754,2,15,15,150
29755,2,15,15,668
29756,2,15,15,685
29757,2,15,15,674
29758,2,15,15,187
29759,2,15,15,330
29760,2,15,15,676
29761,2,15,15,642
29762,2,15,15,663
29763,2,15,15,663
29764,2,15,15,330
29765,2,15,15,678
29766,2,15,15,658
29767,2,15,15,615
29768,2,4,4,385
29769,2,15,15,695
29770,2,15,15,681
29771,2,15,15,661
29772,2,15,15,684
29773,2,15,15,661
29774,2,15,15,643
29775,2,15,15,692
29776,2,15,15,643
29777,2,21,15,682
29778,2,15,15,688
29779,2,15,15,544
29780,2,15,15,655
29781,2,4,4,553
29782,2,15,15,633
29783,2,15,15,671
29784,2,15,15,653
29785,2,15,15,676
29786,2,15,15,687
29787,2,15,15,665
29788,2,15,15,690
29789,2,15,15,136
29790,2,15,15,135
29791,2,15,15,683
29792,2,21,21,645
29793,2,15,15,200
29794,2,15,15,492
29795,2,15,15,673
29796,2,15,15,676
29797,2,41,41,658
29798,2,15,15,117
29799,2,15,15,681
29800,2,4,4,660
29801,2,15,4,352
29802,2,15,15,576
29803,2,15,15,678
29804,2,15,15,681
29805,2,15,15,608
29806,2,15,15,338
29807,2,15,15,652
29808,2,15,15,642
29809,2,15,15,568
29810,2,15,15,682
29811,2,15,15,215
29812,2,15,15,639
29813,2,15,15,678
29814,2,15,15,410
29815,2,15,15,675
29816,2,15,15,679
29817,2,15,15,327
29818,2,15,15,685
29819,2,15,15,693
29820,2,15,15,82
29821,2,15,15,649
29822,2,15,15,683
29823,2,15,15,580
29824,2,15,15,84
29825,2,15,15,677
29826,2,15,15,357
29827,2,15,15,510
29828,2,15,3,684
29829,2,15,15,675
29830,2,15,15,670
29831,2,15,15,613
29832,2,15,15,613
29833,2,15,15,433
29834,2,15,15,686
29835,2,4,4,675
29836,2,15,15,663
29837,2,15,15,678
29838,2,15,15,618
29839,2,15,15,675
29840,2,15,15,659
29841,2,15,15,657
29842,2,15,15,684
29843,2,15,15,692
29844,2,15,15,420
29845,2,15,15,92
29846,2,15,15,673
29847,2,15,15,627
29848,2,15,15,634
29849,2,15,15,687
29850,2,15,15,495
29851,2,15,15,683
29852,2,15,15,681
29853,2,15,15,630
29854,2,15,15,570
29855,2,15,4,337
29856,2,15,15,693
29857,2,15,15,685
29858,2,15,15,685
29859,2,15,15,427
29860,2,15,15,672
29861,2,4,4,602
29862,2,15,15,678
29863,2,15,15,675
29864,2,15,15,572
29865,2,15,15,679
29866,2,15,15,686
29867,2,15,4,686
29868,2,15,15,657
29869,2,15,15,670
29870,2,24,24,672
29871,2,15,15,343
29872,2,15,15,682
29873,2,39,15,657
29874,2,15,15,679
29875,2,15,15,673
29876,2,15,15,618
29877,2,15,15,563
29878,2,39,39,650
29879,2,15,15,637
29880,2,15,15,692
29881,2,15,15,689
29882,2,15,15,615
29883,2,4,4,619
29884,2,15,15,153
29885,2,15,15,686
29886,2,15,15,680
29887,2,15,15,674
29888,2,15,15,588
29889,2,15,15,690
29890,2,15,15,673
29891,2,15,15,676
29892,2,15,15,690
29893,2,3,3,133
29894,2,15,15,678
29895,2,15,15,591
29896,2,15,15,687
29897,2,15,15,685
29898,2,15,15,613
29899,2,15,15,580
29900,2,15,15,684
29901,2,15,15,614
29902,2,15,15,266
29903,2,15,15,671
29904,2,15,15,660
29905,2,15,15,683
29906,2,15,15,663
29907,2,15,15,681
29908,2,15,15,681
29909,2,15,15,672
29910,2,15,15,651
29911,2,15,15,647
29912,2,15,15,686
29913,2,15,15,676
29914,2,4,4,596
29915,2,15,15,686
29916,2,15,15,99
29917,2,12,12,661
29918,2,15,15,693
29919,2,15,15,567
29920,2,15,15,688
29921,2,15,15,673
29922,2,15,15,595
29923,2,15,15,677
29924,2,15,15,690
29925,2,15,15,657
29926,2,15,15,661
29927,2,15,15,682
29928,2,15,15,686
29929,2,15,15,678
29930,2,15,15,683
29931,2,15,15,669
29932,2,20,15,419
29933,2,15,15,637
29934,2,15,15,648
29935,2,15,15,645
29936,2,4,4,685
29937,2,15,15,668
29938,2,15,15,508
29939,2,15,15,674
29940,2,4,4,619
29941,2,4,15,666
29942,2,15,15,686
29943,2,15,15,646
29944,2,15,15,681
29945,2,15,15,507
29946,2,15,15,669
29947,2,15,15,687
29948,2,15,15,654
29949,2,15,15,668
29950,2,15,15,685
29951,2,15,15,684
29952,2,15,15,23
29953,2,15,15,681
29954,2,4,4,529
29955,2,15,15,676
29956,2,15,15,595
29957,2,15,15,652
29958,2,15,15,671
29959,2,15,15,419
29960,2,15,15,686
29961,2,15,15,589
29962,2,15,15,680
29963,2,15,15,668
29964,2,15,15,684
29965,2,15,15,656
29966,2,15,15,683
29967,2,15,15,685
29968,2,4,4,354
29969,2,15,15,392
29970,2,15,15,685
29971,2,15,15,536
29972,2,15,15,670
29973,2,15,15,692
29974,2,15,15,628
29975,2,15,15,661
29976,2,15,15,210
29977,2,15,15,684
29978,2,15,15,697
29979,2,15,15,137
29980,2,15,15,582
29981,2,15,15,642
29982,2,15,15,660
29983,2,15,15,644
29984,2,15,15,663
29985,2,15,15,571
29986,2,15,15,530
29987,2,15,15,682
29988,2,15,15,695
29989,2,15,15,683
29990,2,15,15,688
29991,2,15,15,662
29992,2,15,15,686
29993,2,15,15,633
29994,2,15,15,64
29995,2,15,15,674
29996,2,15,15,633
29997,2,15,15,616
29998,2,15,15,66
29999,2,3,3,510
30000,2,15,15,689
30001,2,15,15,692
30002,2,15,15,657
30003,2,15,15,610
30004,2,15,15,608
30005,2,15,15,680
30006,2,15,15,386
30007,2,15,15,654
30008,2,15,15,685
30009,2,15,15,667
30010,2,15,15,684
30011,2,15,15,689
30012,2,15,15,687
30013,2,15,15,684
30014,2,15,15,46
30015,2,15,15,200
30016,2,15,15,689
30017,2,15,15,687
30018,2,15,15,111
30019,2,15,15,335
30020,2,15,15,689
30021,2,15,15,683
30022,2,15,15,465
30023,2,15,15,696
30024,2,15,15,674
30025,2,15,15,664
30026,2,15,15,692
30027,2,15,15,682
30028,2,15,15,593
30029,2,15,15,665
30030,2,15,15,684
30031,2,15,15,679
30032,2,15,15,668
30033,2,15,15,642
30034,2,15,15,674
30035,2,15,15,660
30036,2,9,9,648
30037,2,15,15,645
30038,2,15,15,633
30039,2,15,15,679
30040,2,41,41,692
30041,2,15,15,643
30042,2,15,15,683
30043,2,15,15,688
30044,2,15,15,689
30045,2,15,15,670
30046,2,15,15,684
30047,2,15,15,680
30048,2,15,15,687
30049,2,15,15,696
30050,2,15,15,679
30051,2,4,4,601
30052,2,15,15,617
30053,2,15,15,689
30054,2,15,15,671
30055,2,15,15,661
30056,2,15,15,680
30057,2,15,15,685
30058,2,15,15,677
30059,2,15,15,690
30060,2,4,4,612
30061,2,15,15,673
30062,2,15,15,636
30063,2,15,15,691
30064,2,15,15,689
30065,2,15,15,676
30066,2,15,15,660
30067,2,15,15,300
30068,2,15,15,683
30069,2,15,15,694
30070,2,15,15,675
30071,2,15,15,587
30072,2,15,15,672
30073,2,15,15,686
30074,2,15,15,36
30075,2,15,15,686
30076,2,15,15,637
30077,2,15,15,682
30078,2,15,15,640
30079,2,15,15,651
30080,2,15,15,670
30081,2,15,15,663
30082,2,15,15,642
30083,2,15,15,491
30084,2,15,15,630
30085,2,15,15,685
30086,2,15,15,573
30087,2,15,15,679
30088,2,15,15,664
30089,2,4,4,620
30090,2,15,15,697
30091,2,15,15,654
30092,2,15,15,653
30093,2,15,15,687
30094,2,15,15,679
30095,2,15,15,679
30096,2,15,15,686
30097,2,15,15,684
30098,2,15,15,688
30099,2,15,15,676
30100,2,15,15,320
30101,2,4,4,39
30102,2,15,15,689
30103,2,15,15,666
30104,2,15,15,687
30105,2,15,15,662
30106,2,15,15,655
30107,2,15,15,688
30108,2,15,15,682
30109,2,15,15,680
30110,2,15,15,459
30111,2,15,15,686
30112,2,15,15,647
30113,2,15,15,160
30114,2,15,15,677
30115,2,15,15,686
30116,2,15,15,623
30117,2,15,15,668
30118,2,15,15,687
30119,2,15,15,396
30120,2,15,15,687
30121,2,15,15,658
30122,2,15,15,690
30123,2,15,15,677
30124,2,15,15,672
30125,2,4,15,611
30126,2,15,15,631
30127,2,15,15,634
30128,2,15,15,679
30129,2,15,15,590
30130,2,4,4,520
30131,2,15,15,689
30132,2,15,15,690
30133,2,15,15,668
30134,2,4,4,666
30135,2,15,15,665
30136,2,15,15,585
30137,2,15,15,671
30138,2,15,15,598
30139,2,15,15,688
30140,2,15,15,668
30141,2,15,4,34
30142,2,15,15,556
30143,2,15,15,673
30144,2,15,15,487
30145,2,15,15,688
30146,2,15,15,675
30147,2,15,15,568
30148,2,15,15,693
30149,2,15,15,684
30150,2,15,15,665
30151,2,15,15,677
30152,2,15,15,681
30153,2,15,15,689
30154,2,15,15,684
30155,2,15,15,686
30156,2,15,15,679
30157,2,15,15,675
30158,2,15,15,104
30159,2,15,15,455
30160,2,15,15,680
30161,2,15,15,673
30162,2,15,15,468
30163,2,15,15,639
30164,2,15,15,679
30165,2,15,15,686
30166,2,15,15,683
30167,2,15,15,652
30168,2,11,11,265
30169,2,24,24,667
30170,2,15,15,683
30171,2,15,15,682
30172,2,15,15,687
30173,2,15,15,678
30174,2,15,15,495
30175,2,15,15,649
30176,2,15,15,691
30177,2,15,15,654
30178,2,15,15,675
30179,2,15,15,668
30180,2,15,15,583
30181,2,15,15,685
30182,2,15,15,492
30183,2,15,15,641
30184,2,15,15,690
30185,2,15,15,677
30186,2,15,15,662
30187,2,15,15,669
30188,2,15,15,642
30189,2,15,15,690
30190,2,15,15,675
30191,2,15,15,415
30192,2,15,15,685
30193,2,15,15,689
30194,2,15,15,669
30195,2,15,15,488
30196,2,15,15,684
30197,2,15,15,649
30198,2,15,15,680
30199,2,15,15,618
30200,2,15,15,689
30201,2,15,4,571
30202,2,39,15,676
30203,2,15,21,538
30204,2,15,15,678
30205,2,15,15,685
30206,2,15,15,580
30207,2,15,15,681
30208,2,15,15,575
30209,2,15,15,348
30210,2,15,15,510
30211,2,15,15,694
30212,2,15,15,677
30213,2,15,15,671
30214,2,15,15,683
30215,2,15,15,684
30216,2,15,15,603
30217,2,15,15,662
30218,2,15,15,635
30219,2,15,15,686
30220,2,15,15,671
30221,2,15,15,674
30222,2,15,15,589
30223,2,15,15,692
30224,2,15,15,688
30225,2,15,15,679
30226,2,15,15,679
30227,2,15,15,365
30228,2,15,15,686
30229,2,15,15,688
30230,2,15,15,677
30231,2,15,15,688
30232,2,15,15,492
30233,2,15,15,687
30234,2,15,15,671
30235,2,15,15,663
30236,2,15,15,686
30237,2,15,15,671
30238,2,15,15,680
30239,2,15,15,584
30240,2,15,15,640
30241,2,15,15,682
30242,2,4,15,667
30243,2,15,4,531
30244,2,15,15,687
30245,2,4,4,642
30246,2,4,4,670
30247,2,15,15,688
30248,2,39,15,647
30249,2,15,15,605
30250,2,15,15,666
30251,2,15,15,685
30252,2,15,15,555
30253,2,15,15,687
30254,2,4,15,601
30255,2,15,15,685
30256,2,15,15,14
30257,2,15,15,594
30258,2,15,15,672
30259,2,15,15,691
30260,2,15,15,447
30261,2,15,15,670
30262,2,15,15,677
30263,2,15,15,655
30264,2,15,15,538
30265,2,21,15,143
30266,2,15,15,679
30267,2,15,15,692
30268,2,15,3,332
30269,2,15,15,686
30270,2,15,15,644
30271,2,15,15,691
30272,2,15,15,611
30273,2,15,15,686
30274,2,15,15,658
30275,2,15,15,657
30276,2,15,15,682
30277,2,15,15,206
30278,2,15,15,682
30279,2,15,15,642
30280,2,15,15,511
30281,2,15,15,685
30282,2,15,15,668
30283,2,15,15,597
30284,2,4,4,118
30285,2,15,15,684
30286,2,15,15,683
30287,2,15,15,657
30288,2,15,15,683
30289,2,15,15,161
30290,2,15,15,659
30291,2,15,15,685
30292,2,15,15,664
30293,2,15,15,676
30294,2,15,15,685
30295,2,15,15,686
30296,2,15,15,204
30297,2,15,15,633
30298,2,21,15,669
30299,2,39,39,674
30300,2,15,15,687
30301,2,15,15,666
30302,2,15,15,675
30303,2,15,15,604
30304,2,15,15,688
30305,2,15,15,650
30306,2,15,15,668
30307,2,15,15,650
30308,2,15,15,688
30309,2,15,15,641
30310,2,15,15,416
30311,2,15,15,670
30312,2,15,15,601
30313,2,15,15,684
30314,2,15,15,659
30315,2,15,15,692
30316,2,15,15,656
30317,2,15,15,661
30318,2,15,15,677
30319,2,15,15,678
30320,2,15,15,657
30321,2,15,15,568
30322,2,4,4,660
30323,2,15,15,521
30324,2,4,4,340
30325,2,15,15,649
30326,2,15,15,658
30327,2,15,15,670
30328,2,15,15,519
30329,2,15,15,663
30330,2,15,15,677
30331,2,15,15,656
30332,2,15,15,683
30333,2,15,4,525
30334,2,15,15,675
30335,2,15,15,682
30336,2,15,15,675
30337,2,15,15,651
30338,2,15,15,677
30339,2,15,15,681
30340,2,15,15,673
30341,2,15,15,496
30342,2,15,15,683
30343,2,4,15,575
30344,2,15,15,674
30345,2,15,15,400
30346,2,15,15,688
30347,2,15,15,677
30348,2,15,15,682
30349,2,15,15,250
30350,2,15,15,684
30351,2,15,15,549
30352,2,15,15,696
30353,2,15,15,659
30354,2,15,15,677
30355,2,4,4,658
30356,2,15,15,622
30357,2,15,15,679
30358,2,15,15,601
30359,2,3,15,575
30360,2,15,15,679
30361,2,15,15,691
30362,2,15,15,85
30363,2,15,15,687
30364,2,15,15,689
30365,2,15,15,674
30366,2,15,15,617
30367,2,15,15,681
30368,2,15,15,653
30369,2,4,4,652
30370,2,15,15,668
30371,2,15,15,693
30372,2,15,15,682
30373,2,15,15,547
30374,2,15,15,587
30375,2,15,15,671
30376,2,15,15,667
30377,2,15,15,683
30378,2,15,15,685
30379,2,15,15,675
30380,2,15,15,690
30381,2,15,15,681
30382,2,15,15,693
30383,2,15,15,645
30384,2,15,15,670
30385,2,15,15,680
30386,2,15,15,633
30387,2,15,15,693
30388,2,15,15,604
30389,2,15,15,668
30390,2,15,15,686
30391,2,15,15,680
30392,2,15,15,673
30393,2,15,15,690
30394,2,15,15,638
30395,2,15,15,690
30396,2,15,15,688
30397,2,15,15,213
30398,2,15,15,676
30399,2,15,15,669
30400,2,15,15,547
30401,2,15,15,318
30402,2,15,15,695
30403,2,15,15,644
30404,2,15,15,688
30405,2,15,15,181
30406,2,15,15,588
30407,2,15,15,685
30408,2,15,15,576
30409,2,15,15,641
30410,2,4,4,495
30411,2,15,15,682
30412,2,15,15,684
30413,2,15,15,670
30414,2,15,15,681
30415,2,15,15,645
30416,2,15,15,598
30417,2,15,15,686
30418,2,15,15,408
30419,2,15,15,586
30420,2,15,15,418
30421,2,15,15,685
30422,2,4,4,686
30423,2,15,15,667
30424,2,15,15,683
30425,2,15,15,423
30426,2,15,15,676
30427,2,15,15,679
30428,2,15,15,680
30429,2,15,15,684
30430,2,15,15,686
30431,2,15,15,663
30432,2,15,15,516
30433,2,15,15,300
30434,2,15,15,611
30435,2,15,15,561
30436,2,15,4,677
30437,2,15,15,224
30438,2,15,15,7
30439,2,3,3,569
30440,2,15,15,318
30441,2,15,15,651
30442,2,15,15,685
30443,2,15,15,539
30444,2,15,15,450
30445,2,15,15,679
30446,2,15,15,516
30447,2,15,15,686
30448,2,15,15,673
30449,2,15,15,646
30450,2,15,4,46
30451,2,15,15,686
30452,2,15,15,685
30453,2,15,15,686
30454,2,21,15,687
30455,2,15,15,675
30456,2,15,15,591
30457,2,15,15,606
30458,2,15,15,691
30459,2,15,15,662
30460,2,15,15,453
30461,2,15,15,687
30462,2,15,15,674
30463,2,15,15,682
30464,2,15,15,78
30465,2,15,15,371
30466,2,15,15,652
30467,2,15,15,663
30468,2,15,15,522
30469,2,15,15,689
30470,2,15,15,126
30471,2,15,15,148
30472,2,15,15,669
30473,2,15,15,679
30474,2,15,15,646
30475,2,15,15,689
30476,2,15,15,207
30477,2,15,15,666
30478,2,15,15,647
30479,2,15,15,668
30480,2,15,15,685
30481,2,15,15,683
30482,2,4,4,667
30483,2,15,15,289
30484,2,21,21,676
30485,2,15,15,664
30486,2,15,15,309
30487,2,15,15,463
30488,2,15,15,634
30489,2,15,15,674
30490,2,15,15,615
30491,2,4,4,533
30492,2,15,15,306
30493,2,15,15,681
30494,2,15,15,678
30495,2,15,12,682
30496,2,21,15,669
30497,2,15,15,548
30498,2,21,21,409
30499,2,15,15,655
30500,2,15,15,678
30501,2,15,15,656
30502,2,15,15,115
30503,2,15,15,679
30504,2,15,15,185
30505,2,4,15,650
30506,2,15,15,668
30507,2,15,15,630
30508,2,15,15,687
30509,2,15,15,678
30510,2,15,15,635
30511,2,15,15,666
30512,2,15,15,678
30513,2,15,15,685
30514,2,15,15,689
30515,2,15,15,679
30516,2,15,15,657
30517,2,15,15,691
30518,2,15,15,680
30519,2,15,15,679
30520,2,15,15,618
30521,2,15,15,641
30522,2,15,15,674
30523,2,15,15,581
30524,2,15,15,691
30525,2,4,15,37
30526,2,12,15,337
30527,2,15,15,679
30528,2,15,15,657
30529,2,15,15,300
30530,2,15,15,677
30531,2,15,15,693
30532,2,15,15,691
30533,2,15,15,521
30534,2,15,15,672
30535,2,15,15,683
30536,2,15,15,670
30537,2,15,15,688
30538,2,15,15,684
30539,2,15,15,535
30540,2,15,15,673
30541,2,41,41,630
30542,2,15,15,691
30543,2,15,15,646
30544,2,15,15,681
30545,2,15,15,645
30546,2,15,15,683
30547,2,15,15,683
30548,2,15,15,686
30549,2,15,15,336
30550,2,15,15,682
30551,2,15,15,661
30552,2,15,15,629
30553,2,15,15,674
30554,2,15,15,643
30555,2,15,15,690
30556,2,15,15,570
30557,2,15,15,676
30558,2,15,15,595
30559,2,15,15,664
30560,2,15,15,686
30561,2,15,15,253
30562,2,15,15,673
30563,2,15,15,425
30564,2,15,15,677
30565,2,15,15,674
30566,2,9,9,654
30567,2,15,15,600
30568,2,15,15,681
30569,2,15,15,383
30570,2,15,15,681
30571,2,15,15,684
30572,2,15,15,689
30573,2,15,15,680
30574,2,15,15,686
30575,2,15,15,683
30576,2,15,15,664
30577,2,15,15,272
30578,2,15,15,684
30579,2,15,15,691
30580,2,4,4,655
30581,2,39,4,667
30582,2,15,15,340
30583,2,4,4,58
30584,2,15,15,681
30585,2,15,15,183
30586,2,15,15,663
30587,2,15,15,677
30588,2,15,15,601
30589,2,15,15,686
30590,2,4,4,634
30591,2,15,15,629
30592,2,15,15,687
30593,2,15,15,683
30594,2,15,15,594
30595,2,15,15,693
30596,2,15,15,681
30597,2,15,15,125
30598,2,15,15,685
30599,2,15,15,690
30600,2,15,15,677
30601,2,15,15,686
30602,2,15,15,680
30603,2,15,15,679
30604,2,15,15,678
30605,2,15,15,659
30606,2,15,15,682
30607,2,15,15,629
30608,2,15,15,659
30609,2,15,15,478
30610,2,15,15,674
30611,2,15,15,680
30612,2,15,15,693
30613,2,15,15,686
30614,2,15,15,678
30615,2,15,15,601
30616,2,15,15,669
30617,2,15,15,692
30618,2,15,15,644
30619,2,15,15,646
30620,2,15,15,558
30621,2,15,15,677
30622,2,15,15,683
30623,2,15,4,591
30624,2,15,15,686
30625,2,15,15,665
30626,2,3,3,88
30627,2,15,15,676
30628,2,15,15,647
30629,2,15,15,690
30630,2,15,12,681
30631,2,15,15,646
30632,2,39,39,660
30633,2,15,4,679
30634,2,15,15,681
30635,2,15,15,680
30636,2,15,15,683
30637,2,15,15,237
30638,2,15,15,684
30639,2,15,15,662
30640,2,15,15,678
30641,2,15,15,688
30642,2,15,15,685
30643,2,15,15,174
30644,2,15,15,681
30645,2,15,15,686
30646,2,15,15,687
30647,2,15,15,685
30648,2,15,15,584
30649,2,15,15,326
30650,2,15,15,687
30651,2,15,15,479
30652,2,15,15,687
30653,2,15,15,655
30654,2,15,15,686
30655,2,15,15,687
30656,2,15,15,676
30657,2,15,15,692
30658,2,15,15,595
30659,2,15,15,654
30660,2,15,15,627
30661,2,15,15,679
30662,2,3,3,594
30663,2,15,15,683
30664,2,15,4,423
30665,2,15,15,628
30666,2,15,15,688
30667,2,15,15,686
30668,2,15,15,675
30669,2,15,15,690
30670,2,4,4,636
30671,2,15,15,686
30672,2,15,15,653
30673,2,15,15,671
30674,2,15,15,670
30675,2,15,15,679
30676,2,15,15,650
30677,2,15,15,682
30678,2,15,15,685
30679,2,15,15,522
30680,2,15,15,686
30681,2,15,15,661
30682,2,15,15,642
30683,2,15,15,687
30684,2,15,15,681
30685,2,21,15,650
30686,2,15,15,694
30687,2,15,15,534
30688,2,15,15,670
30689,2,15,15,639
30690,2,15,15,680
30691,2,15,15,679
30692,2,15,15,677
30693,2,15,21,276
30694,2,4,4,663
30695,2,15,15,663
30696,2,15,15,378
30697,2,15,15,685
30698,2,15,15,694
30699,2,15,15,679
30700,2,15,15,689
30701,2,15,15,689
30702,2,15,15,692
30703,2,15,15,628
30704,2,15,15,678
30705,2,15,15,644
30706,2,15,15,684
30707,2,15,15,580
30708,2,15,15,630
30709,2,15,15,679
30710,2,15,15,659
30711,2,15,15,391
30712,2,4,4,219
30713,2,15,15,686
30714,2,15,15,680
30715,2,15,15,549
30716,2,15,15,589
30717,2,15,15,184
30718,2,4,4,668
30719,2,15,15,678
30720,2,15,15,472
30721,2,4,4,155
30722,2,15,15,642
30723,2,15,15,646
30724,2,15,15,641
30725,2,15,15,138
30726,2,15,15,679
30727,2,15,15,687
30728,2,15,15,661
30729,2,15,15,680
30730,2,15,15,681
30731,2,15,15,688
30732,2,15,15,660
30733,2,15,15,667
30734,2,15,15,522
30735,2,15,15,685
30736,2,15,15,586
30737,2,4,4,655
30738,2,15,15,686
30739,2,15,15,670
30740,2,15,15,673
30741,2,15,15,119
30742,2,15,15,651
30743,2,15,15,148
30744,2,15,15,688
30745,2,15,15,690
30746,2,4,4,157
30747,2,15,15,636
30748,2,3,3,562
30749,2,15,15,535
30750,2,15,15,677
30751,2,15,15,625
30752,2,15,15,632
30753,2,15,15,676
30754,2,15,15,679
30755,2,4,4,206
30756,2,15,15,688
30757,2,15,15,672
30758,2,15,15,679
30759,2,15,15,683
30760,2,4,4,646
30761,2,15,15,596
30762,2,15,15,685
30763,2,15,15,657
30764,2,15,15,642
30765,2,15,15,638
30766,2,15,15,677
30767,2,15,15,684
30768,2,15,15,636
30769,2,15,15,694
30770,2,15,15,681
30771,2,15,15,660
30772,2,4,4,649
30773,2,15,15,691
30774,2,15,15,696
30775,2,15,15,690
30776,2,15,15,560
30777,2,15,15,678
30778,2,15,15,668
30779,2,15,15,648
30780,2,15,15,580
30781,2,15,15,683
30782,2,15,15,680
30783,2,15,15,691
30784,2,15,15,659
30785,2,15,15,672
30786,2,15,15,626
30787,2,15,15,680
30788,2,15,15,588
30789,2,15,15,346
30790,2,4,4,624
30791,2,15,15,578
30792,2,15,15,667
30793,2,15,15,596
30794,2,15,15,575
30795,2,15,15,618
30796,2,15,15,374
30797,2,15,15,686
30798,2,15,15,682
30799,2,15,15,668
30800,2,15,15,660
30801,2,21,15,672
30802,2,4,4,672
30803,2,15,15,638
30804,2,15,15,11
30805,2,15,15,668
30806,2,15,15,623
30807,2,15,15,405
30808,2,15,15,332
30809,2,15,15,681
30810,2,15,15,663
30811,2,15,15,678
30812,2,15,15,671
30813,2,15,15,526
30814,2,3,3,492
30815,2,15,15,687
30816,2,15,15,677
30817,2,15,15,659
30818,2,15,15,678
30819,2,15,15,695
30820,2,15,15,665
30821,2,15,15,677
30822,2,15,15,680
30823,2,15,15,687
30824,2,15,15,659
30825,2,15,15,618
30826,2,39,39,687
30827,2,15,15,638
30828,2,20,15,596
30829,2,15,15,684
30830,2,15,15,679
30831,2,15,15,118
30832,2,15,15,172
30833,2,15,15,647
30834,2,15,15,659
30835,2,15,15,670
30836,2,15,15,683
30837,2,15,15,445
30838,2,15,15,681
30839,2,15,15,682
30840,2,15,15,683
30841,2,15,15,538
30842,2,15,15,678
30843,2,15,15,425
30844,2,15,15,679
30845,2,15,15,683
30846,2,15,15,681
30847,2,15,15,690
30848,2,15,15,689
30849,2,15,15,683
30850,2,4,4,576
30851,2,15,15,693
30852,2,15,15,681
30853,2,15,15,646
30854,2,15,15,683
30855,2,15,15,491
30856,2,15,15,677
30857,2,15,15,623
30858,2,15,15,450
30859,2,15,15,541
30860,2,4,4,500
30861,2,15,15,685
30862,2,15,15,688
30863,2,15,15,628
30864,2,15,15,678
30865,2,15,15,687
30866,2,15,15,690
30867,2,15,15,673
30868,2,15,15,522
30869,2,15,15,570
30870,2,15,15,441
30871,2,15,15,680
30872,2,15,15,395
30873,2,15,15,662
30874,2,15,15,681
30875,2,15,15,663
30876,2,15,15,664
30877,2,15,15,681
30878,2,15,15,576
30879,2,15,15,671
30880,2,15,15,680
30881,2,15,15,460
30882,2,15,15,461
30883,2,15,15,680
30884,2,15,15,675
30885,2,15,15,679
30886,2,15,15,621
30887,2,15,15,689
30888,2,15,15,684
30889,2,15,15,690
30890,2,4,4,606
30891,2,15,15,622
30892,2,15,15,692
30893,2,15,15,684
30894,2,15,15,678
30895,2,15,15,683
30896,2,15,15,588
30897,2,15,15,688
30898,2,15,15,683
30899,2,15,15,627
30900,2,15,15,685
30901,2,15,15,666
30902,2,15,15,686
30903,2,15,15,685
30904,2,15,15,637
30905,2,15,15,483
30906,2,15,15,680
30907,2,15,15,686
30908,2,15,15,663
30909,2,15,15,659
30910,2,15,15,282
30911,2,15,15,686
30912,2,15,15,679
30913,2,15,15,689
30914,2,21,15,683
30915,2,15,15,603
30916,2,15,15,680
30917,2,15,15,659
30918,2,15,15,688
30919,2,15,15,402
30920,2,21,15,113
30921,2,15,15,683
30922,2,15,15,667
30923,2,15,15,681
30924,2,15,15,683
30925,2,15,15,665
30926,2,15,15,684
30927,2,15,15,662
30928,2,15,15,684
30929,2,15,15,160
30930,2,21,15,677
30931,2,15,15,691
30932,2,15,15,642
30933,2,15,15,665
30934,2,15,15,582
30935,2,15,15,666
30936,2,15,15,675
30937,2,15,15,680
30938,2,15,15,687
30939,2,21,15,677
30940,2,15,15,681
30941,2,15,15,685
30942,2,15,15,583
30943,2,15,15,685
30944,2,15,15,680
30945,2,15,15,630
30946,2,15,15,681
30947,2,15,15,644
30948,2,15,15,652
30949,2,15,15,687
30950,2,15,15,688
30951,2,15,15,201
30952,2,15,15,650
30953,2,4,4,596
30954,2,15,15,687
30955,2,15,15,388
30956,2,15,15,682
30957,2,15,15,686
30958,2,15,15,429
30959,2,15,15,636
30960,2,9,9,542
30961,2,15,15,684
30962,2,15,15,686
30963,2,15,15,688
30964,2,15,15,671
30965,2,15,15,680
30966,2,15,15,652
30967,2,15,15,691
30968,2,15,15,666
30969,2,15,15,693
30970,2,15,15,685
30971,2,4,4,601
30972,2,15,15,662
30973,2,15,15,687
30974,2,15,15,671
30975,2,15,15,461
30976,2,15,15,575
30977,2,15,15,668
30978,2,15,15,679
30979,2,15,15,692
30980,2,15,15,687
30981,2,4,4,636
30982,2,4,4,583
30983,2,15,15,688
30984,2,4,4,650
30985,2,15,15,683
30986,2,15,15,660
30987,2,15,15,654
30988,2,15,15,588
30989,2,15,15,590
30990,2,15,15,667
30991,2,15,15,63
30992,2,15,15,611
30993,2,15,15,683
30994,2,15,15,687
30995,2,15,15,363
30996,2,15,15,274
30997,2,15,15,557
30998,2,15,15,600
30999,2,15,15,587
31000,2,15,15,677
31001,2,15,15,683
31002,2,15,15,691
31003,2,15,15,641
31004,2,15,15,694
31005,2,15,15,578
31006,2,15,15,275
31007,2,15,15,681
31008,2,15,15,666
31009,2,15,15,681
31010,2,15,15,291
31011,2,15,15,686
31012,2,15,15,329
31013,2,15,15,534
31014,2,15,15,651
31015,2,15,15,691
31016,2,15,15,670
31017,2,15,15,641
31018,2,15,15,665
31019,2,4,4,689
31020,2,15,15,680
31021,2,15,15,682
31022,2,15,15,628
31023,2,15,4,537
31024,2,15,15,690
31025,2,15,15,685
31026,2,15,15,674
31027,2,15,15,269
31028,2,15,15,573
31029,2,15,15,182
31030,2,15,15,686
31031,2,15,15,401
31032,2,11,11,644
31033,2,15,15,679
31034,2,21,15,663
31035,2,15,15,681
31036,2,15,15,217
31037,2,15,15,670
31038,2,15,15,610
31039,2,15,15,686
31040,2,15,15,495
31041,2,15,15,683
31042,2,39,39,666
31043,2,4,4,563
31044,2,4,4,672
31045,2,15,15,439
31046,2,15,15,687
31047,2,15,15,662
31048,2,15,15,687
31049,2,15,21,681
31050,2,15,15,344
31051,2,15,15,693
31052,2,15,15,642
31053,2,15,15,378
31054,2,15,15,674
31055,2,15,15,5
31056,2,15,15,664
31057,2,4,4,634
31058,2,15,15,685
31059,2,15,15,563
31060,2,15,15,676
31061,2,15,15,690
31062,2,21,15,667
31063,2,15,15,685
31064,2,15,15,687
31065,2,15,15,676
31066,2,11,11,627
31067,2,3,3,614
31068,2,15,15,687
31069,2,15,15,99
31070,2,15,15,673
31071,2,15,15,691
31072,2,15,15,217
31073,2,15,15,32
31074,2,15,15,678
31075,2,4,4,523
31076,2,15,15,683
31077,2,15,15,683
31078,2,15,15,684
31079,2,15,15,671
31080,2,15,15,663
31081,2,15,15,669
31082,2,15,15,689
31083,2,15,15,678
31084,2,4,4,122
31085,2,15,15,285
31086,2,15,15,684
31087,2,15,15,682
31088,2,15,15,692
31089,2,3,3,7
31090,2,15,15,601
31091,2,15,15,687
31092,2,15,15,682
31093,2,15,15,675
31094,2,15,15,623
31095,2,15,15,680
31096,2,15,15,648
31097,2,15,15,457
31098,2,15,15,302
31099,2,15,15,646
31100,2,15,15,685
31101,2,15,15,492
31102,2,15,15,184
31103,2,15,15,676
31104,2,15,15,681
31105,2,15,15,673
31106,2,4,4,585
31107,2,15,15,140
31108,2,15,15,681
31109,2,15,15,308
31110,2,15,15,596
31111,2,15,15,687
31112,2,15,15,672
31113,2,15,15,686
31114,2,15,15,655
31115,2,15,15,655
31116,2,41,41,662
31117,2,15,15,664
31118,2,15,15,364
31119,2,15,15,657
31120,2,15,15,153
31121,2,15,15,673
31122,2,15,15,426
31123,2,15,15,684
31124,2,15,15,678
31125,2,15,15,225
31126,2,15,15,268
31127,2,15,15,643
31128,2,15,15,686
31129,2,15,15,632
31130,2,15,15,609
31131,2,4,15,649
31132,2,15,15,589
31133,2,15,15,671
31134,2,15,15,646
31135,2,15,15,685
31136,2,15,15,647
31137,2,15,15,672
31138,2,15,15,693
31139,2,15,15,685
31140,2,15,15,572
31141,2,15,15,680
31142,2,15,15,646
31143,2,15,15,685
31144,2,15,15,650
31145,2,15,15,668
31146,2,15,15,666
31147,2,15,15,672
31148,2,15,15,691
31149,2,3,3,287
31150,2,15,15,643
31151,2,15,15,676
31152,2,15,15,686
31153,2,15,15,673
31154,2,15,15,687
31155,2,15,15,553
31156,2,15,15,140
31157,2,15,15,681
31158,2,15,15,685
31159,2,15,15,680
31160,2,4,4,638
31161,2,15,15,639
31162,2,15,15,676
31163,2,15,15,488
31164,2,15,15,683
31165,2,15,15,696
31166,2,15,15,583
31167,2,15,15,663
31168,2,15,15,676
31169,2,15,15,648
31170,2,15,15,686
31171,2,15,15,693
31172,2,15,15,692
31173,2,15,15,527
31174,2,15,15,679
31175,2,15,15,381
31176,2,15,15,632
31177,2,15,15,673
31178,2,15,15,687
31179,2,11,11,33
31180,2,15,15,683
31181,2,15,15,690
31182,2,21,15,494
31183,2,15,15,688
31184,2,15,15,687
31185,2,15,15,692
31186,2,15,15,679
31187,2,15,15,688
31188,2,15,15,676
31189,2,15,15,539
31190,2,15,15,681
31191,2,15,15,593
31192,2,15,15,624
31193,2,15,15,660
31194,2,15,15,687
31195,2,15,15,687
31196,2,15,15,670
31197,2,15,15,694
31198,2,15,15,677
31199,2,4,4,519
31200,2,15,15,688
31201,2,15,15,48
31202,2,15,15,685
31203,2,12,12,649
31204,2,15,15,236
31205,2,15,15,681
31206,2,15,15,526
31207,2,15,15,670
31208,2,15,15,684
31209,2,15,15,470
31210,2,15,15,630
31211,2,4,4,616
31212,2,15,15,684
31213,2,15,15,542
31214,2,15,15,257
31215,2,15,15,680
31216,2,15,15,678
31217,2,15,15,668
31218,2,15,15,629
31219,2,15,15,590
31220,2,15,15,691
31221,2,15,15,673
31222,2,15,15,668
31223,2,15,15,661
31224,2,15,15,679
31225,2,15,15,694
31226,2,15,15,608
31227,2,15,15,691
31228,2,15,15,673
31229,2,15,15,688
31230,2,4,4,651
31231,2,15,15,672
31232,2,15,15,307
31233,2,15,15,689
31234,2,15,15,633
31235,2,15,4,680
31236,2,15,15,654
31237,2,15,15,679
31238,2,15,15,691
31239,2,15,15,676
31240,2,15,15,653
31241,2,15,15,690
31242,2,4,4,605
31243,2,4,4,589
31244,2,15,15,674
31245,2,15,15,604
31246,2,15,15,681
31247,2,15,15,675
31248,2,15,15,695
31249,2,15,15,692
31250,2,21,15,657
31251,2,41,41,674
31252,2,15,15,672
31253,2,4,4,632
31254,2,3,3,80
31255,2,15,15,693
31256,2,15,15,664
31257,2,15,15,674
31258,2,15,15,684
31259,2,15,15,631
31260,2,15,15,156
31261,2,15,15,661
31262,2,15,15,685
31263,2,15,15,663
31264,2,15,15,526
31265,2,15,15,688
31266,2,15,15,683
31267,2,4,4,621
31268,2,15,15,670
31269,2,15,15,686
31270,2,4,4,583
31271,2,15,15,607
31272,2,15,15,664
31273,2,15,15,693
31274,2,15,15,666
31275,2,15,15,680
31276,2,15,15,692
31277,2,15,15,590
31278,2,15,15,588
31279,2,39,39,686
31280,2,15,15,687
31281,2,15,15,623
31282,2,39,39,685
31283,2,3,3,593
31284,2,15,15,666
31285,2,15,15,642
31286,2,15,15,680
31287,2,15,15,673
31288,2,15,15,636
31289,2,15,15,666
31290,2,15,15,683
31291,2,15,4,660
31292,2,15,15,599
31293,2,15,15,270
31294,2,15,15,687
31295,2,15,15,675
31296,2,15,15,634
31297,2,15,15,665
31298,2,15,15,663
31299,2,15,15,687
31300,2,15,15,677
31301,2,15,15,663
31302,2,21,15,629
31303,2,15,15,662
31304,2,15,15,681
31305,2,15,15,687
31306,2,15,15,658
31307,2,15,15,672
31308,2,15,15,641
31309,2,15,15,610
31310,2,15,15,684
31311,2,15,15,609
31312,2,15,15,667
31313,2,15,15,418
31314,2,15,15,478
31315,2,4,4,586
31316,2,15,15,686
31317,2,15,15,686
31318,2,15,15,614
31319,2,15,15,619
31320,2,15,15,679
31321,2,15,15,688
31322,2,15,15,687
31323,2,15,15,676
31324,2,15,15,534
31325,2,15,15,677
31326,2,3,3,668
31327,2,15,15,658
31328,2,15,15,659
31329,2,15,15,553
31330,2,15,15,648
31331,2,15,15,666
31332,2,15,15,402
31333,2,15,15,646
31334,2,15,15,687
31335,2,15,15,671
31336,2,15,15,660
31337,2,15,15,672
31338,2,15,15,688
31339,2,4,4,652
31340,2,15,15,693
31341,2,15,15,146
31342,2,15,15,154
31343,2,15,15,684
31344,2,15,15,685
31345,2,15,15,600
31346,2,15,15,686
31347,2,15,15,681
31348,2,15,15,686
31349,2,15,15,645
31350,2,15,15,469
31351,2,15,15,658
31352,2,15,15,382
31353,2,3,3,122
31354,2,21,15,13
31355,2,15,15,670
31356,2,15,15,684
31357,2,15,15,686
31358,2,15,15,687
31359,2,15,15,267
31360,2,15,15,338
31361,2,15,15,689
31362,2,15,15,697
31363,2,15,15,685
31364,2,15,15,689
31365,2,15,15,674
31366,2,15,15,687
31367,2,15,15,679
31368,2,15,15,670
31369,2,15,15,379
31370,2,15,15,696
31371,2,15,15,669
31372,2,15,15,674
31373,2,4,4,586
31374,2,15,15,691
31375,2,15,15,675
31376,2,41,41,532
31377,2,21,15,661
31378,2,15,15,682
31379,2,15,15,643
31380,2,15,15,682
31381,2,15,15,678
31382,2,15,15,166
31383,2,15,15,639
31384,2,15,15,684
31385,2,15,15,651
31386,2,15,15,596
31387,2,15,15,38
31388,2,15,15,560
31389,2,15,15,695
31390,2,15,15,689
31391,2,15,15,678
31392,2,15,15,671
31393,2,15,15,692
31394,2,15,15,625
31395,2,15,15,684
31396,2,21,21,633
31397,2,15,15,663
31398,2,15,15,266
31399,2,15,15,616
31400,2,15,15,647
31401,2,15,15,674
31402,2,15,15,682
31403,2,4,4,661
31404,2,15,15,356
31405,2,4,4,495
31406,2,15,15,667
31407,2,15,15,657
31408,2,15,15,687
31409,2,15,15,673
31410,2,15,15,661
31411,2,15,15,681
31412,2,15,15,680
31413,2,15,15,690
31414,2,15,15,649
31415,2,15,15,618
31416,2,15,15,684
31417,2,12,12,658
31418,2,4,15,545
31419,2,15,15,669
31420,2,21,21,686
31421,2,15,15,639
31422,2,15,15,672
31423,2,15,15,678
31424,2,15,15,259
31425,2,15,15,663
31426,2,15,15,670
31427,2,15,15,686
31428,2,15,15,682
31429,2,15,15,685
31430,2,15,15,688
31431,2,4,4,19
31432,2,15,15,665
31433,2,15,15,461
31434,2,15,15,621
31435,2,15,15,538
31436,2,15,15,678
31437,2,15,15,571
31438,2,15,15,682
31439,2,15,15,665
31440,2,15,15,681
31441,2,15,15,658
31442,2,15,15,658
31443,2,15,15,465
31444,2,15,15,631
31445,2,15,15,685
31446,2,15,15,591
31447,2,15,15,682
31448,2,15,15,667
31449,2,15,15,551
31450,2,15,15,640
31451,2,15,15,668
31452,2,15,15,643
31453,2,15,15,676
31454,2,15,15,680
31455,2,15,15,344
31456,2,15,15,685
31457,2,15,15,664
31458,2,15,15,600
31459,2,15,15,694
31460,2,15,15,110
31461,2,15,15,671
31462,2,15,15,684
31463,2,15,15,315
31464,2,15,15,547
31465,2,3,3,596
31466,2,3,3,638
31467,2,15,15,627
31468,2,15,15,657
31469,2,15,15,672
31470,2,15,15,678
31471,2,21,15,633
31472,2,15,15,679
31473,2,15,15,312
31474,2,15,15,648
31475,2,4,15,661
31476,2,15,15,670
31477,2,15,15,480
31478,2,15,15,680
31479,2,15,15,482
31480,2,15,15,676
31481,2,15,15,167
31482,2,15,15,676
31483,2,15,15,246
31484,2,4,4,230
31485,2,15,15,682
31486,2,15,15,412
31487,2,15,15,684
31488,2,39,41,681
31489,2,15,15,689
31490,2,15,15,678
31491,2,15,15,651
31492,2,15,15,687
31493,2,15,15,686
31494,2,15,15,676
31495,2,15,15,65
31496,2,15,4,672
31497,2,15,15,420
31498,2,15,15,674
31499,2,21,21,666
31500,2,15,15,346
31501,2,15,15,692
31502,2,15,15,695
31503,2,15,15,634
31504,2,15,15,690
31505,2,15,15,687
31506,2,15,15,686
31507,2,15,15,684
31508,2,15,15,684
31509,2,15,15,675
31510,2,15,15,676
31511,2,15,15,638
31512,2,15,15,690
31513,2,15,15,682
31514,2,15,15,691
31515,2,15,15,689
31516,2,15,15,678
31517,2,15,15,670
31518,2,15,15,634
31519,2,15,15,447
31520,2,4,4,632
31521,2,15,15,663
31522,2,15,15,687
31523,2,15,15,644
31524,2,4,15,682
31525,2,15,15,678
31526,2,15,15,693
31527,2,4,4,675
31528,2,15,15,691
31529,2,15,15,647
31530,2,15,15,683
31531,2,15,15,685
31532,2,15,15,586
31533,2,15,15,677
31534,2,15,15,697
31535,2,15,15,690
31536,2,15,15,666
31537,2,15,15,680
31538,2,15,15,266
31539,2,15,15,678
31540,2,15,15,614
31541,2,15,15,683
31542,2,15,15,687
31543,2,15,15,685
31544,2,15,15,76
31545,2,15,15,676
31546,2,15,15,687
31547,2,15,15,636
31548,2,15,15,630
31549,2,15,15,632
31550,2,15,15,678
31551,2,15,15,647
31552,2,15,15,686
31553,2,15,15,680
31554,2,15,15,613
31555,2,15,15,127
31556,2,15,15,661
31557,2,15,15,684
31558,2,15,15,687
31559,2,15,15,669
31560,2,15,15,666
31561,2,15,15,690
31562,2,15,15,678
31563,2,15,15,693
31564,2,15,15,662
31565,2,15,15,634
31566,2,15,15,672
31567,2,15,15,694
31568,2,3,3,309
31569,2,15,15,661
31570,2,39,39,665
31571,2,15,15,686
31572,2,15,15,688
31573,2,15,15,684
31574,2,15,15,674
31575,2,15,15,652
31576,2,15,15,292
31577,2,15,15,660
31578,2,15,15,619
31579,2,15,15,687
31580,2,15,15,691
31581,2,15,15,683
31582,2,15,15,675
31583,2,15,15,680
31584,2,15,15,681
31585,2,21,15,252
31586,2,15,15,647
31587,2,15,15,661
31588,2,15,15,508
31589,2,4,4,645
31590,2,15,15,653
31591,2,15,15,610
31592,2,15,15,689
31593,2,15,15,690
31594,2,15,15,670
31595,2,15,15,619
31596,2,15,15,673
31597,2,15,15,690
31598,2,15,15,685
31599,2,20,20,689
31600,2,15,15,675
31601,2,15,15,632
31602,2,15,15,629
31603,2,15,15,471
31604,2,15,15,682
31605,2,15,15,662
31606,2,15,15,685
31607,2,15,15,626
31608,2,15,15,683
31609,2,15,15,393
31610,2,15,15,694
31611,2,15,15,680
31612,2,15,15,408
31613,2,15,15,624
31614,2,15,15,678
31615,2,15,15,675
31616,2,15,15,684
31617,2,15,15,685
31618,2,41,41,124
31619,2,15,15,390
31620,2,15,4,682
31621,2,15,15,655
31622,2,15,15,607
31623,2,15,15,228
31624,2,15,15,669
31625,2,15,15,683
31626,2,15,15,686
31627,2,15,15,686
31628,2,15,15,532
31629,2,15,15,266
31630,2,21,15,537
31631,2,15,15,256
31632,2,15,15,60
31633,2,15,15,680
31634,2,15,15,685
31635,2,15,15,583
31636,2,15,15,517
31637,2,15,15,676
31638,2,15,15,681
31639,2,15,15,688
31640,2,15,15,680
31641,2,15,4,678
31642,2,15,15,687
31643,2,15,15,679
31644,2,15,15,674
31645,2,15,15,603
31646,2,15,15,689
31647,2,15,15,574
31648,2,15,15,571
31649,2,15,15,670
31650,2,15,15,667
31651,2,15,15,663
31652,2,15,15,684
31653,2,15,15,674
31654,2,15,15,665
31655,2,15,15,664
31656,2,15,15,618
31657,2,15,15,433
31658,2,15,15,669
31659,2,15,15,376
31660,2,15,15,669
31661,2,15,15,687
31662,2,15,15,684
31663,2,15,15,624
31664,2,15,15,663
31665,2,15,15,689
31666,2,15,15,620
31667,2,15,15,672
31668,2,15,15,667
31669,2,15,15,256
31670,2,15,15,663
31671,2,4,4,686
31672,2,15,15,378
31673,2,15,15,689
31674,2,15,15,386
31675,2,15,15,662
31676,2,15,15,137
31677,2,15,15,679
31678,2,15,15,625
31679,2,15,15,683
31680,2,15,15,674
31681,2,15,15,615
31682,2,4,4,661
31683,2,15,15,671
31684,2,15,15,582
31685,2,15,15,690
31686,2,15,15,650
31687,2,15,15,688
31688,2,15,15,419
31689,2,15,15,694
31690,2,15,15,680
31691,2,21,21,606
31692,2,15,15,656
31693,2,15,15,81
31694,2,15,15,360
31695,2,15,15,685
31696,2,3,3,282
31697,2,15,15,684
31698,2,15,15,691
31699,2,15,15,677
31700,2,15,15,693
31701,2,15,15,494
31702,2,15,15,688
31703,2,15,15,560
31704,2,15,15,676
31705,2,15,15,612
31706,2,15,15,378
31707,2,21,39,523
31708,2,15,15,674
31709,2,15,15,669
31710,2,15,15,623
31711,2,15,15,558
31712,2,15,15,548
31713,2,39,39,639
31714,2,15,15,686
31715,2,15,15,661
31716,2,15,15,682
31717,2,15,15,672
31718,2,15,15,673
31719,2,15,15,688
31720,2,15,15,687
31721,2,15,15,503
31722,2,15,15,499
31723,2,15,15,363
31724,2,15,15,680
31725,2,15,15,576
31726,2,15,15,687
31727,2,15,15,641
31728,2,15,15,689
31729,2,15,15,664
31730,2,15,15,473
31731,2,15,15,676
31732,2,15,15,659
31733,2,15,15,613
31734,2,15,15,693
31735,2,15,15,596
31736,2,15,15,679
31737,2,15,15,639
31738,2,15,15,668
31739,2,15,15,684
31740,2,15,15,651
31741,2,15,15,686
31742,2,15,15,597
31743,2,15,4,603
31744,2,15,15,411
31745,2,15,15,641
31746,2,15,15,625
31747,2,15,15,680
31748,2,15,15,664
31749,2,15,15,556
31750,2,15,15,572
31751,2,15,15,660
31752,2,15,15,687
31753,2,15,15,685
31754,2,15,15,324
31755,2,15,15,681
31756,2,15,15,683
31757,2,15,15,401
31758,2,15,15,655
31759,2,15,15,663
31760,2,15,15,346
31761,2,15,15,628
31762,2,15,15,682
31763,2,15,15,75
31764,2,15,15,322
31765,2,15,15,560
31766,2,15,15,680
31767,2,15,15,670
31768,2,15,15,683
31769,2,15,15,681
31770,2,15,15,464
31771,2,15,15,681
31772,2,15,15,647
31773,2,4,4,580
31774,2,15,15,644
31775,2,15,15,662
31776,2,15,15,691
31777,2,15,15,695
31778,2,15,15,670
31779,2,15,15,658
31780,2,4,4,264
31781,2,15,15,688
31782,2,15,15,677
31783,2,15,15,120
31784,2,15,15,686
31785,2,15,15,682
31786,2,15,15,673
31787,2,15,15,669
31788,2,15,15,688
31789,2,15,15,684
31790,2,15,15,685
31791,2,3,3,111
31792,2,15,15,684
31793,2,15,15,676
31794,2,15,15,646
31795,2,15,15,689
31796,2,15,15,604
31797,2,15,15,621
31798,2,41,41,686
31799,2,4,4,517
31800,2,4,4,629
31801,2,15,15,677
31802,2,15,15,681
31803,2,3,15,613
31804,2,15,15,688
31805,2,15,15,351
31806,2,15,15,682
31807,2,39,39,681
31808,2,15,15,663
31809,2,15,15,687
31810,2,15,15,692
31811,2,15,15,73
31812,2,15,15,255
31813,2,15,15,468
31814,2,15,15,684
31815,2,15,15,650
31816,2,15,15,675
31817,2,15,15,666
31818,2,15,15,663
31819,2,15,15,687
31820,2,15,15,685
31821,2,15,15,673
31822,2,15,15,590
31823,2,15,15,681
31824,2,15,15,657
31825,2,15,15,672
31826,2,15,15,631
31827,2,15,15,666
31828,2,15,15,611
31829,2,15,15,677
31830,2,15,15,600
31831,2,15,15,479
31832,2,15,15,688
31833,2,15,15,630
31834,2,21,21,504
31835,2,15,15,679
31836,2,15,15,608
31837,2,3,3,478
31838,2,15,15,477
31839,2,15,15,681
31840,2,15,15,660
31841,2,15,15,644
31842,2,15,15,685
31843,2,15,15,581
31844,2,15,15,684
31845,2,15,15,647
31846,2,15,15,661
31847,2,4,15,656
31848,2,15,15,623
31849,2,15,15,683
31850,2,15,15,652
31851,2,15,15,393
31852,2,39,39,671
31853,2,15,15,620
31854,2,15,15,592
31855,2,15,15,678
31856,2,15,15,584
31857,2,15,15,677
31858,2,15,15,687
31859,2,15,15,676
31860,2,15,15,634
31861,2,15,15,683
31862,2,15,15,673
31863,2,15,15,658
31864,2,4,4,676
31865,2,15,15,545
31866,2,15,15,633
31867,2,15,15,460
31868,2,41,41,675
31869,2,15,15,672
31870,2,15,15,683
31871,2,15,15,668
31872,2,15,15,688
31873,2,15,15,653
31874,2,15,15,672
31875,2,15,15,652
31876,2,15,15,675
31877,2,15,15,668
31878,2,3,3,556
31879,2,15,15,679
31880,2,15,15,683
31881,2,15,15,693
31882,2,15,15,686
31883,2,15,3,391
31884,2,15,15,586
31885,2,15,15,687
31886,2,15,15,689
31887,2,15,15,673
31888,2,15,15,378
31889,2,15,15,657
31890,2,15,15,344
31891,2,15,15,689
31892,2,15,15,686
31893,2,4,4,619
31894,2,15,15,685
31895,2,15,15,687
31896,2,15,15,684
31897,2,15,15,674
31898,2,15,15,652
31899,2,15,15,639
31900,2,15,15,692
31901,2,15,15,612
31902,2,15,15,664
31903,2,15,15,513
31904,2,15,15,618
31905,2,21,15,640
31906,2,15,15,639
31907,2,15,15,389
31908,2,15,15,672
31909,2,15,15,647
31910,2,15,15,612
31911,2,15,15,693
31912,2,15,15,594
31913,2,15,15,685
31914,2,15,15,690
31915,2,15,4,149
31916,2,15,15,542
31917,2,15,15,685
31918,2,39,39,684
31919,2,15,15,686
31920,2,15,15,677
31921,2,4,4,622
31922,2,15,15,584
31923,2,15,15,679
31924,2,15,15,664
31925,2,15,15,287
31926,2,4,4,38
31927,2,15,15,676
31928,2,15,15,612
31929,2,15,15,452
31930,2,15,15,669
31931,2,15,15,254
31932,2,15,15,676
31933,2,15,15,657
31934,2,15,15,664
31935,2,15,15,681
31936,2,15,15,594
31937,2,15,15,669
31938,2,15,15,674
31939,2,41,41,683
31940,2,15,15,679
31941,2,15,15,587
31942,2,15,15,641
31943,2,15,15,677
31944,2,15,15,676
31945,2,15,15,676
31946,2,41,41,665
31947,2,15,15,679
31948,2,41,41,671
31949,2,15,15,665
31950,2,15,15,679
31951,2,15,4,680
31952,2,15,15,675
31953,2,15,15,685
31954,2,15,15,687
31955,2,15,15,492
31956,2,39,39,634
31957,2,15,15,661
31958,2,15,15,687
31959,2,15,15,636
31960,2,15,15,556
31961,2,15,15,516
31962,2,15,15,622
31963,2,15,15,687
31964,2,15,15,685
31965,2,15,15,643
31966,2,15,15,691
31967,2,15,15,673
31968,2,15,15,657
31969,2,15,15,126
31970,2,41,41,663
31971,2,15,15,683
31972,2,15,15,668
31973,2,15,15,669
31974,2,15,15,689
31975,2,21,4,566
31976,2,15,15,616
31977,2,15,15,637
31978,2,15,15,357
31979,2,15,15,681
31980,2,15,15,674
31981,2,15,15,682
31982,2,15,15,645
31983,2,15,15,661
31984,2,12,12,661
31985,2,15,15,672
31986,2,15,15,691
31987,2,15,15,686
31988,2,15,15,652
31989,2,15,15,687
31990,2,15,15,297
31991,2,15,15,633
31992,2,15,15,685
31993,2,15,15,623
31994,2,12,12,470
31995,2,15,15,691
31996,2,15,15,607
31997,2,15,15,653
31998,2,15,15,404
31999,2,15,15,687
32000,2,15,15,678
32001,2,15,15,681
32002,2,15,15,619
32003,2,39,41,688
32004,2,15,15,682
32005,2,15,15,672
32006,2,21,21,688
32007,2,4,4,552
32008,2,15,15,610
32009,2,15,15,665
32010,2,15,15,681
32011,2,15,15,153
32012,2,15,15,683
32013,2,4,4,643
32014,2,15,15,341
32015,2,15,15,688
32016,2,15,15,666
32017,2,15,15,685
32018,2,15,15,657
32019,2,15,15,653
32020,2,15,15,672
32021,2,15,15,675
32022,2,15,15,680
32023,2,15,15,684
32024,2,15,15,622
32025,2,15,15,683
32026,2,15,15,509
32027,2,15,15,674
32028,2,15,15,665
32029,2,15,15,423
32030,2,15,15,661
32031,2,15,15,683
32032,2,15,4,679
32033,2,15,15,685
32034,2,15,15,683
32035,2,15,15,665
32036,2,15,15,688
32037,2,15,15,684
32038,2,15,15,666
32039,2,41,41,684
32040,2,15,15,654
32041,2,15,15,663
32042,2,15,15,687
32043,2,15,15,661
32044,2,15,15,685
32045,2,15,15,542
32046,2,15,15,686
32047,2,15,15,669
32048,2,15,15,670
32049,2,15,15,685
32050,2,15,15,687
32051,2,15,15,641
32052,2,15,15,678
32053,2,15,15,688
32054,2,15,15,49
32055,2,15,15,599
32056,2,4,4,674
32057,2,15,15,658
32058,2,15,15,686
32059,2,15,3,469
32060,2,15,15,648
32061,2,15,15,687
32062,2,15,15,671
32063,2,15,15,683
32064,2,15,15,691
32065,2,15,15,628
32066,2,15,15,677
32067,2,15,15,687
32068,2,15,15,688
32069,2,15,15,659
32070,2,15,15,685
32071,2,15,15,444
32072,2,15,15,659
32073,2,15,15,680
32074,2,15,15,677
32075,2,15,15,568
32076,2,15,15,623
32077,2,15,15,692
32078,2,15,15,635
32079,2,15,15,687
32080,2,15,15,350
32081,2,15,15,678
32082,2,15,15,577
32083,2,15,15,653
32084,2,21,15,678
32085,2,15,15,358
32086,2,15,15,487
32087,2,15,15,131
32088,2,15,15,664
32089,2,4,4,663
32090,2,15,15,686
32091,2,21,15,648
32092,2,15,15,684
32093,2,15,15,683
32094,2,15,15,500
32095,2,15,15,678
32096,2,15,15,690
32097,2,15,15,682
32098,2,15,15,566
32099,2,15,15,661
32100,2,15,15,220
32101,2,15,3,629
32102,2,15,15,631
32103,2,39,39,683
32104,2,15,15,543
32105,2,21,15,675
32106,2,15,15,174
32107,2,15,15,684
32108,2,15,15,673
32109,2,15,15,689
32110,2,15,15,689
32111,2,15,15,189
32112,2,9,9,686
32113,2,15,15,647
32114,2,4,4,656
32115,2,15,15,561
32116,2,15,15,590
32117,2,15,15,617
32118,2,15,15,519
32119,2,15,4,619
32120,2,15,15,535
32121,2,15,15,623
32122,2,15,15,673
32123,2,4,3,581
32124,2,15,15,516
32125,2,15,15,686
32126,2,15,15,690
32127,2,15,15,679
32128,2,15,15,294
32129,2,15,15,691
32130,2,15,15,693
32131,2,15,15,530
32132,2,15,15,669
32133,2,15,15,677
32134,2,15,15,671
32135,2,15,15,659
32136,2,15,15,682
32137,2,15,15,683
32138,2,15,15,682
32139,2,15,15,518
32140,2,15,15,552
32141,2,15,15,615
32142,2,15,15,663
32143,2,15,15,678
32144,2,15,15,685
32145,2,15,15,661
32146,2,15,15,673
32147,2,15,15,676
32148,2,15,15,675
32149,2,15,15,668
32150,2,15,15,665
32151,2,15,15,691
32152,2,15,15,683
32153,2,15,15,650
32154,2,15,15,686
32155,2,15,15,617
32156,2,15,15,646
32157,2,15,15,237
32158,2,15,15,658
32159,2,15,15,626
32160,2,15,15,678
32161,2,15,15,652
32162,2,15,15,675
32163,2,4,4,42
32164,2,15,15,672
32165,2,15,15,648
32166,2,15,15,638
32167,2,15,15,687
32168,2,15,15,689
32169,2,15,15,681
32170,2,15,15,683
32171,2,15,15,458
32172,2,15,15,552
32173,2,15,15,182
32174,2,15,15,656
32175,2,15,15,679
32176,2,15,15,496
32177,2,15,15,685
32178,2,15,15,685
32179,2,39,41,683
32180,2,15,15,221
32181,2,20,15,668
32182,2,15,15,691
32183,2,24,12,674
32184,2,39,39,686
32185,2,3,3,364
32186,2,15,15,683
32187,2,4,4,223
32188,2,15,15,687
32189,2,15,15,569
32190,2,15,15,404
32191,2,15,15,85
32192,2,15,4,623
32193,2,15,15,670
32194,2,15,15,582
32195,2,15,15,686
32196,2,15,15,675
32197,2,15,15,664
32198,2,15,15,688
32199,2,15,15,650
32200,2,15,15,640
32201,2,15,15,598
32202,2,15,15,678
32203,2,15,15,678
32204,2,15,15,627
32205,2,15,15,665
32206,2,15,15,689
32207,2,15,15,691
32208,2,15,15,500
32209,2,15,15,687
32210,2,15,15,690
32211,2,15,15,683
32212,2,15,15,693
32213,2,15,15,688
32214,2,15,15,525
32215,2,15,15,690
32216,2,15,15,617
32217,2,15,15,483
32218,2,15,15,187
32219,2,15,15,685
32220,2,15,15,602
32221,2,15,15,662
32222,2,15,15,686
32223,2,15,15,680
32224,2,15,15,567
32225,2,15,15,677
32226,2,15,15,694
32227,2,15,15,525
32228,2,15,15,686
32229,2,15,15,145
32230,2,15,15,643
32231,2,15,15,494
32232,2,15,15,680
32233,2,15,15,671
32234,2,15,15,682
32235,2,15,15,293
32236,2,15,15,678
32237,2,15,15,696
32238,2,3,15,628
32239,2,15,15,688
32240,2,15,15,469
32241,2,4,4,62
32242,2,15,15,142
32243,2,4,4,621
32244,2,15,15,120
32245,2,15,15,669
32246,2,15,15,633
32247,2,15,15,690
32248,2,15,15,569
32249,2,15,15,677
32250,2,15,15,687
32251,2,15,15,278
32252,2,15,15,676
32253,2,15,15,578
32254,2,15,15,652
32255,2,15,15,549
32256,2,15,15,655
32257,2,15,15,647
32258,2,15,15,686
32259,2,15,15,430
32260,2,15,15,672
32261,2,15,15,678
32262,2,15,15,560
32263,2,4,4,639
32264,2,15,15,655
32265,2,15,15,593
32266,2,15,15,668
32267,2,15,15,683
32268,2,15,15,417
32269,2,15,15,681
32270,2,15,15,682
32271,2,15,15,646
32272,2,15,15,650
32273,2,15,15,47
32274,2,15,15,687
32275,2,15,15,680
32276,2,15,15,606
32277,2,15,15,431
32278,2,15,15,683
32279,2,39,41,676
32280,2,15,15,659
32281,2,15,15,688
32282,2,15,15,685
32283,2,15,15,679
32284,2,15,15,679
32285,2,41,41,668
32286,2,15,15,685
32287,2,15,15,375
32288,2,39,39,645
32289,2,15,15,629
32290,2,15,15,672
32291,2,39,39,676
32292,2,15,15,656
32293,2,15,15,690
32294,2,15,15,274
32295,2,15,15,683
32296,2,15,15,629
32297,2,39,15,684
32298,2,15,15,686
32299,2,4,4,667
32300,2,15,15,676
32301,2,15,15,685
32302,2,15,15,192
32303,2,15,15,678
32304,2,15,15,675
32305,2,15,15,688
32306,2,15,15,278
32307,2,15,15,677
32308,2,15,15,646
32309,2,15,15,680
32310,2,15,15,667
32311,2,15,15,682
32312,2,15,15,580
32313,2,15,15,689
32314,2,15,15,692
32315,2,15,15,684
32316,2,4,15,682
32317,2,15,15,684
32318,2,15,4,691
32319,2,15,15,359
32320,2,4,4,660
32321,2,15,15,682
32322,2,15,15,672
32323,2,41,41,687
32324,2,15,15,665
32325,2,15,15,658
32326,2,3,3,589
32327,2,4,4,584
32328,2,15,15,616
32329,2,15,15,688
32330,2,15,15,469
32331,2,15,15,678
32332,2,15,15,684
32333,2,15,15,690
32334,2,15,15,691
32335,2,15,15,538
32336,2,15,15,680
32337,2,15,15,691
32338,2,39,15,675
32339,2,15,15,691
32340,2,15,15,119
32341,2,15,15,671
32342,2,15,15,555
32343,2,15,15,637
32344,2,15,15,645
32345,2,15,15,680
32346,2,15,15,565
32347,2,15,15,687
32348,2,15,15,658
32349,2,15,15,673
32350,2,15,15,655
32351,2,15,15,686
32352,2,15,15,310
32353,2,15,15,596
32354,2,15,15,691
32355,2,21,15,525
32356,2,15,15,685
32357,2,15,15,681
32358,2,15,15,678
32359,2,15,15,616
32360,2,15,15,689
32361,2,15,15,411
32362,2,15,15,661
32363,2,15,15,627
32364,2,15,15,20
32365,2,15,15,687
32366,2,15,15,692
32367,2,15,15,671
32368,2,15,15,379
32369,2,15,15,682
32370,2,15,15,673
32371,2,15,15,673
32372,2,15,15,682
32373,2,15,3,556
32374,2,15,15,679
32375,2,15,15,579
32376,2,15,15,641
32377,2,15,15,672
32378,2,15,15,672
32379,2,15,15,686
32380,2,15,15,693
32381,2,15,15,683
32382,2,15,15,635
32383,2,15,15,343
32384,2,15,15,194
32385,2,15,15,434
32386,2,15,15,684
32387,2,15,15,680
32388,2,15,15,673
32389,2,15,15,685
32390,2,15,15,637
32391,2,15,15,553
32392,2,15,15,690
32393,2,15,15,678
32394,2,15,15,496
32395,2,4,4,427
32396,2,3,3,235
32397,2,15,15,643
32398,2,15,15,601
32399,2,21,15,644
32400,2,15,15,176
32401,2,15,15,690
32402,2,15,15,566
32403,2,15,15,692
32404,2,15,15,654
32405,2,4,4,663
32406,2,15,15,489
32407,2,15,15,138
32408,2,15,15,598
32409,2,15,15,690
32410,2,15,15,679
32411,2,15,15,361
32412,2,15,15,620
32413,2,15,15,688
32414,2,15,15,687
32415,2,15,15,672
32416,2,15,15,662
32417,2,4,4,662
32418,2,15,15,148
32419,2,15,15,681
32420,2,15,15,678
32421,2,15,15,675
32422,2,15,15,687
32423,2,15,15,688
32424,2,15,15,655
32425,2,15,15,504
32426,2,15,15,689
32427,2,15,15,688
32428,2,15,15,663
32429,2,15,15,677
32430,2,15,15,647
32431,2,15,15,684
32432,2,15,15,632
32433,2,15,15,677
32434,2,15,15,88
32435,2,15,15,229
32436,2,15,15,639
32437,2,15,15,622
32438,2,15,15,123
32439,2,15,15,676
32440,2,41,41,576
32441,2,15,15,688
32442,2,15,15,552
32443,2,15,15,679
32444,2,15,15,673
32445,2,15,15,622
32446,2,15,15,688
32447,2,15,15,666
32448,2,39,39,676
32449,2,15,15,689
32450,2,15,15,565
32451,2,15,15,611
32452,2,15,15,694
32453,2,15,15,617
32454,2,15,15,684
32455,2,15,15,684
32456,2,15,15,73
32457,2,15,15,653
32458,2,3,3,70
32459,2,15,15,690
32460,2,15,15,553
32461,2,41,41,682
32462,2,3,3,582
32463,2,15,4,673
32464,2,15,15,680
32465,2,15,15,606
32466,2,39,39,669
32467,2,15,15,685
32468,2,15,15,524
32469,2,15,15,554
32470,2,15,15,681
32471,2,15,15,676
32472,2,15,15,684
32473,2,15,15,671
32474,2,15,15,675
32475,2,15,15,685
32476,2,15,15,688
32477,2,15,15,695
32478,2,15,15,684
32479,2,15,15,687
32480,2,15,4,681
32481,2,15,15,687
32482,2,15,3,619
32483,2,15,15,681
32484,2,15,15,671
32485,2,15,15,421
32486,2,15,15,522
32487,2,15,15,685
32488,2,15,15,650
32489,2,15,15,686
32490,2,15,15,632
32491,2,15,15,561
32492,2,15,15,673
32493,2,15,15,675
32494,2,15,15,681
32495,2,15,15,674
32496,2,15,15,661
32497,2,15,15,662
32498,2,15,15,626
32499,2,15,15,609
32500,2,15,15,142
32501,2,15,15,634
32502,2,4,4,633
32503,2,15,15,652
32504,2,15,15,676
32505,2,9,9,680
32506,2,15,15,682
32507,2,15,15,679
32508,2,15,4,641
32509,2,15,15,686
32510,2,15,15,677
32511,2,15,15,689
32512,2,15,15,680
32513,2,15,15,682
32514,2,15,15,680
32515,2,4,4,618
32516,2,39,39,671
32517,2,15,15,688
32518,2,15,15,645
32519,2,15,15,684
32520,2,15,15,579
32521,2,15,15,430
32522,2,15,15,426
32523,2,15,15,679
32524,2,15,15,658
32525,2,15,15,674
32526,2,15,15,688
32527,2,15,15,669
32528,2,15,15,688
32529,2,15,15,610
32530,2,15,15,688
32531,2,15,15,650
32532,2,15,15,234
32533,2,15,15,680
32534,2,15,15,681
32535,2,15,15,694
32536,2,15,15,685
32537,2,15,15,620
32538,2,15,15,680
32539,2,15,15,658
32540,2,15,15,680
32541,2,15,15,562
32542,2,15,15,686
32543,2,15,15,608
32544,2,4,4,679
32545,2,15,15,695
32546,2,3,3,588
32547,2,15,15,420
32548,2,15,15,243
32549,2,15,15,656
32550,2,15,15,682
32551,2,15,15,664
32552,2,15,15,673
32553,2,15,15,679
32554,2,15,15,688
32555,2,15,15,131
32556,2,15,15,497
32557,2,15,15,680
32558,2,15,15,627
32559,2,41,41,583
32560,2,15,15,683
32561,2,15,15,683
32562,2,15,15,296
32563,2,15,15,691
32564,2,15,15,626
32565,2,15,15,672
32566,2,15,15,406
32567,2,15,21,422
32568,2,15,15,601
32569,2,15,15,653
32570,2,15,15,695
32571,2,15,15,684
32572,2,15,15,635
32573,2,15,15,649
32574,2,15,4,655
32575,2,15,15,689
32576,2,15,15,684
32577,2,15,15,660
32578,2,15,15,661
32579,2,15,15,677
32580,2,15,15,668
32581,2,15,15,687
32582,2,15,15,686
32583,2,15,15,621
32584,2,15,15,510
32585,2,15,15,638
32586,2,39,41,676
32587,2,15,15,649
32588,2,15,15,680
32589,2,15,15,687
32590,2,15,15,536
32591,2,15,15,675
32592,2,15,15,673
32593,2,15,15,679
32594,2,15,15,339
32595,2,15,15,689
32596,2,15,15,684
32597,2,15,15,652
32598,2,15,15,680
32599,2,15,15,528
32600,2,15,15,473
32601,2,15,15,690
32602,2,15,15,509
32603,2,15,15,689
32604,2,15,15,498
32605,2,15,15,683
32606,2,15,15,689
32607,2,15,15,694
32608,2,15,15,664
32609,2,15,15,619
32610,2,15,15,597
32611,2,15,15,680
32612,2,15,15,694
32613,2,15,15,686
32614,2,15,15,655
32615,2,15,15,680
32616,2,15,15,639
32617,2,15,15,377
32618,2,4,4,159
32619,2,15,3,582
32620,2,15,15,660
32621,2,15,15,679
32622,2,15,15,680
32623,2,15,15,684
32624,2,15,15,686
32625,2,15,15,47
32626,2,15,15,666
32627,2,15,15,677
32628,2,15,15,680
32629,2,15,15,668
32630,2,15,15,678
32631,2,15,15,671
32632,2,15,15,675
32633,2,15,15,670
32634,2,15,15,666
32635,2,15,15,686
32636,2,15,15,684
32637,2,15,15,598
32638,2,15,15,677
32639,2,15,15,631
32640,2,15,15,668
32641,2,15,15,198
32642,2,15,15,688
32643,2,15,15,679
32644,2,15,15,682
32645,2,15,15,666
32646,2,15,15,689
32647,2,15,15,474
32648,2,15,15,129
32649,2,15,15,642
32650,2,15,15,117
32651,2,4,4,617
32652,2,15,15,127
32653,2,39,39,659
32654,2,21,21,269
32655,2,15,15,677
32656,2,15,15,665
32657,2,15,15,674
32658,2,15,15,689
32659,2,15,15,675
32660,2,15,15,450
32661,2,15,15,656
32662,2,15,15,677
32663,2,15,15,363
32664,2,15,15,686
32665,2,15,15,681
32666,2,15,15,680
32667,2,15,15,680
32668,2,15,15,686
32669,2,15,15,194
32670,2,21,21,647
32671,2,4,4,618
32672,2,15,15,345
32673,2,15,15,667
32674,2,4,4,634
32675,2,15,15,671
32676,2,15,15,674
32677,2,15,15,557
32678,2,15,15,680
32679,2,15,15,671
32680,2,15,15,679
32681,2,15,15,669
32682,2,15,15,643
32683,2,15,15,680
32684,2,15,15,670
32685,2,15,15,680
32686,2,15,15,536
32687,2,15,15,667
32688,2,15,15,657
32689,2,15,15,657
32690,2,15,15,205
32691,2,3,3,618
32692,2,15,15,246
32693,2,15,15,637
32694,2,15,15,679
32695,2,15,15,650
32696,2,15,15,679
32697,2,15,15,657
32698,2,4,4,635
32699,2,41,41,648
32700,2,15,15,680
32701,2,15,15,686
32702,2,15,15,681
32703,2,15,15,650
32704,2,15,15,684
32705,2,15,15,685
32706,2,15,15,681
32707,2,4,4,626
32708,2,15,15,692
32709,2,15,15,671
32710,2,15,15,549
32711,2,15,15,645
32712,2,15,15,686
32713,2,15,15,684
32714,2,15,15,653
32715,2,15,15,670
32716,2,15,15,650
32717,2,15,15,562
32718,2,15,15,657
32719,2,15,15,688
32720,2,15,15,689
32721,2,15,15,683
32722,2,15,15,687
32723,2,15,15,681
32724,2,15,15,685
32725,2,15,15,664
32726,2,15,15,680
32727,2,15,15,663
32728,2,15,15,674
32729,2,15,15,688
32730,2,15,15,545
32731,2,15,15,650
32732,2,15,15,666
32733,2,15,15,689
32734,2,15,15,155
32735,2,15,15,680
32736,2,15,15,693
32737,2,39,39,664
32738,2,15,15,605
32739,2,15,15,672
32740,2,15,15,629
32741,2,15,15,666
32742,2,15,15,74
32743,2,15,15,365
32744,2,21,20,680
32745,2,15,15,686
32746,2,15,15,653
32747,2,15,15,684
32748,2,15,15,677
32749,2,15,15,688
32750,2,15,15,682
32751,2,15,15,652
32752,2,4,4,666
32753,2,15,15,690
32754,2,15,15,685
32755,2,15,15,671
32756,2,15,15,670
32757,2,15,15,640
32758,2,15,15,620
32759,2,15,15,665
32760,2,15,15,677
32761,2,15,15,590
32762,2,15,15,664
32763,2,15,15,662
32764,2,15,15,691
32765,2,15,15,324
32766,2,15,15,683
32767,2,15,15,614
32768,2,41,41,681
32769,2,15,15,186
32770,2,15,15,684
32771,2,15,15,671
32772,2,15,15,612
32773,2,15,15,689
32774,2,15,15,659
32775,2,15,15,681
32776,2,15,15,681
32777,2,15,15,690
32778,2,15,15,593
32779,2,15,15,648
32780,2,15,4,652
32781,2,15,15,694
32782,2,15,15,651
32783,2,15,15,126
32784,2,15,15,685
32785,2,15,15,675
32786,2,15,15,689
32787,2,15,15,579
32788,2,15,3,35
32789,2,15,15,675
32790,2,15,15,678
32791,2,15,15,663
32792,2,15,15,688
32793,2,15,15,129
32794,2,15,15,691
32795,2,15,15,288
32796,2,15,15,679
32797,2,15,15,644
32798,2,15,15,607
32799,2,15,15,679
32800,2,15,15,654
32801,2,15,15,686
32802,2,15,15,661
32803,2,15,15,673
32804,2,15,15,696
32805,2,15,15,684
32806,2,15,15,655
32807,2,15,15,652
32808,2,15,15,582
32809,2,15,15,582
32810,2,15,15,674
32811,2,15,15,670
32812,2,15,15,656
32813,2,15,15,658
32814,2,15,15,457
32815,2,15,15,270
32816,2,15,15,649
32817,2,15,15,672
32818,2,15,15,583
32819,2,15,15,686
32820,2,15,15,669
32821,2,15,15,687
32822,2,15,15,680
32823,2,15,15,193
32824,2,15,15,607
32825,2,15,15,685
32826,2,15,15,686
32827,2,15,15,372
32828,2,15,15,682
32829,2,15,15,681
32830,2,15,15,659
32831,2,15,15,670
32832,2,15,15,692
32833,2,15,15,422
32834,2,15,15,644
32835,2,15,15,683
32836,2,15,15,650
32837,2,15,15,79
32838,2,15,15,674
32839,2,15,15,659
32840,2,15,15,663
32841,2,15,15,682
32842,2,4,4,482
32843,2,15,15,685
32844,2,15,15,580
32845,2,15,15,680
32846,2,15,15,243
32847,2,15,15,692
32848,2,4,4,335
32849,2,15,15,677
32850,2,15,15,385
32851,2,15,15,672
32852,2,15,15,424
32853,2,15,15,674
32854,2,15,15,673
32855,2,15,15,678
32856,2,15,15,89
32857,2,15,15,688
32858,2,15,15,286
32859,2,15,15,683
32860,2,15,15,686
32861,2,15,15,341
32862,2,41,41,660
32863,2,15,15,692
32864,2,15,15,694
32865,2,15,15,661
32866,2,15,15,328
32867,2,15,15,680
32868,2,15,15,574
32869,2,15,15,679
32870,2,15,15,625
32871,2,15,15,656
32872,2,15,15,572
32873,2,15,15,579
32874,2,15,15,682
32875,2,15,15,515
32876,2,15,15,672
32877,2,15,15,691
32878,2,15,15,99
32879,2,15,15,665
32880,2,15,15,661
32881,2,15,15,694
32882,2,15,15,577
32883,2,15,15,284
32884,2,15,15,685
32885,2,15,15,683
32886,2,15,15,678
32887,2,15,15,210
32888,2,15,15,672
32889,2,15,15,694
32890,2,15,15,690
32891,2,15,15,612
32892,2,15,15,690
32893,2,15,15,675
32894,2,15,15,658
32895,2,15,15,691
32896,2,15,15,131
32897,2,21,15,648
32898,2,15,15,596
32899,2,15,15,682
32900,2,15,15,681
32901,2,4,4,190
32902,2,15,15,669
32903,2,15,15,646
32904,2,20,21,617
32905,2,15,15,532
32906,2,4,4,606
32907,2,15,15,677
32908,2,15,15,687
32909,2,15,15,590
32910,2,15,15,617
32911,2,15,11,525
32912,2,15,15,645
32913,2,15,15,206
32914,2,15,15,669
32915,2,15,15,683
32916,2,15,15,678
32917,2,15,15,683
32918,2,15,15,687
32919,2,15,15,688
32920,2,15,15,637
32921,2,15,15,508
32922,2,15,15,350
32923,2,15,15,681
32924,2,15,15,648
32925,2,15,15,687
32926,2,15,15,640
32927,2,15,15,673
32928,2,15,3,478
32929,2,15,15,654
32930,2,15,15,592
32931,2,15,15,631
32932,2,15,15,682
32933,2,15,15,660
32934,2,4,4,587
32935,2,15,15,665
32936,2,15,15,688
32937,2,15,15,668
32938,2,15,15,632
32939,2,4,4,608
32940,2,15,15,686
32941,2,15,15,522
32942,2,15,15,680
32943,2,39,39,668
32944,2,15,15,683
32945,2,15,15,675
32946,2,15,15,664
32947,2,15,15,373
32948,2,15,15,683
32949,2,15,15,685
32950,2,15,15,679
32951,2,15,15,681
32952,2,4,4,674
32953,2,15,15,598
32954,2,15,15,556
32955,2,15,15,647
32956,2,15,15,696
32957,2,15,15,550
32958,2,15,15,674
32959,2,15,15,681
32960,2,15,15,610
32961,2,41,41,677
32962,2,15,15,685
32963,2,15,15,677
32964,2,15,15,691
32965,2,15,15,666
32966,2,15,15,691
32967,2,15,15,684
32968,2,15,15,687
32969,2,4,4,682
32970,2,15,15,7
32971,2,15,15,636
32972,2,15,15,681
32973,2,15,15,353
32974,2,15,15,668
32975,2,15,15,488
32976,2,15,15,235
32977,2,15,15,682
32978,2,21,15,646
32979,2,15,15,650
32980,2,15,15,685
32981,2,3,15,662
32982,2,15,15,634
32983,2,15,15,675
32984,2,15,15,678
32985,2,15,15,622
32986,2,15,15,658
32987,2,15,15,688
32988,2,15,15,684
32989,2,15,15,650
32990,2,15,15,676
32991,2,15,15,667
32992,2,4,4,609
32993,2,15,15,669
32994,2,4,4,480
32995,2,15,15,668
32996,2,15,15,678
32997,2,15,15,681
32998,2,15,15,665
32999,2,39,39,453
33000,2,15,15,682
33001,2,15,15,686
33002,2,15,15,678
33003,2,15,15,665
33004,2,15,15,661
33005,2,15,15,674
33006,2,15,15,690
33007,2,15,15,680
33008,2,15,15,681
33009,2,15,15,690
33010,2,15,15,393
33011,2,15,15,679
33012,2,15,15,676
33013,2,15,15,211
33014,2,15,15,671
33015,2,15,15,650
33016,2,24,24,651
33017,2,15,15,679
33018,2,15,15,474
33019,2,15,15,652
33020,2,15,15,218
33021,2,15,15,687
33022,2,15,15,683
33023,2,15,15,685
33024,2,15,15,577
33025,2,15,15,696
33026,2,15,15,628
33027,2,15,15,667
33028,2,15,15,692
33029,2,15,15,685
33030,2,15,15,682
33031,2,15,15,680
33032,2,15,15,646
33033,2,15,15,682
33034,2,15,15,620
33035,2,15,15,683
33036,2,15,15,681
33037,2,15,15,585
33038,2,15,15,37
33039,2,15,15,479
33040,2,15,15,274
33041,2,15,4,599
33042,2,15,15,690
33043,2,15,15,600
33044,2,15,15,677
33045,2,15,15,687
33046,2,15,15,668
33047,2,15,15,682
33048,2,15,15,684
33049,2,39,39,682
33050,2,15,15,659
33051,2,15,15,661
33052,2,15,15,687
33053,2,15,15,687
33054,2,15,15,622
33055,2,15,15,678
33056,2,15,15,96
33057,2,15,15,247
33058,2,15,15,671
33059,2,15,15,679
33060,2,15,15,671
33061,2,15,15,680
33062,2,15,15,670
33063,2,15,15,686
33064,2,15,15,682
33065,2,15,15,664
33066,2,15,15,648
33067,2,15,15,675
33068,2,15,15,690
33069,2,4,4,604
33070,2,15,15,692
33071,2,15,15,660
33072,2,15,15,655
33073,2,15,15,665
33074,2,4,4,610
33075,2,15,15,681
33076,2,15,15,676
33077,2,15,15,681
33078,2,15,15,526
33079,2,15,15,672
33080,2,15,15,689
33081,2,15,15,15
33082,2,15,15,675
33083,2,15,15,683
33084,2,15,15,293
33085,2,15,15,691
33086,2,4,4,624
33087,2,15,15,569
33088,2,15,15,678
33089,2,15,15,259
33090,2,15,15,681
33091,2,15,15,606
33092,2,4,4,674
33093,2,15,15,660
33094,2,15,15,686
33095,2,15,15,689
33096,2,15,15,661
33097,2,15,15,686
33098,2,15,15,510
33099,2,15,15,643
33100,2,41,41,682
33101,2,15,15,117
33102,2,15,15,685
33103,2,15,15,695
33104,2,15,15,676
33105,2,15,15,105
33106,2,15,15,92
33107,2,15,15,688
33108,2,15,15,685
33109,2,15,4,71
33110,2,15,15,657
33111,2,15,15,668
33112,2,15,15,335
33113,2,15,15,287
33114,2,15,15,679
33115,2,15,15,685
33116,2,15,15,650
33117,2,15,15,695
33118,2,15,15,674
33119,2,15,15,669
33120,2,15,15,691
33121,2,4,4,37
33122,2,4,4,514
33123,2,15,15,683
33124,2,15,15,653
33125,2,15,15,603
33126,2,15,15,691
33127,2,21,3,618
33128,2,15,15,686
33129,2,15,15,683
33130,2,15,15,653
33131,2,15,15,665
33132,2,15,15,648
33133,2,15,15,531
33134,2,15,15,686
33135,2,15,15,393
33136,2,4,4,240
33137,2,15,15,686
33138,2,15,15,695
33139,2,15,15,386
33140,2,15,15,479
33141,2,15,15,681
33142,2,15,15,670
33143,2,15,15,505
33144,2,15,15,686
33145,2,15,15,691
33146,2,15,15,608
33147,2,15,15,674
33148,2,15,15,690
33149,2,21,15,648
33150,2,15,15,680
33151,2,41,41,683
33152,2,15,15,696
33153,2,15,15,267
33154,2,15,15,676
33155,2,15,15,675
33156,2,15,15,632
33157,2,15,15,645
33158,2,15,15,681
33159,2,15,15,416
33160,2,15,15,595
33161,2,15,15,690
33162,2,15,15,687
33163,2,15,15,417
33164,2,15,15,688
33165,2,41,41,684
33166,2,15,15,673
33167,2,15,15,686
33168,2,15,15,616
33169,2,15,15,686
33170,2,15,15,667
33171,2,15,15,176
33172,2,15,15,675
33173,2,15,15,691
33174,2,15,15,622
33175,2,15,15,672
33176,2,15,15,625
33177,2,15,15,685
33178,2,4,15,500
33179,2,15,15,662
33180,2,15,15,682
33181,2,15,15,694
33182,2,15,15,682
33183,2,15,15,688
33184,2,15,15,683
33185,2,15,15,690
33186,2,39,39,658
33187,2,15,15,47
33188,2,15,15,676
33189,2,15,15,672
33190,2,15,15,686
33191,2,15,15,677
33192,2,15,15,344
33193,2,15,15,689
33194,2,15,15,693
33195,2,15,15,556
33196,2,4,4,683
33197,2,41,41,676
33198,2,15,15,685
33199,2,21,15,668
33200,2,15,15,682
33201,2,15,15,667
33202,2,15,15,677
33203,2,15,15,526
33204,2,15,15,348
33205,2,15,15,689
33206,2,15,15,533
33207,2,15,15,41
33208,2,15,15,669
33209,2,15,15,179
33210,2,15,15,684
33211,2,15,15,679
33212,2,15,15,456
33213,2,15,15,687
33214,2,15,15,158
33215,2,15,15,687
33216,2,39,15,672
33217,2,15,15,658
33218,2,15,15,672
33219,2,15,15,682
33220,2,15,15,672
33221,2,4,4,617
33222,2,15,15,152
33223,2,15,15,630
33224,2,15,15,671
33225,2,15,15,664
33226,2,15,15,672
33227,2,15,15,660
33228,2,15,15,672
33229,2,12,12,553
33230,2,15,15,546
33231,2,15,15,173
33232,2,15,15,691
33233,2,15,15,687
33234,2,15,15,687
33235,2,15,15,684
33236,2,15,15,653
33237,2,15,15,691
33238,2,15,15,687
33239,2,15,15,686
33240,2,15,15,410
33241,2,15,15,641
33242,2,15,15,683
33243,2,15,15,583
33244,2,15,15,649
33245,2,15,15,249
33246,2,15,15,623
33247,2,15,15,680
33248,2,15,15,676
33249,2,15,15,690
33250,2,15,15,666
33251,2,15,15,677
33252,2,4,4,396
33253,2,15,15,684
33254,2,4,4,643
33255,2,15,15,679
33256,2,15,15,684
33257,2,21,21,622
33258,2,15,15,677
33259,2,15,15,687
33260,2,15,15,683
33261,2,15,15,686
33262,2,15,15,648
33263,2,15,15,638
33264,2,15,15,663
33265,2,15,15,681
33266,2,15,15,652
33267,2,15,15,683
33268,2,15,15,640
33269,2,15,15,683
33270,2,15,15,694
33271,2,15,15,639
33272,2,15,15,687
33273,2,15,15,684
33274,2,15,15,668
33275,2,15,15,672
33276,2,15,15,674
33277,2,15,15,632
33278,2,15,15,680
33279,2,15,15,611
33280,2,15,15,648
33281,2,15,15,591
33282,2,15,15,513
33283,2,15,15,682
33284,2,15,15,688
33285,2,15,15,608
33286,2,15,15,166
33287,2,15,15,615
33288,2,15,15,654
33289,2,15,15,514
33290,2,15,15,668
33291,2,4,4,663
33292,2,15,15,682
33293,2,15,15,697
33294,2,15,15,579
33295,2,15,15,608
33296,2,15,15,595
33297,2,15,15,583
33298,2,15,15,691
33299,2,15,15,686
33300,2,15,15,677
33301,2,15,15,660
33302,2,15,15,441
33303,2,15,15,679
33304,2,15,15,568
33305,2,15,15,693
33306,2,15,15,671
33307,2,15,15,666
33308,2,15,15,682
33309,2,15,15,107
33310,2,15,15,666
33311,2,15,15,672
33312,2,15,15,686
33313,2,15,15,688
33314,2,15,15,682
33315,2,15,15,696
33316,2,15,15,681
33317,2,15,15,674
33318,2,15,15,114
33319,2,15,15,683
33320,2,15,15,683
33321,2,15,15,613
33322,2,4,4,576
33323,2,15,15,684
33324,2,21,15,680
33325,2,15,15,667
33326,2,3,3,152
33327,2,15,15,672
33328,2,15,15,669
33329,2,15,15,685
33330,2,15,15,687
33331,2,15,15,660
33332,2,15,15,478
33333,2,15,15,691
33334,2,41,41,683
33335,2,15,15,619
33336,2,15,15,40
33337,2,15,15,370
33338,2,15,15,683
33339,2,15,15,646
33340,2,15,15,673
33341,2,15,15,687
33342,2,15,15,684
33343,2,15,15,665
33344,2,15,15,682
33345,2,15,15,659
33346,2,15,15,461
33347,2,15,15,685
33348,2,15,15,681
33349,2,15,15,676
33350,2,15,15,648
33351,2,15,15,685
33352,2,15,15,270
33353,2,15,15,201
33354,2,15,15,414
33355,2,15,4,678
33356,2,15,15,639
33357,2,41,41,683
33358,2,3,3,389
33359,2,15,15,663
33360,2,15,15,684
33361,2,15,15,694
33362,2,15,15,668
33363,2,15,15,684
33364,2,15,15,547
33365,2,15,15,55
33366,2,15,15,313
33367,2,21,15,688
33368,2,15,15,403
33369,2,15,15,670
33370,2,15,15,685
33371,2,15,15,689
33372,2,15,15,629
33373,2,15,15,683
33374,2,15,15,644
33375,2,15,15,353
33376,2,15,15,672
33377,2,15,15,647
33378,2,15,15,687
33379,2,15,15,567
33380,2,15,15,681
33381,2,15,15,606
33382,2,15,15,663
33383,2,15,15,695
33384,2,39,39,680
33385,2,15,15,182
33386,2,15,15,684
33387,2,15,15,686
33388,2,15,15,686
33389,2,15,15,611
33390,2,15,15,675
33391,2,15,15,694
33392,2,15,15,681
33393,2,15,15,671
33394,2,15,15,369
33395,2,15,15,680
33396,2,15,15,670
33397,2,15,15,686
33398,2,4,4,539
33399,2,15,15,644
33400,2,4,4,669
33401,2,15,15,606
33402,2,15,15,680
33403,2,15,15,667
33404,2,15,15,685
33405,2,15,15,683
33406,2,15,15,665
33407,2,15,15,689
33408,2,15,15,639
33409,2,39,39,597
33410,2,15,15,650
33411,2,3,4,91
33412,2,15,15,664
33413,2,15,15,678
33414,2,15,15,684
33415,2,15,15,670
33416,2,15,15,669
33417,2,15,15,676
33418,2,15,15,681
33419,2,15,15,676
33420,2,15,15,684
33421,2,15,15,663
33422,2,15,15,666
33423,2,15,15,497
33424,2,21,4,441
33425,2,15,15,683
33426,2,15,15,630
33427,2,15,15,591
33428,2,15,15,680
33429,2,15,15,679
33430,2,15,15,656
33431,2,15,15,685
33432,2,15,15,39
33433,2,15,15,683
33434,2,15,15,691
33435,2,15,15,605
33436,2,39,39,674
33437,2,15,15,679
33438,2,15,15,675
33439,2,15,15,629
33440,2,15,15,648
33441,2,15,15,680
33442,2,15,15,686
33443,2,15,15,76
33444,2,15,15,665
33445,2,15,15,665
33446,2,15,15,687
33447,2,15,15,685
33448,2,15,15,678
33449,2,15,15,660
33450,2,15,4,515
33451,2,15,15,586
33452,2,15,15,684
33453,2,4,4,631
33454,2,15,15,688
33455,2,15,15,616
33456,2,15,15,641
33457,2,15,15,683
33458,2,15,15,671
33459,2,15,15,672
33460,2,15,15,664
33461,2,39,39,649
33462,2,15,15,674
33463,2,15,15,693
33464,2,15,15,667
33465,2,15,15,682
33466,2,15,15,688
33467,2,15,15,682
33468,2,15,15,664
33469,2,15,15,609
33470,2,15,15,685
33471,2,15,15,618
33472,2,15,15,682
33473,2,15,15,556
33474,2,15,15,680
33475,2,15,15,77
33476,2,15,15,168
33477,2,15,15,431
33478,2,15,15,649
33479,2,15,15,171
33480,2,15,15,617
33481,2,15,15,687
33482,2,41,41,679
33483,2,15,15,84
33484,2,15,15,655
33485,2,15,15,661
33486,2,15,15,686
33487,2,15,15,451
33488,2,15,15,663
33489,2,15,15,688
33490,2,15,15,683
33491,2,4,15,640
33492,2,15,15,669
33493,2,15,15,671
33494,2,15,15,681
33495,2,15,15,688
33496,2,15,15,672
33497,2,15,15,601
33498,2,15,15,672
33499,2,15,15,684
33500,2,15,15,665
33501,2,15,15,688
33502,2,15,15,612
33503,2,15,15,673
33504,2,15,15,626
33505,2,15,15,617
33506,2,15,15,615
33507,2,15,15,683
33508,2,15,15,681
33509,2,15,15,110
33510,2,15,15,443
33511,2,15,15,687
33512,2,15,15,686
33513,2,15,15,684
33514,2,15,15,684
33515,2,15,15,692
33516,2,15,15,670
33517,2,15,15,681
33518,2,15,15,522
33519,2,21,21,625
33520,2,15,15,685
33521,2,15,15,604
33522,2,15,15,131
33523,2,15,15,688
33524,2,15,15,688
33525,2,15,15,591
33526,2,15,15,668
33527,2,15,15,663
33528,2,15,15,674
33529,2,15,15,524
33530,2,15,15,679
33531,2,15,15,611
33532,2,15,15,657
33533,2,3,3,626
33534,2,15,15,616
33535,2,15,15,692
33536,2,15,15,594
33537,2,15,15,549
33538,2,15,15,671
33539,2,15,15,671
33540,2,15,15,564
33541,2,15,15,654
33542,2,15,15,588
33543,2,15,15,686
33544,2,15,15,660
33545,2,15,15,693
33546,2,15,15,691
33547,2,15,15,670
33548,2,15,15,403
33549,2,15,15,677
33550,2,15,15,686
33551,2,15,15,691
33552,2,15,15,321
33553,2,15,15,676
33554,2,15,15,685
33555,2,15,15,675
33556,2,15,15,423
33557,2,15,15,677
33558,2,20,15,679
33559,2,15,15,684
33560,2,15,15,685
33561,2,4,4,637
33562,2,15,15,85
33563,2,15,15,688
33564,2,15,15,581
33565,2,15,15,690
33566,2,15,15,661
33567,2,15,15,678
33568,2,15,15,689
33569,2,15,15,685
33570,2,15,15,687
33571,2,15,15,657
33572,2,15,21,683
33573,2,15,15,645
33574,2,15,15,687
33575,2,15,15,349
33576,2,15,15,209
33577,2,15,15,626
33578,2,39,39,674
33579,2,15,15,661
33580,2,15,15,687
33581,2,15,15,679
33582,2,15,15,645
33583,2,15,15,682
33584,2,15,15,681
33585,2,15,15,463
33586,2,15,15,682
33587,2,15,15,604
33588,2,15,15,675
33589,2,15,4,666
33590,2,15,15,691
33591,2,15,15,682
33592,2,4,4,586
33593,2,15,15,675
33594,2,15,15,273
33595,2,15,15,641
33596,2,15,15,685
33597,2,15,15,688
33598,2,15,15,682
33599,2,15,15,448
33600,2,15,15,627
33601,2,15,15,687
33602,2,15,15,606
33603,2,15,15,672
33604,2,15,15,516
33605,2,15,15,673
33606,2,15,4,684
33607,2,15,15,672
33608,2,15,15,215
33609,2,15,15,669
33610,2,15,15,145
33611,2,15,15,650
33612,2,15,15,284
33613,2,15,15,689
33614,2,15,15,405
33615,2,15,15,677
33616,2,15,15,186
33617,2,15,15,692
33618,2,15,15,689
33619,2,15,15,393
33620,2,15,15,687
33621,2,4,4,630
33622,2,15,15,665
33623,2,15,15,682
33624,2,15,15,189
33625,2,15,15,655
33626,2,15,15,543
33627,2,15,15,675
33628,2,15,15,694
33629,2,15,15,675
33630,2,21,15,675
33631,2,15,15,688
33632,2,4,4,544
33633,2,15,15,684
33634,2,15,15,668
33635,2,15,15,690
33636,2,15,15,674
33637,2,15,15,651
33638,2,15,15,404
33639,2,15,15,644
33640,2,15,15,684
33641,2,15,15,506
33642,2,21,15,15
33643,2,15,15,688
33644,2,15,15,692
33645,2,15,15,680
33646,2,15,15,671
33647,2,15,15,125
33648,2,15,15,657
33649,2,15,15,696
33650,2,4,4,643
33651,2,15,15,677
33652,2,15,15,630
33653,2,15,15,456
33654,2,15,15,647
33655,2,15,15,684
33656,2,15,15,627
33657,2,15,15,444
33658,2,15,15,513
33659,2,15,15,680
33660,2,15,15,632
33661,2,15,15,658
33662,2,15,15,677
33663,2,15,15,683
33664,2,15,15,469
33665,2,15,15,676
33666,2,15,15,592
33667,2,15,15,377
33668,2,15,15,675
33669,2,15,15,687
33670,2,15,15,644
33671,2,15,15,638
33672,2,15,15,634
33673,2,15,15,677
33674,2,15,15,687
33675,2,4,4,671
33676,2,15,15,675
33677,2,15,15,552
33678,2,15,15,679
33679,2,15,15,684
33680,2,41,41,593
33681,2,15,15,669
33682,2,15,15,666
33683,2,15,15,670
33684,2,15,15,666
33685,2,15,15,681
33686,2,15,15,379
33687,2,15,15,677
33688,2,15,15,672
33689,2,15,15,678
33690,2,15,15,499
33691,2,15,15,683
33692,2,15,15,663
33693,2,15,15,647
33694,2,15,15,695
33695,2,15,15,629
33696,2,15,15,681
33697,2,15,15,689
33698,2,15,15,686
33699,2,15,15,669
33700,2,15,15,672
33701,2,15,15,42
33702,2,15,15,678
33703,2,15,15,694
33704,2,15,15,544
33705,2,15,15,668
33706,2,15,15,101
33707,2,15,15,680
33708,2,15,15,696
33709,2,15,15,671
33710,2,15,15,672
33711,2,15,15,646
33712,2,15,15,616
33713,2,15,15,663
33714,2,15,15,668
33715,2,15,15,694
33716,2,15,15,686
33717,2,15,15,616
33718,2,15,15,615
33719,2,15,15,684
33720,2,15,15,676
33721,2,15,15,692
33722,2,4,4,175
33723,2,15,15,657
33724,2,15,15,683
33725,2,15,15,686
33726,2,15,15,631
33727,2,41,41,671
33728,2,9,9,556
33729,2,15,15,452
33730,2,15,15,689
33731,2,21,15,577
33732,2,15,3,261
33733,2,15,15,628
33734,2,15,15,567
33735,2,15,15,674
33736,2,15,15,679
33737,2,15,15,679
33738,2,4,4,644
33739,2,24,24,290
33740,2,15,15,682
33741,2,15,15,677
33742,2,15,15,88
33743,2,15,15,665
33744,2,15,15,688
33745,2,15,15,682
33746,2,15,15,652
33747,2,15,15,599
33748,2,15,15,236
33749,2,15,15,682
33750,2,15,15,681
33751,2,15,15,690
33752,2,15,15,416
33753,2,15,15,684
33754,2,15,15,689
33755,2,15,15,672
33756,2,15,15,691
33757,2,15,15,642
33758,2,15,15,687
33759,2,15,15,611
33760,2,15,15,664
33761,2,21,15,657
33762,2,15,15,665
33763,2,15,15,684
33764,2,15,15,688
33765,2,15,15,667
33766,2,15,15,665
33767,2,15,15,673
33768,2,15,15,689
33769,2,15,15,673
33770,2,15,15,677
33771,2,15,15,666
33772,2,15,15,690
33773,2,15,15,260
33774,2,15,15,652
33775,2,15,15,628
33776,2,15,15,686
33777,2,15,15,545
33778,2,15,15,639
33779,2,15,15,667
33780,2,15,15,661
33781,2,15,15,665
33782,2,15,15,676
33783,2,15,15,693
33784,2,15,15,688
33785,2,15,15,665
33786,2,15,15,646
33787,2,15,15,396
33788,2,15,15,134
33789,2,15,15,580
33790,2,15,15,686
33791,2,15,15,678
33792,2,15,15,685
33793,2,15,15,529
33794,2,39,41,689
33795,2,4,15,497
33796,2,15,15,682
33797,2,15,15,623
33798,2,15,15,686
33799,2,15,15,676
33800,2,15,15,333
33801,2,15,15,624
33802,2,15,15,680
33803,2,15,15,299
33804,2,4,4,541
33805,2,4,4,653
33806,2,15,15,681
33807,2,15,15,684
33808,2,15,15,394
33809,2,12,12,446
33810,2,15,15,688
33811,2,15,15,680
33812,2,15,15,411
33813,2,15,15,651
33814,2,15,15,677
33815,2,15,15,689
33816,2,15,15,691
33817,2,15,15,687
33818,2,15,15,670
33819,2,15,15,567
33820,2,15,15,392
33821,2,15,15,682
33822,2,15,15,689
33823,2,15,15,674
33824,2,15,15,687
33825,2,15,15,592
33826,2,15,15,548
33827,2,15,15,686
33828,2,15,15,664
33829,2,15,15,677
33830,2,15,15,673
33831,2,15,15,681
33832,2,15,15,656
33833,2,15,15,679
33834,2,15,15,677
33835,2,15,15,686
33836,2,4,4,554
33837,2,15,15,690
33838,2,15,15,666
33839,2,39,15,688
33840,2,15,15,683
33841,2,15,15,685
33842,2,15,15,693
33843,2,15,15,673
33844,2,15,15,652
33845,2,15,15,635
33846,2,15,15,652
33847,2,15,15,450
33848,2,15,15,613
33849,2,15,15,674
33850,2,15,15,505
33851,2,15,15,676
33852,2,15,15,74
33853,2,15,15,623
33854,2,15,15,684
33855,2,15,15,135
33856,2,15,15,681
33857,2,39,15,674
33858,2,15,15,539
33859,2,4,4,55
33860,2,15,15,661
33861,2,15,15,684
33862,2,15,15,680
33863,2,15,15,662
33864,2,15,15,673
33865,2,15,15,668
33866,2,15,15,607
33867,2,15,15,669
33868,2,15,15,675
33869,2,15,15,678
33870,2,15,15,652
33871,2,15,15,684
33872,2,15,15,679
33873,2,15,15,615
33874,2,39,41,675
33875,2,15,15,678
33876,2,15,15,687
33877,2,15,15,369
33878,2,15,15,688
33879,2,15,15,681
33880,2,15,15,680
33881,2,4,4,522
33882,2,15,15,545
33883,2,15,15,658
33884,2,4,4,662
33885,2,15,15,684
33886,2,15,15,504
33887,2,15,15,658
33888,2,15,15,226
33889,2,24,24,626
33890,2,15,15,660
33891,2,15,15,680
33892,2,3,3,511
33893,2,15,15,674
33894,2,41,41,649
33895,2,15,15,354
33896,2,15,15,683
33897,2,15,15,682
33898,2,15,15,600
33899,2,4,4,599
33900,2,4,4,664
33901,2,15,15,687
33902,2,15,15,485
33903,2,15,15,614
33904,2,15,15,630
33905,2,15,15,677
33906,2,15,15,689
33907,2,4,4,225
33908,2,15,15,610
33909,2,39,39,605
33910,2,15,15,482
33911,2,15,15,682
33912,2,15,15,638
33913,2,15,15,687
33914,2,15,15,239
33915,2,15,15,685
33916,2,15,15,679
33917,2,15,15,616
33918,2,15,15,685
33919,2,15,15,681
33920,2,15,15,44
33921,2,15,15,684
33922,2,15,15,682
33923,2,15,15,685
33924,2,15,15,676
33925,2,15,15,681
33926,2,15,15,687
33927,2,39,41,685
33928,2,15,15,687
33929,2,15,15,692
33930,2,15,15,658
33931,2,15,15,604
33932,2,15,15,671
33933,2,15,15,676
33934,2,15,15,676
33935,2,15,15,691
33936,2,15,15,657
33937,2,15,15,149
33938,2,15,15,505
33939,2,15,15,692
33940,2,15,15,682
33941,2,15,15,626
33942,2,15,15,673
33943,2,15,15,686
33944,2,15,15,667
33945,2,15,15,691
33946,2,15,15,684
33947,2,15,15,669
33948,2,15,15,686
33949,2,15,15,657
33950,2,15,15,678
33951,2,15,15,653
33952,2,15,15,666
33953,2,15,15,677
33954,2,15,15,559
33955,2,15,15,692
33956,2,15,15,512
33957,2,21,21,357
33958,2,15,15,677
33959,2,15,15,652
33960,2,15,15,675
33961,2,15,15,634
33962,2,15,15,581
33963,2,15,15,681
33964,2,15,15,667
33965,2,15,15,637
33966,2,4,4,636
33967,2,15,15,678
33968,2,15,15,635
33969,2,15,15,652
33970,2,4,4,578
33971,2,15,15,680
33972,2,21,15,679
33973,2,41,41,689
33974,2,15,15,644
33975,2,15,15,694
33976,2,15,15,682
33977,2,15,15,688
33978,2,4,4,680
33979,2,15,15,686
33980,2,15,15,688
33981,2,21,21,673
33982,2,15,15,642
33983,2,15,15,500
33984,2,21,15,686
33985,2,15,15,675
33986,2,15,15,674
33987,2,15,15,651
33988,2,15,15,682
33989,2,12,12,682
33990,2,15,15,676
33991,2,15,15,663
33992,2,15,15,684
33993,2,15,15,101
33994,2,15,15,669
33995,2,15,15,623
33996,2,15,15,670
33997,2,15,15,645
33998,2,15,15,679
33999,2,15,15,663
34000,2,15,15,670
34001,2,15,15,688
34002,2,15,15,680
34003,2,15,15,559
34004,2,15,15,682
34005,2,15,15,683
34006,2,4,4,571
34007,2,15,4,688
34008,2,15,15,682
34009,2,15,15,687
34010,2,15,15,686
34011,2,15,15,666
34012,2,15,15,674
34013,2,39,15,678
34014,2,15,15,691
34015,2,15,15,688
34016,2,15,15,687
34017,2,15,15,617
34018,2,15,15,680
34019,2,15,15,664
34020,2,15,15,671
34021,2,15,15,689
34022,2,15,15,690
34023,2,4,4,594
34024,2,4,4,625
34025,2,15,15,685
34026,2,15,15,686
34027,2,15,15,684
34028,2,11,11,139
34029,2,15,15,680
34030,2,15,15,656
34031,2,15,15,616
34032,2,15,15,132
34033,2,15,15,422
34034,2,15,15,686
34035,2,21,21,661
34036,2,15,15,689
34037,2,15,15,684
34038,2,15,9,332
34039,2,15,15,685
34040,2,15,15,633
34041,2,15,15,679
34042,2,15,15,453
34043,2,15,15,289
34044,2,15,15,680
34045,2,15,15,693
34046,2,15,15,676
34047,2,15,15,673
34048,2,3,3,654
34049,2,15,15,690
34050,2,4,4,618
34051,2,15,15,687
34052,2,15,15,677
34053,2,15,15,462
34054,2,15,15,655
34055,2,15,15,690
34056,2,15,15,684
34057,2,15,15,677
34058,2,15,15,688
34059,2,15,15,639
34060,2,15,4,27
34061,2,15,15,662
34062,2,15,15,563
34063,2,15,15,679
34064,2,15,15,685
34065,2,3,3,614
34066,2,15,15,328
34067,2,15,15,641
34068,2,15,15,61
34069,2,15,15,590
34070,2,15,15,677
34071,2,15,15,606
34072,2,15,15,631
34073,2,15,15,373
34074,2,15,15,686
34075,2,4,15,449
34076,2,15,15,678
34077,2,15,15,673
34078,2,15,15,585
34079,2,15,15,640
34080,2,15,15,685
34081,2,15,15,670
34082,2,15,15,686
34083,2,15,15,672
34084,2,15,15,684
34085,2,15,15,667
34086,2,15,15,661
34087,2,4,4,629
34088,2,15,15,625
34089,2,15,15,689
34090,2,15,15,676
34091,2,15,15,685
34092,2,15,15,681
34093,2,15,15,670
34094,2,15,15,132
34095,2,15,15,685
34096,2,15,15,684
34097,2,15,15,681
34098,2,15,15,633
34099,2,15,15,678
34100,2,15,15,615
34101,2,3,3,517
34102,2,15,15,80
34103,2,15,15,658
34104,2,15,15,694
34105,2,15,15,686
34106,2,15,15,599
34107,2,15,15,695
34108,2,15,15,663
34109,2,15,15,86
34110,2,15,15,687
34111,2,15,15,694
34112,2,15,15,618
34113,2,15,15,665
34114,2,15,15,693
34115,2,15,15,652
34116,2,15,15,666
34117,2,15,15,688
34118,2,15,15,693
34119,2,15,15,669
34120,2,15,15,692
34121,2,15,15,677
34122,2,15,4,660
34123,2,15,15,682
34124,2,15,15,685
34125,2,15,15,694
34126,2,15,15,660
34127,2,15,15,685
34128,2,15,15,687
34129,2,15,15,664
34130,2,15,15,665
34131,2,15,15,614
34132,2,15,15,660
34133,2,15,15,647
34134,2,15,15,650
34135,2,15,15,689
34136,2,15,15,680
34137,2,15,15,662
34138,2,4,4,498
34139,2,4,4,611
34140,2,15,15,690
34141,2,15,15,654
34142,2,15,15,400
34143,2,15,15,664
34144,2,15,15,683
34145,2,15,15,681
34146,2,15,15,663
34147,2,15,15,674
34148,2,15,15,679
34149,2,15,15,655
34150,2,15,15,91
34151,2,15,15,652
34152,2,15,15,693
34153,2,15,15,688
34154,2,15,15,682
34155,2,15,15,649
34156,2,15,15,692
34157,2,15,15,681
34158,2,15,15,680
34159,2,15,15,679
34160,2,21,4,508
34161,2,15,15,661
34162,2,15,15,691
34163,2,15,15,654
34164,2,15,15,682
34165,2,15,15,674
34166,2,4,4,455
34167,2,15,15,680
34168,2,4,4,674
34169,2,15,15,686
34170,2,15,15,685
34171,2,15,15,686
34172,2,15,15,581
34173,2,15,15,651
34174,2,15,15,680
34175,2,15,15,544
34176,2,15,15,679
34177,2,4,4,664
34178,2,3,3,657
34179,2,3,3,91
34180,2,21,15,651
34181,2,15,15,682
34182,2,15,15,679
34183,2,15,15,667
34184,2,15,15,682
34185,2,21,15,176
34186,2,15,15,685
34187,2,15,15,691
34188,2,15,15,250
34189,2,4,4,152
34190,2,15,15,676
34191,2,15,15,689
34192,2,15,15,237
34193,2,11,11,48
34194,2,15,15,582
34195,2,15,15,652
34196,2,15,15,517
34197,2,15,15,638
34198,2,15,15,671
34199,2,15,15,692
34200,2,15,15,688
34201,2,15,15,692
34202,2,15,15,689
34203,2,15,15,680
34204,2,15,15,686
34205,2,15,15,672
34206,2,15,15,539
34207,2,15,15,645
34208,2,15,15,671
34209,2,15,15,684
34210,2,15,15,671
34211,2,15,15,680
34212,2,15,15,688
34213,2,15,15,688
34214,2,15,15,566
34215,2,15,15,656
34216,2,15,15,255
34217,2,15,15,648
34218,2,15,15,200
34219,2,3,3,457
34220,2,15,15,329
34221,2,15,15,659
34222,2,15,15,592
34223,2,15,15,686
34224,2,15,15,473
34225,2,15,15,665
34226,2,15,15,605
34227,2,15,15,693
34228,2,15,15,683
34229,2,15,15,681
34230,2,15,15,500
34231,2,15,15,144
34232,2,15,15,676
34233,2,15,15,689
34234,2,15,15,684
34235,2,15,15,649
34236,2,15,15,669
34237,2,15,15,236
34238,2,15,15,676
34239,2,15,15,658
34240,2,15,15,568
34241,2,15,15,686
34242,2,15,15,647
34243,2,15,15,668
34244,2,15,15,674
34245,2,15,15,662
34246,2,15,15,619
34247,2,15,15,687
34248,2,15,15,686
34249,2,15,15,686
34250,2,15,15,611
34251,2,15,15,688
34252,2,15,15,666
34253,2,15,15,288
34254,2,15,15,679
34255,2,15,15,675
34256,2,15,15,644
34257,2,15,15,686
34258,2,4,4,593
34259,2,15,15,633
34260,2,15,15,675
34261,2,4,4,646
34262,2,15,15,692
34263,2,15,15,623
34264,2,15,15,684
34265,2,15,15,480
34266,2,15,15,667
34267,2,15,15,332
34268,2,15,15,693
34269,2,15,15,689
34270,2,15,15,270
34271,2,12,12,656
34272,2,15,15,654
34273,2,15,15,554
34274,2,15,15,653
34275,2,15,15,691
34276,2,15,15,690
34277,2,15,15,687
34278,2,15,15,389
34279,2,15,15,663
34280,2,15,15,562
34281,2,15,15,649
34282,2,15,15,673
34283,2,15,15,685
34284,2,15,15,682
34285,2,15,15,663
34286,2,15,15,515
34287,2,4,4,613
34288,2,15,15,382
34289,2,15,15,671
34290,2,15,15,553
34291,2,15,15,447
34292,2,15,15,663
34293,2,15,15,30
34294,2,39,39,685
34295,2,15,15,685
34296,2,15,15,569
34297,2,15,15,648
34298,2,15,15,631
34299,2,15,15,663
34300,2,15,15,620
34301,2,15,15,688
34302,2,15,15,668
34303,2,15,15,664
34304,2,15,15,666
34305,2,15,15,686
34306,2,15,15,686
34307,2,15,15,650
34308,2,15,15,692
34309,2,15,15,489
34310,2,15,15,693
34311,2,15,15,689
34312,2,15,15,688
34313,2,15,15,683
34314,2,15,15,654
34315,2,15,15,687
34316,2,15,15,446
34317,2,15,15,642
34318,2,15,15,173
34319,2,15,15,511
34320,2,15,15,637
34321,2,15,15,675
34322,2,15,15,665
34323,2,15,15,583
34324,2,15,15,667
34325,2,15,15,664
34326,2,15,15,683
34327,2,15,15,119
34328,2,15,15,683
34329,2,15,15,631
34330,2,15,15,675
34331,2,15,15,653
34332,2,15,15,43
34333,2,15,15,669
34334,2,15,15,680
34335,2,15,15,681
34336,2,15,15,269
34337,2,15,15,653
34338,2,15,15,663
34339,2,4,4,601
34340,2,15,15,645
34341,2,24,24,560
34342,2,3,3,608
34343,2,4,4,614
34344,2,15,15,691
34345,2,15,15,674
34346,2,15,15,490
34347,2,15,15,684
34348,2,15,15,686
34349,2,15,15,696
34350,2,15,15,689
34351,2,15,15,685
34352,2,39,39,673
34353,2,3,3,85
34354,2,15,15,630
34355,2,15,15,640
34356,2,15,15,593
34357,2,15,15,680
34358,2,4,4,517
34359,2,15,15,663
34360,2,15,15,654
34361,2,15,15,682
34362,2,4,4,634
34363,2,15,15,666
34364,2,15,15,682
34365,2,15,15,573
34366,2,15,15,611
34367,2,15,15,683
34368,2,15,15,681
34369,2,15,15,676
34370,2,15,15,664
34371,2,39,41,658
34372,2,15,15,680
34373,2,15,15,653
34374,2,4,4,403
34375,2,15,15,677
34376,2,15,15,686
34377,2,15,15,611
34378,2,15,15,663
34379,2,15,15,574
34380,2,15,15,673
34381,2,39,39,610
34382,2,15,15,647
34383,2,15,15,622
34384,2,15,15,689
34385,2,15,15,626
34386,2,15,15,138
34387,2,41,41,507
34388,2,15,15,685
34389,2,15,15,513
34390,2,15,15,669
34391,2,15,15,687
34392,2,15,15,646
34393,2,15,15,694
34394,2,15,15,444
34395,2,15,15,655
34396,2,9,9,193
34397,2,15,15,610
34398,2,15,15,614
34399,2,15,15,656
34400,2,15,15,547
34401,2,15,15,689
34402,2,15,15,691
34403,2,15,15,690
34404,2,15,15,678
34405,2,15,15,674
34406,2,15,15,676
34407,2,15,15,678
34408,2,15,15,600
34409,2,15,15,693
34410,2,15,15,676
34411,2,15,15,679
34412,2,15,15,628
34413,2,15,15,689
34414,2,15,15,661
34415,2,15,15,682
34416,2,15,15,688
34417,2,15,15,655
34418,2,15,15,683
34419,2,15,15,680
34420,2,15,15,678
34421,2,15,15,595
34422,2,15,15,672
34423,2,15,15,693
34424,2,15,15,601
34425,2,15,15,590
34426,2,15,15,687
34427,2,15,15,694
34428,2,3,3,676
34429,2,15,15,670
34430,2,15,15,679
34431,2,15,15,694
34432,2,15,15,660
34433,2,15,15,692
34434,2,15,15,684
34435,2,15,15,562
34436,2,15,15,685
34437,2,15,15,691
34438,2,15,15,661
34439,2,15,15,688
34440,2,4,4,473
34441,2,15,15,690
34442,2,15,15,685
34443,2,15,15,649
34444,2,15,15,613
34445,2,15,15,617
34446,2,15,15,683
34447,2,15,15,262
34448,2,3,3,642
34449,2,15,15,309
34450,2,15,15,663
34451,2,15,15,674
34452,2,15,15,677
34453,2,15,15,677
34454,2,3,3,431
34455,2,15,15,686
34456,2,15,15,619
34457,2,15,15,588
34458,2,15,15,682
34459,2,15,15,683
34460,2,15,15,683
34461,2,15,15,626
34462,2,15,15,102
34463,2,3,4,648
34464,2,4,4,595
34465,2,15,15,674
34466,2,15,15,684
34467,2,15,15,658
34468,2,4,4,660
34469,2,15,15,679
34470,2,15,15,681
34471,2,15,15,655
34472,2,15,15,638
34473,2,15,15,687
34474,2,15,15,368
34475,2,15,15,659
34476,2,15,15,627
34477,2,15,15,671
34478,2,15,15,636
34479,2,15,15,623
34480,2,15,15,684
34481,2,15,15,681
34482,2,15,15,628
34483,2,15,15,186
34484,2,15,15,627
34485,2,15,15,680
34486,2,15,15,688
34487,2,15,15,658
34488,2,15,15,674
34489,2,3,3,684
34490,2,15,15,575
34491,2,15,15,645
34492,2,15,4,682
34493,2,15,15,673
34494,2,15,15,679
34495,2,15,15,679
34496,2,15,4,324
34497,2,15,15,672
34498,2,15,15,53
34499,2,15,15,685
34500,2,15,15,694
34501,2,15,15,651
34502,2,15,15,666
34503,2,15,15,667
34504,2,15,15,677
34505,2,15,15,669
34506,2,15,15,629
34507,2,15,15,652
34508,2,15,15,674
34509,2,15,15,675
34510,2,15,15,678
34511,2,15,15,656
34512,2,15,15,687
34513,2,15,15,222
34514,2,15,15,662
34515,2,15,15,687
34516,2,15,15,694
34517,2,15,15,694
34518,2,15,15,685
34519,2,15,15,675
34520,2,4,4,593
34521,2,15,15,662
34522,2,15,15,549
34523,2,15,15,658
34524,2,15,15,650
34525,2,15,15,676
34526,2,15,15,679
34527,2,15,15,682
34528,2,15,15,647
34529,2,15,15,682
34530,2,15,15,681
34531,2,15,15,565
34532,2,15,15,664
34533,2,21,15,13
34534,2,15,15,669
34535,2,15,15,682
34536,2,15,15,687
34537,2,15,15,679
34538,2,15,15,686
34539,2,15,15,679
34540,2,15,15,648
34541,2,15,15,692
34542,2,15,15,687
34543,2,15,15,627
34544,2,15,15,38
34545,2,15,15,683
34546,2,21,15,447
34547,2,15,15,656
34548,2,21,15,561
34549,2,15,15,666
34550,2,15,15,667
34551,2,15,15,671
34552,2,15,15,677
34553,2,15,15,685
34554,2,15,15,360
34555,2,15,15,632
34556,2,15,15,635
34557,2,15,15,690
34558,2,15,15,671
34559,2,4,15,666
34560,2,15,15,687
34561,2,15,15,239
34562,2,15,15,690
34563,2,15,15,590
34564,2,15,15,678
34565,2,15,15,644
34566,2,15,15,644
34567,2,15,15,649
34568,2,15,15,684
34569,2,15,15,677
34570,2,15,15,679
34571,2,15,15,640
34572,2,15,15,648
34573,2,15,15,668
34574,2,15,15,567
34575,2,15,15,688
34576,2,15,15,684
34577,2,15,15,671
34578,2,15,15,323
34579,2,15,15,575
34580,2,15,15,568
34581,2,4,4,578
34582,2,15,15,677
34583,2,15,15,686
34584,2,15,15,687
34585,2,15,15,687
34586,2,15,15,565
34587,2,15,15,683
34588,2,15,15,673
34589,2,24,15,577
34590,2,15,15,685
34591,2,15,15,663
34592,2,15,15,672
34593,2,15,15,622
34594,2,15,15,678
34595,2,15,15,566
34596,2,15,15,681
34597,2,15,15,686
34598,2,15,15,544
34599,2,15,15,684
34600,2,15,15,688
34601,2,15,15,186
34602,2,15,15,271
34603,2,15,15,685
34604,2,15,15,506
34605,2,15,15,685
34606,2,15,15,689
34607,2,15,15,196
34608,2,15,15,692
34609,2,21,21,512
34610,2,4,4,649
34611,2,15,15,563
34612,2,15,15,678
34613,2,15,15,684
34614,2,15,15,676
34615,2,15,15,522
34616,2,15,15,684
34617,2,15,15,686
34618,2,15,15,605
34619,2,15,15,671
34620,2,15,15,678
34621,2,15,15,673
34622,2,15,15,643
34623,2,15,15,659
34624,2,15,15,659
34625,2,15,15,331
34626,2,15,15,675
34627,2,3,3,552
34628,2,15,15,567
34629,2,15,15,671
34630,2,15,15,525
34631,2,15,15,594
34632,2,15,15,677
34633,2,15,15,671
34634,2,3,3,156
34635,2,15,15,677
34636,2,15,15,539
34637,2,15,15,671
34638,2,3,3,370
34639,2,15,15,677
34640,2,15,15,365
34641,2,15,15,594
34642,2,15,15,627
34643,2,4,4,365
34644,2,15,15,661
34645,2,15,15,684
34646,2,15,15,659
34647,2,15,15,689
34648,2,15,15,665
34649,2,15,15,680
34650,2,15,15,574
34651,2,15,15,686
34652,2,15,15,677
34653,2,20,20,682
34654,2,15,15,442
34655,2,15,15,484
34656,2,15,15,660
34657,2,15,15,684
34658,2,15,15,658
34659,2,15,15,655
34660,2,15,15,682
34661,2,15,15,100
34662,2,15,15,675
34663,2,4,4,618
34664,2,15,15,679
34665,2,15,15,668
34666,2,15,15,675
34667,2,15,15,683
34668,2,15,15,684
34669,2,15,15,676
34670,2,15,15,538
34671,2,15,15,658
34672,2,15,15,684
34673,2,15,15,632
34674,2,39,39,679
34675,2,15,15,680
34676,2,15,15,539
34677,2,15,15,681
34678,2,15,15,688
34679,2,15,15,205
34680,2,15,15,351
34681,2,15,15,615
34682,2,15,15,683
34683,2,12,12,664
34684,2,4,4,581
34685,2,15,15,297
34686,2,15,15,660
34687,2,15,15,693
34688,2,15,15,684
34689,2,15,15,663
34690,2,15,15,678
34691,2,15,15,656
34692,2,15,15,681
34693,2,15,15,680
34694,2,15,15,549
34695,2,15,15,422
34696,2,15,15,666
34697,2,15,15,271
34698,2,15,15,688
34699,2,3,3,233
34700,2,15,15,667
34701,2,15,4,596
34702,2,15,15,684
34703,2,15,15,34
34704,2,15,15,678
34705,2,15,15,662
34706,2,15,15,673
34707,2,21,21,683
34708,2,41,41,681
34709,2,15,15,674
34710,2,15,15,677
34711,2,15,15,678
34712,2,15,15,68
34713,2,15,15,687
34714,2,15,15,666
34715,2,15,15,658
34716,2,15,15,690
34717,2,15,15,627
34718,2,15,15,519
34719,2,15,15,620
34720,2,15,15,357
34721,2,15,15,485
34722,2,15,15,675
34723,2,15,15,695
34724,2,15,15,401
34725,2,15,15,688
34726,2,15,15,616
34727,2,15,15,550
34728,2,15,15,667
34729,2,15,15,595
34730,2,15,15,665
34731,2,15,15,679
34732,2,15,15,679
34733,2,15,15,641
34734,2,15,15,615
34735,2,15,15,690
34736,2,15,15,688
34737,2,15,15,652
34738,2,15,15,551
34739,2,15,15,688
34740,2,21,15,685
34741,2,15,15,90
34742,2,15,15,132
34743,2,15,4,674
34744,2,15,15,672
34745,2,15,15,161
34746,2,15,15,694
34747,2,15,15,677
34748,2,4,4,407
34749,2,15,15,692
34750,2,15,15,687
34751,2,3,3,23
34752,2,15,15,668
34753,2,15,15,685
34754,2,15,15,683
34755,2,15,15,551
34756,2,15,15,459
34757,2,15,15,510
34758,2,15,15,687
34759,2,21,15,324
34760,2,15,15,608
34761,2,15,15,684
34762,2,15,15,684
34763,2,9,9,670
34764,2,15,15,684
34765,2,15,15,674
34766,2,15,15,690
34767,2,15,15,642
34768,2,15,15,663
34769,2,15,15,660
34770,2,15,15,664
34771,2,15,15,664
34772,2,15,15,669
34773,2,15,15,677
34774,2,15,15,687
34775,2,4,4,676
34776,2,15,15,662
34777,2,15,15,652
34778,2,15,15,680
34779,2,15,15,653
34780,2,15,15,662
34781,2,15,15,581
34782,2,15,15,681
34783,2,15,15,440
34784,2,15,15,498
34785,2,39,15,75
34786,2,15,15,375
34787,2,15,15,670
34788,2,15,15,589
34789,2,15,15,687
34790,2,15,15,689
34791,2,15,15,675
34792,2,15,15,489
34793,2,15,15,683
34794,2,15,15,615
34795,2,15,15,659
34796,2,15,15,687
34797,2,15,15,669
34798,2,15,15,685
34799,2,15,15,684
34800,2,15,15,680
34801,2,39,39,679
34802,2,9,9,689
34803,2,15,15,682
34804,2,15,15,686
34805,2,15,15,681
34806,2,15,15,675
34807,2,15,15,616
34808,2,9,9,643
34809,2,15,15,672
34810,2,15,15,589
34811,2,15,15,667
34812,2,15,15,644
34813,2,15,15,676
34814,2,15,15,686
34815,2,15,15,674
34816,2,15,15,682
34817,2,15,15,490
34818,2,15,15,688
34819,2,15,15,521
34820,2,15,15,505
34821,2,15,15,656
34822,2,15,15,686
34823,2,15,15,601
34824,2,15,15,591
34825,2,15,4,378
34826,2,15,15,678
34827,2,15,15,684
34828,2,15,15,659
34829,2,15,4,658
34830,2,15,15,504
34831,2,15,15,670
34832,2,15,15,384
34833,2,15,15,674
34834,2,21,15,365
34835,2,15,15,680
34836,2,15,15,671
34837,2,15,15,676
34838,2,4,4,217
34839,2,15,15,689
34840,2,15,15,681
34841,2,15,15,648
34842,2,15,15,686
34843,2,15,15,686
34844,2,15,15,686
34845,2,15,15,648
34846,2,15,15,659
34847,2,15,15,687
34848,2,15,15,688
34849,2,15,3,480
34850,2,15,15,668
34851,2,15,15,673
34852,2,15,15,686
34853,2,15,15,678
34854,2,15,15,688
34855,2,15,15,446
34856,2,15,15,563
34857,2,15,15,684
34858,2,15,15,547
34859,2,15,15,679
34860,2,15,15,681
34861,2,15,15,684
34862,2,15,15,679
34863,2,15,15,684
34864,2,4,4,626
34865,2,15,15,674
34866,2,15,15,649
34867,2,4,15,605
34868,2,15,15,693
34869,2,15,15,656
34870,2,15,15,696
34871,2,15,15,586
34872,2,15,15,690
34873,2,4,15,672
34874,2,15,15,687
34875,2,15,15,674
34876,2,15,15,685
34877,2,15,15,677
34878,2,15,15,486
34879,2,15,15,670
34880,2,15,15,133
34881,2,15,15,682
34882,2,15,15,673
34883,2,15,15,688
34884,2,15,15,673
34885,2,41,41,644
34886,2,15,15,179
34887,2,15,15,675
34888,2,15,15,659
34889,2,15,15,667
34890,2,15,15,677
34891,2,15,15,633
34892,2,15,15,651
34893,2,15,15,686
34894,2,15,15,685
34895,2,15,15,127
34896,2,15,15,95
34897,2,15,15,690
34898,2,15,15,664
34899,2,15,15,177
34900,2,15,15,632
34901,2,15,15,683
34902,2,3,3,615
34903,2,15,15,680
34904,2,15,15,646
34905,2,15,15,676
34906,2,15,15,672
34907,2,15,15,678
34908,2,15,15,689
34909,2,15,15,668
34910,2,4,4,535
34911,2,21,15,658
34912,2,15,15,677
34913,2,15,15,654
34914,2,15,15,650
34915,2,15,15,684
34916,2,15,15,644
34917,2,15,15,109
34918,2,4,4,434
34919,2,15,15,450
34920,2,15,15,688
34921,2,21,15,587
34922,2,4,4,663
34923,2,4,4,16
34924,2,15,15,684
34925,2,15,15,682
34926,2,15,15,671
34927,2,15,15,79
34928,2,15,15,675
34929,2,15,15,663
34930,2,15,15,682
34931,2,15,15,170
34932,2,15,15,689
34933,2,15,15,572
34934,2,15,15,662
34935,2,15,15,695
34936,2,4,4,383
34937,2,15,15,683
34938,2,15,15,690
34939,2,15,15,111
34940,2,15,15,158
34941,2,15,15,654
34942,2,15,15,675
34943,2,15,15,669
34944,2,15,15,684
34945,2,4,4,564
34946,2,15,15,671
34947,2,15,15,689
34948,2,15,15,688
34949,2,15,15,657
34950,2,15,15,675
34951,2,4,15,682
34952,2,15,15,657
34953,2,15,15,671
34954,2,15,15,663
34955,2,15,15,539
34956,2,15,15,684
34957,2,15,15,655
34958,2,15,15,678
34959,2,15,15,639
34960,2,15,15,684
34961,2,15,15,663
34962,2,15,15,698
34963,2,15,15,538
34964,2,15,15,677
34965,2,15,15,694
34966,2,15,15,563
34967,2,4,4,635
34968,2,15,15,615
34969,2,15,15,679
34970,2,15,15,684
34971,2,15,15,693
34972,2,15,15,684
34973,2,15,15,676
34974,2,4,4,607
34975,2,15,15,665
34976,2,15,15,684
34977,2,15,15,664
34978,2,15,15,667
34979,2,15,15,678
34980,2,15,15,622
34981,2,15,15,680
34982,2,15,15,321
34983,2,15,15,686
34984,2,15,4,586
34985,2,15,15,665
34986,2,15,15,428
34987,2,15,15,503
34988,2,15,15,681
34989,2,15,15,671
34990,2,15,15,211
34991,2,15,15,607
34992,2,15,15,687
34993,2,15,15,534
34994,2,15,15,682
34995,2,15,15,219
34996,2,15,15,629
34997,2,15,15,677
34998,2,15,15,671
34999,2,15,15,657
35000,2,15,15,537
35001,2,15,15,472
35002,2,15,15,685
35003,2,15,15,644
35004,2,15,15,674
35005,2,15,15,696
35006,2,15,15,678
35007,2,15,15,678
35008,2,15,15,655
35009,2,15,15,116
35010,2,15,15,693
35011,2,15,15,675
35012,2,15,15,684
35013,2,15,15,651
35014,2,15,15,585
35015,2,15,15,686
35016,2,15,15,624
35017,2,21,4,577
35018,2,15,15,687
35019,2,21,15,602
35020,2,15,15,683
35021,2,15,15,594
35022,2,15,15,688
35023,2,4,4,649
35024,2,15,15,687
35025,2,15,15,679
35026,2,15,15,590
35027,2,15,15,675
35028,2,15,15,690
35029,2,15,15,685
35030,2,15,15,683
35031,2,15,15,631
35032,2,15,15,677
35033,2,15,15,661
35034,2,15,15,664
35035,2,15,15,689
35036,2,39,41,669
35037,2,15,15,108
35038,2,15,15,694
35039,2,15,15,684
35040,2,15,15,679
35041,2,15,15,671
35042,2,15,15,684
35043,2,15,15,685
35044,2,15,15,671
35045,2,15,15,688
35046,2,15,15,687
35047,2,15,15,682
35048,2,15,15,675
35049,2,15,15,676
35050,2,15,15,578
35051,2,15,15,667
35052,2,15,15,580
35053,2,15,15,661
35054,2,15,15,695
35055,2,15,15,684
35056,2,4,4,602
35057,2,15,15,686
35058,2,15,15,588
35059,2,15,15,673
35060,2,15,15,686
35061,2,15,15,658
35062,2,15,15,681
35063,2,39,39,626
35064,2,15,15,684
35065,2,15,15,667
35066,2,15,15,694
35067,2,39,15,677
35068,2,15,15,457
35069,2,3,3,690
35070,2,15,15,672
35071,2,4,4,658
35072,2,15,15,647
35073,2,4,4,540
35074,2,15,15,681
35075,2,15,15,601
35076,2,15,15,626
35077,2,15,15,653
35078,2,4,4,640
35079,2,15,15,684
35080,2,39,39,682
35081,2,15,15,692
35082,2,15,15,654
35083,2,15,15,670
35084,2,15,15,685
35085,2,15,15,685
35086,2,15,15,668
35087,2,15,15,573
35088,2,15,15,670
35089,2,15,15,685
35090,2,15,15,652
35091,2,15,15,666
35092,2,15,15,368
35093,2,3,3,570
35094,2,15,15,689
35095,2,21,15,623
35096,2,15,4,602
35097,2,15,15,641
35098,2,15,15,687
35099,2,15,15,685
35100,2,4,4,545
35101,2,15,15,680
35102,2,15,15,567
35103,2,15,15,673
35104,2,15,15,666
35105,2,15,15,669
35106,2,4,4,670
35107,2,15,15,686
35108,2,15,15,525
35109,2,39,39,681
35110,2,15,15,681
35111,2,15,15,98
35112,2,15,15,689
35113,2,15,15,689
35114,2,15,15,670
35115,2,4,15,656
35116,2,21,3,560
35117,2,15,15,653
35118,2,15,15,568
35119,2,15,15,328
35120,2,15,15,595
35121,2,15,3,522
35122,2,15,15,688
35123,2,15,15,674
35124,2,15,15,683
35125,2,15,15,676
35126,2,15,15,679
35127,2,15,15,355
35128,2,15,15,689
35129,2,15,15,88
35130,2,15,15,666
35131,2,15,15,660
35132,2,15,15,682
35133,2,15,15,684
35134,2,15,15,355
35135,2,15,15,573
35136,2,12,12,432
35137,2,4,4,662
35138,2,15,15,687
35139,2,15,15,201
35140,2,15,15,686
35141,2,3,3,666
35142,2,15,15,449
35143,2,15,15,492
35144,2,15,15,665
35145,2,15,15,262
35146,2,15,15,659
35147,2,15,15,683
35148,2,15,15,686
35149,2,15,15,649
35150,2,15,15,410
35151,2,15,15,686
35152,2,15,15,692
35153,2,15,15,629
35154,2,15,15,551
35155,2,15,15,684
35156,2,15,15,69
35157,2,15,15,447
35158,2,15,15,677
35159,2,15,15,639
35160,2,15,15,424
35161,2,15,15,644
35162,2,15,15,174
35163,2,15,15,585
35164,2,15,15,669
35165,2,15,15,366
35166,2,15,15,665
35167,2,15,15,227
35168,2,15,15,682
35169,2,15,15,681
35170,2,15,15,430
35171,2,15,15,660
35172,2,15,15,676
35173,2,15,15,619
35174,2,15,15,665
35175,2,15,15,632
35176,2,15,15,478
35177,2,15,15,658
35178,2,15,15,680
35179,2,41,41,690
35180,2,15,15,689
35181,2,15,15,403
35182,2,4,15,676
35183,2,15,15,342
35184,2,15,15,682
35185,2,15,15,457
35186,2,15,15,629
35187,2,15,15,655
35188,2,15,15,653
35189,2,15,15,362
35190,2,15,15,686
35191,2,15,15,614
35192,2,15,15,694
35193,2,15,15,657
35194,2,15,15,648
35195,2,15,15,640
35196,2,15,15,683
35197,2,15,15,609
35198,2,15,15,663
35199,2,15,15,259
35200,2,15,15,546
35201,2,15,15,671
35202,2,15,15,644
35203,2,15,15,685
35204,2,15,15,670
35205,2,15,15,686
35206,2,15,15,513
35207,2,15,15,292
35208,2,15,15,657
35209,2,15,15,621
35210,2,4,4,652
35211,2,15,15,260
35212,2,15,15,687
35213,2,15,15,686
35214,2,15,15,683
35215,2,15,15,685
35216,2,41,41,160
35217,2,15,15,633
35218,2,15,15,27
35219,2,15,15,608
35220,2,15,15,657
35221,2,15,15,689
35222,2,15,15,303
35223,2,15,15,83
35224,2,15,15,689
35225,2,15,15,666
35226,2,15,15,684
35227,2,15,15,653
35228,2,15,15,666
35229,2,15,15,667
35230,2,15,15,682
35231,2,15,15,690
35232,2,15,15,648
35233,2,15,15,671
35234,2,15,15,696
35235,2,15,15,570
35236,2,15,15,663
35237,2,15,15,647
35238,2,15,15,687
35239,2,15,15,687
35240,2,15,15,683
35241,2,15,15,688
35242,2,15,15,543
35243,2,15,15,667
35244,2,15,15,654
35245,2,3,3,89
35246,2,15,15,686
35247,2,15,15,683
35248,2,15,15,697
35249,2,4,4,443
35250,2,15,15,686
35251,2,15,15,624
35252,2,15,15,676
35253,2,15,15,670
35254,2,15,15,696
35255,2,15,15,683
35256,2,15,15,689
35257,2,15,15,687
35258,2,4,4,649
35259,2,15,15,689
35260,2,15,15,689
35261,2,15,15,600
35262,2,15,15,675
35263,2,15,15,678
35264,2,15,15,615
35265,2,15,15,691
35266,2,15,15,672
35267,2,15,15,653
35268,2,15,15,689
35269,2,15,15,590
35270,2,15,15,668
35271,2,15,15,695
35272,2,15,15,682
35273,2,15,15,624
35274,2,15,15,267
35275,2,15,15,691
35276,2,15,15,90
35277,2,15,15,674
35278,2,15,15,679
35279,2,15,15,652
35280,2,15,15,670
35281,2,15,15,674
35282,2,15,15,689
35283,2,15,15,696
35284,2,15,15,689
35285,2,15,15,683
35286,2,15,15,676
35287,2,3,3,76
35288,2,15,15,683
35289,2,15,15,666
35290,2,15,15,686
35291,2,15,15,673
35292,2,15,15,626
35293,2,15,15,669
35294,2,15,15,688
35295,2,15,15,680
35296,2,15,15,594
35297,2,15,15,681
35298,2,15,15,688
35299,2,15,15,674
35300,2,15,15,680
35301,2,15,15,469
35302,2,15,15,672
35303,2,15,15,673
35304,2,21,15,571
35305,2,15,15,575
35306,2,15,15,679
35307,2,15,15,367
35308,2,15,15,685
35309,2,4,4,107
35310,2,15,15,671
35311,2,15,15,681
35312,2,15,15,682
35313,2,15,15,678
35314,2,15,15,680
35315,2,41,41,635
35316,2,39,39,664
35317,2,15,15,679
35318,2,15,15,491
35319,2,15,15,126
35320,2,15,15,181
35321,2,41,21,684
35322,2,15,15,663
35323,2,41,41,682
35324,2,15,15,688
35325,2,15,15,680
35326,2,15,15,222
35327,2,15,15,682
35328,2,15,15,664
35329,2,41,41,685
35330,2,15,15,647
35331,2,15,15,682
35332,2,15,15,686
35333,2,15,15,688
35334,2,4,15,73
35335,2,15,15,610
35336,2,15,15,641
35337,2,15,15,685
35338,2,15,15,680
35339,2,15,15,654
35340,2,15,15,653
35341,2,15,15,680
35342,2,15,15,658
35343,2,15,15,621
35344,2,4,4,275
35345,2,15,15,595
35346,2,3,3,438
35347,2,39,15,675
35348,2,15,15,678
35349,2,12,12,669
35350,2,15,15,678
35351,2,15,15,687
35352,2,15,15,545
35353,2,15,15,686
35354,2,15,15,676
35355,2,15,15,607
35356,2,15,15,685
35357,2,15,15,649
35358,2,15,15,689
35359,2,15,15,658
35360,2,15,15,682
35361,2,15,15,449
35362,2,39,39,690
35363,2,15,15,681
35364,2,15,15,636
35365,2,15,15,676
35366,2,15,15,674
35367,2,15,15,666
35368,2,15,15,673
35369,2,15,15,614
35370,2,15,15,666
35371,2,15,15,681
35372,2,15,15,679
35373,2,39,39,364
35374,2,15,15,596
35375,2,15,15,684
35376,2,15,15,678
35377,2,4,4,640
35378,2,15,15,683
35379,2,15,15,683
35380,2,15,15,675
35381,2,15,15,654
35382,2,15,15,662
35383,2,15,15,678
35384,2,15,15,643
35385,2,15,15,672
35386,2,15,15,689
35387,2,15,15,670
35388,2,15,15,685
35389,2,15,15,681
35390,2,15,15,658
35391,2,15,15,652
35392,2,15,15,679
35393,2,15,15,250
35394,2,15,15,200
35395,2,15,15,629
35396,2,15,15,685
35397,2,15,15,691
35398,2,15,15,687
35399,2,15,15,688
35400,2,15,15,666
35401,2,15,15,677
35402,2,15,15,672
35403,2,15,15,679
35404,2,15,15,681
35405,2,15,15,692
35406,2,3,3,203
35407,2,15,15,674
35408,2,15,15,673
35409,2,15,15,685
35410,2,15,15,676
35411,2,15,15,679
35412,2,15,15,687
35413,2,15,15,690
35414,2,15,15,687
35415,2,15,15,684
35416,2,15,15,678
35417,2,21,15,159
35418,2,15,15,677
35419,2,15,15,100
35420,2,15,15,654
35421,2,15,15,244
35422,2,15,15,667
35423,2,15,15,535
35424,2,15,15,617
35425,2,15,15,568
35426,2,15,15,667
35427,2,15,15,686
35428,2,15,15,666
35429,2,15,15,368
35430,2,4,4,665
35431,2,15,15,684
35432,2,15,15,679
35433,2,15,15,683
35434,2,15,15,685
35435,2,15,15,683
35436,2,15,15,683
35437,2,15,15,584
35438,2,15,15,671
35439,2,15,15,691
35440,2,15,15,670
35441,2,4,4,265
35442,2,15,15,662
35443,2,15,15,558
35444,2,4,4,489
35445,2,15,15,675
35446,2,4,15,449
35447,2,15,15,682
35448,2,15,15,643
35449,2,15,15,551
35450,2,15,15,684
35451,2,15,15,673
35452,2,15,15,675
35453,2,15,15,40
35454,2,15,15,684
35455,2,15,15,522
35456,2,15,15,667
35457,2,15,15,682
35458,2,15,15,646
35459,2,15,15,680
35460,2,15,15,642
35461,2,15,15,635
35462,2,15,15,569
35463,2,15,15,658
35464,2,15,15,683
35465,2,15,15,680
35466,2,15,15,630
35467,2,15,15,662
35468,2,15,15,686
35469,2,15,15,584
35470,2,15,15,688
35471,2,15,15,694
35472,2,15,15,571
35473,2,15,15,676
35474,2,15,15,677
35475,2,15,15,659
35476,2,15,15,662
35477,2,15,15,689
35478,2,15,15,398
35479,2,15,15,666
35480,2,15,15,136
35481,2,15,15,687
35482,2,15,15,674
35483,2,15,15,669
35484,2,15,15,601
35485,2,15,15,337
35486,2,4,4,368
35487,2,15,15,686
35488,2,15,15,656
35489,2,15,15,409
35490,2,15,15,671
35491,2,15,15,679
35492,2,12,12,544
35493,2,15,15,692
35494,2,15,15,688
35495,2,15,4,602
35496,2,15,15,687
35497,2,41,41,25
35498,2,15,15,686
35499,2,15,15,633
35500,2,15,15,621
35501,2,15,15,644
35502,2,15,15,487
35503,2,15,15,645
35504,2,15,15,646
35505,2,39,39,680
35506,2,15,15,685
35507,2,15,15,690
35508,2,15,15,675
35509,2,15,15,646
35510,2,21,3,397
35511,2,15,15,682
35512,2,15,15,479
35513,2,15,15,675
35514,2,15,15,686
35515,2,15,15,690
35516,2,15,15,665
35517,2,15,15,679
35518,2,15,15,689
35519,2,15,15,658
35520,2,15,15,687
35521,2,15,15,672
35522,2,4,4,669
35523,2,15,15,614
35524,2,15,15,282
35525,2,41,41,464
35526,2,15,15,690
35527,2,15,15,683
35528,2,15,15,689
35529,2,15,15,345
35530,2,15,15,605
35531,2,15,15,685
35532,2,15,15,677
35533,2,4,4,569
35534,2,15,15,687
35535,2,15,15,626
35536,2,15,15,674
35537,2,15,15,603
35538,2,15,15,682
35539,2,4,4,352
35540,2,15,15,99
35541,2,15,15,689
35542,2,15,15,686
35543,2,15,15,676
35544,2,15,15,678
35545,2,15,15,657
35546,2,15,15,419
35547,2,15,15,203
35548,2,15,15,673
35549,2,15,15,690
35550,2,15,15,688
35551,2,15,15,681
35552,2,15,15,689
35553,2,15,15,685
35554,2,15,15,584
35555,2,15,15,543
35556,2,15,15,678
35557,2,15,15,120
35558,2,15,15,611
35559,2,15,15,341
35560,2,15,15,536
35561,2,15,15,686
35562,2,15,15,686
35563,2,15,15,325
35564,2,15,15,655
35565,2,15,15,681
35566,2,15,15,674
35567,2,21,15,549
35568,2,15,15,694
35569,2,15,15,526
35570,2,15,15,458
35571,2,15,15,681
35572,2,15,15,686
35573,2,15,15,656
35574,2,15,15,670
35575,2,15,15,684
35576,2,15,15,655
35577,2,15,15,680
35578,2,15,15,541
35579,2,15,15,626
35580,2,15,15,450
35581,2,15,15,87
35582,2,4,4,151
35583,2,21,15,316
35584,2,15,15,527
35585,2,15,15,312
35586,2,15,15,651
35587,2,15,15,687
35588,2,39,39,670
35589,2,15,15,545
35590,2,3,3,570
35591,2,15,15,677
35592,2,15,15,317
35593,2,15,15,672
35594,2,15,15,640
35595,2,15,15,669
35596,2,15,15,668
35597,2,15,15,655
35598,2,15,15,646
35599,2,15,15,639
35600,2,15,15,199
35601,2,15,15,688
35602,2,15,15,615
35603,2,15,15,674
35604,2,4,4,675
35605,2,15,15,682
35606,2,15,15,681
35607,2,15,15,578
35608,2,15,15,673
35609,2,15,15,679
35610,2,15,15,623
35611,2,15,15,383
35612,2,15,15,666
35613,2,15,15,478
35614,2,15,15,683
35615,2,15,15,417
35616,2,15,15,689
35617,2,15,15,586
35618,2,15,15,687
35619,2,15,15,282
35620,2,21,4,546
35621,2,15,15,675
35622,2,15,15,670
35623,2,15,15,531
35624,2,15,15,612
35625,2,15,15,509
35626,2,15,15,680
35627,2,4,4,381
35628,2,15,15,679
35629,2,15,15,630
35630,2,15,15,635
35631,2,15,15,673
35632,2,21,15,430
35633,2,15,15,646
35634,2,15,15,679
35635,2,15,15,686
35636,2,4,4,685
35637,2,15,15,70
35638,2,15,15,672
35639,2,15,15,686
35640,2,15,15,687
35641,2,15,15,695
35642,2,15,15,685
35643,2,15,15,694
35644,2,15,15,686
35645,2,4,4,601
35646,2,15,15,650
35647,2,15,15,691
35648,2,15,15,541
35649,2,15,15,686
35650,2,15,15,684
35651,2,4,4,294
35652,2,15,15,682
35653,2,15,15,685
35654,2,15,15,678
35655,2,15,15,140
35656,2,15,15,675
35657,2,15,15,686
35658,2,15,15,658
35659,2,15,15,686
35660,2,15,15,674
35661,2,15,15,679
35662,2,15,15,671
35663,2,15,15,688
35664,2,15,15,670
35665,2,15,15,227
35666,2,15,15,604
35667,2,15,15,608
35668,2,15,15,673
35669,2,15,15,627
35670,2,15,15,685
35671,2,15,4,591
35672,2,15,15,656
35673,2,3,3,523
35674,2,15,15,673
35675,2,15,15,681
35676,2,15,15,668
35677,2,15,15,402
35678,2,15,15,686
35679,2,15,15,338
35680,2,15,15,686
35681,2,15,15,610
35682,2,15,15,686
35683,2,15,15,661
35684,2,15,15,635
35685,2,15,15,685
35686,2,15,15,682
35687,2,15,15,633
35688,2,15,15,304
35689,2,15,15,620
35690,2,15,15,688
35691,2,15,15,685
35692,2,15,15,685
35693,2,21,15,36
35694,2,15,15,672
35695,2,15,15,487
35696,2,15,15,635
35697,2,15,15,685
35698,2,15,15,667
35699,2,15,15,322
35700,2,15,15,658
35701,2,15,15,678
35702,2,15,15,667
35703,2,15,15,577
35704,2,15,15,632
35705,2,15,15,648
35706,2,15,15,681
35707,2,15,15,662
35708,2,15,15,674
35709,2,15,15,660
35710,2,15,15,658
35711,2,15,15,676
35712,2,15,15,249
35713,2,15,15,686
35714,2,15,15,687
35715,2,15,15,690
35716,2,15,15,643
35717,2,15,15,667
35718,2,15,15,691
35719,2,15,15,423
35720,2,15,15,668
35721,2,15,15,682
35722,2,4,4,657
35723,2,15,15,681
35724,2,15,15,654
35725,2,15,15,685
35726,2,15,15,106
35727,2,15,15,697
35728,2,15,15,644
35729,2,15,15,657
35730,2,15,15,687
35731,2,15,15,669
35732,2,15,15,147
35733,2,15,15,218
35734,2,15,15,685
35735,2,15,15,666
35736,2,15,15,650
35737,2,21,15,9
35738,2,15,15,559
35739,2,15,15,680
35740,2,15,15,663
35741,2,21,15,682
35742,2,15,15,94
35743,2,15,15,412
35744,2,15,15,401
35745,2,3,3,655
35746,2,15,15,297
35747,2,15,15,650
35748,2,12,12,621
35749,2,15,15,682
35750,2,15,15,19
35751,2,15,15,684
35752,2,15,15,660
35753,2,15,15,689
35754,2,15,15,676
35755,2,15,15,681
35756,2,15,15,686
35757,2,4,4,660
35758,2,15,15,651
35759,2,15,15,692
35760,2,4,4,602
35761,2,15,15,677
35762,2,15,15,577
35763,2,15,15,686
35764,2,15,15,684
35765,2,39,39,652
35766,2,15,15,116
35767,2,15,15,673
35768,2,15,15,688
35769,2,15,15,689
35770,2,3,3,671
35771,2,15,15,672
35772,2,15,15,687
35773,2,15,15,685
35774,2,4,4,652
35775,2,15,15,682
35776,2,15,15,671
35777,2,15,15,680
35778,2,39,39,664
35779,2,15,15,684
35780,2,15,15,682
35781,2,15,15,159
35782,2,15,15,429
35783,2,15,15,681
35784,2,15,15,668
35785,2,15,15,670
35786,2,15,4,619
35787,2,15,15,686
35788,2,15,15,582
35789,2,15,15,625
35790,2,15,15,597
35791,2,15,15,682
35792,2,15,15,669
35793,2,15,15,640
35794,2,4,4,588
35795,2,15,15,685
35796,2,15,15,388
35797,2,21,15,640
35798,2,15,15,381
35799,2,15,15,168
35800,2,15,15,677
35801,2,15,15,673
35802,2,15,15,689
35803,2,15,15,657
35804,2,15,15,686
35805,2,15,15,686
35806,2,15,15,620
35807,2,15,15,689
35808,2,15,15,686
35809,2,15,15,684
35810,2,15,15,687
35811,2,15,15,361
35812,2,15,15,646
35813,2,15,15,645
35814,2,15,15,679
35815,2,15,15,678
35816,2,15,15,649
35817,2,15,15,419
35818,2,15,15,681
35819,2,15,15,655
35820,2,15,15,682
35821,2,15,15,651
35822,2,15,15,655
35823,2,15,15,369
35824,2,15,15,573
35825,2,15,15,461
35826,2,15,15,589
35827,2,15,15,555
35828,2,15,15,692
35829,2,15,15,239
35830,2,15,15,234
35831,2,15,15,585
35832,2,15,15,686
35833,2,15,15,668
35834,2,15,15,670
35835,2,15,15,671
35836,2,15,15,488
35837,2,15,15,678
35838,2,15,15,686
35839,2,15,15,674
35840,2,15,15,679
35841,2,15,15,612
35842,2,15,15,679
35843,2,4,4,623
35844,2,4,4,499
35845,2,15,15,624
35846,2,15,15,684
35847,2,15,15,687
35848,2,3,3,663
35849,2,15,15,672
35850,2,15,15,692
35851,2,15,15,681
35852,2,15,15,634
35853,2,15,15,644
35854,2,15,15,696
35855,2,15,15,687
35856,2,15,15,677
35857,2,15,15,690
35858,2,15,15,686
35859,2,15,15,684
35860,2,15,15,686
35861,2,15,15,123
35862,2,15,15,595
35863,2,15,15,450
35864,2,15,15,680
35865,2,39,41,681
35866,2,15,15,415
35867,2,15,15,686
35868,2,15,15,676
35869,2,4,4,617
35870,2,15,15,658
35871,2,15,15,208
35872,2,15,15,679
35873,2,15,15,679
35874,2,15,15,263
35875,2,15,15,675
35876,2,15,15,204
35877,2,41,41,676
35878,2,15,15,679
35879,2,15,15,660
35880,2,15,15,277
35881,2,15,15,684
35882,2,21,15,540
35883,2,15,15,683
35884,2,15,15,414
35885,2,15,15,577
35886,2,15,15,657
35887,2,15,15,684
35888,2,15,15,683
35889,2,15,15,340
35890,2,15,15,687
35891,2,15,15,682
35892,2,15,15,623
35893,2,15,15,682
35894,2,15,15,584
35895,2,21,15,45
35896,2,15,15,655
35897,2,15,15,686
35898,2,15,15,683
35899,2,15,15,673
35900,2,15,15,285
35901,2,15,15,671
35902,2,15,15,648
35903,2,15,15,680
35904,2,15,15,683
35905,2,4,4,595
35906,2,15,15,686
35907,2,15,15,686
35908,2,15,15,683
35909,2,15,15,686
35910,2,15,15,568
35911,2,15,15,684
35912,2,15,15,686
35913,2,15,15,681
35914,2,15,15,661
35915,2,3,3,591
35916,2,15,15,674
35917,2,15,15,687
35918,2,4,15,619
35919,2,15,15,434
35920,2,15,15,668
35921,2,15,15,648
35922,2,15,15,675
35923,2,15,15,686
35924,2,15,15,678
35925,2,15,15,672
35926,2,15,15,579
35927,2,15,15,684
35928,2,15,15,680
35929,2,15,15,677
35930,2,15,15,660
35931,2,15,15,686
35932,2,15,15,663
35933,2,15,15,666
35934,2,15,15,663
35935,2,15,15,669
35936,2,15,15,685
35937,2,15,15,686
35938,2,15,15,679
35939,2,15,15,680
35940,2,15,15,602
35941,2,15,15,691
35942,2,15,15,630
35943,2,15,15,280
35944,2,15,15,695
35945,2,15,15,682
35946,2,15,15,685
35947,2,15,15,679
35948,2,15,15,677
35949,2,15,15,691
35950,2,15,15,51
35951,2,15,15,681
35952,2,15,15,667
35953,2,15,15,685
35954,2,41,41,685
35955,2,12,12,686
35956,2,15,15,670
35957,2,15,15,659
35958,2,15,15,678
35959,2,15,15,683
35960,2,15,15,492
35961,2,15,15,671
35962,2,15,15,678
35963,2,15,15,636
35964,2,15,15,673
35965,2,15,15,681
35966,2,15,15,254
35967,2,15,15,686
35968,2,15,15,681
35969,2,15,15,674
35970,2,15,15,681
35971,2,15,15,543
35972,2,15,15,659
35973,2,15,15,386
35974,2,15,15,667
35975,2,15,15,323
35976,2,15,15,652
35977,2,15,15,663
35978,2,15,15,691
35979,2,41,41,510
35980,2,39,39,685
35981,2,15,15,590
35982,2,15,15,308
35983,2,15,15,645
35984,2,3,3,684
35985,2,15,15,681
35986,2,15,15,683
35987,2,15,15,683
35988,2,15,15,687
35989,2,15,15,568
35990,2,15,15,610
35991,2,39,39,614
35992,2,15,15,672
35993,2,15,15,686
35994,2,15,15,669
35995,2,15,15,659
35996,2,15,15,688
35997,2,4,4,543
35998,2,4,4,233
35999,2,15,15,528
36000,2,15,15,681
36001,2,15,15,587
36002,2,15,15,651
36003,2,15,15,615
36004,2,15,15,684
36005,2,15,15,632
36006,2,15,15,609
36007,2,15,4,686
36008,2,15,15,644
36009,2,15,15,16
36010,2,15,15,676
36011,2,15,4,633
36012,2,15,15,647
36013,2,15,15,695
36014,2,15,15,591
36015,2,15,15,365
36016,2,21,15,670
36017,2,15,15,683
36018,2,15,15,685
36019,2,15,15,641
36020,2,4,4,652
36021,2,4,4,185
36022,2,15,15,659
36023,2,15,15,626
36024,2,15,15,689
36025,2,15,15,674
36026,2,15,15,674
36027,2,3,3,455
36028,2,15,15,683
36029,2,15,15,150
36030,2,15,15,658
36031,2,15,15,683
36032,2,15,15,681
36033,2,15,15,688
36034,2,15,15,690
36035,2,15,15,350
36036,2,15,15,690
36037,2,15,4,652
36038,2,15,15,615
36039,2,15,15,695
36040,2,15,15,685
36041,2,15,15,614
36042,2,15,15,687
36043,2,15,15,661
36044,2,15,15,366
36045,2,15,15,639
36046,2,15,15,646
36047,2,21,15,664
36048,2,15,15,682
36049,2,15,15,634
36050,2,15,15,674
36051,2,15,15,684
36052,2,15,15,668
36053,2,15,15,690
36054,2,15,15,690
36055,2,15,15,649
36056,2,15,15,666
36057,2,15,15,686
36058,2,15,15,680
36059,2,15,15,666
36060,2,15,15,539
36061,2,15,15,691
36062,2,15,15,673
36063,2,41,41,680
36064,2,15,15,674
36065,2,15,15,662
36066,2,15,15,675
36067,2,15,15,675
36068,2,15,15,534
36069,2,15,15,689
36070,2,15,15,690
36071,2,15,15,681
36072,2,15,15,565
36073,2,15,15,671
36074,2,15,15,689
36075,2,15,15,580
36076,2,15,15,685
36077,2,39,39,651
36078,2,15,15,668
36079,2,15,15,623
36080,2,15,15,686
36081,2,15,15,638
36082,2,15,15,621
36083,2,15,15,670
36084,2,15,15,685
36085,2,41,41,684
36086,2,15,15,154
36087,2,15,15,671
36088,2,15,15,645
36089,2,15,15,61
36090,2,15,15,678
36091,2,15,15,251
36092,2,15,15,675
36093,2,15,15,441
36094,2,15,15,638
36095,2,15,15,200
36096,2,15,15,458
36097,2,15,15,638
36098,2,15,15,550
36099,2,15,15,688
36100,2,41,41,683
36101,2,15,15,689
36102,2,15,15,184
36103,2,3,3,120
36104,2,15,15,688
36105,2,15,15,649
36106,2,15,15,671
36107,2,15,15,657
36108,2,41,41,686
36109,2,15,15,688
36110,2,15,15,210
36111,2,15,15,667
36112,2,3,3,364
36113,2,15,15,541
36114,2,15,15,655
36115,2,15,15,683
36116,2,15,15,660
36117,2,15,15,612
36118,2,15,15,389
36119,2,15,15,680
36120,2,15,15,688
36121,2,15,15,687
36122,2,15,15,684
36123,2,15,15,691
36124,2,15,15,679
36125,2,15,15,675
36126,2,15,15,678
36127,2,4,4,579
36128,2,15,15,679
36129,2,15,15,687
36130,2,15,15,602
36131,2,15,15,690
36132,2,15,15,689
36133,2,15,15,137
36134,2,15,15,687
36135,2,15,15,650
36136,2,15,15,215
36137,2,15,15,558
36138,2,15,15,693
36139,2,15,15,200
36140,2,15,15,668
36141,2,15,15,665
36142,2,41,41,625
36143,2,15,3,61
36144,2,15,15,689
36145,2,21,4,554
36146,2,15,15,653
36147,2,15,15,672
36148,2,15,15,663
36149,2,15,15,677
36150,2,15,15,205
36151,2,15,15,688
36152,2,15,15,65
36153,2,15,15,685
36154,2,15,15,687
36155,2,15,15,685
36156,2,15,15,457
36157,2,15,15,377
36158,2,4,4,648
36159,2,15,15,686
36160,2,39,39,557
36161,2,15,15,667
36162,2,15,15,623
36163,2,15,15,683
36164,2,15,15,640
36165,2,15,15,275
36166,2,15,15,694
36167,2,15,15,663
36168,2,15,15,685
36169,2,15,15,687
36170,2,15,15,600
36171,2,4,4,501
36172,2,15,15,676
36173,2,15,15,625
36174,2,15,15,24
36175,2,15,15,689
36176,2,4,4,667
36177,2,15,15,169
36178,2,15,15,624
36179,2,15,15,139
36180,2,15,15,686
36181,2,15,15,687
36182,2,15,15,687
36183,2,15,15,669
36184,2,15,15,645
36185,2,15,15,401
36186,2,15,15,693
36187,2,15,15,685
36188,2,15,15,682
36189,2,15,15,688
36190,2,15,15,686
36191,2,15,15,426
36192,2,15,15,666
36193,2,15,15,52
36194,2,15,15,644
36195,2,15,15,690
36196,2,21,15,639
36197,2,15,15,168
36198,2,15,15,669
36199,2,15,15,666
36200,2,15,15,650
36201,2,15,15,686
36202,2,15,15,663
36203,2,15,15,663
36204,2,15,15,684
36205,2,15,15,296
36206,2,15,15,682
36207,2,15,15,571
36208,2,41,41,674
36209,2,15,15,685
36210,2,15,15,322
36211,2,4,4,584
36212,2,4,4,630
36213,2,15,15,685
36214,2,15,15,653
36215,2,15,15,412
36216,2,15,15,672
36217,2,15,15,510
36218,2,15,15,475
36219,2,15,15,673
36220,2,15,15,671
36221,2,15,15,687
36222,2,15,15,678
36223,2,15,15,274
36224,2,15,15,690
36225,2,3,3,325
36226,2,15,15,689
36227,2,15,15,682
36228,2,15,15,662
36229,2,15,15,681
36230,2,15,15,622
36231,2,4,4,619
36232,2,15,15,693
36233,2,15,15,684
36234,2,15,15,165
36235,2,15,15,661
36236,2,4,4,418
36237,2,15,15,690
36238,2,15,15,620
36239,2,15,15,689
36240,2,21,21,477
36241,2,15,15,693
36242,2,15,15,685
36243,2,15,15,676
36244,2,4,4,583
36245,2,15,15,119
36246,2,15,15,611
36247,2,15,15,676
36248,2,15,15,581
36249,2,21,15,664
36250,2,15,15,683
36251,2,41,41,384
36252,2,15,15,573
36253,2,15,15,677
36254,2,15,15,144
36255,2,15,15,680
36256,2,4,4,676
36257,2,15,15,678
36258,2,15,15,676
36259,2,15,15,684
36260,2,15,15,603
36261,2,15,15,669
36262,2,15,15,665
36263,2,15,15,680
36264,2,15,15,687
36265,2,15,15,690
36266,2,15,15,673
36267,2,15,15,663
36268,2,15,15,686
36269,2,15,15,677
36270,2,15,15,691
36271,2,15,15,564
36272,2,15,15,118
36273,2,15,15,37
36274,2,15,15,679
36275,2,15,15,672
36276,2,15,15,342
36277,2,15,15,660
36278,2,15,15,519
36279,2,15,15,674
36280,2,15,15,683
36281,2,15,15,689
36282,2,15,15,686
36283,2,15,15,673
36284,2,15,15,160
36285,2,15,15,687
36286,2,4,4,511
36287,2,15,15,610
36288,2,15,15,691
36289,2,15,15,673
36290,2,15,15,676
36291,2,3,3,105
36292,2,15,15,687
36293,2,15,15,670
36294,2,15,15,406
36295,2,15,15,692
36296,2,15,15,645
36297,2,15,15,666
36298,2,15,15,689
36299,2,15,15,676
36300,2,15,15,690
36301,2,15,15,462
36302,2,15,15,661
36303,2,15,15,685
36304,2,15,15,666
36305,2,39,39,688
36306,2,15,15,430
36307,2,15,15,560
36308,2,15,15,676
36309,2,15,15,671
36310,2,4,4,631
36311,2,15,15,673
36312,2,15,15,653
36313,2,15,15,676
36314,2,15,15,92
36315,2,15,15,671
36316,2,15,15,617
36317,2,15,15,524
36318,2,15,15,645
36319,2,15,15,256
36320,2,15,15,674
36321,2,15,15,668
36322,2,15,15,689
36323,2,15,15,686
36324,2,15,15,694
36325,2,15,15,674
36326,2,15,15,90
36327,2,15,15,306
36328,2,4,4,12
36329,2,15,15,683
36330,2,15,15,666
36331,2,15,15,386
36332,2,15,15,654
36333,2,15,15,610
36334,2,15,15,175
36335,2,15,15,531
36336,2,15,15,428
36337,2,15,15,543
36338,2,15,15,669
36339,2,15,15,687
36340,2,15,15,597
36341,2,15,15,685
36342,2,15,15,688
36343,2,15,15,591
36344,2,15,15,396
36345,2,15,15,328
36346,2,15,15,682
36347,2,15,15,643
36348,2,15,15,689
36349,2,15,15,665
36350,2,15,15,651
36351,2,15,15,394
36352,2,15,15,152
36353,2,15,15,677
36354,2,15,15,670
36355,2,15,15,696
36356,2,15,15,687
36357,2,15,15,692
36358,2,15,15,663
36359,2,15,4,583
36360,2,15,15,455
36361,2,15,15,194
36362,2,15,15,680
36363,2,15,15,682
36364,2,21,15,573
36365,2,15,15,687
36366,2,15,15,678
36367,2,15,15,688
36368,2,15,15,680
36369,2,15,15,673
36370,2,15,15,292
36371,2,15,4,104
36372,2,15,15,685
36373,2,15,15,674
36374,2,15,15,166
36375,2,15,15,651
36376,2,15,15,669
36377,2,15,15,635
36378,2,15,15,685
36379,2,15,15,687
36380,2,15,15,684
36381,2,15,15,661
36382,2,15,15,676
36383,2,15,15,690
36384,2,15,15,682
36385,2,15,15,660
36386,2,15,15,650
36387,2,15,15,674
36388,2,15,15,355
36389,2,15,15,653
36390,2,15,15,574
36391,2,21,21,586
36392,2,15,15,602
36393,2,15,15,642
36394,2,15,15,679
36395,2,15,15,659
36396,2,15,15,651
36397,2,15,15,676
36398,2,15,15,689
36399,2,15,15,679
36400,2,15,15,684
36401,2,15,15,675
36402,2,15,15,680
36403,2,15,15,667
36404,2,15,15,682
36405,2,15,15,622
36406,2,15,15,494
36407,2,15,15,633
36408,2,15,15,680
36409,2,15,15,306
36410,2,15,15,642
36411,2,15,15,690
36412,2,4,4,657
36413,2,15,15,686
36414,2,15,15,686
36415,2,15,15,682
36416,2,15,15,683
36417,2,15,15,653
36418,2,15,15,642
36419,2,15,15,679
36420,2,15,15,476
36421,2,15,15,675
36422,2,15,15,689
36423,2,15,15,683
36424,2,15,15,682
36425,2,15,15,168
36426,2,15,3,642
36427,2,15,15,469
36428,2,21,21,686
36429,2,15,15,681
36430,2,15,15,556
36431,2,15,15,682
36432,2,15,15,645
36433,2,15,15,680
36434,2,21,15,672
36435,2,15,15,633
36436,2,15,15,609
36437,2,15,15,687
36438,2,15,15,696
36439,2,15,15,685
36440,2,15,15,684
36441,2,15,15,681
36442,2,15,15,684
36443,2,15,15,674
36444,2,15,15,669
36445,2,21,15,674
36446,2,15,15,670
36447,2,15,15,686
36448,2,15,15,687
36449,2,15,15,283
36450,2,15,15,679
36451,2,15,15,522
36452,2,15,15,643
36453,2,15,15,618
36454,2,15,15,672
36455,2,15,15,500
36456,2,15,15,609
36457,2,15,15,214
36458,2,15,15,686
36459,2,15,15,647
36460,2,15,15,688
36461,2,15,15,674
36462,2,15,15,662
36463,2,4,4,654
36464,2,15,15,509
36465,2,15,15,285
36466,2,15,15,665
36467,2,15,15,687
36468,2,15,15,686
36469,2,15,15,679
36470,2,15,15,685
36471,2,15,15,685
36472,2,15,15,689
36473,2,15,15,685
36474,2,15,15,682
36475,2,15,15,688
36476,2,15,15,686
36477,2,15,15,678
36478,2,15,15,633
36479,2,4,4,624
36480,2,15,15,670
36481,2,15,15,686
36482,2,15,15,676
36483,2,15,15,676
36484,2,15,15,677
36485,2,15,15,303
36486,2,15,15,402
36487,2,15,15,684
36488,2,15,15,647
36489,2,15,15,642
36490,2,15,15,661
36491,2,15,15,688
36492,2,15,15,682
36493,2,15,15,684
36494,2,15,15,687
36495,2,15,15,666
36496,2,15,15,687
36497,2,15,15,528
36498,2,15,15,690
36499,2,15,15,692
36500,2,15,15,688
36501,2,15,15,686
36502,2,15,15,692
36503,2,15,15,677
36504,2,15,15,671
36505,2,15,15,691
36506,2,15,15,507
36507,2,15,15,677
36508,2,15,15,674
36509,2,15,15,650
36510,2,15,15,672
36511,2,20,20,587
36512,2,15,15,285
36513,2,15,15,226
36514,2,15,15,457
36515,2,15,15,673
36516,2,15,15,400
36517,2,15,15,214
36518,2,15,15,685
36519,2,15,15,683
36520,2,15,15,663
36521,2,15,15,622
36522,2,15,15,653
36523,2,15,15,659
36524,2,15,15,627
36525,2,15,15,540
36526,2,15,15,684
36527,2,15,15,683
36528,2,15,15,664
36529,2,15,15,598
36530,2,15,15,695
36531,2,15,15,674
36532,2,15,15,677
36533,2,15,15,343
36534,2,15,15,673
36535,2,15,15,651
36536,2,15,15,607
36537,2,15,15,632
36538,2,4,4,652
36539,2,15,15,513
36540,2,15,15,33
36541,2,15,15,687
36542,2,15,15,686
36543,2,15,15,640
36544,2,15,15,677
36545,2,4,15,657
36546,2,15,15,684
36547,2,15,15,677
36548,2,15,15,137
36549,2,15,15,688
36550,2,4,4,666
36551,2,15,15,688
36552,2,15,15,691
36553,2,15,15,637
36554,2,15,15,681
36555,2,15,15,685
36556,2,15,4,661
36557,2,15,15,680
36558,2,15,15,687
36559,2,15,15,678
36560,2,15,15,68
36561,2,15,15,685
36562,2,4,4,639
36563,2,15,15,619
36564,2,21,15,483
36565,2,15,15,674
36566,2,21,15,16
36567,2,15,15,686
36568,2,15,15,678
36569,2,15,15,370
36570,2,15,15,659
36571,2,15,15,605
36572,2,15,4,668
36573,2,15,15,686
36574,2,15,15,593
36575,2,15,15,690
36576,2,15,15,679
36577,2,15,15,677
36578,2,15,4,176
36579,2,15,15,502
36580,2,4,4,613
36581,2,15,15,672
36582,2,15,15,665
36583,2,15,15,672
36584,2,15,15,689
36585,2,15,15,452
36586,2,15,15,660
36587,2,15,15,679
36588,2,15,15,611
36589,2,15,15,685
36590,2,15,15,695
36591,2,15,15,564
36592,2,15,15,669
36593,2,15,15,672
36594,2,4,4,29
36595,2,15,15,607
36596,2,15,15,619
36597,2,21,15,664
36598,2,15,15,678
36599,2,15,15,665
36600,2,15,15,630
36601,2,15,15,386
36602,2,15,15,636
36603,2,4,4,484
36604,2,15,15,653
36605,2,15,15,656
36606,2,15,15,171
36607,2,4,4,86
36608,2,15,15,678
36609,2,15,15,540
36610,2,15,15,654
36611,2,15,15,683
36612,2,15,15,684
36613,2,15,15,656
36614,2,15,15,320
36615,2,15,15,652
36616,2,15,15,669
36617,2,15,15,645
36618,2,15,15,679
36619,2,15,15,690
36620,2,15,15,687
36621,2,15,15,668
36622,2,15,15,620
36623,2,15,15,690
36624,2,15,15,476
36625,2,15,15,107
36626,2,15,15,678
36627,2,15,15,577
36628,2,15,15,75
36629,2,15,15,678
36630,2,15,15,683
36631,2,15,15,689
36632,2,15,15,643
36633,2,15,15,521
36634,2,41,15,683
36635,2,15,15,529
36636,2,15,15,553
36637,2,15,15,667
36638,2,3,3,650
36639,2,15,15,688
36640,2,15,15,621
36641,2,15,15,628
36642,2,15,15,680
36643,2,39,39,290
36644,2,15,15,682
36645,2,15,15,646
36646,2,15,15,677
36647,2,15,15,688
36648,2,21,21,675
36649,2,15,15,99
36650,2,15,15,645
36651,2,15,15,657
36652,2,15,15,684
36653,2,15,15,678
36654,2,15,15,686
36655,2,15,15,668
36656,2,15,15,667
36657,2,15,15,673
36658,2,15,15,269
36659,2,15,15,679
36660,2,15,15,642
36661,2,39,39,677
36662,2,15,15,679
36663,2,15,15,687
36664,2,15,15,513
36665,2,15,15,631
36666,2,15,15,683
36667,2,4,4,494
36668,2,15,15,653
36669,2,15,15,580
36670,2,15,15,553
36671,2,15,15,218
36672,2,15,15,661
36673,2,15,15,688
36674,2,15,15,678
36675,2,15,15,117
36676,2,4,4,160
36677,2,15,15,138
36678,2,15,15,357
36679,2,15,15,636
36680,2,15,15,680
36681,2,15,15,160
36682,2,15,15,690
36683,2,15,15,693
36684,2,15,15,669
36685,2,4,4,354
36686,2,15,15,687
36687,2,15,15,498
36688,2,15,15,694
36689,2,15,15,683
36690,2,15,15,685
36691,2,39,39,683
36692,2,15,15,687
36693,2,15,15,677
36694,2,15,15,620
36695,2,15,15,616
36696,2,15,15,678
36697,2,4,15,670
36698,2,15,15,686
36699,2,15,15,672
36700,2,15,15,686
36701,2,15,15,679
36702,2,15,15,637
36703,2,15,15,669
36704,2,15,15,678
36705,2,15,15,674
36706,2,15,15,660
36707,2,15,15,643
36708,2,15,15,688
36709,2,15,15,686
36710,2,15,15,544
36711,2,15,15,638
36712,2,15,15,695
36713,2,15,15,690
36714,2,15,15,427
36715,2,15,15,667
36716,2,15,15,602
36717,2,15,15,675
36718,2,4,15,590
36719,2,15,15,685
36720,2,15,15,653
36721,2,15,15,666
36722,2,15,15,678
36723,2,15,15,680
36724,2,15,15,684
36725,2,15,15,670
36726,2,15,15,178
36727,2,15,15,666
36728,2,15,15,686
36729,2,15,15,684
36730,2,15,15,496
36731,2,15,15,676
36732,2,15,15,686
36733,2,15,15,673
36734,2,15,15,682
36735,2,15,15,660
36736,2,15,15,663
36737,2,15,15,640
36738,2,15,15,677
36739,2,15,15,687
36740,2,15,15,619
36741,2,15,15,130
36742,2,15,15,610
36743,2,15,15,691
36744,2,15,15,660
36745,2,15,15,687
36746,2,15,3,84
36747,2,15,15,193
36748,2,15,15,668
36749,2,15,15,651
36750,2,15,15,685
36751,2,15,15,650
36752,2,15,15,613
36753,2,15,15,637
36754,2,15,15,511
36755,2,15,15,685
36756,2,15,15,679
36757,2,41,41,544
36758,2,15,15,621
36759,2,21,15,643
36760,2,15,15,310
36761,2,15,15,680
36762,2,4,4,672
36763,2,15,15,633
36764,2,15,15,659
36765,2,15,15,679
36766,2,15,15,640
36767,2,15,15,673
36768,2,15,15,676
36769,2,15,15,687
36770,2,15,15,405
36771,2,15,15,686
36772,2,15,15,665
36773,2,15,15,681
36774,2,15,15,687
36775,2,15,15,685
36776,2,15,15,667
36777,2,15,15,674
36778,2,15,15,486
36779,2,15,15,685
36780,2,15,15,670
36781,2,15,15,679
36782,2,15,15,676
36783,2,15,15,650
36784,2,15,15,655
36785,2,15,15,665
36786,2,15,15,667
36787,2,15,15,683
36788,2,15,15,677
36789,2,3,3,670
36790,2,39,39,454
36791,2,15,15,686
36792,2,15,15,645
36793,2,15,15,679
36794,2,15,15,646
36795,2,15,15,676
36796,2,15,15,679
36797,2,15,15,688
36798,2,39,39,665
36799,2,15,15,693
36800,2,15,15,673
36801,2,15,15,684
36802,2,15,15,684
36803,2,15,15,38
36804,2,15,15,684
36805,2,15,4,656
36806,2,15,15,675
36807,2,15,15,654
36808,2,15,15,676
36809,2,15,15,646
36810,2,15,15,689
36811,2,15,15,277
36812,2,15,15,681
36813,2,15,15,228
36814,2,15,15,630
36815,2,15,15,691
36816,2,15,15,649
36817,2,15,15,591
36818,2,15,15,675
36819,2,15,15,567
36820,2,15,15,157
36821,2,15,15,686
36822,2,15,15,667
36823,2,15,15,528
36824,2,15,15,692
36825,2,15,15,689
36826,2,15,15,686
36827,2,15,15,674
36828,2,15,15,680
36829,2,15,15,660
36830,2,39,39,652
36831,2,15,15,280
36832,2,15,15,693
36833,2,15,15,669
36834,2,15,4,684
36835,2,15,15,673
36836,2,15,15,556
36837,2,15,15,558
36838,2,15,15,580
36839,2,15,15,691
36840,2,15,15,563
36841,2,12,12,664
36842,2,15,15,672
36843,2,15,15,685
36844,2,15,15,664
36845,2,15,15,660
36846,2,15,15,674
36847,2,15,15,678
36848,2,15,15,673
36849,2,15,15,558
36850,2,15,15,615
36851,2,15,15,680
36852,2,15,15,675
36853,2,41,41,669
36854,2,15,15,674
36855,2,15,15,693
36856,2,15,15,558
36857,2,15,15,612
36858,2,15,15,688
36859,2,15,15,685
36860,2,15,15,678
36861,2,15,15,639
36862,2,15,15,650
36863,2,15,15,678
36864,2,15,15,692
36865,2,15,15,672
36866,2,15,15,687
36867,2,15,15,652
36868,2,15,15,684
36869,2,15,15,689
36870,2,15,15,455
36871,2,41,41,683
36872,2,15,15,675
36873,2,4,4,593
36874,2,15,15,687
36875,2,15,15,652
36876,2,15,15,687
36877,2,15,15,574
36878,2,15,15,36
36879,2,15,15,662
36880,2,15,15,679
36881,2,15,15,681
36882,2,15,15,668
36883,2,15,15,676
36884,2,15,15,690
36885,2,15,15,669
36886,2,4,4,250
36887,2,3,3,385
36888,2,15,15,682
36889,2,15,15,661
36890,2,15,15,667
36891,2,15,15,686
36892,2,15,15,686
36893,2,15,15,690
36894,2,15,15,367
36895,2,15,15,679
36896,2,15,15,676
36897,2,15,15,666
36898,2,15,15,673
36899,2,15,15,688
36900,2,15,15,623
36901,2,15,15,158
36902,2,15,15,677
36903,2,3,3,288
36904,2,15,15,643
36905,2,15,15,673
36906,2,4,4,664
36907,2,15,15,685
36908,2,15,15,676
36909,2,39,39,651
36910,2,15,15,631
36911,2,15,15,684
36912,2,15,15,684
36913,2,4,4,599
36914,2,15,15,688
36915,2,15,15,555
36916,2,15,15,689
36917,2,15,15,166
36918,2,15,15,661
36919,2,15,15,684
36920,2,15,15,682
36921,2,15,15,606
36922,2,15,15,668
36923,2,15,15,628
36924,2,15,15,679
36925,2,15,15,684
36926,2,15,15,659
36927,2,15,15,685
36928,2,15,15,528
36929,2,15,15,611
36930,2,15,15,653
36931,2,15,15,640
36932,2,4,4,110
36933,2,15,15,226
36934,2,15,15,536
36935,2,15,15,688
36936,2,15,15,625
36937,2,15,15,680
36938,2,15,15,671
36939,2,15,15,652
36940,2,15,15,684
36941,2,15,15,692
36942,2,15,15,657
36943,2,15,15,685
36944,2,15,15,665
36945,2,15,15,686
36946,2,15,15,626
36947,2,15,15,626
36948,2,15,15,678
36949,2,15,15,671
36950,2,15,15,681
36951,2,15,15,632
36952,2,15,15,689
36953,2,15,15,576
36954,2,15,15,669
36955,2,15,15,639
36956,2,4,4,680
36957,2,15,15,681
36958,2,15,15,686
36959,2,41,41,689
36960,2,15,15,642
36961,2,15,15,568
36962,2,15,15,418
36963,2,15,15,678
36964,2,41,41,684
36965,2,15,15,583
36966,2,15,15,660
36967,2,15,15,687
36968,2,15,15,654
36969,2,15,15,686
36970,2,15,15,652
36971,2,15,15,694
36972,2,15,15,682
36973,2,15,15,675
36974,2,15,15,589
36975,2,15,15,614
36976,2,15,15,687
36977,2,15,15,632
36978,2,15,15,435
36979,2,15,15,495
36980,2,15,15,694
36981,2,15,15,690
36982,2,15,15,682
36983,2,15,15,656
36984,2,15,15,689
36985,2,15,15,570
36986,2,15,15,681
36987,2,15,15,673
36988,2,15,15,667
36989,2,4,4,567
36990,2,15,15,432
36991,2,15,15,595
36992,2,15,15,199
36993,2,15,15,659
36994,2,15,15,678
36995,2,15,15,679
36996,2,15,15,687
36997,2,15,15,146
36998,2,15,15,643
36999,2,15,15,633
37000,2,4,4,667
37001,2,15,15,596
37002,2,15,15,677
37003,2,15,3,675
37004,2,15,15,585
37005,2,15,15,685
37006,2,15,15,575
37007,2,15,15,596
37008,2,15,15,155
37009,2,15,15,676
37010,2,15,15,694
37011,2,4,4,676
37012,2,15,15,690
37013,2,15,15,679
37014,2,39,41,688
37015,2,15,15,690
37016,2,15,15,681
37017,2,15,15,595
37018,2,11,11,23
37019,2,15,15,404
37020,2,15,15,383
37021,2,15,15,686
37022,2,15,15,678
37023,2,15,15,687
37024,2,15,15,500
37025,2,21,15,560
37026,2,15,15,613
37027,2,15,15,686
37028,2,15,15,670
37029,2,15,15,686
37030,2,15,15,142
37031,2,15,15,656
37032,2,15,15,693
37033,2,15,15,651
37034,2,15,15,686
37035,2,15,15,639
37036,2,15,15,647
37037,2,4,4,558
37038,2,15,15,632
37039,2,15,15,657
37040,2,15,15,647
37041,2,15,15,681
37042,2,15,15,674
37043,2,15,15,687
37044,2,15,15,666
37045,2,15,15,662
37046,2,15,15,665
37047,2,15,15,682
37048,2,15,15,691
37049,2,15,15,100
37050,2,15,15,653
37051,2,15,15,645
37052,2,15,15,424
37053,2,15,15,679
37054,2,15,15,685
37055,2,15,15,668
37056,2,15,15,688
37057,2,4,4,628
37058,2,15,15,696
37059,2,15,15,674
37060,2,15,15,269
37061,2,15,15,691
37062,2,15,15,685
37063,2,15,15,672
37064,2,15,15,617
37065,2,15,15,677
37066,2,21,15,317
37067,2,15,15,690
37068,2,15,15,686
37069,2,15,15,245
37070,2,15,15,583
37071,2,15,15,677
37072,2,15,15,685
37073,2,4,4,673
37074,2,15,15,658
37075,2,15,15,660
37076,2,15,15,642
37077,2,15,15,342
37078,2,15,15,676
37079,2,15,15,666
37080,2,15,15,662
37081,2,15,15,145
37082,2,15,15,657
37083,2,15,15,484
37084,2,15,15,680
37085,2,15,15,677
37086,2,15,15,584
37087,2,15,15,678
37088,2,15,15,675
37089,2,4,4,649
37090,2,15,15,683
37091,2,15,15,674
37092,2,4,4,431
37093,2,15,15,685
37094,2,15,15,116
37095,2,15,15,391
37096,2,15,15,661
37097,2,15,12,425
37098,2,15,15,402
37099,2,4,4,669
37100,2,15,15,688
37101,2,15,15,677
37102,2,15,15,693
37103,2,15,15,685
37104,2,15,15,691
37105,2,15,15,681
37106,2,15,15,356
37107,2,15,15,103
37108,2,15,15,687
37109,2,15,15,690
37110,2,15,15,677
37111,2,15,15,685
37112,2,15,15,684
37113,2,15,15,653
37114,2,15,15,678
37115,2,15,15,687
37116,2,4,4,79
37117,2,15,15,668
37118,2,15,15,682
37119,2,15,15,688
37120,2,15,15,669
37121,2,15,15,664
37122,2,15,15,581
37123,2,15,15,496
37124,2,4,4,555
37125,2,15,15,684
37126,2,15,15,673
37127,2,15,15,609
37128,2,15,15,687
37129,2,15,15,632
37130,2,15,15,646
37131,2,15,15,677
37132,2,15,15,588
37133,2,15,15,667
37134,2,15,15,684
37135,2,15,15,649
37136,2,15,15,665
37137,2,15,15,671
37138,2,15,15,684
37139,2,15,15,633
37140,2,15,15,688
37141,2,15,15,154
37142,2,15,15,573
37143,2,15,15,660
37144,2,15,15,675
37145,2,15,15,657
37146,2,15,15,695
37147,2,15,15,415
37148,2,15,15,679
37149,2,15,15,625
37150,2,15,15,680
37151,2,15,15,689
37152,2,3,3,640
37153,2,15,15,685
37154,2,15,15,674
37155,2,15,15,675
37156,2,3,3,486
37157,2,15,15,629
37158,2,15,15,575
37159,2,15,15,683
37160,2,15,15,668
37161,2,15,15,692
37162,2,21,15,41
37163,2,15,15,665
37164,2,15,15,643
37165,2,15,15,628
37166,2,15,15,686
37167,2,15,15,676
37168,2,15,15,692
37169,2,15,15,679
37170,2,15,15,681
37171,2,4,4,426
37172,2,15,15,667
37173,2,15,15,690
37174,2,15,15,612
37175,2,15,15,684
37176,2,15,15,682
37177,2,15,15,679
37178,2,15,15,674
37179,2,15,15,521
37180,2,15,15,670
37181,2,15,15,527
37182,2,15,15,687
37183,2,15,15,679
37184,2,15,15,675
37185,2,15,15,680
37186,2,15,15,609
37187,2,15,15,671
37188,2,15,15,664
37189,2,15,15,195
37190,2,15,15,603
37191,2,15,15,666
37192,2,11,11,92
37193,2,15,15,691
37194,2,39,39,655
37195,2,20,20,138
37196,2,15,15,685
37197,2,15,15,670
37198,2,15,15,583
37199,2,15,15,282
37200,2,15,15,591
37201,2,15,15,656
37202,2,15,15,684
37203,2,15,15,683
37204,2,15,15,687
37205,2,15,15,686
37206,2,15,15,680
37207,2,15,15,683
37208,2,15,15,537
37209,2,15,15,691
37210,2,15,15,688
37211,2,4,15,618
37212,2,4,4,679
37213,2,15,15,678
37214,2,15,15,656
37215,2,15,15,686
37216,2,15,15,689
37217,2,15,15,491
37218,2,15,15,670
37219,2,15,15,639
37220,2,15,15,469
37221,2,15,15,519
37222,2,15,15,610
37223,2,15,15,682
37224,2,15,15,656
37225,2,15,15,646
37226,2,15,15,592
37227,2,15,15,656
37228,2,9,9,669
37229,2,15,15,669
37230,2,15,15,653
37231,2,3,4,642
37232,2,15,15,455
37233,2,15,15,695
37234,2,15,15,681
37235,2,15,15,677
37236,2,15,15,696
37237,2,15,15,686
37238,2,15,15,682
37239,2,15,15,626
37240,2,15,15,58
37241,2,15,15,199
37242,2,4,4,659
37243,2,15,15,668
37244,2,15,15,206
37245,2,15,15,690
37246,2,15,15,659
37247,2,15,15,679
37248,2,15,15,681
37249,2,15,15,675
37250,2,15,15,546
37251,2,15,15,682
37252,2,15,15,669
37253,2,15,15,661
37254,2,15,15,634
37255,2,15,15,683
37256,2,15,15,280
37257,2,15,15,652
37258,2,4,15,672
37259,2,15,15,671
37260,2,15,15,687
37261,2,15,15,370
37262,2,9,9,550
37263,2,9,9,665
37264,2,15,15,682
37265,2,15,15,341
37266,2,15,15,691
37267,2,15,15,663
37268,2,15,15,658
37269,2,15,15,624
37270,2,15,15,615
37271,2,15,15,675
37272,2,15,15,683
37273,2,15,15,338
37274,2,15,15,688
37275,2,15,15,686
37276,2,15,15,60
37277,2,15,15,678
37278,2,15,15,659
37279,2,15,15,637
37280,2,15,15,667
37281,2,15,15,588
37282,2,24,15,666
37283,2,15,15,688
37284,2,15,15,693
37285,2,15,15,680
37286,2,15,15,680
37287,2,15,15,691
37288,2,15,15,672
37289,2,15,15,679
37290,2,15,15,661
37291,2,15,15,692
37292,2,15,15,675
37293,2,15,15,684
37294,2,15,15,687
37295,2,15,15,681
37296,2,15,15,639
37297,2,15,15,361
37298,2,15,15,480
37299,2,15,15,691
37300,2,15,15,676
37301,2,15,15,686
37302,2,15,15,577
37303,2,15,15,661
37304,2,15,15,659
37305,2,4,4,50
37306,2,15,15,683
37307,2,15,15,679
37308,2,15,15,678
37309,2,15,15,679
37310,2,15,15,679
37311,2,15,15,677
37312,2,15,15,291
37313,2,15,15,671
37314,2,15,15,683
37315,2,15,15,677
37316,2,15,15,689
37317,2,41,41,682
37318,2,15,15,669
37319,2,15,15,684
37320,2,15,15,594
37321,2,41,41,676
37322,2,39,39,678
37323,2,15,15,694
37324,2,4,4,641
37325,2,15,15,685
37326,2,15,15,677
37327,2,15,15,693
37328,2,15,15,612
37329,2,15,15,685
37330,2,15,15,108
37331,2,15,15,661
37332,2,15,15,689
37333,2,15,15,665
37334,2,15,15,684
37335,2,15,15,686
37336,2,15,15,684
37337,2,15,15,680
37338,2,15,15,447
37339,2,15,15,618
37340,2,15,15,629
37341,2,15,15,689
37342,2,15,15,692
37343,2,12,12,594
37344,2,15,15,549
37345,2,15,15,673
37346,2,15,15,688
37347,2,15,15,567
37348,2,15,15,608
37349,2,15,15,682
37350,2,15,15,18
37351,2,15,15,676
37352,2,15,15,639
37353,2,15,15,617
37354,2,15,15,676
37355,2,15,15,682
37356,2,15,15,680
37357,2,15,15,646
37358,2,15,15,661
37359,2,15,15,681
37360,2,4,4,659
37361,2,15,15,683
37362,2,15,15,671
37363,2,15,15,635
37364,2,15,15,596
37365,2,15,15,681
37366,2,15,15,689
37367,2,15,15,646
37368,2,15,15,676
37369,2,15,15,642
37370,2,15,15,691
37371,2,15,15,687
37372,2,15,15,650
37373,2,15,15,692
37374,2,15,15,576
37375,2,15,15,553
37376,2,15,15,594
37377,2,4,4,673
37378,2,15,15,676
37379,2,15,15,633
37380,2,15,15,668
37381,2,15,15,678
37382,2,15,15,669
37383,2,15,15,576
37384,2,15,15,656
37385,2,15,15,683
37386,2,15,15,664
37387,2,15,15,656
37388,2,15,15,639
37389,2,15,15,684
37390,2,41,15,669
37391,2,15,15,679
37392,2,15,15,689
37393,2,15,15,683
37394,2,15,15,647
37395,2,15,15,683
37396,2,15,15,685
37397,2,15,15,691
37398,2,15,15,683
37399,2,15,15,678
37400,2,15,15,627
37401,2,15,15,676
37402,2,15,15,651
37403,2,15,15,661
37404,2,15,15,682
37405,2,39,39,684
37406,2,15,15,667
37407,2,15,15,528
37408,2,15,15,672
37409,2,15,15,645
37410,2,15,15,683
37411,2,15,15,407
37412,2,15,15,426
37413,2,4,4,656
37414,2,15,15,670
37415,2,15,15,681
37416,2,15,15,655
37417,2,41,41,693
37418,2,15,15,625
37419,2,15,15,674
37420,2,15,15,273
37421,2,15,15,674
37422,2,21,21,674
37423,2,15,15,669
37424,2,15,15,232
37425,2,15,15,647
37426,2,15,15,666
37427,2,15,15,684
37428,2,15,15,601
37429,2,15,15,664
37430,2,15,15,679
37431,2,15,15,140
37432,2,15,15,675
37433,2,15,15,140
37434,2,15,15,670
37435,2,15,15,596
37436,2,15,15,670
37437,2,15,15,520
37438,2,15,15,48
37439,2,15,15,682
37440,2,15,15,405
37441,2,15,15,651
37442,2,15,15,659
37443,2,41,41,673
37444,2,15,15,639
37445,2,15,15,672
37446,2,21,15,617
37447,2,15,15,693
37448,2,15,15,353
37449,2,15,15,689
37450,2,15,15,239
37451,2,15,15,689
37452,2,15,15,684
37453,2,15,15,677
37454,2,15,15,661
37455,2,15,15,665
37456,2,15,15,334
37457,2,15,15,683
37458,2,15,15,616
37459,2,15,15,600
37460,2,15,15,632
37461,2,15,15,585
37462,2,15,15,626
37463,2,15,15,686
37464,2,3,15,213
37465,2,15,15,675
37466,2,15,15,564
37467,2,15,15,688
37468,2,15,15,239
37469,2,15,15,669
37470,2,15,15,690
37471,2,15,15,671
37472,2,15,15,664
37473,2,41,41,684
37474,2,15,15,686
37475,2,15,15,683
37476,2,15,15,683
37477,2,15,15,4
37478,2,15,15,685
37479,2,15,15,684
37480,2,15,15,677
37481,2,15,15,670
37482,2,15,15,682
37483,2,15,15,653
37484,2,15,15,677
37485,2,15,15,682
37486,2,15,15,686
37487,2,15,15,578
37488,2,15,15,683
37489,2,15,15,654
37490,2,15,15,668
37491,2,15,15,604
37492,2,15,15,681
37493,2,15,15,667
37494,2,15,15,658
37495,2,15,15,691
37496,2,15,15,447
37497,2,15,15,686
37498,2,41,41,672
37499,2,15,15,482
37500,2,15,15,681
37501,2,15,15,644
37502,2,15,15,674
37503,2,15,15,417
37504,2,15,15,660
37505,2,15,15,607
37506,2,15,15,682
37507,2,15,15,690
37508,2,15,15,580
37509,2,15,15,694
37510,2,15,15,675
37511,2,15,15,600
37512,2,15,15,695
37513,2,15,15,682
37514,2,15,15,199
37515,2,41,41,684
37516,2,15,15,593
37517,2,3,3,606
37518,2,15,15,240
37519,2,15,15,689
37520,2,15,15,671
37521,2,15,15,656
37522,2,15,15,47
37523,2,15,15,679
37524,2,15,15,687
37525,2,15,15,685
37526,2,15,15,677
37527,2,15,15,683
37528,2,15,4,685
37529,2,15,15,687
37530,2,15,15,681
37531,2,15,15,672
37532,2,15,15,311
37533,2,15,15,691
37534,2,15,15,685
37535,2,15,15,682
37536,2,15,15,684
37537,2,15,15,664
37538,2,15,15,683
37539,2,15,15,681
37540,2,15,4,666
37541,2,15,15,689
37542,2,15,15,661
37543,2,15,15,660
37544,2,15,15,674
37545,2,15,15,687
37546,2,15,15,681
37547,2,15,15,642
37548,2,4,4,510
37549,2,15,15,283
37550,2,15,15,304
37551,2,15,4,681
37552,2,15,15,683
37553,2,15,15,136
37554,2,15,15,648
37555,2,4,4,623
37556,2,15,15,682
37557,2,15,15,680
37558,2,15,15,573
37559,2,15,15,684
37560,2,15,15,284
37561,2,15,15,624
37562,2,15,15,518
37563,2,15,15,205
37564,2,15,15,682
37565,2,15,15,667
37566,2,15,15,671
37567,2,15,15,619
37568,2,15,15,677
37569,2,15,15,677
37570,2,15,15,274
37571,2,15,15,671
37572,2,15,15,684
37573,2,15,15,153
37574,2,15,15,681
37575,2,15,15,678
37576,2,15,15,695
37577,2,15,15,677
37578,2,15,15,674
37579,2,4,4,604
37580,2,15,15,685
37581,2,15,15,667
37582,2,15,15,671
37583,2,15,15,669
37584,2,15,15,665
37585,2,15,15,662
37586,2,15,15,660
37587,2,15,15,694
37588,2,15,15,654
37589,2,15,15,684
37590,2,15,15,677
37591,2,15,15,592
37592,2,15,15,650
37593,2,15,15,136
37594,2,15,15,684
37595,2,15,15,671
37596,2,15,15,647
37597,2,15,15,683
37598,2,15,15,565
37599,2,15,15,690
37600,2,15,15,543
37601,2,15,15,650
37602,2,15,15,642
37603,2,15,15,143
37604,2,15,15,689
37605,2,15,15,615
37606,2,15,15,557
37607,2,15,15,509
37608,2,15,15,682
37609,2,15,15,611
37610,2,15,15,664
37611,2,15,15,666
37612,2,15,15,674
37613,2,39,39,684
37614,2,15,15,680
37615,2,15,15,669
37616,2,15,15,678
37617,2,15,15,676
37618,2,15,15,689
37619,2,15,15,615
37620,2,15,15,682
37621,2,15,15,629
37622,2,15,15,659
37623,2,15,15,681
37624,2,15,15,137
37625,2,4,4,571
37626,2,15,15,680
37627,2,15,15,693
37628,2,15,15,676
37629,2,15,15,672
37630,2,15,15,449
37631,2,15,15,662
37632,2,15,15,664
37633,2,21,15,666
37634,2,15,15,644
37635,2,15,15,697
37636,2,3,3,237
37637,2,15,15,639
37638,2,15,15,683
37639,2,15,15,683
37640,2,15,15,134
37641,2,15,15,659
37642,2,15,15,684
37643,2,15,15,601
37644,2,41,41,662
37645,2,15,15,684
37646,2,15,15,672
37647,2,15,15,658
37648,2,3,3,517
37649,2,15,15,322
37650,2,15,15,678
37651,2,15,15,691
37652,2,15,15,670
37653,2,15,15,689
37654,2,15,15,666
37655,2,15,15,626
37656,2,15,15,684
37657,2,15,15,691
37658,2,15,15,583
37659,2,4,4,566
37660,2,15,15,688
37661,2,4,4,661
37662,2,15,15,655
37663,2,15,15,675
37664,2,15,15,83
37665,2,15,15,674
37666,2,15,15,687
37667,2,15,15,678
37668,2,15,15,684
37669,2,15,15,604
37670,2,15,15,688
37671,2,15,15,519
37672,2,15,15,556
37673,2,15,15,660
37674,2,15,15,678
37675,2,15,15,665
37676,2,15,15,681
37677,2,15,15,691
37678,2,15,4,687
37679,2,15,15,682
37680,2,15,15,662
37681,2,15,15,690
37682,2,15,15,685
37683,2,21,15,265
37684,2,15,15,689
37685,2,15,15,660
37686,2,15,15,609
37687,2,15,15,379
37688,2,15,15,685
37689,2,15,15,637
37690,2,4,4,579
37691,2,15,15,62
37692,2,15,15,557
37693,2,15,15,689
37694,2,15,15,659
37695,2,15,15,687
37696,2,15,15,649
37697,2,15,15,676
37698,2,15,15,553
37699,2,15,15,667
37700,2,15,15,671
37701,2,15,15,671
37702,2,15,15,679
37703,2,15,15,679
37704,2,15,15,686
37705,2,15,15,664
37706,2,15,15,607
37707,2,15,15,403
37708,2,15,15,497
37709,2,15,15,685
37710,2,15,15,583
37711,2,15,15,671
37712,2,15,15,687
37713,2,15,15,691
37714,2,15,15,686
37715,2,15,15,683
37716,2,15,15,678
37717,2,15,15,668
37718,2,15,15,660
37719,2,15,15,686
37720,2,15,15,691
37721,2,15,15,620
37722,2,15,15,667
37723,2,15,15,655
37724,2,15,15,640
37725,2,15,15,683
37726,2,15,15,685
37727,2,15,15,622
37728,2,15,15,685
37729,2,15,15,665
37730,2,15,15,22
37731,2,15,15,650
37732,2,15,15,642
37733,2,15,15,683
37734,2,15,15,632
37735,2,15,15,274
37736,2,15,15,683
37737,2,15,15,682
37738,2,15,15,678
37739,2,15,15,681
37740,2,15,15,675
37741,2,15,15,687
37742,2,15,15,544
37743,2,15,15,689
37744,2,15,15,243
37745,2,15,15,551
37746,2,15,15,432
37747,2,15,15,638
37748,2,41,41,682
37749,2,41,41,686
37750,2,15,15,664
37751,2,15,15,684
37752,2,15,15,587
37753,2,15,15,600
37754,2,15,15,411
37755,2,15,15,352
37756,2,15,15,655
37757,2,15,15,600
37758,2,15,15,442
37759,2,15,15,679
37760,2,15,15,679
37761,2,15,15,639
37762,2,15,15,640
37763,2,15,15,679
37764,2,15,15,607
37765,2,15,15,672
37766,2,15,15,654
37767,2,15,15,16
37768,2,15,15,670
37769,2,15,15,685
37770,2,15,15,627
37771,2,15,15,480
37772,2,15,15,677
37773,2,15,15,657
37774,2,41,41,655
37775,2,15,15,681
37776,2,15,15,650
37777,2,15,15,658
37778,2,15,15,682
37779,2,15,15,682
37780,2,15,15,683
37781,2,15,15,682
37782,2,15,15,304
37783,2,15,15,618
37784,2,15,15,684
37785,2,15,15,678
37786,2,15,15,672
37787,2,12,12,388
37788,2,15,15,689
37789,2,15,15,629
37790,2,15,15,679
37791,2,15,15,661
37792,2,15,15,685
37793,2,15,15,651
37794,2,15,15,540
37795,2,15,15,100
37796,2,15,15,687
37797,2,15,15,673
37798,2,3,3,497
37799,2,15,15,678
37800,2,15,15,684
37801,2,15,15,666
37802,2,15,15,671
37803,2,15,15,673
37804,2,39,39,689
37805,2,15,15,653
37806,2,15,15,688
37807,2,15,4,671
37808,2,15,15,323
37809,2,15,15,671
37810,2,15,15,695
37811,2,15,15,121
37812,2,4,4,672
37813,2,15,15,675
37814,2,15,15,625
37815,2,15,15,341
37816,2,15,15,677
37817,2,3,3,524
37818,2,15,15,683
37819,2,15,15,681
37820,2,15,15,683
37821,2,15,15,160
37822,2,15,15,285
37823,2,15,15,666
37824,2,15,15,672
37825,2,15,15,663
37826,2,15,15,684
37827,2,15,15,113
37828,2,15,15,684
37829,2,15,15,611
37830,2,15,15,357
37831,2,15,15,23
37832,2,15,15,682
37833,2,15,15,527
37834,2,15,15,682
37835,2,4,4,662
37836,2,15,15,675
37837,2,15,15,674
37838,2,15,15,527
37839,2,15,15,676
37840,2,15,15,611
37841,2,15,15,588
37842,2,15,15,687
37843,2,15,15,666
37844,2,21,15,157
37845,2,15,15,598
37846,2,15,15,673
37847,2,15,15,564
37848,2,15,15,685
37849,2,15,15,569
37850,2,15,15,681
37851,2,15,15,544
37852,2,15,15,634
37853,2,15,15,680
37854,2,15,15,688
37855,2,15,15,269
37856,2,15,15,689
37857,2,15,15,656
37858,2,15,15,685
37859,2,15,15,686
37860,2,15,15,688
37861,2,15,15,618
37862,2,15,15,681
37863,2,15,15,404
37864,2,15,15,519
37865,2,3,3,248
37866,2,15,15,684
37867,2,21,15,600
37868,2,15,15,679
37869,2,15,15,638
37870,2,15,15,664
37871,2,15,15,655
37872,2,15,15,610
37873,2,15,15,84
37874,2,15,15,648
37875,2,15,15,670
37876,2,15,15,668
37877,2,15,15,554
37878,2,15,15,684
37879,2,15,15,447
37880,2,15,15,616
37881,2,15,15,594
37882,2,15,15,585
37883,2,15,15,682
37884,2,15,15,610
37885,2,4,15,637
37886,2,15,15,689
37887,2,15,15,678
37888,2,15,15,677
37889,2,15,15,658
37890,2,15,15,126
37891,2,15,15,668
37892,2,4,4,551
37893,2,15,15,640
37894,2,15,15,508
37895,2,15,15,676
37896,2,15,15,669
37897,2,15,15,658
37898,2,15,15,538
37899,2,15,15,216
37900,2,15,15,675
37901,2,15,15,520
37902,2,15,15,694
37903,2,15,15,476
37904,2,15,15,676
37905,2,15,15,659
37906,2,15,15,603
37907,2,15,15,404
37908,2,15,15,686
37909,2,15,15,673
37910,2,15,15,197
37911,2,15,15,596
37912,2,15,15,680
37913,2,15,15,639
37914,2,15,15,668
37915,2,15,15,684
37916,2,15,15,633
37917,2,15,15,690
37918,2,15,15,677
37919,2,15,15,688
37920,2,15,15,642
37921,2,15,15,663
37922,2,15,15,675
37923,2,15,15,688
37924,2,15,15,557
37925,2,15,3,665
37926,2,15,15,680
37927,2,15,15,688
37928,2,15,15,676
37929,2,15,15,457
37930,2,15,15,680
37931,2,15,15,663
37932,2,15,15,680
37933,2,15,15,679
37934,2,15,15,688
37935,2,15,15,684
37936,2,15,15,673
37937,2,15,15,690
37938,2,15,15,687
37939,2,21,4,567
37940,2,15,15,162
37941,2,15,15,686
37942,2,15,15,683
37943,2,15,15,694
37944,2,15,15,670
37945,2,15,15,683
37946,2,15,15,285
37947,2,15,15,679
37948,2,15,15,633
37949,2,15,15,168
37950,2,15,15,686
37951,2,15,15,655
37952,2,15,15,675
37953,2,15,15,686
37954,2,15,15,650
37955,2,15,15,680
37956,2,15,15,682
37957,2,15,15,686
37958,2,15,15,642
37959,2,15,15,622
37960,2,15,15,672
37961,2,15,15,674
37962,2,15,15,644
37963,2,4,4,678
37964,2,15,15,559
37965,2,15,15,687
37966,2,15,15,673
37967,2,15,15,680
37968,2,15,15,663
37969,2,15,15,683
37970,2,21,15,661
37971,2,15,15,660
37972,2,15,15,678
37973,2,15,15,688
37974,2,15,15,258
37975,2,15,15,674
37976,2,15,15,506
37977,2,15,15,686
37978,2,15,15,674
37979,2,15,15,665
37980,2,15,15,682
37981,2,4,15,665
37982,2,15,15,216
37983,2,15,15,679
37984,2,4,4,593
37985,2,15,15,692
37986,2,15,15,679
37987,2,15,15,686
37988,2,15,15,693
37989,2,15,15,670
37990,2,15,15,689
37991,2,39,15,687
37992,2,39,39,684
37993,2,15,15,597
37994,2,15,15,666
37995,2,15,15,585
37996,2,15,15,684
37997,2,15,15,429
37998,2,15,15,623
37999,2,15,15,623
38000,2,15,15,690
38001,2,15,15,688
38002,2,15,15,268
38003,2,15,15,685
38004,2,15,15,665
38005,2,15,15,651
38006,2,15,15,673
38007,2,15,15,690
38008,2,15,15,655
38009,2,15,15,684
38010,2,15,15,676
38011,2,15,15,675
38012,2,15,15,456
38013,2,15,15,687
38014,2,15,15,641
38015,2,15,15,149
38016,2,15,15,670
38017,2,15,15,684
38018,2,15,15,676
38019,2,15,15,689
38020,2,15,15,679
38021,2,21,21,513
38022,2,15,15,438
38023,2,15,15,600
38024,2,15,15,679
38025,2,15,15,683
38026,2,15,15,682
38027,2,4,4,632
38028,2,15,15,671
38029,2,15,15,165
38030,2,15,15,686
38031,2,15,15,436
38032,2,15,15,599
38033,2,15,15,689
38034,2,15,15,682
38035,2,15,15,468
38036,2,15,15,658
38037,2,15,15,687
38038,2,15,15,684
38039,2,15,15,683
38040,2,15,15,675
38041,2,15,15,683
38042,2,15,15,125
38043,2,15,15,677
38044,2,15,15,685
38045,2,15,15,492
38046,2,15,15,685
38047,2,15,15,674
38048,2,15,15,530
38049,2,15,15,668
38050,2,15,15,603
38051,2,15,15,682
38052,2,15,15,674
38053,2,15,15,687
38054,2,15,15,671
38055,2,15,15,683
38056,2,15,15,677
38057,2,15,15,677
38058,2,15,15,675
38059,2,15,15,682
38060,2,15,15,679
38061,2,15,15,660
38062,2,15,15,676
38063,2,15,15,664
38064,2,15,15,82
38065,2,4,4,627
38066,2,15,15,669
38067,2,15,15,350
38068,2,15,15,605
38069,2,15,15,685
38070,2,15,15,691
38071,2,15,15,645
38072,2,4,4,682
38073,2,15,15,689
38074,2,15,15,676
38075,2,15,15,608
38076,2,15,15,687
38077,2,15,15,663
38078,2,15,15,564
38079,2,15,15,639
38080,2,15,15,637
38081,2,15,15,680
38082,2,15,15,682
38083,2,15,15,685
38084,2,15,15,685
38085,2,15,15,687
38086,2,4,4,664
38087,2,15,15,438
38088,2,15,15,687
38089,2,15,15,690
38090,2,15,15,444
38091,2,15,4,552
38092,2,15,15,677
38093,2,15,15,602
38094,2,4,4,352
38095,2,15,15,660
38096,2,15,15,687
38097,2,15,15,688
38098,2,15,15,682
38099,2,15,15,682
38100,2,15,15,684
38101,2,15,15,637
38102,2,15,15,686
38103,2,15,15,691
38104,2,15,15,655
38105,2,15,15,600
38106,2,15,21,674
38107,2,15,15,680
38108,2,4,15,672
38109,2,15,15,658
38110,2,15,15,611
38111,2,15,15,501
38112,2,15,15,620
38113,2,15,15,684
38114,2,15,15,652
38115,2,15,15,651
38116,2,4,4,667
38117,2,15,15,680
38118,2,15,15,685
38119,2,15,15,670
38120,2,15,15,679
38121,2,15,15,623
38122,2,15,15,169
38123,2,15,15,653
38124,2,39,39,682
38125,2,15,15,686
38126,2,15,15,648
38127,2,21,21,658
38128,2,15,15,467
38129,2,15,15,654
38130,2,15,15,598
38131,2,15,15,658
38132,2,15,15,644
38133,2,15,15,671
38134,2,15,15,635
38135,2,15,15,651
38136,2,15,15,609
38137,2,15,15,686
38138,2,15,15,643
38139,2,15,15,642
38140,2,15,15,670
38141,2,15,15,687
38142,2,15,15,496
38143,2,15,15,606
38144,2,15,15,645
38145,2,15,15,539
38146,2,15,15,682
38147,2,15,15,666
38148,2,15,15,646
38149,2,15,15,678
38150,2,15,15,628
38151,2,15,15,610
38152,2,15,15,685
38153,2,4,4,627
38154,2,15,15,580
38155,2,24,24,493
38156,2,15,15,238
38157,2,15,15,611
38158,2,15,15,612
38159,2,15,15,682
38160,2,15,15,666
38161,2,15,15,660
38162,2,39,39,664
38163,2,15,15,663
38164,2,15,15,684
38165,2,15,15,683
38166,2,15,15,684
38167,2,15,15,651
38168,2,15,15,637
38169,2,4,4,399
38170,2,15,15,122
38171,2,15,15,644
38172,2,15,15,651
38173,2,15,15,681
38174,2,15,15,683
38175,2,15,15,514
38176,2,39,39,650
38177,2,15,15,639
38178,2,15,15,619
38179,2,15,15,523
38180,2,15,15,686
38181,2,15,15,685
38182,2,15,15,616
38183,2,21,4,476
38184,2,15,15,646
38185,2,15,15,328
38186,2,15,15,664
38187,2,15,15,672
38188,2,15,15,668
38189,2,15,15,552
38190,2,15,15,501
38191,2,15,15,683
38192,2,15,15,690
38193,2,4,4,253
38194,2,15,15,649
38195,2,15,15,683
38196,2,15,15,487
38197,2,15,15,666
38198,2,15,15,675
38199,2,15,15,639
38200,2,15,15,669
38201,2,15,15,658
38202,2,15,15,511
38203,2,15,15,656
38204,2,15,15,685
38205,2,15,15,637
38206,2,15,15,687
38207,2,15,15,671
38208,2,15,15,549
38209,2,15,15,682
38210,2,15,15,663
38211,2,15,15,669
38212,2,4,4,645
38213,2,15,15,557
38214,2,4,15,678
38215,2,15,15,531
38216,2,15,15,582
38217,2,15,15,684
38218,2,15,15,440
38219,2,15,15,686
38220,2,15,15,683
38221,2,15,15,682
38222,2,15,15,690
38223,2,15,15,691
38224,2,21,21,622
38225,2,4,4,263
38226,2,15,15,689
38227,2,15,15,673
38228,2,15,15,681
38229,2,4,4,592
38230,2,15,15,493
38231,2,15,15,642
38232,2,4,4,606
38233,2,15,15,684
38234,2,15,15,671
38235,2,15,15,679
38236,2,15,15,687
38237,2,15,15,659
38238,2,15,15,691
38239,2,15,15,683
38240,2,15,15,369
38241,2,15,15,595
38242,2,15,15,677
38243,2,15,15,613
38244,2,15,15,686
38245,2,15,15,630
38246,2,15,15,679
38247,2,15,15,214
38248,2,15,15,680
38249,2,15,15,670
38250,2,15,15,683
38251,2,15,15,684
38252,2,15,15,638
38253,2,15,15,684
38254,2,15,15,687
38255,2,15,15,681
38256,2,15,15,683
38257,2,15,15,325
38258,2,15,15,693
38259,2,15,15,643
38260,2,15,15,62
38261,2,15,15,687
38262,2,15,15,688
38263,2,21,15,666
38264,2,15,15,687
38265,2,15,15,558
38266,2,15,15,685
38267,2,15,15,683
38268,2,15,15,687
38269,2,15,15,682
38270,2,15,15,665
38271,2,15,15,639
38272,2,15,15,668
38273,2,15,15,682
38274,2,15,15,641
38275,2,15,15,679
38276,2,4,4,579
38277,2,15,15,40
38278,2,15,15,679
38279,2,24,24,688
38280,2,15,15,676
38281,2,15,15,649
38282,2,15,15,239
38283,2,15,15,683
38284,2,15,15,688
38285,2,15,15,686
38286,2,15,15,636
38287,2,15,15,687
38288,2,15,15,666
38289,2,15,15,645
38290,2,15,15,688
38291,2,15,15,670
38292,2,15,15,662
38293,2,15,15,683
38294,2,15,15,688
38295,2,15,15,361
38296,2,15,15,398
38297,2,15,15,194
38298,2,15,15,667
38299,2,15,15,673
38300,2,15,15,675
38301,2,15,15,670
38302,2,15,15,622
38303,2,15,15,689
38304,2,15,15,674
38305,2,15,15,686
38306,2,15,15,671
38307,2,15,15,674
38308,2,15,15,680
38309,2,15,15,563
38310,2,15,15,685
38311,2,15,15,438
38312,2,15,15,683
38313,2,3,3,612
38314,2,15,15,681
38315,2,15,15,660
38316,2,15,15,683
38317,2,15,15,418
38318,2,15,15,96
38319,2,15,15,647
38320,2,15,15,634
38321,2,15,15,677
38322,2,15,15,688
38323,2,15,15,674
38324,2,15,15,685
38325,2,39,39,668
38326,2,15,15,691
38327,2,15,15,647
38328,2,15,15,680
38329,2,15,15,683
38330,2,15,15,670
38331,2,15,15,682
38332,2,15,15,609
38333,2,15,15,548
38334,2,15,15,614
38335,2,15,15,688
38336,2,15,15,686
38337,2,15,15,679
38338,2,15,15,652
38339,2,15,15,671
38340,2,15,15,683
38341,2,15,15,544
38342,2,15,15,652
38343,2,15,15,681
38344,2,21,21,660
38345,2,15,15,327
38346,2,15,15,687
38347,2,15,15,594
38348,2,15,15,682
38349,2,15,15,662
38350,2,39,39,643
38351,2,15,15,590
38352,2,15,15,681
38353,2,15,15,677
38354,2,15,15,552
38355,2,15,15,679
38356,2,15,15,547
38357,2,15,15,682
38358,2,15,15,636
38359,2,15,15,685
38360,2,15,15,664
38361,2,15,15,672
38362,2,15,15,551
38363,2,15,15,684
38364,2,15,15,691
38365,2,15,15,689
38366,2,4,4,628
38367,2,15,15,560
38368,2,15,15,684
38369,2,15,15,650
38370,2,15,15,682
38371,2,21,21,683
38372,2,15,15,642
38373,2,15,15,541
38374,2,15,15,658
38375,2,15,15,674
38376,2,15,15,684
38377,2,15,15,681
38378,2,15,15,671
38379,2,15,15,669
38380,2,15,15,375
38381,2,15,15,677
38382,2,15,15,650
38383,2,15,15,220
38384,2,15,15,680
38385,2,15,15,687
38386,2,15,15,687
38387,2,15,15,683
38388,2,15,15,549
38389,2,15,15,672
38390,2,21,15,67
38391,2,15,15,683
38392,2,15,15,663
38393,2,15,15,686
38394,2,15,15,687
38395,2,15,15,664
38396,2,15,15,658
38397,2,15,15,615
38398,2,15,15,186
38399,2,15,15,692
38400,2,15,15,51
38401,2,15,15,669
38402,2,15,15,685
38403,2,15,15,683
38404,2,15,15,670
38405,2,15,15,677
38406,2,15,15,616
38407,2,15,15,266
38408,2,15,15,671
38409,2,15,15,677
38410,2,15,15,685
38411,2,15,15,666
38412,2,15,15,695
38413,2,15,15,663
38414,2,15,15,686
38415,2,15,15,687
38416,2,3,3,516
38417,2,15,15,689
38418,2,15,15,678
38419,2,15,15,677
38420,2,15,15,692
38421,2,15,15,678
38422,2,15,15,633
38423,2,15,15,463
38424,2,15,15,677
38425,2,15,15,411
38426,2,15,15,672
38427,2,15,15,616
38428,2,15,15,685
38429,2,15,15,629
38430,2,15,15,682
38431,2,15,15,684
38432,2,15,15,681
38433,2,15,15,679
38434,2,15,15,657
38435,2,15,15,630
38436,2,15,15,306
38437,2,15,15,559
38438,2,15,15,688
38439,2,15,15,675
38440,2,15,15,575
38441,2,15,15,670
38442,2,15,15,668
38443,2,15,15,683
38444,2,15,15,210
38445,2,15,15,680
38446,2,15,15,673
38447,2,15,15,667
38448,2,15,15,593
38449,2,15,15,667
38450,2,15,15,670
38451,2,15,15,682
38452,2,15,15,599
38453,2,15,15,615
38454,2,15,15,696
38455,2,15,15,244
38456,2,15,15,655
38457,2,15,15,449
38458,2,15,15,684
38459,2,15,15,658
38460,2,15,15,668
38461,2,15,15,675
38462,2,15,15,688
38463,2,15,15,642
38464,2,15,15,685
38465,2,15,15,682
38466,2,15,15,670
38467,2,15,15,679
38468,2,15,15,495
38469,2,4,4,626
38470,2,15,15,684
38471,2,15,15,690
38472,2,15,15,690
38473,2,15,15,679
38474,2,15,15,601
38475,2,15,15,679
38476,2,15,15,677
38477,2,15,15,684
38478,2,15,15,508
38479,2,15,15,513
38480,2,15,15,288
38481,2,15,15,676
38482,2,15,15,664
38483,2,15,15,585
38484,2,15,15,686
38485,2,15,15,476
38486,2,15,15,680
38487,2,15,15,676
38488,2,15,15,625
38489,2,15,15,685
38490,2,15,15,690
38491,2,15,15,470
38492,2,15,15,647
38493,2,15,15,58
38494,2,15,15,689
38495,2,15,15,644
38496,2,15,15,682
38497,2,15,15,685
38498,2,15,15,662
38499,2,15,15,569
38500,2,15,15,688
38501,2,15,15,689
38502,2,15,15,527
38503,2,15,15,672
38504,2,15,15,677
38505,2,15,15,663
38506,2,15,15,656
38507,2,15,15,693
38508,2,15,15,322
38509,2,15,15,675
38510,2,15,15,506
38511,2,15,15,663
38512,2,15,15,685
38513,2,15,15,689
38514,2,15,15,685
38515,2,15,15,617
38516,2,15,15,673
38517,2,15,15,677
38518,2,15,15,678
38519,2,15,15,683
38520,2,15,15,686
38521,2,15,15,672
38522,2,15,15,683
38523,2,15,15,640
38524,2,15,15,664
38525,2,15,15,227
38526,2,15,15,675
38527,2,15,15,672
38528,2,15,15,480
38529,2,15,15,688
38530,2,15,15,680
38531,2,15,15,465
38532,2,15,15,668
38533,2,15,15,686
38534,2,15,15,640
38535,2,15,15,601
38536,2,15,15,665
38537,2,15,15,680
38538,2,15,15,663
38539,2,4,4,511
38540,2,15,15,689
38541,2,15,15,690
38542,2,41,41,682
38543,2,15,15,41
38544,2,15,15,690
38545,2,15,15,624
38546,2,12,12,683
38547,2,41,15,588
38548,2,15,15,685
38549,2,15,15,678
38550,2,15,15,680
38551,2,15,15,678
38552,2,15,15,675
38553,2,15,15,685
38554,2,33,33,414
38555,2,15,15,676
38556,2,15,15,692
38557,2,15,15,357
38558,2,4,4,619
38559,2,15,15,697
38560,2,41,41,642
38561,2,15,15,691
38562,2,15,15,435
38563,2,15,15,676
38564,2,15,15,684
38565,2,15,15,649
38566,2,15,15,663
38567,2,15,15,671
38568,2,15,15,685
38569,2,15,15,691
38570,2,15,15,685
38571,2,15,15,521
38572,2,15,15,681
38573,2,15,15,684
38574,2,15,15,669
38575,2,15,15,691
38576,2,4,4,630
38577,2,15,15,689
38578,2,3,3,1
38579,2,15,15,687
38580,2,15,15,692
38581,2,15,15,680
38582,2,15,15,540
38583,2,15,15,647
38584,2,15,15,646
38585,2,15,15,476
38586,2,15,15,397
38587,2,15,15,686
38588,2,15,15,652
38589,2,15,4,655
38590,2,41,41,684
38591,2,15,15,644
38592,2,4,4,672
38593,2,15,15,691
38594,2,15,15,635
38595,2,15,15,678
38596,2,15,15,327
38597,2,15,15,695
38598,2,15,15,671
38599,2,15,15,692
38600,2,39,15,637
38601,2,15,15,671
38602,2,15,15,686
38603,2,15,15,133
38604,2,9,9,689
38605,2,15,15,687
38606,2,15,15,683
38607,2,15,15,685
38608,2,15,15,139
38609,2,4,4,616
38610,2,15,15,666
38611,2,15,15,567
38612,2,15,15,692
38613,2,15,15,626
38614,2,15,15,686
38615,2,15,15,689
38616,2,4,4,381
38617,2,15,15,240
38618,2,15,15,681
38619,2,15,15,670
38620,2,15,15,670
38621,2,15,15,245
38622,2,15,15,659
38623,2,15,15,560
38624,2,15,15,581
38625,2,4,4,236
38626,2,15,15,681
38627,2,15,15,676
38628,2,15,15,678
38629,2,15,15,682
38630,2,15,15,638
38631,2,15,15,670
38632,2,15,15,656
38633,2,21,21,666
38634,2,15,15,601
38635,2,15,15,687
38636,2,15,15,680
38637,2,15,15,636
38638,2,15,15,671
38639,2,15,15,667
38640,2,15,15,670
38641,2,15,15,554
38642,2,15,15,682
38643,2,15,15,670
38644,2,39,39,667
38645,2,15,15,669
38646,2,15,15,692
38647,2,15,15,653
38648,2,15,15,584
38649,2,15,15,686
38650,2,15,15,660
38651,2,15,15,269
38652,2,15,15,413
38653,2,15,15,691
38654,2,15,15,659
38655,2,15,15,690
38656,2,39,3,622
38657,2,4,4,633
38658,2,15,15,673
38659,2,15,15,666
38660,2,21,15,654
38661,2,15,15,668
38662,2,3,3,436
38663,2,15,15,682
38664,2,15,15,681
38665,2,15,15,665
38666,2,15,15,688
38667,2,15,15,679
38668,2,15,15,679
38669,2,15,15,228
38670,2,4,4,610
38671,2,15,15,685
38672,2,15,15,679
38673,2,15,15,565
38674,2,15,15,525
38675,2,15,4,665
38676,2,15,15,565
38677,2,15,15,677
38678,2,15,15,688
38679,2,15,15,679
38680,2,15,15,680
38681,2,15,15,690
38682,2,41,41,99
38683,2,15,15,631
38684,2,15,15,227
38685,2,15,15,683
38686,2,15,15,629
38687,2,15,15,684
38688,2,15,15,385
38689,2,15,15,686
38690,2,15,15,685
38691,2,41,41,533
38692,2,15,15,670
38693,2,20,15,633
38694,2,15,15,638
38695,2,15,15,385
38696,2,15,15,596
38697,2,15,4,665
38698,2,15,15,675
38699,2,15,15,684
38700,2,15,15,667
38701,2,15,15,684
38702,2,15,15,679
38703,2,15,15,687
38704,2,15,15,685
38705,2,15,15,675
38706,2,41,41,641
38707,2,15,15,689
38708,2,15,15,668
38709,2,15,15,687
38710,2,15,15,631
38711,2,4,4,675
38712,2,15,15,684
38713,2,15,15,666
38714,2,15,15,124
38715,2,15,15,665
38716,2,15,15,685
38717,2,15,15,693
38718,2,15,15,687
38719,2,15,15,647
38720,2,39,39,685
38721,2,15,15,687
38722,2,15,15,57
38723,2,15,15,691
38724,2,15,15,556
38725,2,15,15,622
38726,2,15,15,471
38727,2,15,15,672
38728,2,15,15,652
38729,2,15,15,369
38730,2,15,15,567
38731,2,15,15,679
38732,2,15,15,662
38733,2,15,15,685
38734,2,3,3,23
38735,2,4,4,652
38736,2,15,15,649
38737,2,15,15,677
38738,2,15,15,489
38739,2,15,15,675
38740,2,15,15,673
38741,2,15,15,236
38742,2,15,15,670
38743,2,15,15,670
38744,2,15,15,684
38745,2,15,15,675
38746,2,15,15,670
38747,2,15,15,670
38748,2,15,15,671
38749,2,15,15,531
38750,2,15,15,620
38751,2,15,15,684
38752,2,15,15,685
38753,2,15,15,626
38754,2,15,15,660
38755,2,15,15,678
38756,2,15,15,245
38757,2,15,15,543
38758,2,15,15,647
38759,2,39,39,652
38760,2,15,15,686
38761,2,15,15,686
38762,2,15,15,684
38763,2,15,15,666
38764,2,15,15,684
38765,2,4,4,640
38766,2,15,15,620
38767,2,4,4,631
38768,2,15,15,668
38769,2,15,15,680
38770,2,15,39,675
38771,2,15,15,687
38772,2,15,15,665
38773,2,15,15,583
38774,2,15,15,693
38775,2,15,15,654
38776,2,15,15,679
38777,2,15,15,654
38778,2,15,15,626
38779,2,15,15,650
38780,2,15,15,685
38781,2,15,15,654
38782,2,15,15,647
38783,2,15,15,682
38784,2,15,15,658
38785,2,15,15,695
38786,2,15,15,687
38787,2,15,15,674
38788,2,15,15,668
38789,2,15,15,607
38790,2,39,15,669
38791,2,15,15,432
38792,2,4,15,380
38793,2,15,15,677
38794,2,15,15,683
38795,2,15,15,661
38796,2,15,15,680
38797,2,15,15,641
38798,2,15,15,672
38799,2,15,15,655
38800,2,4,4,320
38801,2,15,15,626
38802,2,15,15,683
38803,2,15,15,503
38804,2,15,15,658
38805,2,15,15,672
38806,2,15,15,675
38807,2,15,15,689
38808,2,15,15,674
38809,2,15,15,595
38810,2,15,15,691
38811,2,15,15,577
38812,2,15,15,659
38813,2,15,15,678
38814,2,15,15,633
38815,2,15,15,483
38816,2,41,41,686
38817,2,15,15,674
38818,2,15,15,681
38819,2,15,15,668
38820,2,15,15,672
38821,2,15,15,683
38822,2,15,15,686
38823,2,15,15,689
38824,2,15,15,684
38825,2,15,15,63
38826,2,15,15,499
38827,2,15,15,668
38828,2,15,15,673
38829,2,4,4,119
38830,2,15,15,676
38831,2,15,15,685
38832,2,15,15,674
38833,2,15,15,685
38834,2,15,15,695
38835,2,15,15,686
38836,2,15,15,671
38837,2,15,15,667
38838,2,15,15,684
38839,2,15,15,653
38840,2,15,15,274
38841,2,4,4,677
38842,2,15,15,668
38843,2,15,15,394
38844,2,15,15,668
38845,2,39,39,586
38846,2,15,15,695
38847,2,15,15,674
38848,2,15,15,403
38849,2,15,15,679
38850,2,15,15,684
38851,2,15,15,686
38852,2,15,15,684
38853,2,4,4,511
38854,2,4,15,611
38855,2,15,15,391
38856,2,15,15,684
38857,2,15,15,681
38858,2,4,4,551
38859,2,15,15,687
38860,2,15,15,683
38861,2,15,15,676
38862,2,15,15,655
38863,2,15,15,686
38864,2,15,15,446
38865,2,15,15,686
38866,2,15,15,649
38867,2,15,15,650
38868,2,15,15,691
38869,2,15,15,676
38870,2,15,15,679
38871,2,15,15,676
38872,2,15,15,688
38873,2,15,15,614
38874,2,15,15,691
38875,2,15,15,655
38876,2,15,15,654
38877,2,15,15,692
38878,2,15,15,683
38879,2,15,15,668
38880,2,15,15,195
38881,2,21,15,33
38882,2,15,15,99
38883,2,15,15,679
38884,2,15,15,688
38885,2,15,15,690
38886,2,15,15,667
38887,2,15,15,681
38888,2,15,15,684
38889,2,15,15,513
38890,2,15,4,318
38891,2,15,15,681
38892,2,15,15,609
38893,2,4,4,675
38894,2,15,11,647
38895,2,15,15,624
38896,2,15,15,403
38897,2,4,4,551
38898,2,15,15,688
38899,2,15,15,558
38900,2,15,15,33
38901,2,15,15,596
38902,2,15,15,562
38903,2,15,15,692
38904,2,15,15,676
38905,2,15,15,676
38906,2,15,15,620
38907,2,15,15,666
38908,2,15,15,676
38909,2,15,15,624
38910,2,15,15,681
38911,2,15,15,670
38912,2,15,15,407
38913,2,15,15,269
38914,2,15,15,670
38915,2,4,4,636
38916,2,15,15,63
38917,2,15,15,676
38918,2,15,15,500
38919,2,15,15,398
38920,2,15,15,677
38921,2,15,15,472
38922,2,15,15,423
38923,2,15,15,675
38924,2,15,15,685
38925,2,15,15,682
38926,2,15,15,688
38927,2,15,15,678
38928,2,15,15,646
38929,2,15,4,554
38930,2,15,15,684
38931,2,4,4,21
38932,2,15,15,686
38933,2,15,15,687
38934,2,15,15,681
38935,2,15,15,667
38936,2,15,15,626
38937,2,15,15,682
38938,2,15,15,676
38939,2,15,15,319
38940,2,15,15,265
38941,2,15,15,674
38942,2,15,15,123
38943,2,15,15,680
38944,2,15,15,696
38945,2,15,15,671
38946,2,15,15,587
38947,2,15,15,684
38948,2,15,15,686
38949,2,15,15,544
38950,2,15,15,685
38951,2,15,15,675
38952,2,15,15,259
38953,2,15,15,687
38954,2,15,15,666
38955,2,15,15,497
38956,2,15,15,676
38957,2,15,15,669
38958,2,15,15,680
38959,2,15,15,687
38960,2,15,15,82
38961,2,15,15,683
38962,2,3,3,373
38963,2,15,15,568
38964,2,41,41,683
38965,2,15,15,665
38966,2,15,15,685
38967,2,15,15,651
38968,2,15,15,688
38969,2,15,15,673
38970,2,15,15,678
38971,2,15,15,693
38972,2,15,15,471
38973,2,15,15,679
38974,2,15,15,667
38975,2,15,15,466
38976,2,15,15,592
38977,2,15,15,684
38978,2,15,15,683
38979,2,39,39,672
38980,2,15,15,657
38981,2,15,15,678
38982,2,15,15,672
38983,2,15,15,566
38984,2,41,41,668
38985,2,15,15,672
38986,2,15,15,656
38987,2,15,15,616
38988,2,15,15,436
38989,2,15,15,597
38990,2,15,15,177
38991,2,15,15,685
38992,2,15,15,682
38993,2,15,15,574
38994,2,15,15,688
38995,2,15,15,687
38996,2,4,4,425
38997,2,15,15,675
38998,2,15,15,681
38999,2,15,15,570
39000,2,15,15,231
39001,2,15,15,105
39002,2,15,15,688
39003,2,15,15,685
39004,2,15,15,527
39005,2,15,15,685
39006,2,15,15,689
39007,2,15,15,622
39008,2,15,15,654
39009,2,15,15,485
39010,2,15,15,628
39011,2,15,15,683
39012,2,15,15,444
39013,2,15,15,694
39014,2,15,15,612
39015,2,15,15,684
39016,2,15,15,687
39017,2,15,15,609
39018,2,15,11,614
39019,2,15,15,692
39020,2,15,15,671
39021,2,15,15,676
39022,2,15,15,54
39023,2,15,15,686
39024,2,4,4,611
39025,2,15,15,681
39026,2,15,15,688
39027,2,15,15,43
39028,2,15,15,689
39029,2,15,15,689
39030,2,15,15,686
39031,2,15,15,657
39032,2,15,15,689
39033,2,15,15,625
39034,2,15,15,131
39035,2,15,15,689
39036,2,15,15,691
39037,2,15,15,670
39038,2,15,15,665
39039,2,15,15,676
39040,2,15,15,572
39041,2,15,15,638
39042,2,15,15,640
39043,2,15,15,679
39044,2,15,15,681
39045,2,15,15,631
39046,2,15,15,683
39047,2,15,15,676
39048,2,15,15,692
39049,2,4,4,693
39050,2,15,15,666
39051,2,15,15,492
39052,2,15,15,636
39053,2,15,15,453
39054,2,15,15,688
39055,2,15,15,685
39056,2,15,15,669
39057,2,15,15,628
39058,2,15,15,653
39059,2,15,15,687
39060,2,15,15,608
39061,2,15,15,608
39062,2,4,4,634
39063,2,15,15,461
39064,2,4,4,597
39065,2,15,15,677
39066,2,15,15,503
39067,2,15,15,684
39068,2,15,15,685
39069,2,15,15,570
39070,2,15,15,681
39071,2,15,15,669
39072,2,15,15,678
39073,2,15,15,657
39074,2,15,15,466
39075,2,15,15,626
39076,2,15,15,680
39077,2,15,15,650
39078,2,15,15,682
39079,2,15,15,691
39080,2,15,15,661
39081,2,15,15,669
39082,2,15,15,363
39083,2,15,15,277
39084,2,15,15,588
39085,2,15,15,678
39086,2,15,15,681
39087,2,15,15,686
39088,2,15,15,685
39089,2,15,15,651
39090,2,3,3,221
39091,2,15,15,687
39092,2,15,15,580
39093,2,15,15,690
39094,2,15,15,98
39095,2,15,15,647
39096,2,15,15,673
39097,2,15,15,679
39098,2,15,15,689
39099,2,15,15,684
39100,2,3,4,533
39101,2,15,15,683
39102,2,15,15,676
39103,2,15,15,682
39104,2,15,15,636
39105,2,15,15,677
39106,2,15,15,651
39107,2,15,15,654
39108,2,15,15,680
39109,2,15,15,628
39110,2,15,15,678
39111,2,15,15,683
39112,2,15,15,652
39113,2,15,15,662
39114,2,15,15,684
39115,2,4,4,583
39116,2,15,15,343
39117,2,15,15,684
39118,2,4,4,673
39119,2,15,15,678
39120,2,15,15,591
39121,2,15,15,661
39122,2,15,15,689
39123,2,15,15,584
39124,2,15,15,248
39125,2,4,4,671
39126,2,15,15,687
39127,2,15,15,672
39128,2,15,15,656
39129,2,15,15,670
39130,2,15,15,678
39131,2,15,15,617
39132,2,15,15,686
39133,2,15,15,691
39134,2,15,15,338
39135,2,15,15,659
39136,2,15,15,586
39137,2,15,15,686
39138,2,15,15,667
39139,2,21,15,681
39140,2,15,15,608
39141,2,15,15,624
39142,2,15,15,688
39143,2,15,15,689
39144,2,15,15,683
39145,2,39,15,664
39146,2,15,15,181
39147,2,15,15,332
39148,2,15,15,685
39149,2,15,15,334
39150,2,15,21,678
39151,2,15,15,682
39152,2,15,15,654
39153,2,15,15,369
39154,2,15,15,660
39155,2,41,41,643
39156,2,15,15,687
39157,2,15,15,681
39158,2,15,15,455
39159,2,15,15,673
39160,2,15,15,680
39161,2,15,15,664
39162,2,15,15,575
39163,2,4,4,656
39164,2,15,15,677
39165,2,15,3,649
39166,2,15,15,674
39167,2,15,15,688
39168,2,15,15,657
39169,2,15,15,602
39170,2,15,15,667
39171,2,15,15,614
39172,2,15,15,631
39173,2,15,15,671
39174,2,15,15,685
39175,2,21,15,626
39176,2,15,15,685
39177,2,15,15,608
39178,2,15,15,686
39179,2,15,41,635
39180,2,15,15,566
39181,2,15,15,286
39182,2,15,15,674
39183,2,15,15,319
39184,2,15,15,577
39185,2,15,15,635
39186,2,15,15,687
39187,2,15,15,680
39188,2,15,15,418
39189,2,15,15,690
39190,2,15,15,634
39191,2,15,15,680
39192,2,15,15,105
39193,2,15,15,624
39194,2,15,15,41
39195,2,15,15,691
39196,2,15,15,677
39197,2,15,15,345
39198,2,15,15,517
39199,2,15,15,272
39200,2,15,15,674
39201,2,15,15,673
39202,2,15,15,616
39203,2,15,15,681
39204,2,15,15,693
39205,2,15,15,685
39206,2,21,15,660
39207,2,15,15,675
39208,2,15,15,624
39209,2,15,15,437
39210,2,15,15,548
39211,2,15,15,687
39212,2,15,15,689
39213,2,15,4,670
39214,2,15,15,683
39215,2,15,15,691
39216,2,15,15,685
39217,2,15,15,629
39218,2,15,15,616
39219,2,15,15,625
39220,2,15,15,677
39221,2,15,15,639
39222,2,15,15,689
39223,2,15,15,681
39224,2,15,15,688
39225,2,15,15,493
39226,2,15,15,37
39227,2,15,15,677
39228,2,20,15,202
39229,2,15,15,685
39230,2,15,15,644
39231,2,15,15,686
39232,2,15,15,651
39233,2,15,15,53
39234,2,15,15,292
39235,2,15,15,611
39236,2,15,15,556
39237,2,15,15,684
39238,2,15,15,619
39239,2,15,15,133
39240,2,15,15,395
39241,2,15,15,655
39242,2,15,15,658
39243,2,15,15,635
39244,2,15,15,684
39245,2,15,15,647
39246,2,15,15,689
39247,2,15,15,392
39248,2,15,15,687
39249,2,15,15,604
39250,2,15,15,682
39251,2,4,4,670
39252,2,15,15,630
39253,2,15,15,681
39254,2,15,15,694
39255,2,15,15,36
39256,2,15,15,689
39257,2,15,15,688
39258,2,15,15,667
39259,2,15,15,56
39260,2,15,15,374
39261,2,15,4,679
39262,2,15,15,639
39263,2,15,15,544
39264,2,21,15,273
39265,2,15,15,682
39266,2,15,15,691
39267,2,15,15,682
39268,2,15,15,362
39269,2,15,15,640
39270,2,15,15,132
39271,2,15,15,676
39272,2,15,15,201
39273,2,15,15,675
39274,2,15,15,676
39275,2,15,15,681
39276,2,15,15,673
39277,2,15,15,689
39278,2,15,15,655
39279,2,15,15,251
39280,2,15,15,688
39281,2,15,15,455
39282,2,15,15,689
39283,2,15,15,685
39284,2,15,15,480
39285,2,15,15,593
39286,2,15,15,662
39287,2,15,15,614
39288,2,15,15,518
39289,2,15,15,654
39290,2,15,15,682
39291,2,15,15,173
39292,2,15,15,652
39293,2,15,15,546
39294,2,15,15,674
39295,2,15,15,443
39296,2,15,15,681
39297,2,15,15,505
39298,2,15,15,676
39299,2,15,15,683
39300,2,15,15,685
39301,2,15,15,690
39302,2,15,15,686
39303,2,15,15,672
39304,2,15,15,623
39305,2,15,15,674
39306,2,15,15,300
39307,2,15,4,678
39308,2,15,15,576
39309,2,15,15,643
39310,2,15,15,642
39311,2,15,15,660
39312,2,15,15,678
39313,2,3,3,530
39314,2,15,15,683
39315,2,15,15,681
39316,2,15,15,681
39317,2,15,15,635
39318,2,15,15,684
39319,2,15,15,565
39320,2,15,15,685
39321,2,15,15,548
39322,2,15,15,676
39323,2,15,15,655
39324,2,15,15,590
39325,2,15,15,682
39326,2,15,15,644
39327,2,15,15,681
39328,2,15,15,688
39329,2,15,15,519
39330,2,15,15,650
39331,2,15,15,686
39332,2,15,15,684
39333,2,15,15,673
39334,2,15,15,387
39335,2,15,15,680
39336,2,15,15,689
39337,2,15,15,335
39338,2,15,15,589
39339,2,15,15,531
39340,2,15,15,669
39341,2,15,15,684
39342,2,15,15,571
39343,2,15,15,532
39344,2,15,15,586
39345,2,15,15,663
39346,2,15,15,683
39347,2,15,15,591
39348,2,15,15,687
39349,2,15,15,679
39350,2,4,15,653
39351,2,15,15,667
39352,2,9,9,665
39353,2,15,15,670
39354,2,15,15,686
39355,2,15,15,656
39356,2,15,15,316
39357,2,15,15,674
39358,2,15,15,134
39359,2,15,15,675
39360,2,15,15,687
39361,2,15,15,658
39362,2,15,15,678
39363,2,15,15,646
39364,2,15,15,272
39365,2,15,15,672
39366,2,4,4,653
39367,2,15,15,680
39368,2,15,15,592
39369,2,15,15,685
39370,2,15,15,540
39371,2,15,15,29
39372,2,15,15,688
39373,2,15,15,667
39374,2,39,39,634
39375,2,15,15,686
39376,2,15,15,670
39377,2,15,15,682
39378,2,21,15,247
39379,2,15,15,634
39380,2,15,15,669
39381,2,15,15,682
39382,2,15,15,603
39383,2,15,15,677
39384,2,15,15,684
39385,2,15,15,647
39386,2,15,15,688
39387,2,15,15,619
39388,2,3,3,440
39389,2,15,15,685
39390,2,15,15,667
39391,2,15,15,683
39392,2,15,15,683
39393,2,15,15,356
39394,2,15,15,676
39395,2,15,15,685
39396,2,3,3,152
39397,2,15,15,683
39398,2,15,15,688
39399,2,15,15,642
39400,2,15,15,661
39401,2,15,15,671
39402,2,15,15,625
39403,2,15,15,651
39404,2,15,15,689
39405,2,15,15,594
39406,2,15,15,686
39407,2,15,15,668
39408,2,15,15,674
39409,2,15,15,604
39410,2,15,15,437
39411,2,15,15,688
39412,2,15,15,683
39413,2,15,15,689
39414,2,15,15,688
39415,2,15,15,669
39416,2,15,15,542
39417,2,15,15,688
39418,2,15,15,686
39419,2,15,15,247
39420,2,15,15,113
39421,2,15,15,681
39422,2,15,15,613
39423,2,15,15,690
39424,2,15,15,687
39425,2,15,15,689
39426,2,15,15,679
39427,2,15,15,689
39428,2,15,15,680
39429,2,21,15,638
39430,2,15,15,689
39431,2,15,15,683
39432,2,15,15,679
39433,2,15,15,665
39434,2,41,41,665
39435,2,15,15,582
39436,2,15,15,671
39437,2,3,3,154
39438,2,15,15,692
39439,2,15,15,665
39440,2,15,4,685
39441,2,15,15,685
39442,2,15,15,673
39443,2,15,15,610
39444,2,4,4,623
39445,2,15,15,328
39446,2,15,15,564
39447,2,15,15,683
39448,2,41,41,684
39449,2,15,15,657
39450,2,15,15,670
39451,2,15,15,682
39452,2,15,15,694
39453,2,15,15,675
39454,2,15,15,681
39455,2,15,15,187
39456,2,15,15,691
39457,2,41,41,674
39458,2,15,15,672
39459,2,15,15,480
39460,2,15,15,673
39461,2,15,15,678
39462,2,15,15,307
39463,2,15,15,671
39464,2,41,41,679
39465,2,15,15,665
39466,2,15,15,529
39467,2,15,15,687
39468,2,15,15,660
39469,2,15,15,683
39470,2,15,15,685
39471,2,15,15,685
39472,2,4,4,37
39473,2,15,15,682
39474,2,15,15,665
39475,2,15,15,678
39476,2,15,15,487
39477,2,15,15,683
39478,2,4,4,243
39479,2,15,15,595
39480,2,15,15,364
39481,2,15,15,676
39482,2,39,41,685
39483,2,15,15,624
39484,2,15,15,86
39485,2,24,24,204
39486,2,15,15,617
39487,2,15,15,692
39488,2,15,15,653
39489,2,15,15,669
39490,2,15,15,670
39491,2,3,3,637
39492,2,15,15,188
39493,2,15,15,683
39494,2,15,15,680
39495,2,15,15,686
39496,2,15,15,692
39497,2,4,4,664
39498,2,15,15,691
39499,2,15,15,343
39500,2,15,15,685
39501,2,15,15,685
39502,2,15,15,443
39503,2,15,15,676
39504,2,15,15,687
39505,2,15,15,669
39506,2,15,15,320
39507,2,15,15,669
39508,2,15,15,675
39509,2,15,15,676
39510,2,15,15,683
39511,2,15,15,688
39512,2,15,15,685
39513,2,41,41,679
39514,2,15,15,643
39515,2,15,15,559
39516,2,15,15,664
39517,2,15,15,674
39518,2,15,15,682
39519,2,15,15,669
39520,2,15,15,685
39521,2,15,15,667
39522,2,15,15,595
39523,2,15,15,681
39524,2,15,15,674
39525,2,15,15,673
39526,2,15,15,689
39527,2,15,15,676
39528,2,15,15,674
39529,2,15,15,674
39530,2,15,15,678
39531,2,15,15,643
39532,3,15,15,663
39533,3,15,15,688
39534,3,4,4,500
39535,3,15,15,652
39536,3,15,15,679
39537,3,21,15,610
39538,3,15,3,291
39539,3,15,15,576
39540,3,15,15,681
39541,3,4,4,648
39542,3,21,3,653
39543,3,15,15,683
39544,3,15,15,683
39545,3,15,15,686
39546,3,15,15,649
39547,3,15,15,679
39548,3,15,15,679
39549,3,4,4,2
39550,3,15,15,422
39551,3,15,15,80
39552,3,15,15,613
39553,3,41,41,671
39554,3,15,15,550
39555,3,15,15,685
39556,3,15,15,599
39557,3,15,15,653
39558,3,15,15,566
39559,3,15,15,663
39560,3,15,15,680
39561,3,15,15,682
39562,3,15,15,595
39563,3,15,15,666
39564,3,15,15,663
39565,3,15,15,110
39566,3,15,15,683
39567,3,15,15,598
39568,3,15,15,679
39569,3,15,15,666
39570,3,15,15,689
39571,3,15,15,685
39572,3,15,15,614
39573,3,15,15,276
39574,3,15,15,188
39575,3,15,15,647
39576,3,39,41,605
39577,3,15,15,669
39578,3,15,15,665
39579,3,15,15,541
39580,3,15,15,673
39581,3,15,15,381
39582,3,39,41,663
39583,3,15,15,207
39584,3,15,15,469
39585,3,15,15,464
39586,3,15,15,659
39587,3,20,15,656
39588,3,15,15,677
39589,3,15,15,618
39590,3,15,15,666
39591,3,15,15,643
39592,3,15,15,659
39593,3,3,3,619
39594,3,15,15,585
39595,3,15,15,91
39596,3,15,15,1
39597,3,15,15,673
39598,3,15,15,662
39599,3,15,15,625
39600,3,15,15,609
39601,3,15,15,471
39602,3,15,15,672
39603,3,15,15,393
39604,3,15,15,571
39605,3,15,15,269
39606,3,4,4,670
39607,3,15,15,602
39608,3,15,15,30
39609,3,15,15,605
39610,3,15,15,203
39611,3,15,15,639
39612,3,15,15,503
39613,3,15,15,245
39614,3,4,4,626
39615,3,15,15,641
39616,3,15,15,626
39617,3,15,15,687
39618,3,15,15,70
39619,3,15,4,610
39620,3,15,15,551
39621,3,15,15,131
39622,3,15,15,647
39623,3,15,15,656
39624,3,15,15,357
39625,3,15,15,595
39626,3,15,15,684
39627,3,15,15,607
39628,3,15,15,490
39629,3,15,15,686
39630,3,15,15,675
39631,3,15,15,630
39632,3,15,15,683
39633,3,15,15,254
39634,3,15,15,47
39635,3,15,15,682
39636,3,15,15,692
39637,3,15,15,665
39638,3,15,15,606
39639,3,15,15,643
39640,3,15,15,689
39641,3,15,15,657
39642,3,3,3,176
39643,3,15,15,603
39644,3,15,15,600
39645,3,41,41,675
39646,3,15,15,653
39647,3,15,15,660
39648,3,15,15,662
39649,3,15,15,655
39650,3,15,15,636
39651,3,15,15,179
39652,3,15,15,680
39653,3,15,15,485
39654,3,15,15,687
39655,3,15,15,683
39656,3,15,15,682
39657,3,15,15,666
39658,3,15,15,682
39659,3,15,15,680
39660,3,15,15,684
39661,3,15,15,690
39662,3,15,15,696
39663,3,15,15,695
39664,3,15,15,608
39665,3,15,15,277
39666,3,15,15,148
39667,3,4,4,613
39668,3,21,15,83
39669,3,15,15,534
39670,3,15,15,679
39671,3,15,15,424
39672,3,15,15,157
39673,3,15,15,587
39674,3,15,15,682
39675,3,15,15,605
39676,3,15,15,400
39677,3,15,15,647
39678,3,15,15,466
39679,3,15,15,584
39680,3,15,3,529
39681,3,15,15,657
39682,3,15,15,686
39683,3,15,15,584
39684,3,41,41,154
39685,3,15,15,536
39686,3,15,15,647
39687,3,15,15,631
39688,3,15,15,477
39689,3,12,12,86
39690,3,15,15,637
39691,3,15,15,689
39692,3,15,15,663
39693,3,15,15,677
39694,3,15,15,669
39695,3,15,15,97
39696,3,15,15,526
39697,3,15,15,506
39698,3,15,15,634
39699,3,15,15,683
39700,3,15,15,561
39701,3,15,15,175
39702,3,15,15,674
39703,3,15,15,679
39704,3,15,15,686
39705,3,11,11,37
39706,3,15,15,688
39707,3,15,15,164
39708,3,15,15,219
39709,3,15,15,3
39710,3,15,15,240
39711,3,15,15,650
39712,3,15,15,324
39713,3,15,15,605
39714,3,15,15,655
39715,3,15,15,633
39716,3,15,15,574
39717,3,15,15,372
39718,3,15,15,673
39719,3,15,15,581
39720,3,15,15,605
39721,3,15,15,644
39722,3,15,15,564
39723,3,15,15,684
39724,3,15,15,667
39725,3,15,15,630
39726,3,15,15,681
39727,3,3,3,364
39728,3,15,15,678
39729,3,15,15,661
39730,3,15,15,248
39731,3,15,15,624
39732,3,15,15,591
39733,3,15,15,655
39734,3,15,15,690
39735,3,15,15,669
39736,3,15,15,676
39737,3,3,3,591
39738,3,15,15,568
39739,3,15,15,527
39740,3,15,15,461
39741,3,15,15,660
39742,3,15,15,460
39743,3,15,15,692
39744,3,15,15,570
39745,3,15,15,686
39746,3,4,4,394
39747,3,15,15,686
39748,3,41,41,683
39749,3,15,15,693
39750,3,15,15,344
39751,3,15,15,508
39752,3,15,15,447
39753,3,39,41,665
39754,3,15,15,665
39755,3,15,15,686
39756,3,15,15,416
39757,3,15,15,41
39758,3,15,15,692
39759,3,15,15,135
39760,3,15,15,679
39761,3,15,15,106
39762,3,41,41,110
39763,3,15,15,652
39764,3,15,15,649
39765,3,15,15,687
39766,3,15,15,678
39767,3,15,15,224
39768,3,4,4,382
39769,3,15,15,78
39770,3,15,15,683
39771,3,15,15,298
39772,3,15,15,646
39773,3,15,15,697
39774,3,15,15,558
39775,3,15,15,380
39776,3,15,15,685
39777,3,15,15,619
39778,3,15,15,77
39779,3,4,4,653
39780,3,15,15,639
39781,3,15,15,625
39782,3,15,15,596
39783,3,15,15,268
39784,3,15,15,538
39785,3,15,15,569
39786,3,15,15,612
39787,3,15,15,649
39788,3,15,15,684
39789,3,15,15,677
39790,3,4,4,608
39791,3,21,21,497
39792,3,15,15,476
39793,3,15,15,680
39794,3,15,3,553
39795,3,15,15,626
39796,3,15,15,692
39797,3,15,15,665
39798,3,15,15,634
39799,3,15,15,590
39800,3,15,15,41
39801,3,15,15,179
39802,3,15,15,565
39803,3,15,15,657
39804,3,15,15,480
39805,3,15,15,689
39806,3,15,15,650
39807,3,15,15,671
39808,3,15,15,686
39809,3,15,15,660
39810,3,15,4,480
39811,3,15,15,572
39812,3,15,15,678
39813,3,21,15,78
39814,3,15,15,530
39815,3,15,15,620
39816,3,21,21,664
39817,3,3,3,477
39818,3,15,15,690
39819,3,15,15,671
39820,3,15,15,683
39821,3,15,15,558
39822,3,15,15,683
39823,3,15,15,636
39824,3,15,15,612
39825,3,15,15,575
39826,3,15,15,660
39827,3,21,15,148
39828,3,3,3,18
39829,3,15,15,633
39830,3,15,15,676
39831,3,15,15,237
39832,3,15,15,32
39833,3,15,15,596
39834,3,15,15,465
39835,3,15,15,639
39836,3,15,15,671
39837,3,15,15,662
39838,3,15,15,668
39839,3,15,15,530
39840,3,4,4,539
39841,3,15,15,495
39842,3,15,15,661
39843,3,15,15,669
39844,3,15,15,686
39845,3,15,15,694
39846,3,15,15,591
39847,3,15,15,609
39848,3,15,15,311
39849,3,15,15,401
39850,3,15,3,83
39851,3,15,15,471
39852,3,15,15,668
39853,3,15,4,658
39854,3,15,15,681
39855,3,15,15,547
39856,3,15,15,295
39857,3,15,15,691
39858,3,15,15,673
39859,3,4,4,409
39860,3,15,15,392
39861,3,15,15,245
39862,3,3,3,217
39863,3,15,15,618
39864,3,15,15,669
39865,3,15,15,684
39866,3,15,15,696
39867,3,15,15,685
39868,3,15,15,246
39869,3,15,15,685
39870,3,15,15,696
39871,3,21,15,494
39872,3,15,15,435
39873,3,15,15,664
39874,3,21,21,259
39875,3,41,41,665
39876,3,15,15,683
39877,3,15,15,581
39878,3,15,15,683
39879,3,21,15,675
39880,3,15,15,443
39881,3,15,15,688
39882,3,15,15,654
39883,3,15,15,676
39884,3,15,15,686
39885,3,15,15,678
39886,3,15,15,361
39887,3,15,15,657
39888,3,15,15,688
39889,3,15,15,605
39890,3,21,15,137
39891,3,15,15,612
39892,3,15,15,687
39893,3,15,15,512
39894,3,15,15,611
39895,3,4,4,429
39896,3,15,15,653
39897,3,15,15,541
39898,3,15,15,576
39899,3,4,4,591
39900,3,33,33,387
39901,3,15,15,69
39902,3,15,21,608
39903,3,15,15,428
39904,3,15,15,574
39905,3,15,15,631
39906,3,15,15,436
39907,3,15,15,540
39908,3,15,15,610
39909,3,15,15,604
39910,3,15,15,662
39911,3,15,15,686
39912,3,15,15,682
39913,3,15,15,435
39914,3,15,15,663
39915,3,15,15,48
39916,3,3,3,134
39917,3,15,15,512
39918,3,15,15,664
39919,3,15,15,322
39920,3,4,15,647
39921,3,15,15,608
39922,3,15,15,689
39923,3,15,15,652
39924,3,15,15,645
39925,3,15,15,692
39926,3,15,15,598
39927,3,15,15,169
39928,3,15,15,679
39929,3,15,15,678
39930,3,15,15,685
39931,3,21,21,34
39932,3,15,15,694
39933,3,15,15,458
39934,3,15,15,423
39935,3,3,3,107
39936,3,15,15,666
39937,3,15,15,518
39938,3,15,15,6
39939,3,15,15,561
39940,3,15,15,658
39941,3,15,15,462
39942,3,15,15,645
39943,3,15,15,100
39944,3,15,15,624
39945,3,15,15,215
39946,3,15,15,15
39947,3,15,15,280
39948,3,15,15,648
39949,3,3,3,626
39950,3,15,15,681
39951,3,15,15,666
39952,3,15,15,620
39953,3,15,15,612
39954,3,3,3,111
39955,3,15,15,382
39956,3,15,15,560
39957,3,15,15,689
39958,3,21,15,673
39959,3,15,15,180
39960,3,21,15,353
39961,3,15,15,687
39962,3,15,15,483
39963,3,15,15,574
39964,3,15,15,684
39965,3,15,15,680
39966,3,15,15,675
39967,3,15,15,636
39968,3,4,4,138
39969,3,15,15,655
39970,3,15,15,566
39971,3,15,15,673
39972,3,15,15,599
39973,3,15,15,679
39974,3,15,15,188
39975,3,15,15,666
39976,3,15,15,685
39977,3,15,15,684
39978,3,15,15,683
39979,3,15,15,675
39980,3,15,15,122
39981,3,15,15,687
39982,3,15,15,528
39983,3,15,15,574
39984,3,15,15,689
39985,3,15,15,683
39986,3,15,15,359
39987,3,15,15,506
39988,3,15,15,679
39989,3,15,15,462
39990,3,15,15,613
39991,3,41,41,660
39992,3,15,15,681
39993,3,15,15,687
39994,3,15,15,687
39995,3,15,15,683
39996,3,15,15,676
39997,3,15,15,687
39998,3,15,15,491
39999,3,15,15,28
40000,3,15,15,680
40001,3,15,15,514
40002,3,15,15,681
40003,3,15,15,686
40004,3,15,15,671
40005,3,15,15,693
40006,3,15,15,105
40007,3,15,15,114
40008,3,15,15,234
40009,3,21,15,686
40010,3,15,15,70
40011,3,15,15,693
40012,3,15,15,687
40013,3,15,15,467
40014,3,15,15,458
40015,3,15,15,634
40016,3,15,15,669
40017,3,15,15,693
40018,3,15,15,535
40019,3,15,15,643
40020,3,15,15,675
40021,3,15,15,470
40022,3,15,15,508
40023,3,15,15,671
40024,3,41,41,667
40025,3,15,15,644
40026,3,15,15,651
40027,3,15,15,688
40028,3,15,15,208
40029,3,15,15,397
40030,3,15,15,693
40031,3,15,15,161
40032,3,15,15,652
40033,3,15,15,687
40034,3,15,15,630
40035,3,15,15,689
40036,3,15,15,555
40037,3,21,15,144
40038,3,21,15,190
40039,3,3,3,148
40040,3,15,15,635
40041,3,15,15,690
40042,3,15,15,563
40043,3,15,15,640
40044,3,15,15,683
40045,3,15,15,683
40046,3,15,15,570
40047,3,15,15,574
40048,3,15,15,680
40049,3,15,15,629
40050,3,15,15,681
40051,3,15,15,421
40052,3,15,15,313
40053,3,15,15,689
40054,3,9,15,30
40055,3,15,15,597
40056,3,15,15,689
40057,3,15,15,664
40058,3,15,15,207
40059,3,15,15,610
40060,3,15,15,548
40061,3,15,15,683
40062,3,15,15,494
40063,3,15,15,680
40064,3,15,15,682
40065,3,15,15,680
40066,3,15,15,589
40067,3,15,15,682
40068,3,15,15,693
40069,3,15,15,687
40070,3,15,15,602
40071,3,15,15,664
40072,3,21,15,138
40073,3,15,15,352
40074,3,15,15,689
40075,3,15,15,683
40076,3,4,4,632
40077,3,15,15,687
40078,3,15,15,206
40079,3,15,15,677
40080,3,15,15,684
40081,3,15,15,511
40082,3,15,15,457
40083,3,15,15,682
40084,3,15,15,411
40085,3,15,15,685
40086,3,15,15,257
40087,3,15,15,687
40088,3,15,15,676
40089,3,15,15,581
40090,3,15,15,623
40091,3,3,3,53
40092,3,15,15,528
40093,3,15,15,200
40094,3,15,15,86
40095,3,15,15,635
40096,3,15,15,532
40097,3,15,15,659
40098,3,15,15,490
40099,3,15,15,677
40100,3,12,12,663
40101,3,15,15,680
40102,3,15,15,678
40103,3,15,15,673
40104,3,15,15,653
40105,3,15,15,590
40106,3,15,15,617
40107,3,15,15,687
40108,3,15,15,674
40109,3,15,15,683
40110,3,15,15,683
40111,3,15,15,686
40112,3,15,15,682
40113,3,15,15,687
40114,3,15,15,129
40115,3,15,15,671
40116,3,15,15,612
40117,3,4,4,564
40118,3,39,39,684
40119,3,39,39,683
40120,3,4,4,653
40121,3,15,15,392
40122,3,15,15,480
40123,3,15,15,567
40124,3,15,15,669
40125,3,15,15,686
40126,3,15,3,658
40127,3,15,15,671
40128,3,15,15,687
40129,3,15,15,597
40130,3,15,15,141
40131,3,15,15,25
40132,3,15,15,683
40133,3,15,15,564
40134,3,15,15,685
40135,3,4,4,530
40136,3,15,15,644
40137,3,15,15,686
40138,3,3,3,686
40139,3,40,15,682
40140,3,15,15,677
40141,3,21,15,634
40142,3,15,15,623
40143,3,15,15,606
40144,3,15,15,377
40145,3,15,15,466
40146,3,15,15,659
40147,3,15,15,673
40148,3,15,15,673
40149,3,15,15,539
40150,3,15,15,182
40151,3,15,15,644
40152,3,15,15,660
40153,3,15,15,536
40154,3,15,15,681
40155,3,15,15,643
40156,3,15,15,502
40157,3,15,15,685
40158,3,21,15,140
40159,3,15,15,553
40160,3,15,15,692
40161,3,15,15,694
40162,3,15,15,499
40163,3,15,15,23
40164,3,15,15,646
40165,3,15,15,690
40166,3,15,15,28
40167,3,15,15,689
40168,3,15,15,676
40169,3,15,15,683
40170,3,15,15,691
40171,3,15,15,171
40172,3,15,15,586
40173,3,15,15,230
40174,3,15,15,689
40175,3,3,3,137
40176,3,3,3,115
40177,3,15,15,636
40178,3,15,4,545
40179,3,15,15,686
40180,3,15,15,187
40181,3,15,15,571
40182,3,41,41,682
40183,3,15,15,661
40184,3,15,15,676
40185,3,15,15,499
40186,3,15,15,663
40187,3,15,15,695
40188,3,15,15,350
40189,3,15,15,671
40190,3,15,15,683
40191,3,15,15,688
40192,3,15,15,668
40193,3,3,3,145
40194,3,15,15,677
40195,3,15,15,425
40196,3,41,41,676
40197,3,15,15,683
40198,3,15,15,88
40199,3,15,15,672
40200,3,15,15,695
40201,3,15,15,570
40202,3,15,15,179
40203,3,15,15,46
40204,3,15,15,663
40205,3,15,15,391
40206,3,15,15,653
40207,3,15,15,497
40208,3,15,15,636
40209,3,15,15,152
40210,3,21,15,146
40211,3,4,4,600
40212,3,15,15,636
40213,3,15,15,645
40214,3,15,15,498
40215,3,15,15,670
40216,3,15,15,155
40217,3,15,15,676
40218,3,15,15,570
40219,3,3,15,299
40220,3,15,15,687
40221,3,15,15,675
40222,3,15,15,585
40223,3,15,15,66
40224,3,15,15,667
40225,3,15,15,623
40226,3,15,15,437
40227,3,15,15,620
40228,3,15,15,174
40229,3,15,15,688
40230,3,15,15,689
40231,3,15,15,296
40232,3,15,15,510
40233,3,11,11,639
40234,3,15,15,669
40235,3,15,15,688
40236,3,15,15,543
40237,3,15,15,593
40238,3,15,15,100
40239,3,15,15,27
40240,3,15,15,685
40241,3,15,15,473
40242,3,15,15,131
40243,3,15,15,286
40244,3,15,15,683
40245,3,3,3,138
40246,3,3,3,394
40247,3,15,15,664
40248,3,15,15,673
40249,3,15,15,82
40250,3,15,15,362
40251,3,15,15,674
40252,3,15,15,516
40253,3,15,15,534
40254,3,15,15,641
40255,3,15,15,676
40256,3,15,15,686
40257,3,15,15,692
40258,3,15,15,659
40259,3,15,15,641
40260,3,15,15,683
40261,3,15,15,118
40262,3,15,15,459
40263,3,15,15,577
40264,3,15,15,367
40265,3,15,15,640
40266,3,15,15,301
40267,3,15,15,680
40268,3,15,15,159
40269,3,15,15,686
40270,3,15,15,634
40271,3,15,15,671
40272,3,15,15,607
40273,3,15,15,689
40274,3,15,15,653
40275,3,15,15,169
40276,3,15,15,24
40277,3,15,15,82
40278,3,15,15,85
40279,3,15,15,587
40280,3,39,15,663
40281,3,15,15,682
40282,3,15,15,411
40283,3,3,3,110
40284,3,15,15,425
40285,3,9,15,268
40286,3,15,15,245
40287,3,15,15,668
40288,3,15,15,683
40289,3,15,15,649
40290,3,15,15,649
40291,3,15,15,327
40292,3,15,15,510
40293,3,15,15,685
40294,3,15,15,690
40295,3,15,15,646
40296,3,15,15,485
40297,3,15,15,690
40298,3,15,15,677
40299,3,15,15,644
40300,3,15,15,630
40301,3,15,15,90
40302,3,9,9,98
40303,3,15,15,564
40304,3,15,15,617
40305,3,15,15,532
40306,3,3,3,62
40307,3,15,15,595
40308,3,15,15,674
40309,3,4,4,550
40310,3,4,4,668
40311,3,15,15,667
40312,3,15,15,602
40313,3,15,15,150
40314,3,15,15,672
40315,3,15,15,689
40316,3,15,15,675
40317,3,15,15,65
40318,3,15,15,640
40319,3,15,15,609
40320,3,15,15,687
40321,3,15,15,684
40322,3,15,15,115
40323,3,15,15,687
40324,3,15,15,665
40325,3,15,15,681
40326,3,15,15,601
40327,3,15,15,682
40328,3,15,15,666
40329,3,15,15,551
40330,3,15,15,433
40331,3,15,15,693
40332,3,15,15,611
40333,3,15,15,347
40334,3,15,15,683
40335,3,15,15,572
40336,3,15,15,662
40337,3,15,15,587
40338,3,15,15,688
40339,3,15,15,613
40340,3,15,15,646
40341,3,15,15,688
40342,3,41,41,679
40343,3,15,15,676
40344,3,15,15,141
40345,3,15,15,685
40346,3,15,15,595
40347,3,15,15,644
40348,3,3,3,23
40349,3,15,15,663
40350,3,3,3,494
40351,3,15,15,679
40352,3,15,15,624
40353,3,15,15,416
40354,3,15,15,587
40355,3,15,15,633
40356,3,15,15,683
40357,3,15,15,583
40358,3,15,15,681
40359,3,15,15,665
40360,3,15,15,676
40361,3,15,15,684
40362,3,15,15,682
40363,3,15,15,527
40364,3,15,15,685
40365,3,15,15,483
40366,3,15,15,502
40367,3,15,15,619
40368,3,15,15,687
40369,3,3,15,451
40370,3,15,15,689
40371,3,15,15,654
40372,3,15,15,498
40373,3,15,15,101
40374,3,15,15,666
40375,3,15,15,683
40376,3,15,15,522
40377,3,15,15,674
40378,3,15,15,680
40379,3,15,15,657
40380,3,15,15,655
40381,3,15,15,696
40382,3,15,15,466
40383,3,15,15,439
40384,3,15,15,630
40385,3,15,15,639
40386,3,15,15,641
40387,3,15,15,506
40388,3,3,3,311
40389,3,15,15,680
40390,3,4,4,589
40391,3,15,15,600
40392,3,15,15,266
40393,3,15,15,537
40394,3,15,15,600
40395,3,15,3,29
40396,3,15,15,524
40397,3,15,15,686
40398,3,21,21,685
40399,3,4,4,497
40400,3,15,15,690
40401,3,15,15,195
40402,3,15,15,668
40403,3,15,15,690
40404,3,15,15,690
40405,3,39,39,364
40406,3,15,15,502
40407,3,15,15,533
40408,3,15,15,209
40409,3,3,3,547
40410,3,15,15,103
40411,3,15,15,202
40412,3,15,15,686
40413,3,9,15,167
40414,3,15,15,685
40415,3,15,15,686
40416,3,3,3,127
40417,3,15,15,581
40418,3,15,15,596
40419,3,15,15,666
40420,3,15,15,684
40421,3,15,15,581
40422,3,15,15,689
40423,3,15,15,564
40424,3,4,15,661
40425,3,15,15,334
40426,3,21,15,688
40427,3,15,15,667
40428,3,15,15,82
40429,3,3,3,643
40430,3,15,15,239
40431,3,15,15,546
40432,3,15,15,693
40433,3,15,15,599
40434,3,15,15,496
40435,3,15,15,696
40436,3,39,39,650
40437,3,15,15,372
40438,3,15,15,644
40439,3,15,15,54
40440,3,15,15,677
40441,3,15,15,686
40442,3,15,15,599
40443,3,3,3,419
40444,3,15,15,638
40445,3,15,15,660
40446,3,15,15,28
40447,3,15,15,383
40448,3,15,15,685
40449,3,15,15,661
40450,3,21,21,522
40451,3,15,15,687
40452,3,15,15,582
40453,3,15,15,604
40454,3,15,15,684
40455,3,15,15,375
40456,3,15,15,645
40457,3,15,15,173
40458,3,15,15,642
40459,3,15,15,300
40460,3,15,15,675
40461,3,15,15,683
40462,3,15,15,336
40463,3,15,15,685
40464,3,15,15,487
40465,3,15,15,106
40466,3,4,4,659
40467,3,15,15,612
40468,3,15,15,679
40469,3,15,15,686
40470,3,15,15,596
40471,3,39,39,533
40472,3,15,15,670
40473,3,15,15,685
40474,3,15,15,531
40475,3,15,15,509
40476,3,15,15,684
40477,3,15,15,649
40478,3,15,15,614
40479,3,15,15,419
40480,3,15,15,647
40481,3,15,15,8
40482,3,15,15,543
40483,3,4,4,123
40484,3,15,15,670
40485,3,15,15,669
40486,3,4,4,92
40487,3,15,15,685
40488,3,15,15,645
40489,3,15,15,648
40490,3,15,15,664
40491,3,15,15,618
40492,3,15,15,208
40493,3,15,15,654
40494,3,15,15,668
40495,3,15,15,647
40496,3,15,15,684
40497,3,15,15,623
40498,3,15,15,687
40499,3,4,4,63
40500,3,15,15,667
40501,3,15,15,688
40502,3,15,15,564
40503,3,15,15,672
40504,3,15,3,157
40505,3,15,15,55
40506,3,15,15,549
40507,3,15,15,682
40508,3,15,15,675
40509,3,15,15,662
40510,3,15,15,334
40511,3,15,15,561
40512,3,15,15,651
40513,3,15,15,273
40514,3,15,15,583
40515,3,15,15,603
40516,3,15,15,672
40517,3,15,15,688
40518,3,15,15,684
40519,3,15,15,657
40520,3,15,15,615
40521,3,15,15,662
40522,3,15,15,640
40523,3,15,15,668
40524,3,15,15,490
40525,3,15,15,687
40526,3,15,15,682
40527,3,15,15,15
40528,3,3,3,221
40529,3,3,3,479
40530,3,15,15,517
40531,3,15,15,650
40532,3,15,15,631
40533,3,15,15,58
40534,3,15,15,671
40535,3,15,15,685
40536,3,15,15,572
40537,3,15,15,688
40538,3,15,15,685
40539,3,15,15,383
40540,3,4,4,519
40541,3,15,15,655
40542,3,15,15,50
40543,3,15,15,286
40544,3,15,15,373
40545,3,15,15,629
40546,3,15,15,524
40547,3,15,15,523
40548,3,15,15,186
40549,3,15,15,679
40550,3,15,15,18
40551,3,15,15,34
40552,3,15,15,683
40553,3,15,15,271
40554,3,15,15,550
40555,3,15,15,611
40556,3,15,15,612
40557,3,15,15,224
40558,3,4,4,606
40559,3,15,15,671
40560,3,15,15,537
40561,3,15,15,682
40562,3,15,15,682
40563,3,15,15,422
40564,3,15,15,685
40565,3,15,15,435
40566,3,15,15,226
40567,3,15,15,688
40568,3,15,15,666
40569,3,15,15,407
40570,3,15,15,150
40571,3,15,15,643
40572,3,15,15,612
40573,3,15,15,687
40574,3,15,15,605
40575,3,15,15,676
40576,3,15,15,75
40577,3,21,21,591
40578,3,15,15,598
40579,3,15,15,666
40580,3,15,15,188
40581,3,15,15,687
40582,3,15,15,664
40583,3,15,15,687
40584,3,15,15,576
40585,3,15,15,565
40586,3,15,15,3
40587,3,3,3,474
40588,3,15,15,440
40589,3,15,15,150
40590,3,15,15,685
40591,3,15,15,185
40592,3,15,15,649
40593,3,15,15,478
40594,3,15,15,681
40595,3,15,15,266
40596,3,15,15,647
40597,3,15,15,187
40598,3,3,3,122
40599,3,15,15,621
40600,3,15,15,111
40601,3,3,3,351
40602,3,15,15,637
40603,3,15,15,667
40604,3,15,15,680
40605,3,15,15,685
40606,3,15,15,689
40607,3,15,15,117
40608,3,15,15,636
40609,3,15,15,567
40610,3,15,15,625
40611,3,15,15,674
40612,3,15,15,680
40613,3,15,15,669
40614,3,15,15,688
40615,3,15,15,586
40616,3,15,15,553
40617,3,15,15,54
40618,3,15,15,649
40619,3,15,15,533
40620,3,3,3,6
40621,3,15,15,609
40622,3,15,15,156
40623,3,15,15,688
40624,3,4,4,617
40625,3,15,15,689
40626,3,3,3,607
40627,3,15,15,628
40628,3,15,15,679
40629,3,15,15,670
40630,3,15,15,638
40631,3,39,41,675
40632,3,3,3,291
40633,3,15,15,416
40634,3,15,15,379
40635,3,15,15,689
40636,3,15,15,670
40637,3,15,15,620
40638,3,15,15,678
40639,3,15,15,559
40640,3,15,15,671
40641,3,15,15,656
40642,3,15,15,684
40643,3,15,15,614
40644,3,15,15,677
40645,3,15,15,691
40646,3,15,15,679
40647,3,15,15,407
40648,3,15,15,665
40649,3,41,41,517
40650,3,15,15,676
40651,3,15,15,631
40652,3,15,15,554
40653,3,15,15,298
40654,3,15,15,682
40655,3,15,15,152
40656,3,15,15,627
40657,3,21,15,57
40658,3,15,15,650
40659,3,15,15,660
40660,3,15,15,613
40661,3,15,15,638
40662,3,15,15,680
40663,3,15,15,683
40664,3,39,39,681
40665,3,15,15,663
40666,3,15,15,687
40667,3,15,15,688
40668,3,15,15,51
40669,3,15,15,673
40670,3,15,15,594
40671,3,21,21,321
40672,3,15,15,593
40673,3,15,15,670
40674,3,15,15,668
40675,3,15,15,681
40676,3,15,15,685
40677,3,15,15,662
40678,3,15,15,656
40679,3,3,3,61
40680,3,15,15,646
40681,3,15,15,551
40682,3,15,15,662
40683,3,15,15,593
40684,3,15,15,415
40685,3,15,15,117
40686,3,4,4,680
40687,3,15,15,331
40688,3,15,15,212
40689,3,15,3,275
40690,3,15,15,642
40691,3,15,15,143
40692,3,15,15,688
40693,3,15,15,688
40694,3,15,15,358
40695,3,15,15,236
40696,3,15,15,679
40697,3,15,15,684
40698,3,15,3,7
40699,3,15,15,660
40700,3,15,15,683
40701,3,21,21,534
40702,3,15,15,608
40703,3,15,15,684
40704,3,15,15,679
40705,3,15,15,693
40706,3,15,15,64
40707,3,15,15,267
40708,3,15,15,685
40709,3,15,15,513
40710,3,15,15,689
40711,3,15,15,636
40712,3,15,15,415
40713,3,15,15,655
40714,3,15,15,680
40715,3,15,15,596
40716,3,15,15,695
40717,3,15,15,674
40718,3,15,15,550
40719,3,15,3,633
40720,3,15,15,615
40721,3,15,15,126
40722,3,15,15,692
40723,3,15,15,683
40724,3,15,15,647
40725,3,15,4,430
40726,3,15,15,28
40727,3,15,15,682
40728,3,15,15,519
40729,3,15,15,82
40730,3,15,15,597
40731,3,15,15,585
40732,3,15,15,624
40733,3,15,15,686
40734,3,15,15,693
40735,3,15,15,675
40736,3,15,15,689
40737,3,15,15,42
40738,3,15,15,614
40739,3,15,15,681
40740,3,15,15,345
40741,3,15,15,155
40742,3,15,15,684
40743,3,15,15,194
40744,3,15,15,594
40745,3,15,15,613
40746,3,9,15,64
40747,3,15,15,693
40748,3,15,15,690
40749,3,15,15,686
40750,3,15,15,640
40751,3,3,3,123
40752,3,15,15,640
40753,3,15,15,453
40754,3,21,21,423
40755,3,15,15,592
40756,3,15,15,649
40757,3,15,15,683
40758,3,15,15,641
40759,3,15,15,690
40760,3,21,15,48
40761,3,15,15,676
40762,3,15,15,642
40763,3,15,15,548
40764,3,15,15,682
40765,3,15,15,561
40766,3,15,15,673
40767,3,15,15,683
40768,3,15,15,661
40769,3,15,15,455
40770,3,15,15,671
40771,3,15,15,67
40772,3,15,15,110
40773,3,15,15,229
40774,3,15,15,672
40775,3,15,15,356
40776,3,15,15,681
40777,3,15,15,632
40778,3,15,15,691
40779,3,15,15,673
40780,3,3,3,44
40781,3,15,15,663
40782,3,41,41,670
40783,3,4,4,564
40784,3,21,15,566
40785,3,15,15,575
40786,3,15,15,619
40787,3,15,15,449
40788,3,15,15,101
40789,3,15,15,226
40790,3,15,15,482
40791,3,15,15,629
40792,3,15,4,356
40793,3,15,15,620
40794,3,3,3,105
40795,3,15,15,695
40796,3,15,15,683
40797,3,15,15,604
40798,3,15,15,657
40799,3,4,4,609
40800,3,15,15,449
40801,3,15,15,47
40802,3,15,15,673
40803,3,15,15,686
40804,3,15,15,545
40805,3,15,15,69
40806,3,15,15,690
40807,3,15,15,623
40808,3,15,15,657
40809,3,15,15,197
40810,3,15,15,693
40811,3,15,15,209
40812,3,15,15,693
40813,3,15,15,545
40814,3,21,15,423
40815,3,15,15,536
40816,3,15,15,298
40817,3,4,4,113
40818,3,21,21,558
40819,3,15,15,360
40820,3,15,15,98
40821,3,15,15,684
40822,3,4,4,467
40823,3,15,15,641
40824,3,15,15,670
40825,3,15,15,579
40826,3,41,41,683
40827,3,15,15,671
40828,3,15,15,660
40829,3,15,15,651
40830,3,15,15,687
40831,3,15,15,664
40832,3,3,3,584
40833,3,15,15,431
40834,3,15,15,116
40835,3,15,15,659
40836,3,15,15,587
40837,3,9,15,42
40838,3,15,15,669
40839,3,15,15,667
40840,3,15,15,651
40841,3,15,15,677
40842,3,15,15,668
40843,3,15,15,686
40844,3,15,15,97
40845,3,15,15,679
40846,3,3,3,207
40847,3,15,15,683
40848,3,15,15,690
40849,3,15,15,665
40850,3,15,15,221
40851,3,15,15,632
40852,3,15,15,489
40853,3,3,3,295
40854,3,15,15,668
40855,3,15,15,545
40856,3,15,15,600
40857,3,15,15,249
40858,3,15,15,342
40859,3,15,15,430
40860,3,15,15,440
40861,3,15,15,267
40862,3,15,15,306
40863,3,15,15,319
40864,3,15,15,675
40865,3,15,15,600
40866,3,4,4,220
40867,3,21,15,681
40868,3,3,3,17
40869,3,15,15,690
40870,3,15,15,394
40871,3,15,15,311
40872,3,15,15,471
40873,3,15,15,672
40874,3,15,15,85
40875,3,15,15,112
40876,3,15,15,583
40877,3,15,15,686
40878,3,39,15,656
40879,3,15,15,578
40880,3,15,15,174
40881,3,15,15,680
40882,3,15,15,676
40883,3,15,15,677
40884,3,3,3,647
40885,3,3,3,570
40886,3,15,15,478
40887,3,15,15,693
40888,3,15,15,690
40889,3,15,15,677
40890,3,15,15,635
40891,3,15,15,654
40892,3,15,15,516
40893,3,15,15,687
40894,3,15,15,351
40895,3,15,15,624
40896,3,15,15,117
40897,3,15,15,590
40898,3,15,15,598
40899,3,15,15,689
40900,3,15,15,530
40901,3,15,15,672
40902,3,21,15,474
40903,3,20,21,669
40904,3,21,15,72
40905,3,15,15,677
40906,3,9,15,106
40907,3,15,15,692
40908,3,15,15,525
40909,3,15,15,193
40910,3,15,15,685
40911,3,15,15,562
40912,3,15,15,687
40913,3,15,15,65
40914,3,15,15,672
40915,3,15,15,652
40916,3,15,15,391
40917,3,15,15,513
40918,3,15,15,15
40919,3,15,15,684
40920,3,15,15,166
40921,3,15,15,620
40922,3,15,15,638
40923,3,4,4,580
40924,3,39,39,680
40925,3,15,15,638
40926,3,15,15,48
40927,3,15,15,200
40928,3,15,15,684
40929,3,15,15,16
40930,3,15,15,643
40931,3,15,15,659
40932,3,15,15,615
40933,3,15,15,673
40934,3,3,3,292
40935,3,15,15,678
40936,3,15,15,537
40937,3,15,15,686
40938,3,15,15,115
40939,3,15,15,687
40940,3,15,15,673
40941,3,15,15,607
40942,3,15,15,633
40943,3,15,15,437
40944,3,15,15,5
40945,3,15,15,677
40946,3,15,15,434
40947,3,15,15,671
40948,3,15,15,461
40949,3,15,15,638
40950,3,15,15,661
40951,3,3,3,556
40952,3,15,15,582
40953,3,9,15,69
40954,3,15,15,689
40955,3,15,15,679
40956,3,15,15,635
40957,3,15,15,580
40958,3,15,15,105
40959,3,15,15,689
40960,3,15,15,634
40961,3,15,15,671
40962,3,15,15,681
40963,3,15,15,650
40964,3,3,3,432
40965,3,15,15,684
40966,3,15,15,623
40967,3,15,15,680
40968,3,15,15,600
40969,3,15,15,674
40970,3,15,15,689
40971,3,4,4,627
40972,3,15,15,90
40973,3,15,15,654
40974,3,15,15,667
40975,3,15,15,653
40976,3,15,15,480
40977,3,15,15,177
40978,3,15,15,258
40979,3,15,15,621
40980,3,15,15,631
40981,3,15,15,544
40982,3,15,15,668
40983,3,15,15,473
40984,3,15,15,101
40985,3,4,4,676
40986,3,15,15,665
40987,3,15,15,684
40988,3,15,3,215
40989,3,20,15,587
40990,3,15,15,607
40991,3,21,21,114
40992,3,15,15,692
40993,3,15,15,670
40994,3,15,15,187
40995,3,15,15,660
40996,3,15,15,619
40997,3,15,15,672
40998,3,15,15,680
40999,3,15,15,97
41000,3,21,21,671
41001,3,15,15,544
41002,3,15,15,679
41003,3,15,15,545
41004,3,15,15,638
41005,3,21,15,649
41006,3,15,15,667
41007,3,15,15,154
41008,3,15,15,680
41009,3,15,15,640
41010,3,15,15,687
41011,3,15,15,672
41012,3,15,15,627
41013,3,15,15,681
41014,3,15,15,306
41015,3,15,15,598
41016,3,15,15,675
41017,3,15,15,694
41018,3,15,15,182
41019,3,15,15,686
41020,3,15,15,694
41021,3,15,15,679
41022,3,3,3,40
41023,3,15,15,597
41024,3,15,15,631
41025,3,15,15,514
41026,3,15,15,578
41027,3,15,3,198
41028,3,15,15,687
41029,3,15,15,535
41030,3,15,15,629
41031,3,15,15,638
41032,3,15,15,572
41033,3,15,15,668
41034,3,15,15,683
41035,3,15,15,605
41036,3,15,15,676
41037,3,15,15,178
41038,3,15,15,690
41039,3,15,15,573
41040,3,15,15,680
41041,3,15,15,672
41042,3,15,15,612
41043,3,12,12,672
41044,3,15,15,680
41045,3,15,15,499
41046,3,3,3,11
41047,3,15,15,574
41048,3,15,15,353
41049,3,15,15,373
41050,3,15,15,638
41051,3,15,15,246
41052,3,15,15,200
41053,3,15,15,676
41054,3,4,4,70
41055,3,15,15,685
41056,3,15,15,638
41057,3,15,15,692
41058,3,15,15,681
41059,3,15,15,687
41060,3,15,15,623
41061,3,15,15,621
41062,3,15,15,686
41063,3,15,15,265
41064,3,15,15,627
41065,3,15,15,633
41066,3,3,3,558
41067,3,15,15,690
41068,3,15,15,689
41069,3,15,15,657
41070,3,15,15,682
41071,3,15,15,173
41072,3,15,15,1
41073,3,15,15,630
41074,3,15,15,652
41075,3,15,15,684
41076,3,15,15,672
41077,3,15,15,682
41078,3,15,15,676
41079,3,15,15,692
41080,3,15,15,656
41081,3,4,4,615
41082,3,15,15,580
41083,3,15,15,527
41084,3,15,15,317
41085,3,15,15,687
41086,3,15,15,638
41087,3,15,15,131
41088,3,15,15,232
41089,3,3,3,685
41090,3,15,15,531
41091,3,15,15,377
41092,3,15,15,202
41093,3,15,15,459
41094,3,15,15,669
41095,3,15,15,682
41096,3,15,15,682
41097,3,15,15,687
41098,3,15,15,673
41099,3,21,21,660
41100,3,15,15,660
41101,3,15,15,696
41102,3,15,15,686
41103,3,15,15,684
41104,3,15,15,669
41105,3,3,3,96
41106,3,15,15,676
41107,3,21,15,670
41108,3,15,15,68
41109,3,15,15,371
41110,3,15,3,479
41111,3,15,15,467
41112,3,21,15,10
41113,3,15,15,628
41114,3,15,15,655
41115,3,15,15,141
41116,3,3,3,548
41117,3,15,15,678
41118,3,15,15,125
41119,3,15,15,210
41120,3,15,15,693
41121,3,15,15,661
41122,3,15,15,633
41123,3,21,15,438
41124,3,15,15,667
41125,3,15,15,641
41126,3,3,3,18
41127,3,15,15,691
41128,3,15,15,474
41129,3,15,15,675
41130,3,15,15,670
41131,3,4,4,515
41132,3,15,15,687
41133,3,15,15,688
41134,3,15,15,604
41135,3,15,15,512
41136,3,15,15,599
41137,3,15,15,684
41138,3,15,15,516
41139,3,15,15,454
41140,3,15,15,57
41141,3,15,15,319
41142,3,15,15,677
41143,3,15,15,476
41144,3,15,15,574
41145,3,15,15,689
41146,3,15,15,436
41147,3,15,15,630
41148,3,15,15,69
41149,3,15,15,691
41150,3,15,15,625
41151,3,15,15,694
41152,3,15,15,650
41153,3,15,15,149
41154,3,15,15,217
41155,3,15,15,65
41156,3,15,15,681
41157,3,15,15,686
41158,3,15,15,684
41159,3,15,15,681
41160,3,15,15,606
41161,3,15,15,491
41162,3,15,15,646
41163,3,15,15,592
41164,3,15,15,662
41165,3,15,15,634
41166,3,15,15,678
41167,3,15,15,694
41168,3,15,15,663
41169,3,15,15,683
41170,3,15,15,691
41171,3,15,15,188
41172,3,15,15,655
41173,3,15,15,674
41174,3,15,15,463
41175,3,15,15,652
41176,3,15,15,67
41177,3,15,15,625
41178,3,12,12,90
41179,3,15,15,687
41180,3,15,15,687
41181,3,15,15,688
41182,3,15,15,571
41183,3,15,15,617
41184,3,15,15,684
41185,3,15,15,126
41186,3,21,15,628
41187,3,15,15,677
41188,3,15,15,679
41189,3,15,15,468
41190,3,15,15,644
41191,3,41,41,681
41192,3,3,15,38
41193,3,15,15,687
41194,3,15,15,685
41195,3,15,15,678
41196,3,21,21,530
41197,3,21,15,327
41198,3,15,15,357
41199,3,15,15,646
41200,3,15,15,683
41201,3,15,15,627
41202,3,15,15,387
41203,3,15,15,632
41204,3,15,15,531
41205,3,15,15,34
41206,3,15,4,583
41207,3,15,15,640
41208,3,15,15,610
41209,3,15,15,690
41210,3,15,15,677
41211,3,15,15,626
41212,3,15,15,577
41213,3,15,15,683
41214,3,15,15,332
41215,3,15,15,160
41216,3,15,15,102
41217,3,15,15,308
41218,3,21,15,381
41219,3,3,3,319
41220,3,15,15,659
41221,3,15,15,664
41222,3,15,15,60
41223,3,15,15,577
41224,3,15,15,680
41225,3,21,3,386
41226,3,15,15,683
41227,3,15,15,694
41228,3,41,41,426
41229,3,15,15,681
41230,3,15,15,690
41231,3,15,15,677
41232,3,15,15,640
41233,3,15,15,630
41234,3,3,3,14
41235,3,15,15,682
41236,3,41,15,661
41237,3,15,15,108
41238,3,15,15,275
41239,3,3,3,475
41240,3,15,4,619
41241,3,15,15,615
41242,3,21,15,651
41243,3,15,15,658
41244,3,15,15,682
41245,3,15,15,686
41246,3,3,3,38
41247,3,15,15,684
41248,3,15,15,650
41249,3,15,15,696
41250,3,15,15,657
41251,3,15,15,683
41252,3,15,15,588
41253,3,15,15,398
41254,3,15,15,693
41255,3,15,15,685
41256,3,15,15,646
41257,3,15,15,655
41258,3,15,15,629
41259,3,15,15,391
41260,3,3,3,179
41261,3,15,15,135
41262,3,15,15,521
41263,3,15,15,416
41264,3,15,15,114
41265,3,15,15,613
41266,3,15,15,692
41267,3,15,15,677
41268,3,21,21,554
41269,3,3,3,134
41270,3,21,15,157
41271,3,4,4,34
41272,3,15,15,678
41273,3,15,15,571
41274,3,15,3,299
41275,3,15,15,680
41276,3,15,15,690
41277,3,15,15,691
41278,3,15,15,603
41279,3,15,15,690
41280,3,15,15,213
41281,3,15,15,681
41282,3,15,15,603
41283,3,15,15,278
41284,3,4,4,485
41285,3,15,15,582
41286,3,15,15,202
41287,3,15,15,299
41288,3,15,4,668
41289,3,15,15,366
41290,3,15,15,281
41291,3,15,15,630
41292,3,15,15,685
41293,3,15,15,686
41294,3,15,15,651
41295,3,15,15,357
41296,3,15,15,673
41297,3,15,15,604
41298,3,15,15,506
41299,3,15,15,555
41300,3,15,15,682
41301,3,15,15,48
41302,3,4,4,512
41303,3,15,15,681
41304,3,15,15,197
41305,3,15,15,637
41306,3,15,15,671
41307,3,4,4,568
41308,3,15,15,682
41309,3,15,15,150
41310,3,15,15,680
41311,3,15,15,131
41312,3,21,15,587
41313,3,15,15,283
41314,3,15,15,624
41315,3,15,15,670
41316,3,15,15,654
41317,3,15,15,697
41318,3,15,15,625
41319,3,15,15,95
41320,3,15,15,664
41321,3,15,15,685
41322,3,15,15,583
41323,3,15,15,671
41324,3,15,15,556
41325,3,15,15,380
41326,3,15,15,506
41327,3,21,15,403
41328,3,15,15,686
41329,3,15,15,675
41330,3,15,15,688
41331,3,15,15,608
41332,3,15,15,646
41333,3,15,15,688
41334,3,15,15,663
41335,3,15,15,692
41336,3,15,15,666
41337,3,15,15,681
41338,3,15,15,283
41339,3,15,15,55
41340,3,4,4,82
41341,3,15,15,674
41342,3,15,15,546
41343,3,15,15,584
41344,3,15,15,680
41345,3,15,15,628
41346,3,15,15,657
41347,3,15,15,288
41348,3,4,4,296
41349,3,4,4,657
41350,3,15,15,118
41351,3,15,15,649
41352,3,15,15,508
41353,3,15,15,687
41354,3,4,15,630
41355,3,15,15,696
41356,3,15,15,533
41357,3,15,15,695
41358,3,15,15,649
41359,3,15,15,168
41360,3,4,4,581
41361,3,15,15,442
41362,3,15,15,682
41363,3,15,15,671
41364,3,15,15,684
41365,3,15,15,244
41366,3,15,15,679
41367,3,15,15,453
41368,3,15,15,582
41369,3,15,15,684
41370,3,15,15,108
41371,3,15,15,558
41372,3,15,15,245
41373,3,15,15,4
41374,3,15,15,206
41375,3,15,15,687
41376,3,15,15,679
41377,3,15,15,156
41378,3,15,15,673
41379,3,15,15,610
41380,3,15,15,92
41381,3,15,15,188
41382,3,15,15,626
41383,3,15,15,648
41384,3,15,15,197
41385,3,15,15,668
41386,3,15,15,682
41387,3,15,15,300
41388,3,15,15,679
41389,3,15,15,237
41390,3,15,15,680
41391,3,15,15,688
41392,3,15,15,684
41393,3,15,15,684
41394,3,15,15,38
41395,3,15,15,663
41396,3,15,15,661
41397,3,15,15,688
41398,3,15,15,651
41399,3,15,15,685
41400,3,3,3,122
41401,3,15,15,82
41402,3,15,15,674
41403,3,15,15,686
41404,3,15,15,690
41405,3,41,15,127
41406,3,41,41,657
41407,3,15,15,474
41408,3,15,15,584
41409,3,15,15,326
41410,3,3,3,91
41411,3,4,4,380
41412,3,15,15,510
41413,3,15,15,693
41414,3,15,15,587
41415,3,15,15,685
41416,3,15,15,616
41417,3,15,15,681
41418,3,15,15,688
41419,3,15,15,690
41420,3,15,15,668
41421,3,3,3,27
41422,3,15,15,668
41423,3,15,15,671
41424,3,15,15,663
41425,3,15,15,576
41426,3,15,15,417
41427,3,15,15,652
41428,3,15,15,689
41429,3,15,15,683
41430,3,15,15,272
41431,3,15,15,666
41432,3,3,3,335
41433,3,15,15,561
41434,3,15,15,647
41435,3,15,15,648
41436,3,15,15,534
41437,3,15,15,680
41438,3,21,21,476
41439,3,15,15,575
41440,3,15,15,443
41441,3,15,15,523
41442,3,15,15,687
41443,3,15,15,682
41444,3,15,15,630
41445,3,15,15,349
41446,3,15,15,665
41447,3,15,15,676
41448,3,3,3,564
41449,3,15,15,511
41450,3,15,15,684
41451,3,15,15,680
41452,3,15,15,175
41453,3,15,15,682
41454,3,15,15,693
41455,3,15,15,692
41456,3,15,15,654
41457,3,15,15,632
41458,3,15,15,675
41459,3,15,15,691
41460,3,15,15,678
41461,3,15,15,494
41462,3,4,4,672
41463,3,15,4,528
41464,3,15,15,686
41465,3,15,15,668
41466,3,15,15,688
41467,3,15,15,535
41468,3,15,15,683
41469,3,15,4,617
41470,3,15,15,689
41471,3,15,15,480
41472,3,15,15,98
41473,3,15,15,636
41474,3,15,15,681
41475,3,15,15,674
41476,3,15,15,664
41477,3,15,15,188
41478,3,15,15,677
41479,3,15,15,679
41480,3,15,15,688
41481,3,21,15,70
41482,3,15,15,669
41483,3,3,3,260
41484,3,15,15,684
41485,3,15,15,658
41486,3,15,15,667
41487,3,15,15,678
41488,3,41,41,687
41489,3,15,15,687
41490,3,15,15,626
41491,3,15,15,465
41492,3,15,15,279
41493,3,15,15,507
41494,3,15,15,173
41495,3,15,15,662
41496,3,21,21,298
41497,3,15,15,685
41498,3,15,15,654
41499,3,15,15,522
41500,3,41,41,654
41501,3,15,15,677
41502,3,15,15,678
41503,3,15,15,647
41504,3,15,15,677
41505,3,15,15,691
41506,3,15,15,672
41507,3,15,15,652
41508,3,15,15,670
41509,3,3,3,337
41510,3,15,15,592
41511,3,15,15,398
41512,3,20,15,684
41513,3,15,15,694
41514,3,15,15,682
41515,3,15,15,256
41516,3,15,15,682
41517,3,15,15,107
41518,3,15,15,687
41519,3,15,15,681
41520,3,15,15,121
41521,3,3,3,115
41522,3,15,41,659
41523,3,15,15,676
41524,3,15,15,667
41525,3,15,15,664
41526,3,21,21,607
41527,3,4,4,80
41528,3,3,3,578
41529,3,15,15,555
41530,3,15,15,594
41531,3,15,15,682
41532,3,15,15,678
41533,3,15,15,636
41534,3,21,15,686
41535,3,15,15,672
41536,3,15,15,658
41537,3,15,15,236
41538,3,15,15,689
41539,3,15,15,175
41540,3,15,15,646
41541,3,15,15,586
41542,3,3,3,523
41543,3,15,15,683
41544,3,4,4,616
41545,3,41,41,635
41546,3,15,15,670
41547,3,15,15,557
41548,3,15,15,681
41549,3,15,15,689
41550,3,15,15,662
41551,3,15,15,569
41552,3,15,15,651
41553,3,15,15,688
41554,3,15,15,685
41555,3,15,15,656
41556,3,3,3,611
41557,3,15,15,686
41558,3,15,15,666
41559,3,15,15,651
41560,3,15,21,643
41561,3,15,15,683
41562,3,15,15,681
41563,3,15,15,689
41564,3,15,15,674
41565,3,15,15,266
41566,3,15,15,687
41567,3,15,15,632
41568,3,15,15,675
41569,3,15,15,692
41570,3,15,15,649
41571,3,15,15,661
41572,3,15,15,679
41573,3,15,15,347
41574,3,15,15,678
41575,3,15,15,662
41576,3,15,15,691
41577,3,15,15,476
41578,3,15,15,489
41579,3,15,15,682
41580,3,15,15,376
41581,3,15,15,660
41582,3,15,15,627
41583,3,15,15,199
41584,3,15,15,414
41585,3,15,15,603
41586,3,9,15,2
41587,3,15,15,662
41588,3,15,15,600
41589,3,15,15,671
41590,3,15,15,198
41591,3,21,15,625
41592,3,15,15,556
41593,3,15,15,696
41594,3,21,15,620
41595,3,15,15,207
41596,3,15,15,645
41597,3,15,15,684
41598,3,15,15,387
41599,3,15,15,687
41600,3,15,15,689
41601,3,15,15,192
41602,3,12,12,449
41603,3,15,3,289
41604,3,15,15,656
41605,3,15,15,562
41606,3,15,3,168
41607,3,15,15,658
41608,3,15,15,614
41609,3,15,15,686
41610,3,15,15,470
41611,3,15,15,606
41612,3,15,15,684
41613,3,15,15,334
41614,3,15,15,628
41615,3,15,15,594
41616,3,15,15,679
41617,3,15,15,677
41618,3,15,15,642
41619,3,15,15,467
41620,3,15,15,169
41621,3,15,15,650
41622,3,15,15,663
41623,3,15,15,657
41624,3,15,15,665
41625,3,15,12,593
41626,3,15,15,415
41627,3,15,15,591
41628,3,15,15,631
41629,3,21,15,630
41630,3,15,15,676
41631,3,15,15,609
41632,3,15,15,609
41633,3,15,15,679
41634,3,15,15,692
41635,3,15,15,686
41636,3,15,15,662
41637,3,21,15,527
41638,3,15,15,688
41639,3,15,15,689
41640,3,15,15,541
41641,3,15,15,604
41642,3,15,15,641
41643,3,15,15,588
41644,3,15,15,688
41645,3,15,15,684
41646,3,15,15,126
41647,3,15,15,683
41648,3,15,15,635
41649,3,15,15,90
41650,3,15,15,691
41651,3,15,15,548
41652,3,15,15,687
41653,3,21,15,111
41654,3,15,15,501
41655,3,21,21,640
41656,3,15,15,626
41657,3,15,4,605
41658,3,15,15,649
41659,3,15,15,688
41660,3,15,15,680
41661,3,15,15,652
41662,3,15,15,167
41663,3,15,15,674
41664,3,15,15,625
41665,3,4,4,444
41666,3,15,15,688
41667,3,15,15,666
41668,3,15,15,655
41669,3,15,15,679
41670,3,15,15,667
41671,3,15,15,697
41672,3,15,15,673
41673,3,15,15,681
41674,3,15,15,676
41675,3,3,15,646
41676,3,15,15,671
41677,3,15,15,677
41678,3,15,15,526
41679,3,15,15,543
41680,3,15,15,685
41681,3,15,15,668
41682,3,15,15,494
41683,3,15,15,657
41684,3,21,15,547
41685,3,15,15,390
41686,3,15,15,681
41687,3,15,15,650
41688,3,15,15,684
41689,3,15,15,231
41690,3,15,15,637
41691,3,4,4,655
41692,3,15,15,635
41693,3,15,15,649
41694,3,15,15,673
41695,3,15,15,679
41696,3,15,15,650
41697,3,15,15,622
41698,3,15,15,655
41699,3,15,15,660
41700,3,15,15,644
41701,3,21,15,681
41702,3,15,15,647
41703,3,15,15,113
41704,3,15,15,26
41705,3,15,15,660
41706,3,15,15,328
41707,3,15,15,393
41708,3,15,15,637
41709,3,15,15,664
41710,3,15,15,625
41711,3,15,15,485
41712,3,39,39,692
41713,3,15,15,595
41714,3,15,15,488
41715,3,21,21,681
41716,3,21,15,672
41717,3,15,15,419
41718,3,15,15,679
41719,3,3,3,584
41720,3,15,15,680
41721,3,15,15,598
41722,3,15,15,672
41723,3,15,15,688
41724,3,15,15,560
41725,3,15,15,595
41726,3,15,15,684
41727,3,15,15,683
41728,3,15,15,598
41729,3,41,15,685
41730,3,15,15,656
41731,3,15,15,600
41732,3,15,15,673
41733,3,15,15,653
41734,3,15,15,689
41735,3,15,15,213
41736,3,15,15,586
41737,3,15,15,684
41738,3,3,3,153
41739,3,15,15,542
41740,3,15,15,554
41741,3,21,15,614
41742,3,15,15,684
41743,3,15,15,516
41744,3,15,15,681
41745,3,15,15,171
41746,3,15,15,686
41747,3,15,15,581
41748,3,15,15,428
41749,3,15,15,296
41750,3,15,15,682
41751,3,15,15,659
41752,3,39,39,36
41753,3,4,4,656
41754,3,15,15,670
41755,3,15,15,680
41756,3,15,15,671
41757,3,4,4,161
41758,3,15,15,694
41759,3,15,15,604
41760,3,15,15,675
41761,3,9,9,59
41762,3,15,15,163
41763,3,15,15,664
41764,3,15,15,648
41765,3,15,15,275
41766,3,21,15,397
41767,3,21,15,621
41768,3,15,15,674
41769,3,15,15,583
41770,3,15,15,641
41771,3,15,15,664
41772,3,9,15,323
41773,3,15,15,680
41774,3,15,15,688
41775,3,15,15,695
41776,3,15,15,667
41777,3,12,12,356
41778,3,15,15,689
41779,3,15,15,685
41780,3,15,15,539
41781,3,15,15,580
41782,3,15,15,244
41783,3,15,15,634
41784,3,15,15,339
41785,3,15,15,165
41786,3,15,15,331
41787,3,15,15,686
41788,3,15,15,692
41789,3,15,15,678
41790,3,15,15,643
41791,3,15,15,94
41792,3,15,15,593
41793,3,15,15,630
41794,3,15,15,686
41795,3,15,15,640
41796,3,15,15,579
41797,3,15,15,667
41798,3,4,4,348
41799,3,15,15,687
41800,3,15,15,679
41801,3,21,15,479
41802,3,15,15,671
41803,3,15,15,674
41804,3,15,15,106
41805,3,15,15,650
41806,3,15,15,590
41807,3,15,15,687
41808,3,15,15,670
41809,3,4,4,615
41810,3,15,15,660
41811,3,15,15,679
41812,3,15,15,570
41813,3,15,15,150
41814,3,15,15,632
41815,3,15,15,680
41816,3,15,15,669
41817,3,4,4,636
41818,3,15,15,600
41819,3,15,3,572
41820,3,15,15,614
41821,3,15,15,267
41822,3,15,15,651
41823,3,3,3,237
41824,3,15,15,686
41825,3,15,15,676
41826,3,15,15,596
41827,3,15,15,26
41828,3,41,41,672
41829,3,15,15,684
41830,3,15,15,453
41831,3,15,15,512
41832,3,15,15,678
41833,3,15,15,583
41834,3,21,15,30
41835,3,15,15,278
41836,3,15,15,689
41837,3,15,15,507
41838,3,15,15,673
41839,3,15,15,689
41840,3,15,15,562
41841,3,15,15,688
41842,3,15,15,660
41843,3,21,21,435
41844,3,15,15,675
41845,3,15,15,690
41846,3,15,15,549
41847,3,21,15,420
41848,3,15,15,685
41849,3,15,15,595
41850,3,15,15,669
41851,3,15,15,691
41852,3,15,15,662
41853,3,15,15,689
41854,3,15,21,578
41855,3,15,15,458
41856,3,15,15,599
41857,3,15,15,686
41858,3,15,15,686
41859,3,15,15,616
41860,3,15,15,680
41861,3,15,15,640
41862,3,15,15,630
41863,3,15,15,619
41864,3,15,15,636
41865,3,15,15,207
41866,3,15,15,683
41867,3,15,15,672
41868,3,15,15,332
41869,3,15,15,42
41870,3,15,15,689
41871,3,39,15,688
41872,3,15,15,675
41873,3,15,15,591
41874,3,15,15,683
41875,3,15,15,690
41876,3,15,15,639
41877,3,3,15,94
41878,3,15,15,354
41879,3,15,15,682
41880,3,15,15,608
41881,3,39,39,665
41882,3,15,15,674
41883,3,4,4,633
41884,3,15,15,682
41885,3,15,15,614
41886,3,15,15,694
41887,3,15,15,678
41888,3,15,15,570
41889,3,15,15,662
41890,3,21,21,627
41891,3,15,15,661
41892,3,15,15,94
41893,3,15,15,691
41894,3,15,3,220
41895,3,15,15,654
41896,3,15,15,613
41897,3,15,15,171
41898,3,15,15,555
41899,3,15,15,568
41900,3,3,3,252
41901,3,15,15,522
41902,3,15,15,623
41903,3,15,15,687
41904,3,3,3,383
41905,3,21,15,73
41906,3,15,15,665
41907,3,15,15,678
41908,3,21,15,35
41909,3,3,3,579
41910,3,15,15,499
41911,3,15,15,657
41912,3,3,15,630
41913,3,4,4,473
41914,3,15,15,668
41915,3,11,11,6
41916,3,15,15,668
41917,3,21,15,6
41918,3,15,15,679
41919,3,15,15,550
41920,3,39,39,688
41921,3,15,15,684
41922,3,15,4,670
41923,3,15,15,471
41924,3,15,15,596
41925,3,15,15,687
41926,3,15,15,96
41927,3,15,15,666
41928,3,4,4,670
41929,3,15,15,339
41930,3,15,15,528
41931,3,15,15,622
41932,3,15,15,694
41933,3,15,15,446
41934,3,15,15,668
41935,3,15,15,231
41936,3,15,15,684
41937,3,15,15,661
41938,3,21,15,622
41939,3,4,15,448
41940,3,15,15,685
41941,3,15,15,680
41942,3,15,15,672
41943,3,15,15,547
41944,3,15,15,680
41945,3,15,15,681
41946,3,15,15,188
41947,3,15,15,660
41948,3,15,15,682
41949,3,15,15,649
41950,3,15,15,450
41951,3,15,15,125
41952,3,15,15,609
41953,3,15,15,355
41954,3,3,3,404
41955,3,15,15,80
41956,3,15,15,680
41957,3,15,15,693
41958,3,15,15,677
41959,3,15,15,674
41960,3,15,15,663
41961,3,15,15,228
41962,3,15,15,314
41963,3,15,15,687
41964,3,15,15,692
41965,3,21,15,648
41966,3,15,15,610
41967,3,15,15,665
41968,3,15,15,365
41969,3,15,15,684
41970,3,15,15,481
41971,3,15,15,677
41972,3,15,15,125
41973,3,4,4,619
41974,3,15,15,245
41975,3,15,15,688
41976,3,15,15,192
41977,3,15,15,81
41978,3,15,15,685
41979,3,15,15,686
41980,3,15,15,602
41981,3,3,3,622
41982,3,15,15,687
41983,3,15,15,646
41984,3,15,15,660
41985,3,15,15,415
41986,3,3,15,91
41987,3,4,4,678
41988,3,15,15,427
41989,3,4,4,463
41990,3,21,15,639
41991,3,15,15,627
41992,3,15,15,135
41993,3,15,15,690
41994,3,15,15,666
41995,3,15,15,680
41996,3,4,4,7
41997,3,15,15,690
41998,3,15,15,641
41999,3,4,15,406
42000,3,15,15,679
42001,3,15,15,673
42002,3,15,15,567
42003,3,15,15,104
42004,3,15,15,490
42005,3,15,15,645
42006,3,15,15,652
42007,3,15,15,605
42008,3,15,15,333
42009,3,15,15,400
42010,3,15,15,351
42011,3,15,15,596
42012,3,15,15,661
42013,3,39,39,687
42014,3,15,15,684
42015,3,15,15,684
42016,3,15,15,685
42017,3,4,4,422
42018,3,15,15,690
42019,3,15,15,454
42020,3,15,15,686
42021,3,15,15,670
42022,3,15,15,621
42023,3,15,15,687
42024,3,15,4,437
42025,3,15,15,678
42026,3,15,15,680
42027,3,15,15,582
42028,3,15,15,608
42029,3,15,15,677
42030,3,15,15,653
42031,3,15,15,538
42032,3,15,15,644
42033,3,15,15,68
42034,3,15,15,666
42035,3,15,15,683
42036,3,15,15,584
42037,3,15,15,488
42038,3,39,39,671
42039,3,15,15,586
42040,3,15,15,311
42041,3,15,15,683
42042,3,15,15,686
42043,3,15,15,2
42044,3,15,15,310
42045,3,15,15,602
42046,3,15,15,636
42047,3,15,15,663
42048,3,15,15,688
42049,3,15,15,79
42050,3,15,15,670
42051,3,15,15,679
42052,3,15,15,685
42053,3,15,15,656
42054,3,15,15,542
42055,3,15,15,691
42056,3,15,15,605
42057,3,3,3,7
42058,3,15,15,685
42059,3,15,15,683
42060,3,15,15,224
42061,3,15,15,535
42062,3,41,15,681
42063,3,15,15,671
42064,3,12,12,466
42065,3,15,15,610
42066,3,15,15,606
42067,3,15,15,476
42068,3,15,15,681
42069,3,15,3,116
42070,3,15,15,692
42071,3,15,15,689
42072,3,3,3,162
42073,3,3,3,22
42074,3,15,15,639
42075,3,3,3,15
42076,3,9,15,32
42077,3,15,15,689
42078,3,15,15,671
42079,3,15,15,623
42080,3,15,15,613
42081,3,21,15,542
42082,3,12,12,684
42083,3,15,15,571
42084,3,15,15,672
42085,3,15,15,130
42086,3,15,15,686
42087,3,15,15,658
42088,3,15,15,663
42089,3,15,15,688
42090,3,15,15,647
42091,3,15,15,604
42092,3,15,15,683
42093,3,15,15,263
42094,3,15,15,527
42095,3,15,15,507
42096,3,15,15,682
42097,3,3,3,545
42098,3,4,4,664
42099,3,15,15,332
42100,3,15,15,435
42101,3,15,15,253
42102,3,15,15,515
42103,3,15,15,680
42104,3,15,15,682
42105,3,15,15,676
42106,3,21,15,605
42107,3,15,15,548
42108,3,15,15,634
42109,3,15,15,686
42110,3,15,15,687
42111,3,15,15,240
42112,3,15,15,27
42113,3,15,15,524
42114,3,15,15,658
42115,3,15,15,621
42116,3,15,15,23
42117,3,15,15,674
42118,3,15,15,696
42119,3,15,15,663
42120,3,15,15,125
42121,3,15,15,686
42122,3,15,15,682
42123,3,15,15,164
42124,3,15,15,677
42125,3,15,15,595
42126,3,21,21,469
42127,3,15,15,684
42128,3,15,15,685
42129,3,15,15,646
42130,3,39,15,638
42131,3,15,15,692
42132,3,15,15,160
42133,3,15,15,678
42134,3,3,3,69
42135,3,15,15,635
42136,3,15,15,217
42137,3,41,41,693
42138,3,15,15,562
42139,3,15,15,681
42140,3,15,15,616
42141,3,15,15,642
42142,3,15,15,552
42143,3,15,15,447
42144,3,15,15,209
42145,3,15,15,663
42146,3,15,15,623
42147,3,15,15,294
42148,3,15,15,665
42149,3,15,15,609
42150,3,15,15,636
42151,3,15,15,670
42152,3,15,15,673
42153,3,15,15,7
42154,3,15,15,427
42155,3,15,15,670
42156,3,15,15,684
42157,3,15,15,690
42158,3,15,15,644
42159,3,41,41,659
42160,3,39,39,687
42161,3,15,15,685
42162,3,15,15,640
42163,3,15,15,565
42164,3,15,15,456
42165,3,15,15,655
42166,3,15,15,672
42167,3,15,15,684
42168,3,15,15,684
42169,3,15,3,677
42170,3,15,15,684
42171,3,15,15,70
42172,3,21,15,248
42173,3,15,15,528
42174,3,15,15,559
42175,3,21,15,646
42176,3,21,15,645
42177,3,15,15,671
42178,3,3,4,56
42179,3,15,15,617
42180,3,15,15,573
42181,3,15,15,659
42182,3,21,15,661
42183,3,15,15,75
42184,3,15,15,683
42185,3,15,15,655
42186,3,15,15,634
42187,3,15,15,689
42188,3,15,15,21
42189,3,21,15,581
42190,3,15,15,690
42191,3,15,15,659
42192,3,15,15,217
42193,3,15,15,637
42194,3,15,15,143
42195,3,15,15,674
42196,3,15,15,679
42197,3,15,15,684
42198,3,15,15,688
42199,3,15,15,635
42200,3,15,15,651
42201,3,15,15,682
42202,3,15,15,684
42203,3,15,15,637
42204,3,15,15,686
42205,3,15,15,686
42206,3,15,15,685
42207,3,15,15,164
42208,3,15,15,574
42209,3,15,15,672
42210,3,15,15,679
42211,3,15,15,617
42212,3,3,3,408
42213,3,15,15,618
42214,3,15,15,65
42215,3,15,15,684
42216,3,15,15,690
42217,3,15,15,682
42218,3,4,15,559
42219,3,15,15,638
42220,3,15,15,641
42221,3,15,15,533
42222,3,4,4,509
42223,3,15,15,681
42224,3,15,15,75
42225,3,15,15,376
42226,3,15,15,467
42227,3,15,15,633
42228,3,15,15,471
42229,3,15,15,434
42230,3,21,15,2
42231,3,15,15,670
42232,3,15,15,209
42233,3,15,15,652
42234,3,15,15,697
42235,3,15,15,555
42236,3,3,3,80
42237,3,15,15,651
42238,3,21,15,571
42239,3,15,15,553
42240,3,21,21,638
42241,3,4,4,624
42242,3,15,15,681
42243,3,4,4,658
42244,3,15,15,596
42245,3,4,15,521
42246,3,15,15,557
42247,3,15,15,623
42248,3,15,15,672
42249,3,15,15,683
42250,3,15,15,399
42251,3,15,15,682
42252,3,15,15,686
42253,3,24,24,618
42254,3,15,15,563
42255,3,15,15,681
42256,3,15,15,633
42257,3,15,15,683
42258,3,15,15,550
42259,3,15,15,678
42260,3,15,15,681
42261,3,21,21,508
42262,3,15,15,669
42263,3,15,15,366
42264,3,15,15,123
42265,3,15,15,259
42266,3,15,15,677
42267,3,15,15,619
42268,3,21,21,613
42269,3,15,15,21
42270,3,15,15,578
42271,3,15,15,626
42272,3,15,15,688
42273,3,15,15,682
42274,3,15,15,642
42275,3,15,15,692
42276,3,15,15,683
42277,3,15,15,682
42278,3,15,15,680
42279,3,15,15,661
42280,3,15,15,211
42281,3,15,15,614
42282,3,21,15,304
42283,3,15,15,632
42284,3,15,15,475
42285,3,15,15,657
42286,3,15,15,623
42287,3,15,15,75
42288,3,15,15,557
42289,3,15,15,611
42290,3,15,15,647
42291,3,15,15,66
42292,3,15,15,687
42293,3,15,11,217
42294,3,15,15,688
42295,3,15,15,679
42296,3,15,15,550
42297,3,15,15,645
42298,3,21,15,620
42299,3,15,15,679
42300,3,15,15,586
42301,3,15,15,590
42302,3,15,15,587
42303,3,15,15,686
42304,3,15,15,690
42305,3,15,15,672
42306,3,15,15,677
42307,3,15,15,669
42308,3,15,15,688
42309,3,15,15,683
42310,3,15,15,489
42311,3,15,15,668
42312,3,15,15,683
42313,3,3,3,343
42314,3,15,15,676
42315,3,15,15,634
42316,3,15,15,608
42317,3,15,15,580
42318,3,15,15,631
42319,3,15,15,512
42320,3,15,15,681
42321,3,3,3,63
42322,3,15,15,690
42323,3,15,15,675
42324,3,15,15,445
42325,3,15,15,691
42326,3,15,15,463
42327,3,15,15,647
42328,3,11,11,445
42329,3,15,15,522
42330,3,15,15,683
42331,3,15,15,666
42332,3,15,15,672
42333,3,15,15,633
42334,3,15,15,685
42335,3,15,15,625
42336,3,15,15,28
42337,3,15,15,400
42338,3,39,41,678
42339,3,15,15,157
42340,3,15,15,638
42341,3,3,3,253
42342,3,15,15,677
42343,3,15,15,305
42344,3,4,4,681
42345,3,15,15,12
42346,3,15,15,86
42347,3,15,15,659
42348,3,15,15,241
42349,3,15,15,634
42350,3,15,15,650
42351,3,15,15,665
42352,3,15,15,13
42353,3,15,15,692
42354,3,15,15,619
42355,3,15,15,519
42356,3,15,15,605
42357,3,15,15,239
42358,3,15,15,686
42359,3,15,15,677
42360,3,15,15,490
42361,3,15,15,492
42362,3,15,15,688
42363,3,15,15,687
42364,3,15,15,59
42365,3,15,15,680
42366,3,15,15,323
42367,3,15,15,642
42368,3,15,15,671
42369,3,15,15,274
42370,3,15,15,670
42371,3,15,15,625
42372,3,15,15,669
42373,3,15,15,615
42374,3,15,15,639
42375,3,15,15,688
42376,3,3,3,10
42377,3,15,15,648
42378,3,15,15,113
42379,3,15,15,693
42380,3,15,15,473
42381,3,15,15,226
42382,3,15,15,629
42383,3,41,15,351
42384,3,11,11,381
42385,3,15,15,682
42386,3,15,15,676
42387,3,15,15,683
42388,3,15,15,683
42389,3,3,15,527
42390,3,15,15,660
42391,3,39,39,47
42392,3,15,15,656
42393,3,21,15,694
42394,3,15,15,662
42395,3,15,15,599
42396,3,15,15,687
42397,3,15,15,647
42398,3,15,15,690
42399,3,15,15,683
42400,3,15,15,691
42401,3,15,15,62
42402,3,15,15,222
42403,3,15,15,196
42404,3,15,15,666
42405,3,15,15,586
42406,3,15,15,13
42407,3,15,15,151
42408,3,15,15,670
42409,3,15,15,671
42410,3,15,15,682
42411,3,15,15,227
42412,3,15,15,685
42413,3,39,39,511
42414,3,15,15,672
42415,3,15,15,671
42416,3,3,3,102
42417,3,15,15,679
42418,3,15,15,675
42419,3,15,15,594
42420,3,15,15,684
42421,3,15,15,683
42422,3,15,15,317
42423,3,21,15,441
42424,3,15,15,679
42425,3,15,15,525
42426,3,15,15,686
42427,3,15,15,44
42428,3,15,15,666
42429,3,15,15,123
42430,3,15,15,233
42431,3,15,15,656
42432,3,15,15,686
42433,3,15,15,659
42434,3,15,15,684
42435,3,15,15,609
42436,3,15,15,694
42437,3,15,15,597
42438,3,15,15,657
42439,3,15,15,660
42440,3,15,15,685
42441,3,15,15,562
42442,3,15,15,681
42443,3,15,15,592
42444,3,15,15,27
42445,3,15,15,648
42446,3,15,15,246
42447,3,15,15,672
42448,3,3,3,75
42449,3,15,15,518
42450,3,15,15,684
42451,3,15,15,590
42452,3,21,15,688
42453,3,15,15,121
42454,3,15,15,592
42455,3,15,15,673
42456,3,15,15,641
42457,3,15,15,685
42458,3,21,15,71
42459,3,15,15,683
42460,3,15,15,655
42461,3,15,15,620
42462,3,15,15,674
42463,3,15,15,554
42464,3,15,15,607
42465,3,15,15,691
42466,3,15,15,320
42467,3,15,15,695
42468,3,15,15,486
42469,3,15,15,680
42470,3,15,15,622
42471,3,9,9,10
42472,3,15,15,481
42473,3,15,15,607
42474,3,15,15,622
42475,3,15,15,685
42476,3,15,15,440
42477,3,3,3,198
42478,3,15,15,417
42479,3,3,3,91
42480,3,15,15,659
42481,3,15,15,670
42482,3,15,15,695
42483,3,3,3,134
42484,3,15,15,331
42485,3,15,15,74
42486,3,15,15,639
42487,3,15,15,672
42488,3,15,15,624
42489,3,15,15,674
42490,3,15,15,683
42491,3,3,3,339
42492,3,15,15,409
42493,3,15,15,623
42494,3,39,39,674
42495,3,15,15,193
42496,3,4,4,674
42497,3,15,15,667
42498,3,9,9,33
42499,3,3,15,51
42500,3,4,4,652
42501,3,15,15,543
42502,3,15,15,658
42503,3,15,15,99
42504,3,15,15,111
42505,3,15,15,685
42506,3,15,15,629
42507,3,15,15,648
42508,3,15,15,691
42509,3,15,15,608
42510,3,15,15,676
42511,3,15,15,118
42512,3,15,4,370
42513,3,15,15,123
42514,3,15,15,622
42515,3,15,15,684
42516,3,15,15,399
42517,3,15,15,679
42518,3,15,15,565
42519,3,15,15,689
42520,3,15,15,121
42521,3,15,15,688
42522,3,15,15,682
42523,3,15,15,597
42524,3,15,15,680
42525,3,15,15,440
42526,3,4,4,387
42527,3,15,15,436
42528,3,15,15,678
42529,3,15,15,629
42530,3,15,15,598
42531,3,15,15,680
42532,3,15,15,312
42533,3,15,15,631
42534,3,15,15,656
42535,3,15,15,664
42536,3,15,15,666
42537,3,3,3,514
42538,3,12,12,4
42539,3,15,15,675
42540,3,15,15,189
42541,3,41,41,665
42542,3,15,15,684
42543,3,15,15,654
42544,3,15,15,682
42545,3,15,15,597
42546,3,15,15,671
42547,3,20,20,676
42548,3,15,15,686
42549,3,15,15,654
42550,3,15,15,555
42551,3,3,15,26
42552,3,15,3,684
42553,3,15,15,618
42554,3,41,41,675
42555,3,15,15,668
42556,3,15,15,646
42557,3,15,15,686
42558,3,4,4,578
42559,3,15,15,267
42560,3,15,15,633
42561,3,15,15,91
42562,3,21,15,617
42563,3,15,15,671
42564,3,15,15,683
42565,3,15,15,659
42566,3,15,15,658
42567,3,15,15,578
42568,3,15,15,594
42569,3,15,15,674
42570,3,15,15,688
42571,3,15,15,554
42572,3,15,15,689
42573,3,15,15,648
42574,3,21,15,666
42575,3,15,15,634
42576,3,15,15,500
42577,3,3,3,586
42578,3,15,15,553
42579,3,15,15,679
42580,3,15,15,539
42581,3,15,15,566
42582,3,15,15,629
42583,3,15,15,688
42584,3,15,15,18
42585,3,15,15,463
42586,3,15,15,689
42587,3,21,15,44
42588,3,15,15,688
42589,3,15,15,319
42590,3,15,15,642
42591,3,15,21,638
42592,3,15,15,639
42593,3,15,15,689
42594,3,15,15,659
42595,3,15,15,544
42596,3,15,15,683
42597,3,15,15,343
42598,3,15,15,680
42599,3,15,15,687
42600,3,15,15,463
42601,3,15,15,647
42602,3,15,15,691
42603,3,15,15,689
42604,3,15,15,673
42605,3,15,15,688
42606,3,4,4,427
42607,3,15,15,659
42608,3,15,15,675
42609,3,15,4,629
42610,3,15,15,622
42611,3,15,15,427
42612,3,15,15,657
42613,3,21,15,677
42614,3,15,15,557
42615,3,15,15,622
42616,3,15,15,579
42617,3,15,15,669
42618,3,15,15,657
42619,3,15,15,238
42620,3,15,15,675
42621,3,21,15,447
42622,3,15,15,281
42623,3,15,15,226
42624,3,15,15,577
42625,3,15,15,687
42626,3,15,15,66
42627,3,15,15,647
42628,3,15,15,624
42629,3,15,15,580
42630,3,15,15,668
42631,3,15,15,223
42632,3,15,15,662
42633,3,15,15,692
42634,3,15,15,595
42635,3,15,15,263
42636,3,15,15,691
42637,3,15,15,564
42638,3,15,15,104
42639,3,3,3,518
42640,3,15,15,653
42641,3,15,15,679
42642,3,3,3,243
42643,3,15,15,122
42644,3,15,15,688
42645,3,15,15,681
42646,3,15,15,525
42647,3,15,15,509
42648,3,15,15,687
42649,3,15,15,148
42650,3,15,15,668
42651,3,15,15,684
42652,3,15,15,680
42653,3,15,15,647
42654,3,15,15,43
42655,3,15,15,69
42656,3,15,15,149
42657,3,15,15,537
42658,3,15,15,544
42659,3,15,15,683
42660,3,15,15,676
42661,3,15,15,687
42662,3,21,15,41
42663,3,15,15,652
42664,3,15,15,411
42665,3,15,15,74
42666,3,15,15,506
42667,3,15,15,238
42668,3,15,15,675
42669,3,21,15,496
42670,3,15,15,686
42671,3,15,15,691
42672,3,15,15,205
42673,3,15,15,115
42674,3,15,15,446
42675,3,15,15,507
42676,3,15,15,167
42677,3,21,15,92
42678,3,21,15,685
42679,3,15,15,683
42680,3,15,15,680
42681,3,15,15,659
42682,3,15,15,604
42683,3,15,15,670
42684,3,15,15,642
42685,3,15,15,616
42686,3,15,15,688
42687,3,15,15,321
42688,3,15,15,679
42689,3,15,15,659
42690,3,15,15,691
42691,3,15,15,118
42692,3,15,15,693
42693,3,15,15,673
42694,3,21,15,605
42695,3,15,15,618
42696,3,15,15,174
42697,3,15,15,247
42698,3,15,15,688
42699,3,15,15,610
42700,3,15,15,470
42701,3,15,15,667
42702,3,15,15,692
42703,3,15,15,409
42704,3,15,15,653
42705,3,15,15,675
42706,3,15,15,634
42707,3,15,15,153
42708,3,15,15,684
42709,3,15,15,684
42710,3,15,15,608
42711,3,33,33,22
42712,3,15,15,665
42713,3,15,15,583
42714,3,15,15,638
42715,3,15,15,550
42716,3,15,15,617
42717,3,15,15,646
42718,3,15,15,684
42719,3,15,15,683
42720,3,21,15,686
42721,3,15,15,685
42722,3,15,15,693
42723,3,15,15,501
42724,3,3,3,297
42725,3,15,15,670
42726,3,15,15,472
42727,3,15,15,143
42728,3,3,3,142
42729,3,15,15,218
42730,3,15,15,686
42731,3,15,15,641
42732,3,15,15,321
42733,3,15,15,683
42734,3,15,15,201
42735,3,15,15,471
42736,3,15,15,688
42737,3,15,15,681
42738,3,15,15,666
42739,3,15,15,624
42740,3,15,15,661
42741,3,15,15,390
42742,3,15,15,516
42743,3,15,15,165
42744,3,15,15,364
42745,3,15,15,8
42746,3,15,15,688
42747,3,21,15,119
42748,3,15,15,680
42749,3,20,15,238
42750,3,15,15,685
42751,3,15,15,666
42752,3,15,15,632
42753,3,15,15,665
42754,3,15,15,670
42755,3,15,15,651
42756,3,15,15,330
42757,3,15,15,581
42758,3,15,15,310
42759,3,15,15,669
42760,3,15,15,672
42761,3,15,15,634
42762,3,15,15,681
42763,3,15,15,683
42764,3,15,15,678
42765,3,15,15,653
42766,3,15,15,33
42767,3,15,15,682
42768,3,15,15,110
42769,3,15,15,629
42770,3,15,15,567
42771,3,15,15,683
42772,3,15,15,548
42773,3,15,15,8
42774,3,15,15,646
42775,3,15,15,674
42776,3,21,15,597
42777,3,15,15,683
42778,3,9,15,57
42779,3,15,15,23
42780,3,15,15,476
42781,3,15,15,670
42782,3,15,15,691
42783,3,15,15,672
42784,3,15,15,612
42785,3,3,3,58
42786,3,15,15,644
42787,3,15,15,515
42788,3,15,15,532
42789,3,15,15,696
42790,3,15,15,690
42791,3,15,15,482
42792,3,15,15,630
42793,3,15,15,674
42794,3,3,3,436
42795,3,15,15,691
42796,3,15,15,684
42797,3,15,15,662
42798,3,15,15,636
42799,3,15,15,687
42800,3,15,4,647
42801,3,15,15,696
42802,3,15,15,641
42803,3,39,39,665
42804,3,15,15,673
42805,3,15,15,681
42806,3,15,15,682
42807,3,39,39,670
42808,3,15,15,677
42809,3,3,3,134
42810,3,15,15,678
42811,3,21,15,650
42812,3,15,15,651
42813,3,15,15,627
42814,3,15,15,686
42815,3,3,3,79
42816,3,15,15,687
42817,3,15,15,689
42818,3,15,15,678
42819,3,4,4,1
42820,3,15,15,688
42821,3,15,15,692
42822,3,15,15,639
42823,3,15,15,657
42824,3,15,15,677
42825,3,15,15,649
42826,3,15,15,108
42827,3,15,15,654
42828,3,15,15,675
42829,3,15,15,292
42830,3,15,15,662
42831,3,15,15,684
42832,3,15,15,13
42833,3,15,15,688
42834,3,15,15,615
42835,3,3,3,586
42836,3,15,15,666
42837,3,15,15,683
42838,3,15,15,681
42839,3,15,15,685
42840,3,15,15,658
42841,3,15,15,368
42842,3,15,15,680
42843,3,15,15,487
42844,3,15,15,687
42845,3,15,15,84
42846,3,15,15,654
42847,3,15,15,602
42848,3,15,15,682
42849,3,3,3,519
42850,3,15,15,110
42851,3,3,3,332
42852,3,15,15,30
42853,3,15,15,687
42854,3,9,9,28
42855,3,15,15,687
42856,3,15,15,690
42857,3,15,15,678
42858,3,21,21,641
42859,3,15,15,685
42860,3,15,15,180
42861,3,15,15,637
42862,3,15,15,674
42863,3,15,15,674
42864,3,15,15,676
42865,3,15,15,675
42866,3,15,15,531
42867,3,15,15,551
42868,3,15,15,594
42869,3,15,15,684
42870,3,15,15,687
42871,3,15,15,325
42872,3,20,20,667
42873,3,15,15,547
42874,3,15,15,606
42875,3,15,15,661
42876,3,15,15,635
42877,3,15,15,673
42878,3,15,15,664
42879,3,39,39,640
42880,3,15,15,685
42881,3,15,15,689
42882,3,15,15,658
42883,3,15,15,682
42884,3,15,15,537
42885,3,4,4,612
42886,3,15,15,689
42887,3,15,15,28
42888,3,15,15,603
42889,3,3,15,156
42890,3,15,15,683
42891,3,15,15,691
42892,3,15,15,42
42893,3,15,15,612
42894,3,15,15,316
42895,3,15,15,543
42896,3,4,4,591
42897,3,15,15,612
42898,3,15,15,639
42899,3,15,15,600
42900,3,15,15,674
42901,3,15,15,668
42902,3,15,15,175
42903,3,15,15,682
42904,3,15,15,692
42905,3,15,15,444
42906,3,15,15,642
42907,3,41,41,664
42908,3,15,15,670
42909,3,15,15,567
42910,3,15,15,664
42911,3,15,15,670
42912,3,15,15,659
42913,3,15,15,91
42914,3,15,15,667
42915,3,15,15,555
42916,3,15,15,453
42917,3,15,15,678
42918,3,4,4,77
42919,3,15,15,624
42920,3,4,4,622
42921,3,15,15,680
42922,3,15,15,518
42923,3,15,15,693
42924,3,15,15,354
42925,3,15,15,660
42926,3,15,15,418
42927,3,15,15,640
42928,3,21,15,650
42929,3,15,15,63
42930,3,15,15,673
42931,3,15,15,686
42932,3,15,15,667
42933,3,15,15,690
42934,3,15,15,683
42935,3,15,15,690
42936,3,15,15,680
42937,3,15,15,687
42938,3,9,15,103
42939,3,15,15,158
42940,3,41,41,685
42941,3,15,15,667
42942,3,15,15,603
42943,3,15,15,687
42944,3,15,15,509
42945,3,41,41,682
42946,3,15,15,118
42947,3,15,15,663
42948,3,15,15,79
42949,3,15,15,458
42950,3,15,15,672
42951,3,15,15,663
42952,3,15,15,502
42953,3,15,15,88
42954,3,15,15,679
42955,3,15,15,570
42956,3,9,15,38
42957,3,3,3,465
42958,3,15,15,547
42959,3,15,15,50
42960,3,15,15,295
42961,3,15,15,691
42962,3,15,15,228
42963,3,15,15,685
42964,3,15,15,685
42965,3,15,15,91
42966,3,24,4,324
42967,3,15,15,618
42968,3,15,15,682
42969,3,15,15,583
42970,3,21,15,653
42971,3,15,15,679
42972,3,3,3,38
42973,3,15,15,674
42974,3,15,15,683
42975,3,15,15,220
42976,3,15,15,566
42977,3,3,3,46
42978,3,15,15,645
42979,3,15,15,439
42980,3,15,15,24
42981,3,15,15,680
42982,3,15,15,139
42983,3,15,15,233
42984,3,15,15,695
42985,3,15,15,336
42986,3,15,15,649
42987,3,4,4,689
42988,3,15,15,686
42989,3,15,15,143
42990,3,15,15,676
42991,3,15,15,684
42992,3,15,15,671
42993,3,3,3,655
42994,3,15,15,331
42995,3,15,15,687
42996,3,15,15,666
42997,3,15,15,682
42998,3,15,15,686
42999,3,15,15,673
43000,3,15,15,560
43001,3,15,15,682
43002,3,15,15,672
43003,3,4,4,661
43004,3,15,15,672
43005,3,15,15,684
43006,3,15,15,687
43007,3,15,15,199
43008,3,15,15,156
43009,3,3,3,344
43010,3,15,15,691
43011,3,15,15,671
43012,3,15,15,672
43013,3,15,15,666
43014,3,15,15,682
43015,3,15,15,689
43016,3,15,15,165
43017,3,15,15,691
43018,3,15,15,530
43019,3,15,15,693
43020,3,21,15,249
43021,3,15,15,647
43022,3,15,15,579
43023,3,15,15,646
43024,3,15,15,573
43025,3,15,15,686
43026,3,15,15,686
43027,3,15,15,679
43028,3,15,15,646
43029,3,4,4,643
43030,3,41,41,605
43031,3,15,15,671
43032,3,15,15,678
43033,3,15,15,666
43034,3,15,15,652
43035,3,15,4,633
43036,3,15,15,268
43037,3,15,15,685
43038,3,15,15,662
43039,3,15,15,308
43040,3,15,15,676
43041,3,15,15,670
43042,3,15,15,531
43043,3,15,15,558
43044,3,15,15,665
43045,3,15,15,199
43046,3,15,15,595
43047,3,15,15,361
43048,3,15,15,455
43049,3,15,15,681
43050,3,15,15,654
43051,3,39,41,681
43052,3,15,15,678
43053,3,15,15,675
43054,3,15,15,692
43055,3,15,15,689
43056,3,15,15,578
43057,3,15,15,637
43058,3,15,15,685
43059,3,15,15,447
43060,3,15,15,616
43061,3,15,15,557
43062,3,15,15,688
43063,3,15,15,633
43064,3,15,15,597
43065,3,15,15,230
43066,3,15,15,690
43067,3,15,15,692
43068,3,15,15,672
43069,3,15,15,684
43070,3,15,15,652
43071,3,15,15,579
43072,3,15,15,298
43073,3,15,15,24
43074,3,3,3,534
43075,3,15,15,681
43076,3,15,15,678
43077,3,15,15,694
43078,3,15,15,635
43079,3,15,15,691
43080,3,15,15,614
43081,3,15,15,683
43082,3,15,15,279
43083,3,15,15,619
43084,3,15,15,362
43085,3,21,15,435
43086,3,15,15,666
43087,3,15,15,661
43088,3,15,15,97
43089,3,3,3,43
43090,3,15,15,650
43091,3,15,15,603
43092,3,15,15,676
43093,3,15,15,651
43094,3,4,4,655
43095,3,15,15,566
43096,3,15,15,355
43097,3,15,15,683
43098,3,15,15,633
43099,3,15,15,689
43100,3,15,15,641
43101,3,15,15,633
43102,3,4,4,149
43103,3,15,15,674
43104,3,15,15,600
43105,3,15,15,582
43106,3,15,15,569
43107,3,15,15,688
43108,3,15,15,153
43109,3,15,15,664
43110,3,15,3,588
43111,3,15,15,550
43112,3,15,15,658
43113,3,15,15,497
43114,3,15,15,696
43115,3,15,15,678
43116,3,3,3,533
43117,3,15,15,667
43118,3,15,15,688
43119,3,15,15,687
43120,3,15,15,684
43121,3,15,15,23
43122,3,15,15,673
43123,3,15,15,668
43124,3,15,15,678
43125,3,15,15,692
43126,3,15,15,674
43127,3,15,15,679
43128,3,15,15,659
43129,3,15,15,675
43130,3,15,15,688
43131,3,15,15,226
43132,3,15,15,612
43133,3,15,15,209
43134,3,15,15,674
43135,3,41,41,674
43136,3,15,15,667
43137,3,15,15,668
43138,3,15,15,216
43139,3,15,15,683
43140,3,15,15,679
43141,3,15,15,675
43142,3,15,15,577
43143,3,15,15,637
43144,3,3,3,289
43145,3,15,15,693
43146,3,21,15,648
43147,3,15,15,635
43148,3,15,15,687
43149,3,15,15,677
43150,3,4,4,30
43151,3,15,15,684
43152,3,15,15,680
43153,3,15,15,677
43154,3,15,15,689
43155,3,15,15,686
43156,3,39,41,687
43157,3,15,15,663
43158,3,15,15,581
43159,3,15,15,633
43160,3,15,15,687
43161,3,15,15,247
43162,3,15,15,128
43163,3,15,15,691
43164,3,15,15,667
43165,3,15,15,619
43166,3,15,15,566
43167,3,15,15,628
43168,3,15,15,630
43169,3,15,15,671
43170,3,15,15,556
43171,3,3,3,679
43172,3,3,3,27
43173,3,15,15,50
43174,3,15,15,680
43175,3,15,15,369
43176,3,15,15,665
43177,3,3,3,183
43178,3,15,15,688
43179,3,15,15,337
43180,3,15,15,464
43181,3,3,3,83
43182,3,15,15,650
43183,3,15,15,687
43184,3,15,15,674
43185,3,4,4,627
43186,3,15,15,38
43187,3,15,15,664
43188,3,15,15,568
43189,3,15,15,687
43190,3,15,15,667
43191,3,15,15,642
43192,3,15,15,538
43193,3,4,4,660
43194,3,15,3,672
43195,3,41,41,683
43196,3,15,15,661
43197,3,15,15,683
43198,3,3,3,573
43199,3,39,39,426
43200,3,15,15,660
43201,3,15,15,684
43202,3,3,3,559
43203,3,15,15,138
43204,3,15,15,207
43205,3,4,15,664
43206,3,21,15,636
43207,3,15,15,685
43208,3,15,15,373
43209,3,15,15,684
43210,3,15,15,661
43211,3,15,15,673
43212,3,15,15,512
43213,3,15,15,461
43214,3,41,41,680
43215,3,15,15,681
43216,3,15,15,551
43217,3,15,15,681
43218,3,3,3,571
43219,3,15,15,679
43220,3,15,15,634
43221,3,15,15,539
43222,3,15,15,458
43223,3,15,15,562
43224,3,15,15,167
43225,3,3,3,167
43226,3,15,15,472
43227,3,15,15,562
43228,3,15,15,686
43229,3,15,15,681
43230,3,15,15,677
43231,3,21,15,488
43232,3,15,15,685
43233,3,15,15,602
43234,3,15,15,378
43235,3,15,15,563
43236,3,15,15,157
43237,3,15,15,626
43238,3,15,15,509
43239,3,15,15,468
43240,3,15,15,257
43241,3,15,15,637
43242,3,15,15,582
43243,3,15,15,687
43244,3,15,15,694
43245,3,15,15,76
43246,3,15,15,645
43247,3,15,15,693
43248,3,15,15,222
43249,3,15,15,696
43250,3,15,15,679
43251,3,21,15,259
43252,3,15,15,686
43253,3,15,15,495
43254,3,15,15,218
43255,3,15,15,681
43256,3,15,15,422
43257,3,15,15,678
43258,3,15,15,583
43259,3,15,15,636
43260,3,15,15,384
43261,3,15,15,408
43262,3,3,3,651
43263,3,15,15,689
43264,3,15,15,546
43265,3,15,15,617
43266,3,15,15,696
43267,3,15,15,48
43268,3,15,15,530
43269,3,15,15,691
43270,3,15,15,650
43271,3,15,15,592
43272,3,9,9,67
43273,3,15,15,433
43274,3,15,15,680
43275,3,15,15,673
43276,3,15,15,688
43277,3,15,15,576
43278,3,15,15,684
43279,3,15,15,463
43280,3,15,15,390
43281,3,15,15,447
43282,3,15,15,138
43283,3,15,15,600
43284,3,11,11,682
43285,3,15,15,604
43286,3,15,15,689
43287,3,15,15,687
43288,3,15,15,666
43289,3,15,15,683
43290,3,15,15,684
43291,3,15,15,687
43292,3,15,15,636
43293,3,15,15,117
43294,3,3,3,182
43295,3,15,15,568
43296,3,15,15,684
43297,3,15,15,690
43298,3,15,15,675
43299,3,3,3,450
43300,3,15,15,679
43301,3,15,15,615
43302,3,15,15,656
43303,3,15,15,687
43304,3,3,3,571
43305,3,15,15,685
43306,3,15,15,688
43307,3,15,15,542
43308,3,15,15,684
43309,3,15,15,663
43310,3,39,39,668
43311,3,15,15,442
43312,3,15,15,690
43313,3,15,15,673
43314,3,15,15,691
43315,3,15,15,686
43316,3,15,15,640
43317,3,15,15,532
43318,3,15,15,669
43319,3,15,15,687
43320,3,15,15,143
43321,3,15,15,665
43322,3,15,15,69
43323,3,15,15,503
43324,3,15,15,676
43325,3,15,15,576
43326,3,15,15,28
43327,3,15,15,514
43328,3,15,15,555
43329,3,15,15,391
43330,3,15,15,606
43331,3,15,15,655
43332,3,9,9,9
43333,3,15,15,593
43334,3,21,15,564
43335,3,41,41,640
43336,3,15,15,648
43337,3,15,15,683
43338,3,15,15,640
43339,3,15,15,124
43340,3,15,15,671
43341,3,15,15,404
43342,3,4,4,522
43343,3,15,15,687
43344,3,15,15,668
43345,3,15,15,648
43346,3,15,15,657
43347,3,15,15,662
43348,3,15,15,658
43349,3,15,15,683
43350,3,15,15,688
43351,3,15,15,563
43352,3,15,15,52
43353,3,15,15,48
43354,3,15,15,595
43355,3,15,15,609
43356,3,15,15,412
43357,3,15,15,545
43358,3,15,15,682
43359,3,15,15,483
43360,3,15,15,643
43361,3,3,3,642
43362,3,15,15,685
43363,3,15,15,686
43364,3,15,15,642
43365,3,15,15,666
43366,3,15,15,470
43367,3,15,15,683
43368,3,15,15,686
43369,3,15,15,425
43370,3,15,15,659
43371,3,15,15,650
43372,3,15,15,633
43373,3,15,15,686
43374,3,15,15,224
43375,3,15,15,621
43376,3,15,15,372
43377,3,15,15,686
43378,3,15,15,569
43379,3,15,15,631
43380,3,15,15,672
43381,3,21,3,598
43382,3,15,15,684
43383,3,15,15,593
43384,3,15,15,686
43385,3,15,15,671
43386,3,15,15,642
43387,3,15,15,697
43388,3,15,15,653
43389,3,15,15,672
43390,3,15,15,660
43391,3,15,15,630
43392,3,15,15,570
43393,3,15,15,685
43394,3,15,3,442
43395,3,15,15,682
43396,3,15,15,631
43397,3,15,15,684
43398,3,15,15,653
43399,3,15,15,571
43400,3,15,15,491
43401,3,15,15,652
43402,3,15,15,568
43403,3,3,4,347
43404,3,15,15,679
43405,3,15,15,679
43406,3,15,15,683
43407,3,15,15,673
43408,3,15,15,132
43409,3,15,15,596
43410,3,15,15,200
43411,3,15,15,644
43412,3,15,15,665
43413,3,15,15,401
43414,3,15,15,680
43415,3,15,15,694
43416,3,15,15,661
43417,3,15,21,392
43418,3,15,15,688
43419,3,3,3,313
43420,3,15,15,437
43421,3,15,15,37
43422,3,15,15,337
43423,3,21,15,678
43424,3,15,15,689
43425,3,15,15,634
43426,3,21,15,610
43427,3,15,15,681
43428,3,15,15,687
43429,3,15,15,322
43430,3,15,15,678
43431,3,15,15,673
43432,3,15,15,121
43433,3,15,15,693
43434,3,9,15,482
43435,3,15,15,620
43436,3,15,15,672
43437,3,15,15,129
43438,3,15,15,236
43439,3,15,15,619
43440,3,15,15,685
43441,3,15,15,671
43442,3,15,15,552
43443,3,15,15,696
43444,3,15,15,236
43445,3,15,15,668
43446,3,15,15,535
43447,3,3,3,681
43448,3,15,15,677
43449,3,15,15,572
43450,3,15,15,329
43451,3,15,15,685
43452,3,15,15,695
43453,3,15,15,607
43454,3,15,15,628
43455,3,15,15,661
43456,3,15,15,692
43457,3,15,15,690
43458,3,15,15,405
43459,3,15,15,685
43460,3,15,15,392
43461,3,15,15,672
43462,3,3,3,650
43463,3,15,15,687
43464,3,15,15,479
43465,3,15,15,659
43466,3,15,15,645
43467,3,3,3,125
43468,3,39,39,686
43469,3,15,15,682
43470,3,15,15,677
43471,3,15,15,681
43472,3,15,15,392
43473,3,15,15,232
43474,3,15,15,683
43475,3,15,15,685
43476,3,15,15,680
43477,3,15,15,660
43478,3,15,15,23
43479,3,15,15,651
43480,3,3,3,471
43481,3,4,4,120
43482,3,15,15,479
43483,3,15,15,401
43484,3,15,15,653
43485,3,15,15,601
43486,3,15,15,305
43487,3,4,4,542
43488,3,15,15,683
43489,3,3,3,14
43490,3,15,15,686
43491,3,15,15,519
43492,3,15,15,682
43493,3,15,15,664
43494,3,15,15,177
43495,3,15,15,537
43496,3,15,15,634
43497,3,15,15,412
43498,3,15,15,674
43499,3,15,15,652
43500,3,15,15,671
43501,3,15,15,622
43502,3,15,15,610
43503,3,15,15,669
43504,3,15,15,233
43505,3,15,15,213
43506,3,39,39,672
43507,3,15,15,634
43508,3,4,4,66
43509,3,15,15,110
43510,3,15,15,676
43511,3,15,15,670
43512,3,3,3,669
43513,3,15,15,679
43514,3,15,15,597
43515,3,4,4,610
43516,3,15,15,602
43517,3,15,15,100
43518,3,15,15,33
43519,3,4,4,599
43520,3,21,15,551
43521,3,15,15,662
43522,3,15,15,527
43523,3,15,15,656
43524,3,15,15,695
43525,3,15,15,155
43526,3,15,15,426
43527,3,15,15,642
43528,3,15,15,667
43529,3,15,15,109
43530,3,15,15,17
43531,3,15,15,665
43532,3,15,15,583
43533,3,15,15,659
43534,3,3,15,79
43535,3,15,15,662
43536,3,21,15,438
43537,3,15,15,639
43538,3,15,15,663
43539,3,21,15,411
43540,3,15,15,614
43541,3,15,15,681
43542,3,15,15,682
43543,3,21,4,472
43544,3,15,15,633
43545,3,15,15,677
43546,3,15,15,676
43547,3,15,15,26
43548,3,15,15,647
43549,3,15,15,686
43550,3,15,15,682
43551,3,15,15,683
43552,3,15,15,672
43553,3,15,15,645
43554,3,15,15,464
43555,3,15,15,650
43556,3,15,15,685
43557,3,3,3,493
43558,3,15,15,20
43559,3,15,15,227
43560,3,15,15,689
43561,3,15,15,677
43562,3,15,15,674
43563,3,15,15,442
43564,3,15,15,683
43565,3,15,15,616
43566,3,3,3,661
43567,3,21,21,574
43568,3,15,15,641
43569,3,15,15,673
43570,3,15,15,614
43571,3,15,15,443
43572,3,15,15,362
43573,3,15,15,648
43574,3,15,15,93
43575,3,15,15,671
43576,3,15,15,684
43577,3,15,15,674
43578,3,15,15,672
43579,3,15,15,679
43580,3,15,15,39
43581,3,15,15,674
43582,3,15,15,677
43583,3,4,12,670
43584,3,15,15,683
43585,3,15,15,690
43586,3,15,15,555
43587,3,15,15,115
43588,3,15,15,673
43589,3,15,15,84
43590,3,15,15,678
43591,3,15,15,684
43592,3,15,15,76
43593,3,15,15,133
43594,3,15,15,689
43595,3,15,15,663
43596,3,15,15,549
43597,3,15,15,664
43598,3,15,15,626
43599,3,15,15,439
43600,3,21,21,583
43601,3,15,15,527
43602,3,15,15,574
43603,3,15,15,573
43604,3,15,15,369
43605,3,15,15,180
43606,3,15,15,681
43607,3,15,15,579
43608,3,15,15,636
43609,3,15,15,640
43610,3,3,3,444
43611,3,15,15,374
43612,3,15,15,107
43613,3,15,15,597
43614,3,15,15,592
43615,3,15,15,231
43616,3,15,15,689
43617,3,15,15,684
43618,3,15,15,630
43619,3,15,15,680
43620,3,15,15,687
43621,3,15,15,675
43622,3,3,3,39
43623,3,15,15,536
43624,3,15,15,671
43625,3,15,15,691
43626,3,15,15,664
43627,3,15,15,680
43628,3,4,4,476
43629,3,15,15,39
43630,3,15,15,574
43631,3,15,15,673
43632,3,15,15,676
43633,3,15,15,321
43634,3,15,15,680
43635,3,15,15,685
43636,3,15,15,680
43637,3,15,15,675
43638,3,15,15,694
43639,3,15,15,674
43640,3,20,15,267
43641,3,15,15,669
43642,3,15,15,655
43643,3,15,15,689
43644,3,15,15,153
43645,3,15,15,667
43646,3,15,15,669
43647,3,15,15,135
43648,3,15,15,590
43649,3,15,15,658
43650,3,15,15,556
43651,3,15,15,684
43652,3,15,15,154
43653,3,15,15,397
43654,3,15,15,682
43655,3,15,15,353
43656,3,15,15,661
43657,3,15,15,675
43658,3,15,15,496
43659,3,3,3,268
43660,3,9,15,75
43661,3,4,4,605
43662,3,15,15,665
43663,3,15,15,680
43664,3,15,15,652
43665,3,15,15,557
43666,3,4,4,309
43667,3,4,4,655
43668,3,15,15,101
43669,3,15,15,427
43670,3,15,15,95
43671,3,15,15,35
43672,3,15,15,684
43673,3,15,15,651
43674,3,15,15,673
43675,3,15,15,413
43676,3,15,15,611
43677,3,15,15,594
43678,3,15,15,675
43679,3,15,15,29
43680,3,15,15,692
43681,3,15,15,660
43682,3,15,15,661
43683,3,15,15,682
43684,3,15,15,657
43685,3,15,15,386
43686,3,15,15,671
43687,3,15,15,674
43688,3,15,15,689
43689,3,15,15,690
43690,3,15,15,664
43691,3,15,15,607
43692,3,15,15,663
43693,3,15,15,689
43694,3,15,15,689
43695,3,15,15,225
43696,3,15,15,679
43697,3,15,15,505
43698,3,15,15,657
43699,3,15,15,674
43700,3,15,15,639
43701,3,15,15,670
43702,3,3,3,3
43703,3,15,15,575
43704,3,15,15,70
43705,3,15,15,564
43706,3,15,15,684
43707,3,15,15,664
43708,3,15,15,460
43709,3,15,15,671
43710,3,15,15,679
43711,3,15,15,657
43712,3,21,21,594
43713,3,15,15,688
43714,3,15,15,681
43715,3,15,15,690
43716,3,15,15,688
43717,3,4,4,612
43718,3,15,15,125
43719,3,15,15,442
43720,3,15,15,670
43721,3,15,15,679
43722,3,21,15,594
43723,3,15,15,571
43724,3,15,15,654
43725,3,15,15,629
43726,3,15,15,678
43727,3,9,9,4
43728,3,15,15,671
43729,3,15,15,459
43730,3,21,21,581
43731,3,15,15,618
43732,3,15,15,96
43733,3,15,15,662
43734,3,15,15,220
43735,3,15,15,656
43736,3,15,15,56
43737,3,21,15,16
43738,3,15,15,494
43739,3,15,15,684
43740,3,3,3,320
43741,3,15,15,314
43742,3,15,15,665
43743,3,15,15,501
43744,3,15,15,659
43745,3,15,15,146
43746,3,15,15,693
43747,3,15,15,680
43748,3,15,15,465
43749,3,15,15,412
43750,3,15,15,665
43751,3,15,15,79
43752,3,15,15,590
43753,3,15,15,282
43754,3,15,15,345
43755,3,15,15,648
43756,3,15,3,239
43757,3,15,15,612
43758,3,15,15,684
43759,3,15,15,666
43760,3,15,15,614
43761,3,15,15,208
43762,3,15,15,674
43763,3,15,15,683
43764,3,15,15,127
43765,3,21,15,566
43766,3,15,15,687
43767,3,15,15,195
43768,3,15,15,228
43769,3,15,15,658
43770,3,15,15,568
43771,3,15,15,456
43772,3,15,15,685
43773,3,15,15,358
43774,3,15,15,669
43775,3,15,15,321
43776,3,15,15,575
43777,3,15,15,689
43778,3,39,15,654
43779,3,15,15,592
43780,3,15,15,647
43781,3,15,15,548
43782,3,3,3,613
43783,3,15,15,687
43784,3,15,15,685
43785,3,15,15,694
43786,3,15,15,674
43787,3,15,15,411
43788,3,15,15,680
43789,3,15,15,330
43790,3,15,15,583
43791,3,15,15,658
43792,3,15,15,694
43793,3,15,15,686
43794,3,15,15,662
43795,3,15,15,692
43796,3,15,15,693
43797,3,15,15,131
43798,3,15,15,685
43799,3,15,21,564
43800,3,3,3,671
43801,3,15,15,56
43802,3,15,15,692
43803,3,15,15,686
43804,3,15,15,345
43805,3,15,15,49
43806,3,21,15,684
43807,3,15,15,351
43808,3,15,15,67
43809,3,15,15,614
43810,3,15,15,422
43811,3,15,3,204
43812,3,15,15,507
43813,3,15,15,676
43814,3,15,15,686
43815,3,21,15,14
43816,3,15,15,278
43817,3,21,21,557
43818,3,15,15,370
43819,3,15,15,136
43820,3,15,15,662
43821,3,15,15,624
43822,3,15,15,676
43823,3,15,15,655
43824,3,15,15,239
43825,3,15,15,689
43826,3,15,15,410
43827,3,15,15,538
43828,3,15,15,661
43829,3,15,15,540
43830,3,15,15,669
43831,3,15,15,693
43832,3,21,15,349
43833,3,15,15,668
43834,3,15,15,96
43835,3,15,15,688
43836,3,15,15,561
43837,3,15,15,680
43838,3,15,15,678
43839,3,15,15,680
43840,3,15,15,686
43841,3,15,15,637
43842,3,15,15,676
43843,3,15,15,136
43844,3,15,15,692
43845,3,15,15,145
43846,3,3,3,53
43847,3,15,15,76
43848,3,15,15,670
43849,3,15,15,599
43850,3,15,15,571
43851,3,3,3,110
43852,3,15,15,681
43853,3,15,15,628
43854,3,15,15,420
43855,3,15,15,632
43856,3,15,15,551
43857,3,15,15,571
43858,3,15,15,577
43859,3,15,15,625
43860,3,15,15,692
43861,3,15,15,495
43862,3,15,15,674
43863,3,15,15,682
43864,3,15,15,617
43865,3,15,15,676
43866,3,15,15,673
43867,3,15,15,676
43868,3,15,15,676
43869,3,15,15,566
43870,3,15,15,2
43871,3,15,15,614
43872,3,15,15,686
43873,3,21,21,565
43874,3,15,15,652
43875,3,15,15,687
43876,3,15,21,555
43877,3,15,15,659
43878,3,15,15,125
43879,3,15,15,625
43880,3,15,15,610
43881,3,15,15,629
43882,3,41,15,609
43883,3,15,15,442
43884,3,15,15,485
43885,3,15,15,619
43886,3,15,15,583
43887,3,15,15,654
43888,3,15,15,680
43889,3,4,15,675
43890,3,15,15,676
43891,3,15,15,681
43892,3,15,3,673
43893,3,9,9,214
43894,3,15,15,348
43895,3,15,15,351
43896,3,15,15,676
43897,3,15,15,665
43898,3,15,15,1
43899,3,15,15,678
43900,3,15,15,695
43901,3,15,15,681
43902,3,15,15,641
43903,3,15,15,232
43904,3,21,15,674
43905,3,15,15,648
43906,3,15,15,532
43907,3,15,15,683
43908,3,3,3,615
43909,3,15,15,444
43910,3,15,15,686
43911,3,15,15,177
43912,3,4,4,616
43913,3,15,15,117
43914,3,15,15,676
43915,3,15,15,690
43916,3,15,15,622
43917,3,15,15,680
43918,3,21,15,603
43919,3,3,3,218
43920,3,15,15,593
43921,3,15,15,681
43922,3,15,15,686
43923,3,15,15,671
43924,3,15,15,684
43925,3,15,15,664
43926,3,15,15,604
43927,3,15,15,658
43928,3,15,15,677
43929,3,15,15,688
43930,3,15,15,672
43931,3,15,15,693
43932,3,15,15,582
43933,3,15,15,680
43934,3,15,15,682
43935,3,15,15,610
43936,3,11,11,681
43937,3,15,15,560
43938,3,15,15,562
43939,3,15,15,681
43940,3,15,15,673
43941,3,15,15,697
43942,3,15,15,641
43943,3,15,15,663
43944,3,15,15,647
43945,3,15,15,669
43946,3,15,15,583
43947,3,21,15,529
43948,3,15,15,686
43949,3,15,15,318
43950,3,15,15,677
43951,3,15,15,665
43952,3,15,15,690
43953,3,15,15,554
43954,3,15,15,197
43955,3,15,15,682
43956,3,15,4,382
43957,3,15,15,1
43958,3,15,15,280
43959,3,9,15,17
43960,3,15,15,680
43961,3,15,15,651
43962,3,15,15,687
43963,3,15,15,675
43964,3,15,15,681
43965,3,15,15,468
43966,3,15,15,589
43967,3,15,15,501
43968,3,15,15,696
43969,3,15,15,620
43970,3,15,15,277
43971,3,15,15,663
43972,3,15,15,535
43973,3,15,15,590
43974,3,15,15,534
43975,3,15,15,207
43976,3,15,15,598
43977,3,15,15,687
43978,3,15,15,687
43979,3,15,15,642
43980,3,15,15,687
43981,3,15,15,501
43982,3,15,15,682
43983,3,15,15,559
43984,3,15,15,683
43985,3,15,15,162
43986,3,15,15,335
43987,3,15,15,679
43988,3,15,15,623
43989,3,15,15,580
43990,3,15,15,686
43991,3,15,15,621
43992,3,15,15,664
43993,3,15,15,635
43994,3,15,15,498
43995,3,15,15,640
43996,3,15,15,684
43997,3,15,15,633
43998,3,15,15,685
43999,3,20,15,649
44000,3,15,15,677
44001,3,15,15,588
44002,3,15,15,670
44003,3,15,15,683
44004,3,15,15,646
44005,3,15,15,688
44006,3,15,15,32
44007,3,15,15,5
44008,3,15,15,388
44009,3,15,15,694
44010,3,15,15,151
44011,3,15,15,655
44012,3,15,15,566
44013,3,15,15,674
44014,3,15,15,680
44015,3,15,15,670
44016,3,39,39,628
44017,3,15,15,695
44018,3,15,15,680
44019,3,15,15,665
44020,3,15,15,311
44021,3,21,15,494
44022,3,15,15,409
44023,3,3,3,326
44024,3,3,3,177
44025,3,15,15,693
44026,3,4,4,328
44027,3,15,15,692
44028,3,15,15,597
44029,3,41,41,693
44030,3,15,15,639
44031,3,15,15,84
44032,3,15,15,664
44033,3,3,3,323
44034,3,15,15,645
44035,3,15,15,494
44036,3,15,15,691
44037,3,15,15,297
44038,3,15,15,692
44039,3,3,3,620
44040,3,15,15,672
44041,3,15,15,689
44042,3,3,3,267
44043,3,15,15,545
44044,3,15,15,679
44045,3,15,15,560
44046,3,15,15,628
44047,3,15,15,684
44048,3,15,15,688
44049,3,15,15,194
44050,3,15,15,562
44051,3,15,4,386
44052,3,15,15,674
44053,3,3,3,29
44054,3,15,15,671
44055,3,15,15,677
44056,3,15,15,667
44057,3,15,15,442
44058,3,3,3,195
44059,3,15,15,649
44060,3,4,4,86
44061,3,15,15,675
44062,3,15,15,34
44063,3,15,15,653
44064,3,15,15,685
44065,3,15,15,396
44066,3,21,15,164
44067,3,15,15,393
44068,3,15,15,528
44069,3,15,15,686
44070,3,15,15,118
44071,3,15,15,571
44072,3,15,15,50
44073,3,15,15,665
44074,3,15,15,400
44075,3,3,3,1
44076,3,15,15,655
44077,3,15,15,653
44078,3,15,15,683
44079,3,3,3,568
44080,3,15,15,671
44081,3,15,15,683
44082,3,15,15,141
44083,3,15,15,613
44084,3,15,15,486
44085,3,15,15,670
44086,3,15,15,590
44087,3,15,15,171
44088,3,15,15,239
44089,3,15,15,65
44090,3,4,4,532
44091,3,15,15,646
44092,3,15,15,693
44093,3,15,15,547
44094,3,15,15,610
44095,3,15,15,504
44096,3,4,4,675
44097,3,15,15,682
44098,3,15,15,590
44099,3,15,15,628
44100,3,15,15,534
44101,3,15,15,688
44102,3,15,15,681
44103,3,15,15,680
44104,3,15,15,687
44105,3,15,15,638
44106,3,15,15,70
44107,3,3,3,173
44108,3,15,15,686
44109,3,15,15,676
44110,3,15,15,558
44111,3,15,15,696
44112,3,15,15,665
44113,3,15,15,678
44114,3,15,15,575
44115,3,15,15,246
44116,3,15,15,655
44117,3,15,15,640
44118,3,15,15,648
44119,3,15,15,653
44120,3,15,15,675
44121,3,15,15,663
44122,3,15,15,452
44123,3,15,15,678
44124,3,15,15,405
44125,3,15,15,599
44126,3,15,15,584
44127,3,15,15,663
44128,3,15,15,668
44129,3,15,15,613
44130,3,15,15,694
44131,3,15,15,561
44132,3,15,15,660
44133,3,15,15,677
44134,3,15,15,214
44135,3,15,15,673
44136,3,15,15,685
44137,3,15,15,673
44138,3,15,15,470
44139,3,15,15,675
44140,3,15,15,516
44141,3,15,15,623
44142,3,15,15,97
44143,3,15,15,210
44144,3,4,15,508
44145,3,15,15,678
44146,3,15,15,688
44147,3,15,15,119
44148,3,15,15,670
44149,3,15,15,506
44150,3,15,15,654
44151,3,15,15,351
44152,3,15,15,685
44153,3,15,15,235
44154,3,15,15,679
44155,3,15,15,684
44156,3,21,15,599
44157,3,15,15,688
44158,3,15,15,149
44159,3,15,15,651
44160,3,15,15,641
44161,3,15,15,606
44162,3,15,15,633
44163,3,3,3,15
44164,3,15,15,631
44165,3,3,3,26
44166,3,15,15,447
44167,3,15,15,393
44168,3,15,15,515
44169,3,15,15,604
44170,3,15,15,655
44171,3,15,15,678
44172,3,15,15,438
44173,3,15,15,53
44174,3,15,15,683
44175,3,15,15,116
44176,3,15,15,685
44177,3,15,15,185
44178,3,15,15,637
44179,3,15,15,662
44180,3,15,15,602
44181,3,41,41,664
44182,3,15,15,541
44183,3,15,15,673
44184,3,15,15,534
44185,3,15,15,658
44186,3,15,15,671
44187,3,4,4,601
44188,3,15,15,689
44189,3,15,15,682
44190,3,15,15,680
44191,3,15,15,385
44192,3,15,15,666
44193,3,15,15,383
44194,3,15,15,538
44195,3,15,15,681
44196,3,15,15,340
44197,3,15,15,669
44198,3,15,15,39
44199,3,15,15,633
44200,3,4,4,10
44201,3,15,15,596
44202,3,15,15,499
44203,3,15,15,11
44204,3,3,3,223
44205,3,15,15,652
44206,3,3,3,298
44207,3,15,15,504
44208,3,15,15,681
44209,3,15,15,180
44210,3,15,15,690
44211,3,15,15,661
44212,3,15,15,688
44213,3,15,15,671
44214,3,15,15,633
44215,3,15,15,348
44216,3,15,15,674
44217,3,15,15,691
44218,3,15,15,628
44219,3,15,15,23
44220,3,15,15,682
44221,3,15,15,675
44222,3,15,15,679
44223,3,15,15,359
44224,3,15,15,597
44225,3,4,4,621
44226,3,15,15,687
44227,3,15,15,628
44228,3,15,3,626
44229,3,15,15,589
44230,3,15,15,661
44231,3,15,15,97
44232,3,15,15,686
44233,3,15,15,654
44234,3,15,15,652
44235,3,15,15,684
44236,3,4,4,380
44237,3,15,15,347
44238,3,15,15,637
44239,3,15,15,672
44240,3,15,15,660
44241,3,15,15,639
44242,3,15,15,672
44243,3,15,15,576
44244,3,15,15,647
44245,3,15,15,120
44246,3,15,15,659
44247,3,15,15,549
44248,3,15,15,684
44249,3,15,15,672
44250,3,15,15,690
44251,3,15,15,693
44252,3,4,4,553
44253,3,15,15,307
44254,3,15,15,179
44255,3,15,15,472
44256,3,15,15,473
44257,3,15,15,535
44258,3,15,15,671
44259,3,15,15,509
44260,3,15,15,684
44261,3,15,15,242
44262,3,15,15,640
44263,3,15,15,431
44264,3,15,15,682
44265,3,15,15,666
44266,3,15,15,583
44267,3,15,15,687
44268,3,15,15,686
44269,3,39,39,594
44270,3,15,15,616
44271,3,15,15,545
44272,3,15,15,639
44273,3,15,15,693
44274,3,15,15,689
44275,3,21,15,10
44276,3,15,15,668
44277,3,15,15,589
44278,3,15,15,689
44279,3,15,15,501
44280,3,21,15,677
44281,3,15,15,679
44282,3,15,15,690
44283,3,15,15,684
44284,3,15,15,569
44285,3,3,3,381
44286,3,15,15,685
44287,3,15,15,681
44288,3,15,15,682
44289,3,15,15,689
44290,3,15,15,636
44291,3,15,15,485
44292,3,15,15,450
44293,3,15,15,684
44294,3,15,15,688
44295,3,15,15,640
44296,3,3,15,669
44297,3,15,15,629
44298,3,15,15,136
44299,3,15,15,310
44300,3,15,15,319
44301,3,15,15,647
44302,3,15,15,676
44303,3,15,15,684
44304,3,15,15,233
44305,3,15,15,673
44306,3,15,15,691
44307,3,15,15,675
44308,3,15,15,693
44309,3,15,15,687
44310,3,15,15,593
44311,3,15,15,662
44312,3,15,15,562
44313,3,15,15,602
44314,3,15,15,682
44315,3,15,15,656
44316,3,15,15,690
44317,3,15,15,686
44318,3,15,15,200
44319,3,15,15,302
44320,3,15,15,274
44321,3,15,15,541
44322,3,15,15,610
44323,3,15,15,602
44324,3,15,15,685
44325,3,15,15,146
44326,3,15,15,644
44327,3,15,15,659
44328,3,15,15,695
44329,3,21,15,558
44330,3,15,15,690
44331,3,15,15,636
44332,3,15,15,680
44333,3,3,3,329
44334,3,15,15,597
44335,3,15,15,217
44336,3,15,15,654
44337,3,15,15,98
44338,3,15,15,649
44339,3,41,41,584
44340,3,3,3,199
44341,3,15,15,630
44342,3,15,15,682
44343,3,15,15,691
44344,3,15,15,610
44345,3,15,15,668
44346,3,15,15,683
44347,3,15,15,665
44348,3,15,15,682
44349,3,15,15,686
44350,3,15,15,622
44351,3,15,15,682
44352,3,15,15,633
44353,3,15,15,171
44354,3,15,15,550
44355,3,15,15,664
44356,3,15,15,517
44357,3,15,15,634
44358,3,15,15,683
44359,3,15,15,618
44360,3,15,4,603
44361,3,15,15,687
44362,3,15,15,188
44363,3,15,15,374
44364,3,15,15,692
44365,3,15,15,130
44366,3,15,15,613
44367,3,15,15,13
44368,3,15,15,632
44369,3,15,15,656
44370,3,15,15,112
44371,3,15,15,609
44372,3,15,15,677
44373,3,15,15,687
44374,3,15,15,459
44375,3,15,15,485
44376,3,15,15,666
44377,3,15,15,594
44378,3,15,15,663
44379,3,15,15,675
44380,3,15,15,402
44381,3,15,15,669
44382,3,15,15,668
44383,3,15,15,553
44384,3,15,15,295
44385,3,15,15,673
44386,3,15,15,584
44387,3,15,15,543
44388,3,15,15,673
44389,3,15,15,545
44390,3,15,15,644
44391,3,21,15,429
44392,3,15,15,74
44393,3,15,15,677
44394,3,15,15,652
44395,3,15,15,672
44396,3,15,15,678
44397,3,15,15,637
44398,3,15,15,689
44399,3,15,15,679
44400,3,15,15,686
44401,3,15,15,225
44402,3,15,15,639
44403,3,15,15,125
44404,3,15,15,151
44405,3,15,4,524
44406,3,15,15,551
44407,3,15,15,541
44408,3,15,15,510
44409,3,15,15,691
44410,3,21,15,293
44411,3,15,15,584
44412,3,15,15,539
44413,3,15,15,235
44414,3,15,15,364
44415,3,15,15,648
44416,3,15,15,509
44417,3,15,15,683
44418,3,15,15,574
44419,3,15,15,14
44420,3,15,15,675
44421,3,15,15,313
44422,3,15,15,679
44423,3,4,15,655
44424,3,15,15,575
44425,3,15,15,606
44426,3,15,15,407
44427,3,15,15,208
44428,3,15,15,571
44429,3,15,15,668
44430,3,15,15,475
44431,3,15,15,656
44432,3,15,15,589
44433,3,15,15,485
44434,3,15,15,602
44435,3,15,15,625
44436,3,15,15,132
44437,3,15,15,680
44438,3,15,15,610
44439,3,15,15,694
44440,3,15,15,681
44441,3,15,15,492
44442,3,15,15,425
44443,3,15,15,651
44444,3,15,15,616
44445,3,4,4,496
44446,3,15,15,660
44447,3,15,15,271
44448,3,15,4,484
44449,3,15,15,647
44450,3,15,15,120
44451,3,15,15,253
44452,3,15,15,677
44453,3,15,15,691
44454,3,15,15,693
44455,3,15,15,685
44456,3,15,15,423
44457,3,15,15,686
44458,3,15,15,632
44459,3,15,15,617
44460,3,15,15,612
44461,3,15,15,683
44462,3,15,15,674
44463,3,15,15,539
44464,3,15,15,303
44465,3,15,15,657
44466,3,15,15,286
44467,3,15,15,268
44468,3,15,15,629
44469,3,15,15,644
44470,3,15,15,527
44471,3,15,15,658
44472,3,15,15,674
44473,3,41,41,678
44474,3,15,15,696
44475,3,15,15,685
44476,3,15,15,689
44477,3,21,21,550
44478,3,15,15,601
44479,3,15,15,438
44480,3,15,15,536
44481,3,4,4,589
44482,3,15,15,657
44483,3,15,15,643
44484,3,15,15,662
44485,3,15,15,673
44486,3,15,15,547
44487,3,15,15,687
44488,3,15,15,637
44489,3,15,15,302
44490,3,15,15,502
44491,3,15,15,674
44492,3,15,15,190
44493,3,15,15,691
44494,3,15,15,633
44495,3,15,15,448
44496,3,3,3,385
44497,3,15,15,689
44498,3,4,4,177
44499,3,15,15,609
44500,3,3,3,405
44501,3,15,15,656
44502,3,3,3,577
44503,3,15,15,393
44504,3,15,15,628
44505,3,15,15,13
44506,3,15,15,682
44507,3,3,3,13
44508,3,15,15,462
44509,3,41,41,572
44510,3,15,15,646
44511,3,15,15,121
44512,3,15,15,669
44513,3,11,11,470
44514,3,3,3,95
44515,3,15,15,141
44516,3,15,15,234
44517,3,15,15,686
44518,3,4,4,275
44519,3,15,15,668
44520,3,15,15,141
44521,3,15,15,555
44522,3,15,15,381
44523,3,15,15,680
44524,3,15,15,674
44525,3,21,15,93
44526,3,15,15,545
44527,3,15,15,617
44528,3,21,15,69
44529,3,15,15,603
44530,3,15,15,688
44531,3,15,15,618
44532,3,15,15,251
44533,3,15,15,337
44534,3,15,15,664
44535,3,15,15,456
44536,3,15,15,665
44537,3,4,4,609
44538,3,15,15,680
44539,3,15,15,74
44540,3,15,15,688
44541,3,21,15,665
44542,3,21,15,649
44543,3,15,15,672
44544,3,15,15,191
44545,3,15,15,230
44546,3,21,21,249
44547,3,15,15,688
44548,3,15,15,142
44549,3,15,15,686
44550,3,15,15,682
44551,3,15,15,464
44552,3,15,15,689
44553,3,15,15,294
44554,3,15,15,593
44555,3,15,15,680
44556,3,39,39,682
44557,3,15,15,647
44558,3,15,15,661
44559,3,21,15,71
44560,3,15,15,662
44561,3,15,15,126
44562,3,15,15,676
44563,3,15,15,682
44564,3,15,15,210
44565,3,15,15,115
44566,3,15,15,434
44567,3,15,15,678
44568,3,15,15,683
44569,3,15,15,655
44570,3,15,15,683
44571,3,15,15,671
44572,3,15,15,278
44573,3,15,15,108
44574,3,15,15,652
44575,3,15,15,687
44576,3,15,15,644
44577,3,15,15,45
44578,3,15,15,670
44579,3,15,15,630
44580,3,15,15,457
44581,3,15,15,678
44582,3,15,15,8
44583,3,3,3,606
44584,3,15,15,580
44585,3,15,15,60
44586,3,15,15,668
44587,3,15,15,687
44588,3,15,4,655
44589,3,15,15,666
44590,3,15,15,661
44591,3,15,15,661
44592,3,15,15,674
44593,3,15,15,668
44594,3,4,4,29
44595,3,15,15,643
44596,3,15,15,59
44597,3,15,15,692
44598,3,15,15,686
44599,3,15,15,311
44600,3,15,15,667
44601,3,21,15,88
44602,3,15,15,493
44603,3,15,15,667
44604,3,15,15,534
44605,3,15,15,687
44606,3,15,15,135
44607,3,15,15,695
44608,3,15,15,611
44609,3,4,4,643
44610,3,15,15,360
44611,3,4,4,612
44612,3,15,15,531
44613,3,15,15,34
44614,3,15,15,111
44615,3,4,4,675
44616,3,15,15,167
44617,3,15,15,327
44618,3,15,15,494
44619,3,4,4,461
44620,3,15,15,666
44621,3,15,15,680
44622,3,15,15,559
44623,3,15,15,667
44624,3,15,15,687
44625,3,15,15,689
44626,3,15,15,666
44627,3,15,15,685
44628,3,15,15,498
44629,3,15,15,632
44630,3,4,4,116
44631,3,15,15,302
44632,3,21,15,13
44633,3,15,15,690
44634,3,15,15,672
44635,3,4,4,82
44636,3,15,15,169
44637,3,15,15,605
44638,3,15,15,559
44639,3,15,15,53
44640,3,15,15,690
44641,3,21,15,620
44642,3,15,15,397
44643,3,15,15,634
44644,3,15,15,670
44645,3,15,15,689
44646,3,21,15,684
44647,3,15,15,667
44648,3,15,15,680
44649,3,4,15,652
44650,3,15,15,680
44651,3,15,15,558
44652,3,15,15,619
44653,3,15,15,667
44654,3,15,15,146
44655,3,15,15,619
44656,3,15,15,491
44657,3,15,15,691
44658,3,15,15,684
44659,3,15,15,682
44660,3,21,15,678
44661,3,15,15,669
44662,3,15,15,686
44663,3,15,15,45
44664,3,15,15,137
44665,3,15,15,669
44666,3,15,15,620
44667,3,15,15,686
44668,3,15,15,422
44669,3,4,4,599
44670,3,15,15,665
44671,3,15,15,595
44672,3,15,15,632
44673,3,15,15,304
44674,3,15,15,688
44675,3,15,15,683
44676,3,15,15,148
44677,3,15,15,690
44678,3,15,15,120
44679,3,21,15,677
44680,3,15,15,491
44681,3,15,15,654
44682,3,15,15,672
44683,3,15,4,356
44684,3,15,15,687
44685,3,15,15,683
44686,3,15,15,686
44687,3,15,15,662
44688,3,15,15,425
44689,3,15,15,676
44690,3,15,15,569
44691,3,15,15,656
44692,3,41,41,691
44693,3,15,15,676
44694,3,15,15,666
44695,3,15,15,534
44696,3,15,15,536
44697,3,15,15,646
44698,3,15,15,628
44699,3,15,15,641
44700,3,15,15,667
44701,3,15,15,679
44702,3,15,15,283
44703,3,15,15,671
44704,3,21,15,21
44705,3,15,15,643
44706,3,15,15,665
44707,3,15,15,162
44708,3,15,15,686
44709,3,15,15,678
44710,3,15,15,652
44711,3,3,3,80
44712,3,15,15,680
44713,3,15,15,607
44714,3,15,15,653
44715,3,15,15,542
44716,3,15,15,654
44717,3,15,15,693
44718,3,15,15,297
44719,3,15,15,686
44720,3,3,3,227
44721,3,15,15,683
44722,3,15,15,617
44723,3,15,15,677
44724,3,15,15,119
44725,3,15,15,175
44726,3,15,15,597
44727,3,15,15,602
44728,3,15,15,76
44729,3,15,15,543
44730,3,15,15,664
44731,3,21,15,20
44732,3,3,3,49
44733,3,15,15,667
44734,3,41,41,691
44735,3,15,15,673
44736,3,15,15,386
44737,3,15,15,624
44738,3,15,15,109
44739,3,39,39,684
44740,3,15,15,432
44741,3,15,15,189
44742,3,15,15,549
44743,3,39,39,646
44744,3,15,15,685
44745,3,15,15,668
44746,3,3,15,593
44747,3,15,15,685
44748,3,15,15,666
44749,3,15,15,695
44750,3,41,41,668
44751,3,15,15,373
44752,3,15,15,268
44753,3,15,15,692
44754,3,15,15,95
44755,3,15,15,649
44756,3,15,15,682
44757,3,15,15,687
44758,3,15,15,684
44759,3,3,3,254
44760,3,3,3,618
44761,3,15,15,678
44762,3,15,15,669
44763,3,15,15,644
44764,3,15,15,661
44765,3,15,15,661
44766,3,15,15,677
44767,3,15,15,646
44768,3,39,39,553
44769,3,15,15,695
44770,3,15,15,549
44771,3,3,3,38
44772,3,15,15,486
44773,3,3,3,34
44774,3,15,15,686
44775,3,15,15,585
44776,3,15,15,675
44777,3,15,15,686
44778,3,15,15,164
44779,3,15,15,138
44780,3,39,39,676
44781,3,15,15,665
44782,3,15,15,666
44783,3,15,15,638
44784,3,15,15,229
44785,3,15,15,678
44786,3,15,15,690
44787,3,15,15,673
44788,3,15,15,662
44789,3,15,15,666
44790,3,39,39,549
44791,3,15,15,690
44792,3,15,15,3
44793,3,15,15,678
44794,3,15,21,121
44795,3,15,15,651
44796,3,15,15,676
44797,3,15,15,680
44798,3,15,15,673
44799,3,15,15,234
44800,3,15,15,487
44801,3,15,15,686
44802,3,15,15,675
44803,3,15,15,645
44804,3,3,3,500
44805,3,15,15,667
44806,3,15,15,694
44807,3,15,15,685
44808,3,15,15,690
44809,3,15,15,688
44810,3,15,15,683
44811,3,15,15,409
44812,3,15,15,651
44813,3,15,15,686
44814,3,15,15,685
44815,3,15,15,541
44816,3,15,15,696
44817,3,15,15,685
44818,3,15,15,678
44819,3,15,15,682
44820,3,15,15,679
44821,3,15,15,162
44822,3,15,15,105
44823,3,15,15,615
44824,3,15,15,668
44825,3,15,15,643
44826,3,15,15,651
44827,3,15,15,195
44828,3,15,15,684
44829,3,15,15,566
44830,3,15,15,687
44831,3,15,15,645
44832,3,15,15,366
44833,3,4,4,682
44834,3,15,15,419
44835,3,15,15,187
44836,3,15,15,685
44837,3,15,15,687
44838,3,15,15,695
44839,3,15,15,670
44840,3,15,15,9
44841,3,3,3,614
44842,3,15,15,120
44843,3,15,15,586
44844,3,15,15,661
44845,3,15,15,143
44846,3,15,15,494
44847,3,15,15,85
44848,3,15,15,688
44849,3,15,15,680
44850,3,15,15,687
44851,3,15,15,597
44852,3,39,39,685
44853,3,21,15,611
44854,3,15,15,672
44855,3,15,15,664
44856,3,15,15,669
44857,3,15,15,606
44858,3,15,15,19
44859,3,15,15,608
44860,3,15,15,536
44861,3,3,3,647
44862,3,15,15,119
44863,3,3,3,30
44864,3,15,15,617
44865,3,15,15,166
44866,3,15,15,687
44867,3,15,15,678
44868,3,15,15,620
44869,3,15,15,622
44870,3,39,15,675
44871,3,15,15,683
44872,3,15,15,419
44873,3,15,15,658
44874,3,15,15,570
44875,3,15,15,678
44876,3,15,15,675
44877,3,15,15,676
44878,3,15,15,543
44879,3,15,15,386
44880,3,15,15,528
44881,3,15,15,686
44882,3,15,15,633
44883,3,15,15,653
44884,3,15,15,574
44885,3,15,15,56
44886,3,15,15,686
44887,3,15,15,624
44888,3,15,15,599
44889,3,15,15,194
44890,3,15,15,547
44891,3,15,15,244
44892,3,15,15,340
44893,3,3,3,539
44894,3,15,15,594
44895,3,21,21,495
44896,3,15,15,677
44897,3,41,41,656
44898,3,15,15,230
44899,3,15,15,682
44900,3,15,15,582
44901,3,15,15,586
44902,3,15,15,239
44903,3,15,15,394
44904,3,4,4,635
44905,3,15,15,681
44906,3,15,15,686
44907,3,15,15,679
44908,3,15,15,637
44909,3,15,15,18
44910,3,15,15,690
44911,3,15,15,679
44912,3,15,15,442
44913,3,4,4,406
44914,3,15,15,566
44915,3,15,15,682
44916,3,15,15,696
44917,3,15,15,414
44918,3,15,15,683
44919,3,15,15,386
44920,3,15,15,632
44921,3,3,3,51
44922,3,15,15,623
44923,3,15,15,686
44924,3,15,15,585
44925,3,15,15,548
44926,3,15,15,685
44927,3,15,15,575
44928,3,15,15,646
44929,3,15,15,681
44930,3,3,3,127
44931,3,15,15,684
44932,3,15,15,673
44933,3,15,15,663
44934,3,15,15,585
44935,3,21,15,427
44936,3,15,15,554
44937,3,15,15,679
44938,3,15,15,225
44939,3,41,41,559
44940,3,15,15,137
44941,3,3,3,22
44942,3,15,15,683
44943,3,15,15,690
44944,3,4,4,675
44945,3,15,15,136
44946,3,4,4,666
44947,3,15,15,679
44948,3,39,41,676
44949,3,3,3,344
44950,3,15,15,671
44951,3,3,3,563
44952,3,15,15,499
44953,3,15,15,684
44954,3,15,15,407
44955,3,15,15,683
44956,3,15,15,649
44957,3,4,4,661
44958,3,15,15,650
44959,3,15,15,214
44960,3,15,15,679
44961,3,15,15,114
44962,3,15,15,147
44963,3,15,15,522
44964,3,15,15,665
44965,3,15,15,163
44966,3,15,15,590
44967,3,15,15,669
44968,3,15,15,665
44969,3,15,15,193
44970,3,15,15,677
44971,3,15,15,508
44972,3,15,3,544
44973,3,15,15,295
44974,3,15,15,671
44975,3,15,15,686
44976,3,3,3,548
44977,3,15,15,675
44978,3,15,15,674
44979,3,15,15,675
44980,3,15,15,266
44981,3,15,15,589
44982,3,15,15,665
44983,3,15,15,688
44984,3,15,15,77
44985,3,15,15,586
44986,3,15,15,606
44987,3,15,15,555
44988,3,15,15,443
44989,3,15,15,520
44990,3,15,15,693
44991,3,15,15,197
44992,3,15,15,679
44993,3,15,15,681
44994,3,15,15,692
44995,3,15,15,679
44996,3,15,15,684
44997,3,3,3,637
44998,3,15,15,91
44999,3,15,15,683
45000,3,15,15,163
45001,3,15,15,675
45002,3,15,15,562
45003,3,3,3,31
45004,3,15,15,676
45005,3,15,15,674
45006,3,15,15,417
45007,3,15,15,403
45008,3,15,15,289
45009,3,15,15,680
45010,3,3,3,517
45011,3,15,15,640
45012,3,15,15,692
45013,3,21,15,607
45014,3,15,15,644
45015,3,21,15,661
45016,3,15,15,649
45017,3,15,15,316
45018,3,15,15,686
45019,3,15,15,605
45020,3,21,21,617
45021,3,15,15,686
45022,3,15,15,668
45023,3,15,15,695
45024,3,15,15,23
45025,3,15,15,621
45026,3,15,15,688
45027,3,15,15,683
45028,3,15,15,544
45029,3,21,15,555
45030,3,15,15,61
45031,3,15,15,682
45032,3,15,15,682
45033,3,15,15,681
45034,3,15,15,619
45035,3,15,15,327
45036,3,15,15,408
45037,3,4,4,657
45038,3,15,15,685
45039,3,15,15,670
45040,3,15,15,676
45041,3,15,15,506
45042,3,15,15,681
45043,3,15,15,683
45044,3,15,15,201
45045,3,15,15,672
45046,3,15,15,476
45047,3,15,15,674
45048,3,15,15,635
45049,3,15,15,617
45050,3,15,15,525
45051,3,3,3,297
45052,3,15,15,652
45053,3,15,15,688
45054,3,15,15,675
45055,3,15,15,561
45056,3,15,15,696
45057,3,15,15,681
45058,3,15,15,678
45059,3,15,15,159
45060,3,3,3,668
45061,3,15,15,34
45062,3,15,15,146
45063,3,15,15,689
45064,3,15,15,646
45065,3,15,15,616
45066,3,3,3,443
45067,3,15,15,625
45068,3,15,15,142
45069,3,3,3,49
45070,3,15,15,657
45071,3,15,15,542
45072,3,15,15,304
45073,3,15,15,628
45074,3,15,15,688
45075,3,41,41,676
45076,3,15,15,693
45077,3,15,15,561
45078,3,15,15,686
45079,3,15,15,226
45080,3,15,15,683
45081,3,15,3,264
45082,3,15,15,642
45083,3,15,15,688
45084,3,15,15,582
45085,3,4,4,644
45086,3,15,15,612
45087,3,15,15,436
45088,3,15,15,686
45089,3,15,15,627
45090,3,4,4,600
45091,3,15,15,667
45092,3,15,15,652
45093,3,15,3,549
45094,3,15,15,696
45095,3,15,15,640
45096,3,15,15,293
45097,3,15,15,122
45098,3,15,15,686
45099,3,15,15,692
45100,3,15,15,692
45101,3,15,15,685
45102,3,15,15,219
45103,3,15,15,474
45104,3,15,15,604
45105,3,15,15,663
45106,3,15,15,667
45107,3,15,15,181
45108,3,15,15,400
45109,3,15,15,369
45110,3,15,15,688
45111,3,15,15,681
45112,3,15,15,675
45113,3,15,15,668
45114,3,15,15,93
45115,3,15,15,686
45116,3,15,15,659
45117,3,3,3,118
45118,3,15,15,640
45119,3,15,15,651
45120,3,3,4,534
45121,3,15,15,674
45122,3,15,15,677
45123,3,15,15,695
45124,3,15,15,667
45125,3,15,15,686
45126,3,15,15,284
45127,3,15,15,628
45128,3,15,15,677
45129,3,15,15,696
45130,3,15,15,610
45131,3,15,15,655
45132,3,15,15,655
45133,3,15,15,695
45134,3,15,15,598
45135,3,15,15,37
45136,3,15,15,580
45137,3,15,15,592
45138,3,15,15,611
45139,3,15,15,632
45140,3,15,15,656
45141,3,15,15,136
45142,3,15,15,601
45143,3,15,15,685
45144,3,15,15,510
45145,3,15,15,673
45146,3,15,15,664
45147,3,15,15,673
45148,3,21,21,662
45149,3,15,15,620
45150,3,4,4,582
45151,3,15,15,692
45152,3,15,15,666
45153,3,15,15,660
45154,3,15,15,668
45155,3,15,15,638
45156,3,15,15,678
45157,3,15,15,12
45158,3,15,15,383
45159,3,15,15,679
45160,3,15,15,690
45161,3,15,15,601
45162,3,15,15,614
45163,3,15,15,409
45164,3,15,15,687
45165,3,15,15,646
45166,3,15,15,555
45167,3,41,41,433
45168,3,3,3,659
45169,3,15,15,534
45170,3,15,15,592
45171,3,15,15,686
45172,3,21,21,463
45173,3,15,15,670
45174,3,15,15,662
45175,3,15,15,573
45176,3,15,15,681
45177,3,15,15,673
45178,3,15,15,142
45179,3,15,15,668
45180,3,15,15,671
45181,3,15,15,676
45182,3,15,15,686
45183,3,15,15,697
45184,3,15,15,694
45185,3,15,4,667
45186,3,15,15,632
45187,3,21,21,670
45188,3,21,15,620
45189,3,15,15,675
45190,3,21,21,669
45191,3,15,15,691
45192,3,4,4,505
45193,3,15,15,685
45194,3,15,15,686
45195,3,15,15,432
45196,3,21,15,392
45197,3,15,15,79
45198,3,15,15,678
45199,3,15,15,431
45200,3,15,15,694
45201,3,15,15,277
45202,3,15,15,682
45203,3,15,15,290
45204,3,3,3,135
45205,3,15,15,673
45206,3,15,15,611
45207,3,21,15,576
45208,3,15,15,567
45209,3,15,15,514
45210,3,3,3,255
45211,3,15,15,82
45212,3,15,15,640
45213,3,4,4,300
45214,3,15,15,680
45215,3,15,15,679
45216,3,15,15,564
45217,3,15,15,92
45218,3,15,15,265
45219,3,15,15,670
45220,3,15,15,128
45221,3,21,3,674
45222,3,11,11,89
45223,3,15,15,693
45224,3,15,15,143
45225,3,15,15,686
45226,3,15,15,274
45227,3,15,15,128
45228,3,15,15,647
45229,3,15,15,677
45230,3,15,15,535
45231,3,15,15,154
45232,3,15,15,682
45233,3,15,15,234
45234,3,15,15,585
45235,3,15,15,410
45236,3,39,39,385
45237,3,15,15,167
45238,3,15,15,368
45239,3,15,15,96
45240,3,15,15,662
45241,3,15,15,429
45242,3,4,4,515
45243,3,15,15,627
45244,3,15,15,691
45245,3,15,15,313
45246,3,15,15,635
45247,3,15,15,619
45248,3,4,4,600
45249,3,15,15,677
45250,3,15,15,693
45251,3,15,15,687
45252,3,15,15,672
45253,3,15,15,683
45254,3,15,15,668
45255,3,15,15,684
45256,3,15,15,676
45257,3,15,15,199
45258,3,15,15,120
45259,3,15,15,681
45260,3,15,15,87
45261,3,15,15,676
45262,3,15,15,324
45263,3,15,15,679
45264,3,15,15,686
45265,3,15,15,668
45266,3,15,15,665
45267,3,15,15,676
45268,3,21,15,479
45269,3,15,15,662
45270,3,15,15,691
45271,3,15,15,526
45272,3,15,15,682
45273,3,15,15,349
45274,3,3,3,108
45275,3,39,39,689
45276,3,3,3,555
45277,3,15,15,199
45278,3,15,15,443
45279,3,4,4,20
45280,3,15,15,342
45281,3,15,15,693
45282,3,15,15,684
45283,3,15,15,676
45284,3,15,15,576
45285,3,3,3,306
45286,3,3,3,227
45287,3,15,15,691
45288,3,15,15,404
45289,3,4,4,521
45290,3,15,15,661
45291,3,15,15,665
45292,3,21,15,345
45293,3,15,15,681
45294,3,15,15,660
45295,3,15,15,692
45296,3,15,15,685
45297,3,15,15,661
45298,3,15,15,615
45299,3,15,15,365
45300,3,15,15,693
45301,3,15,15,421
45302,3,15,15,690
45303,3,15,15,686
45304,3,15,15,682
45305,3,15,15,481
45306,3,15,15,680
45307,3,15,15,685
45308,3,15,4,569
45309,3,15,15,674
45310,3,15,15,669
45311,3,4,4,462
45312,3,15,15,667
45313,3,15,15,361
45314,3,15,15,194
45315,3,15,15,628
45316,3,15,15,679
45317,3,15,15,627
45318,3,15,15,673
45319,3,15,15,607
45320,3,15,15,115
45321,3,15,15,690
45322,3,15,15,409
45323,3,15,15,34
45324,3,15,15,678
45325,3,15,15,78
45326,3,15,15,67
45327,3,15,15,422
45328,3,39,41,673
45329,3,15,15,672
45330,3,15,15,184
45331,3,15,15,670
45332,3,15,15,415
45333,3,15,15,639
45334,3,15,15,610
45335,3,3,3,420
45336,3,15,15,615
45337,3,15,15,617
45338,3,15,15,693
45339,3,15,15,691
45340,3,15,15,622
45341,3,15,15,32
45342,3,15,15,614
45343,3,15,15,82
45344,3,15,15,424
45345,3,15,15,680
45346,3,15,15,691
45347,3,15,15,458
45348,3,15,15,141
45349,3,15,15,138
45350,3,15,15,120
45351,3,15,15,659
45352,3,15,15,572
45353,3,15,15,146
45354,3,15,15,653
45355,3,15,15,601
45356,3,15,15,526
45357,3,21,46,332
45358,3,15,15,692
45359,3,21,21,489
45360,3,15,15,652
45361,3,15,15,105
45362,3,15,15,654
45363,3,15,15,679
45364,3,15,15,632
45365,3,15,15,630
45366,3,3,3,383
45367,3,15,15,647
45368,3,15,15,625
45369,3,15,15,530
45370,3,15,21,445
45371,3,15,15,479
45372,3,15,15,257
45373,3,21,15,558
45374,3,15,15,680
45375,3,15,15,660
45376,3,15,15,656
45377,3,15,15,279
45378,3,15,15,672
45379,3,15,15,614
45380,3,15,15,640
45381,3,15,15,696
45382,3,15,15,256
45383,3,15,15,353
45384,3,15,15,692
45385,3,4,4,642
45386,3,15,15,23
45387,3,15,15,112
45388,3,15,15,679
45389,3,15,15,110
45390,3,15,15,8
45391,3,15,15,684
45392,3,4,4,36
45393,3,15,15,685
45394,3,4,4,459
45395,3,15,15,677
45396,3,15,15,661
45397,3,39,39,694
45398,3,15,4,556
45399,3,15,12,321
45400,3,15,15,688
45401,3,15,15,666
45402,3,15,15,643
45403,3,11,11,23
45404,3,15,15,653
45405,3,15,15,291
45406,3,15,15,663
45407,3,15,15,662
45408,3,15,15,675
45409,3,15,15,418
45410,3,15,15,619
45411,3,15,15,602
45412,3,15,15,657
45413,3,15,15,244
45414,3,15,15,642
45415,3,15,15,28
45416,3,15,15,671
45417,3,15,15,145
45418,3,15,15,546
45419,3,15,15,683
45420,3,41,15,240
45421,3,15,15,341
45422,3,15,15,604
45423,3,15,15,319
45424,3,15,15,691
45425,3,15,15,207
45426,3,15,15,154
45427,3,15,15,679
45428,3,15,15,669
45429,3,15,15,679
45430,3,15,15,666
45431,3,15,15,675
45432,3,15,15,486
45433,3,15,15,662
45434,3,15,15,634
45435,3,15,15,654
45436,3,15,15,621
45437,3,39,41,580
45438,3,15,15,683
45439,3,15,15,644
45440,3,15,15,538
45441,3,15,15,640
45442,3,15,15,679
45443,3,15,15,684
45444,3,15,15,676
45445,3,15,15,601
45446,3,15,15,669
45447,3,15,3,642
45448,3,3,15,221
45449,3,15,15,609
45450,3,15,15,690
45451,3,15,15,680
45452,3,15,15,661
45453,3,3,3,266
45454,3,15,15,652
45455,3,15,15,693
45456,3,15,4,475
45457,3,15,15,526
45458,3,15,15,1
45459,3,4,4,672
45460,3,15,15,649
45461,3,15,15,588
45462,3,15,15,662
45463,3,15,15,670
45464,3,15,15,684
45465,3,15,15,643
45466,3,15,15,188
45467,3,15,15,680
45468,3,15,15,676
45469,3,15,15,44
45470,3,15,15,460
45471,3,15,15,385
45472,3,15,15,684
45473,3,15,15,385
45474,3,15,15,606
45475,3,15,15,631
45476,3,15,15,482
45477,3,15,15,132
45478,3,15,15,651
45479,3,21,15,660
45480,3,15,15,641
45481,3,15,15,664
45482,3,15,15,666
45483,3,4,4,321
45484,3,15,15,688
45485,3,15,15,156
45486,3,15,15,156
45487,3,15,15,684
45488,3,15,15,572
45489,3,15,15,569
45490,3,15,15,661
45491,3,4,4,501
45492,3,15,15,667
45493,3,15,15,677
45494,3,15,15,609
45495,3,15,15,687
45496,3,15,15,96
45497,3,15,15,53
45498,3,15,15,153
45499,3,15,15,676
45500,3,15,15,683
45501,3,15,15,576
45502,3,15,15,93
45503,3,15,15,697
45504,3,15,15,690
45505,3,15,15,674
45506,3,15,15,283
45507,3,9,9,456
45508,3,15,15,678
45509,3,15,15,682
45510,3,15,15,690
45511,3,15,15,688
45512,3,15,15,662
45513,3,15,15,661
45514,3,15,15,691
45515,3,15,21,90
45516,3,15,3,80
45517,3,15,15,680
45518,3,15,15,674
45519,3,15,15,690
45520,3,15,15,655
45521,3,15,15,146
45522,3,15,15,610
45523,3,15,15,657
45524,3,15,15,118
45525,3,15,15,4
45526,3,21,15,600
45527,3,4,4,681
45528,3,15,15,693
45529,3,15,15,651
45530,3,15,15,596
45531,3,15,15,604
45532,3,15,15,177
45533,3,15,15,619
45534,3,15,15,167
45535,3,15,15,678
45536,3,15,15,593
45537,3,15,15,688
45538,3,15,15,676
45539,3,15,15,518
45540,3,15,15,622
45541,3,15,15,686
45542,3,15,15,283
45543,3,15,15,678
45544,3,21,21,275
45545,3,15,15,653
45546,3,15,15,671
45547,3,15,15,694
45548,3,15,15,564
45549,3,15,15,600
45550,3,15,15,526
45551,3,15,15,683
45552,3,15,15,684
45553,3,15,15,628
45554,3,15,15,678
45555,3,15,15,107
45556,3,15,15,670
45557,3,15,15,682
45558,3,15,15,272
45559,3,15,15,692
45560,3,15,15,690
45561,3,15,15,690
45562,3,15,15,425
45563,3,15,15,697
45564,3,15,15,668
45565,3,15,15,644
45566,3,15,15,604
45567,3,15,15,652
45568,3,15,15,670
45569,3,15,15,670
45570,3,15,15,515
45571,3,15,15,675
45572,3,15,15,676
45573,3,4,4,681
45574,3,15,15,683
45575,3,15,15,528
45576,3,15,15,42
45577,3,15,15,685
45578,3,15,15,540
45579,3,15,15,675
45580,3,21,15,639
45581,3,3,3,51
45582,3,15,15,666
45583,3,15,15,90
45584,3,21,15,602
45585,3,15,15,172
45586,3,15,15,478
45587,3,15,15,268
45588,3,15,15,683
45589,3,15,15,682
45590,3,15,15,627
45591,3,15,15,675
45592,3,15,15,674
45593,3,15,15,668
45594,3,15,15,692
45595,3,15,15,693
45596,3,15,15,262
45597,3,15,15,621
45598,3,15,15,640
45599,3,15,15,686
45600,3,15,15,622
45601,3,15,15,605
45602,3,15,15,451
45603,3,15,15,473
45604,3,15,15,52
45605,3,15,15,596
45606,3,15,15,677
45607,3,15,15,686
45608,3,15,15,669
45609,3,15,15,227
45610,3,3,3,567
45611,3,15,15,672
45612,3,15,15,684
45613,3,15,15,345
45614,3,15,15,468
45615,3,15,15,687
45616,3,15,15,59
45617,3,15,15,675
45618,3,15,15,33
45619,3,15,15,683
45620,3,15,15,671
45621,3,15,15,450
45622,3,15,15,538
45623,3,15,15,674
45624,3,15,15,652
45625,3,15,15,657
45626,3,15,15,603
45627,3,15,15,104
45628,3,15,15,674
45629,3,3,3,599
45630,3,3,3,285
45631,3,15,15,185
45632,3,39,39,685
45633,3,15,15,659
45634,3,15,15,589
45635,3,15,15,598
45636,3,15,15,671
45637,3,15,15,656
45638,3,15,15,684
45639,3,15,15,674
45640,3,15,15,580
45641,3,15,15,680
45642,3,15,15,691
45643,3,15,15,652
45644,3,15,15,639
45645,3,15,15,664
45646,3,15,15,663
45647,3,15,15,482
45648,3,15,15,553
45649,3,15,15,683
45650,3,15,15,444
45651,3,15,15,553
45652,3,15,15,652
45653,3,15,15,675
45654,3,15,15,603
45655,3,15,15,649
45656,3,39,39,668
45657,3,15,15,163
45658,3,15,3,583
45659,3,15,15,501
45660,3,15,15,144
45661,3,15,15,335
45662,3,15,15,675
45663,3,15,15,619
45664,3,15,15,656
45665,3,15,15,682
45666,3,3,3,53
45667,3,15,15,76
45668,3,15,15,87
45669,3,15,15,129
45670,3,15,15,689
45671,3,15,15,678
45672,3,4,4,66
45673,3,15,15,683
45674,3,15,15,616
45675,3,15,15,129
45676,3,15,15,148
45677,3,4,4,678
45678,3,3,3,557
45679,3,15,15,691
45680,3,15,15,467
45681,3,15,15,695
45682,3,15,15,683
45683,3,15,15,615
45684,3,4,4,633
45685,3,15,15,472
45686,3,15,15,356
45687,3,15,15,683
45688,3,15,15,680
45689,3,15,15,593
45690,3,15,15,681
45691,3,15,15,83
45692,3,15,15,540
45693,3,15,15,664
45694,3,41,41,682
45695,3,15,15,685
45696,3,15,15,602
45697,3,15,15,544
45698,3,15,15,667
45699,3,15,15,527
45700,3,4,15,598
45701,3,15,15,563
45702,3,4,4,668
45703,3,15,15,661
45704,3,15,15,279
45705,3,15,15,673
45706,3,15,15,585
45707,3,15,15,618
45708,3,15,15,342
45709,3,15,15,679
45710,3,15,15,662
45711,3,15,15,682
45712,3,15,15,546
45713,3,4,4,637
45714,3,39,41,675
45715,3,15,15,670
45716,3,15,15,307
45717,3,3,3,79
45718,3,15,15,591
45719,3,15,15,684
45720,3,15,15,676
45721,3,15,15,50
45722,3,15,15,616
45723,3,15,15,657
45724,3,15,15,644
45725,3,15,15,661
45726,3,15,15,653
45727,3,15,15,573
45728,3,15,15,214
45729,3,15,15,311
45730,3,15,15,695
45731,3,15,15,483
45732,3,15,3,627
45733,3,15,15,148
45734,3,15,15,620
45735,3,15,15,652
45736,3,15,15,677
45737,3,15,15,637
45738,3,15,15,681
45739,3,15,15,676
45740,3,3,3,113
45741,3,15,15,676
45742,3,15,15,191
45743,3,3,3,159
45744,3,15,15,571
45745,3,15,15,628
45746,3,9,15,55
45747,3,3,3,647
45748,3,3,3,622
45749,3,15,15,643
45750,3,15,15,672
45751,3,39,39,666
45752,3,15,15,692
45753,3,15,15,631
45754,3,3,3,612
45755,3,15,4,617
45756,3,15,15,74
45757,3,15,15,645
45758,3,15,15,680
45759,3,15,15,682
45760,3,15,15,671
45761,3,15,15,638
45762,3,4,4,564
45763,3,15,15,672
45764,3,15,15,686
45765,3,9,9,654
45766,3,15,15,687
45767,3,15,15,283
45768,3,15,15,680
45769,3,15,15,235
45770,3,15,15,586
45771,3,15,15,678
45772,3,3,3,594
45773,3,15,15,481
45774,3,15,15,673
45775,3,15,15,393
45776,3,15,15,686
45777,3,4,4,186
45778,3,15,15,682
45779,3,15,15,661
45780,3,15,15,684
45781,3,15,15,286
45782,3,15,15,603
45783,3,15,15,69
45784,3,15,15,682
45785,3,4,4,77
45786,3,15,15,676
45787,3,15,15,135
45788,3,15,15,681
45789,3,15,15,668
45790,3,15,15,182
45791,3,15,15,676
45792,3,15,15,680
45793,3,15,15,681
45794,3,15,15,527
45795,3,15,4,667
45796,3,15,15,136
45797,3,15,15,672
45798,3,15,15,666
45799,3,15,15,688
45800,3,15,15,675
45801,3,15,15,594
45802,3,15,15,686
45803,3,15,15,671
45804,3,15,15,663
45805,3,15,15,548
45806,3,21,21,26
45807,3,15,15,652
45808,3,15,15,570
45809,3,15,15,603
45810,3,15,15,629
45811,3,15,15,682
45812,3,15,15,423
45813,3,15,15,653
45814,3,15,15,569
45815,3,4,4,354
45816,3,15,15,440
45817,3,15,15,392
45818,3,39,39,661
45819,3,15,15,670
45820,3,15,15,195
45821,3,15,15,686
45822,3,15,15,675
45823,3,15,3,626
45824,3,15,15,690
45825,3,15,15,609
45826,3,15,15,681
45827,3,15,15,690
45828,3,3,3,267
45829,3,15,15,686
45830,3,41,41,689
45831,3,15,15,666
45832,3,15,15,608
45833,3,15,15,690
45834,3,41,41,687
45835,3,4,4,557
45836,3,15,15,661
45837,3,15,15,579
45838,3,15,15,594
45839,3,15,15,688
45840,3,15,15,686
45841,3,15,15,688
45842,3,15,15,650
45843,3,15,15,589
45844,3,15,15,674
45845,3,15,15,617
45846,3,15,15,689
45847,3,15,15,148
45848,3,15,15,651
45849,3,15,15,653
45850,3,15,15,436
45851,3,15,15,661
45852,3,15,15,672
45853,3,15,15,515
45854,3,15,15,606
45855,3,21,15,600
45856,3,15,15,654
45857,3,15,15,618
45858,3,15,15,688
45859,3,15,15,6
45860,3,15,15,337
45861,3,15,15,680
45862,3,15,15,680
45863,3,15,15,274
45864,3,15,15,639
45865,3,15,15,470
45866,3,15,15,576
45867,3,15,15,668
45868,3,3,3,31
45869,3,15,15,674
45870,3,15,15,681
45871,3,15,15,690
45872,3,15,15,639
45873,3,15,15,653
45874,3,15,15,204
45875,3,15,15,685
45876,3,21,15,109
45877,3,15,15,650
45878,3,3,3,622
45879,3,15,4,601
45880,3,15,15,501
45881,3,15,15,552
45882,3,15,15,140
45883,3,15,15,685
45884,3,15,15,655
45885,3,15,15,662
45886,3,15,15,171
45887,3,15,15,686
45888,3,3,3,587
45889,3,15,15,665
45890,3,15,15,671
45891,3,15,15,551
45892,3,15,15,633
45893,3,15,15,482
45894,3,15,15,663
45895,3,15,15,682
45896,3,15,15,661
45897,3,15,15,685
45898,3,15,12,619
45899,3,15,15,618
45900,3,15,15,349
45901,3,15,15,102
45902,3,15,15,571
45903,3,15,15,479
45904,3,15,15,669
45905,3,15,15,485
45906,3,15,15,657
45907,3,11,11,655
45908,3,15,15,597
45909,3,15,15,606
45910,3,15,15,596
45911,3,15,15,117
45912,3,15,15,646
45913,3,15,15,679
45914,3,15,15,686
45915,3,15,15,8
45916,3,3,3,358
45917,3,15,15,246
45918,3,15,15,620
45919,3,41,41,622
45920,3,15,15,686
45921,3,15,15,676
45922,3,3,3,610
45923,3,15,15,651
45924,3,15,15,621
45925,3,15,15,675
45926,3,15,15,586
45927,3,15,15,685
45928,3,15,15,674
45929,3,24,24,604
45930,3,15,15,690
45931,3,15,15,609
45932,3,15,15,687
45933,3,15,15,67
45934,3,15,15,195
45935,3,15,15,173
45936,3,15,15,683
45937,3,4,4,554
45938,3,15,15,594
45939,3,15,15,637
45940,3,15,15,684
45941,3,15,15,686
45942,3,15,15,679
45943,3,15,15,645
45944,3,3,3,56
45945,3,9,15,130
45946,3,21,15,74
45947,3,15,15,677
45948,3,15,15,690
45949,3,15,15,677
45950,3,15,15,689
45951,3,15,15,643
45952,3,15,15,111
45953,3,15,15,686
45954,3,21,21,118
45955,3,21,15,690
45956,3,15,15,682
45957,3,15,15,576
45958,3,15,15,429
45959,3,15,15,649
45960,3,15,15,684
45961,3,15,15,273
45962,3,15,15,562
45963,3,15,15,665
45964,3,15,15,370
45965,3,15,15,347
45966,3,15,15,469
45967,3,15,15,105
45968,3,15,15,556
45969,3,4,4,271
45970,3,15,15,668
45971,3,15,15,648
45972,3,15,15,675
45973,3,15,15,687
45974,3,21,15,304
45975,3,15,15,683
45976,3,15,15,639
45977,3,15,15,53
45978,3,15,15,541
45979,3,15,15,633
45980,3,15,15,643
45981,3,15,15,628
45982,3,15,15,685
45983,3,15,15,286
45984,3,15,15,673
45985,3,15,15,133
45986,3,15,15,671
45987,3,15,15,663
45988,3,15,15,667
45989,3,15,15,691
45990,3,15,15,677
45991,3,15,15,671
45992,3,15,15,642
45993,3,15,15,535
45994,3,15,15,679
45995,3,15,15,693
45996,3,15,15,626
45997,3,15,15,559
45998,3,41,41,678
45999,3,15,15,689
46000,3,15,15,689
46001,3,21,15,550
46002,3,15,15,675
46003,3,15,15,375
46004,3,15,15,274
46005,3,4,4,549
46006,3,15,15,635
46007,3,15,15,687
46008,3,15,15,687
46009,3,15,15,683
46010,3,15,15,686
46011,3,15,15,664
46012,3,15,15,667
46013,3,15,15,42
46014,3,15,15,688
46015,3,15,15,680
46016,3,15,15,196
46017,3,15,15,675
46018,3,15,15,111
46019,3,15,15,158
46020,3,15,15,587
46021,3,15,15,484
46022,3,15,15,662
46023,3,15,15,432
46024,3,15,15,686
46025,3,21,15,650
46026,3,15,15,215
46027,3,15,15,440
46028,3,15,15,542
46029,3,15,15,491
46030,3,21,15,292
46031,3,15,15,618
46032,3,15,15,667
46033,3,3,3,563
46034,3,3,3,42
46035,3,3,3,62
46036,3,9,15,9
46037,3,15,15,690
46038,3,15,15,659
46039,3,15,15,356
46040,3,15,15,13
46041,3,3,3,7
46042,3,15,15,479
46043,3,15,15,626
46044,3,15,15,685
46045,3,15,15,668
46046,3,15,15,671
46047,3,21,15,633
46048,3,15,15,136
46049,3,15,15,675
46050,3,15,15,559
46051,3,15,15,682
46052,3,15,15,366
46053,3,15,15,627
46054,3,15,15,663
46055,3,15,15,646
46056,3,15,15,438
46057,3,15,15,631
46058,3,15,15,234
46059,3,15,15,602
46060,3,15,15,680
46061,3,15,15,692
46062,3,15,15,627
46063,3,15,15,391
46064,3,15,15,453
46065,3,15,15,124
46066,3,15,15,676
46067,3,15,15,562
46068,3,15,15,404
46069,3,15,15,690
46070,3,39,15,21
46071,3,15,15,660
46072,3,15,15,647
46073,3,15,15,680
46074,3,15,15,684
46075,3,15,15,609
46076,3,15,15,684
46077,3,15,15,674
46078,3,15,15,635
46079,3,15,15,617
46080,3,15,15,684
46081,3,15,15,579
46082,3,15,15,684
46083,3,15,15,672
46084,3,15,15,690
46085,3,15,15,689
46086,3,15,15,199
46087,3,15,15,340
46088,3,15,15,688
46089,3,15,15,685
46090,3,4,4,567
46091,3,15,15,195
46092,3,4,4,342
46093,3,15,15,663
46094,3,15,15,543
46095,3,21,15,136
46096,3,15,15,626
46097,3,15,15,659
46098,3,15,15,672
46099,3,15,15,225
46100,3,15,15,679
46101,3,15,15,651
46102,3,15,15,196
46103,3,15,15,674
46104,3,15,15,653
46105,3,15,15,642
46106,3,15,15,399
46107,3,15,15,668
46108,3,15,15,686
46109,3,15,15,647
46110,3,15,15,179
46111,3,15,15,220
46112,3,15,15,616
46113,3,3,3,193
46114,3,15,15,675
46115,3,15,15,672
46116,3,15,15,605
46117,3,15,15,259
46118,3,15,15,657
46119,3,11,11,180
46120,3,15,15,278
46121,3,15,15,694
46122,3,20,20,632
46123,3,41,41,675
46124,3,15,15,662
46125,3,15,15,649
46126,3,15,15,622
46127,3,15,15,657
46128,3,4,4,608
46129,3,15,15,671
46130,3,3,3,375
46131,3,15,15,619
46132,3,15,15,586
46133,3,15,15,620
46134,3,3,3,343
46135,3,15,15,677
46136,3,39,39,427
46137,3,15,15,668
46138,3,15,15,689
46139,3,15,15,117
46140,3,21,15,578
46141,3,3,3,46
46142,3,15,15,528
46143,3,15,15,661
46144,3,15,15,613
46145,3,15,15,656
46146,3,15,4,460
46147,3,15,15,683
46148,3,15,15,444
46149,3,15,15,429
46150,3,15,15,673
46151,3,15,15,30
46152,3,15,15,85
46153,3,15,15,679
46154,3,15,15,674
46155,3,15,15,647
46156,3,21,15,273
46157,3,15,15,632
46158,3,15,15,683
46159,3,15,15,687
46160,3,15,15,548
46161,3,15,3,639
46162,3,15,15,692
46163,3,15,15,642
46164,3,15,15,578
46165,3,4,4,439
46166,3,21,15,677
46167,3,3,3,97
46168,3,3,3,115
46169,3,15,15,594
46170,3,4,4,296
46171,3,15,15,577
46172,3,21,15,670
46173,3,15,15,611
46174,3,15,15,7
46175,3,15,15,675
46176,3,15,15,534
46177,3,15,15,686
46178,3,15,15,692
46179,3,15,15,681
46180,3,15,4,352
46181,3,3,3,361
46182,3,15,15,656
46183,3,4,4,533
46184,3,15,15,669
46185,3,15,15,636
46186,3,21,21,658
46187,3,15,15,632
46188,3,15,15,668
46189,3,15,15,423
46190,3,15,15,647
46191,3,15,15,670
46192,3,15,15,618
46193,3,15,15,693
46194,3,15,15,684
46195,3,15,15,606
46196,3,15,15,512
46197,3,4,4,636
46198,3,15,15,535
46199,3,15,15,583
46200,3,15,15,685
46201,3,15,15,674
46202,3,39,39,676
46203,3,15,15,335
46204,3,41,41,651
46205,3,15,15,673
46206,3,15,15,162
46207,3,15,15,650
46208,3,15,15,683
46209,3,15,15,165
46210,3,15,15,638
46211,3,15,15,669
46212,3,15,15,310
46213,3,15,15,688
46214,3,39,41,587
46215,3,15,15,362
46216,3,15,15,685
46217,3,15,15,329
46218,3,15,15,302
46219,3,15,15,371
46220,3,15,15,684
46221,3,15,15,538
46222,3,15,15,641
46223,3,15,15,674
46224,3,15,15,227
46225,3,15,15,412
46226,3,15,15,686
46227,3,15,15,644
46228,3,15,15,590
46229,3,15,15,256
46230,3,3,3,575
46231,3,15,15,649
46232,3,15,15,686
46233,3,15,15,676
46234,3,15,15,687
46235,3,15,15,672
46236,3,15,15,584
46237,3,39,39,667
46238,3,15,15,674
46239,3,15,15,690
46240,3,15,15,646
46241,3,3,3,221
46242,3,9,9,54
46243,3,15,15,683
46244,3,3,3,303
46245,3,15,15,16
46246,3,15,15,379
46247,3,15,15,689
46248,3,4,4,652
46249,3,15,15,504
46250,3,15,15,399
46251,3,15,15,620
46252,3,15,15,655
46253,3,21,21,656
46254,3,15,15,283
46255,3,15,15,391
46256,3,15,15,674
46257,3,15,15,683
46258,3,15,15,692
46259,3,15,15,681
46260,3,3,3,45
46261,3,15,15,137
46262,3,15,15,69
46263,3,15,15,678
46264,3,15,15,680
46265,3,15,15,512
46266,3,15,15,645
46267,3,15,15,617
46268,3,15,15,477
46269,3,15,15,575
46270,3,15,15,583
46271,3,15,15,54
46272,3,3,3,543
46273,3,21,15,658
46274,3,15,15,258
46275,3,15,15,599
46276,3,21,15,592
46277,3,15,15,668
46278,3,15,15,377
46279,3,3,15,668
46280,3,15,15,495
46281,3,15,15,366
46282,3,15,15,691
46283,3,15,15,595
46284,3,15,15,612
46285,3,15,15,455
46286,3,15,15,540
46287,3,15,15,628
46288,3,15,15,615
46289,3,15,15,62
46290,3,15,15,673
46291,3,15,15,384
46292,3,15,15,683
46293,3,39,39,670
46294,3,15,15,680
46295,3,15,15,54
46296,3,9,15,119
46297,3,15,15,592
46298,3,15,15,671
46299,3,15,15,675
46300,3,15,15,349
46301,3,15,15,645
46302,3,15,15,665
46303,3,4,4,608
46304,3,15,15,448
46305,3,21,15,666
46306,3,4,4,489
46307,3,15,15,198
46308,3,15,15,659
46309,3,15,15,626
46310,3,15,15,492
46311,3,15,15,688
46312,3,15,15,182
46313,3,15,15,651
46314,3,15,15,409
46315,3,15,15,691
46316,3,15,15,656
46317,3,15,15,629
46318,3,15,15,698
46319,3,15,15,173
46320,3,15,15,415
46321,3,15,15,667
46322,3,15,15,686
46323,3,15,15,413
46324,3,15,15,682
46325,3,21,15,655
46326,3,15,15,690
46327,3,15,15,681
46328,3,15,4,676
46329,3,15,15,679
46330,3,15,15,689
46331,3,15,15,681
46332,3,15,15,696
46333,3,15,15,519
46334,3,15,15,420
46335,3,15,15,680
46336,3,15,15,673
46337,3,15,15,43
46338,3,15,15,90
46339,3,15,15,662
46340,3,15,15,633
46341,3,15,15,384
46342,3,15,15,681
46343,3,15,15,584
46344,3,15,15,669
46345,3,15,15,657
46346,3,15,15,668
46347,3,15,15,633
46348,3,15,15,662
46349,3,15,15,686
46350,3,15,4,602
46351,3,15,15,629
46352,3,15,15,525
46353,3,15,15,592
46354,3,15,15,573
46355,3,15,15,285
46356,3,15,15,130
46357,3,15,15,628
46358,3,15,15,387
46359,3,15,15,682
46360,3,3,3,334
46361,3,15,15,359
46362,3,15,15,678
46363,3,21,15,688
46364,3,15,15,594
46365,3,15,15,627
46366,3,15,3,614
46367,3,15,15,242
46368,3,4,4,26
46369,3,15,15,688
46370,3,15,15,508
46371,3,15,15,215
46372,3,15,15,678
46373,3,15,15,682
46374,3,15,15,403
46375,3,15,15,364
46376,3,3,3,76
46377,3,15,15,354
46378,3,15,15,683
46379,3,3,3,200
46380,3,15,15,678
46381,3,15,15,464
46382,3,15,15,683
46383,3,15,15,691
46384,3,15,15,638
46385,3,15,15,687
46386,3,15,15,668
46387,3,15,15,692
46388,3,15,15,682
46389,3,39,39,680
46390,3,15,15,676
46391,3,15,15,676
46392,3,15,15,117
46393,3,15,15,587
46394,3,15,15,497
46395,3,15,15,686
46396,3,15,15,681
46397,3,4,4,549
46398,3,15,15,676
46399,3,15,15,99
46400,3,15,15,25
46401,3,15,15,171
46402,3,15,15,633
46403,3,15,15,594
46404,3,15,15,689
46405,3,15,15,685
46406,3,15,15,686
46407,3,3,3,43
46408,3,15,15,690
46409,3,15,15,682
46410,3,15,15,681
46411,3,15,15,174
46412,3,15,15,471
46413,3,15,15,635
46414,3,21,15,99
46415,3,15,15,633
46416,3,21,21,690
46417,3,15,15,95
46418,3,15,15,639
46419,3,15,15,347
46420,3,21,15,696
46421,3,15,15,220
46422,3,15,15,684
46423,3,15,15,674
46424,3,15,15,524
46425,3,3,15,405
46426,3,15,15,688
46427,3,15,15,583
46428,3,15,15,653
46429,3,11,11,641
46430,3,15,15,124
46431,3,3,3,11
46432,3,15,15,160
46433,3,4,4,561
46434,3,15,15,680
46435,3,15,15,697
46436,3,15,15,685
46437,3,15,15,614
46438,3,15,15,364
46439,3,15,15,667
46440,3,15,15,678
46441,3,15,15,439
46442,3,15,15,666
46443,3,15,15,182
46444,3,15,15,451
46445,3,15,15,655
46446,3,15,15,688
46447,3,4,4,683
46448,3,20,15,287
46449,3,39,39,684
46450,3,15,15,652
46451,3,15,15,680
46452,3,15,15,651
46453,3,15,15,112
46454,3,15,15,630
46455,3,15,15,601
46456,3,15,15,685
46457,3,15,15,677
46458,3,15,21,683
46459,3,4,4,630
46460,3,15,15,692
46461,3,15,15,617
46462,3,15,15,579
46463,3,15,15,593
46464,3,15,15,399
46465,3,15,15,629
46466,3,15,15,617
46467,3,21,15,541
46468,3,3,3,584
46469,3,15,15,692
46470,3,15,15,684
46471,3,15,15,166
46472,3,15,15,500
46473,3,15,15,55
46474,3,15,15,678
46475,3,15,15,683
46476,3,21,15,508
46477,3,15,15,685
46478,3,15,15,642
46479,3,15,15,647
46480,3,15,15,679
46481,3,15,15,68
46482,3,15,15,598
46483,3,15,15,677
46484,3,15,15,689
46485,3,15,15,183
46486,3,15,15,677
46487,3,15,15,426
46488,3,15,15,291
46489,3,15,15,684
46490,3,15,15,483
46491,3,15,15,523
46492,3,15,15,672
46493,3,15,15,675
46494,3,15,15,688
46495,3,15,15,684
46496,3,15,15,603
46497,3,15,15,662
46498,3,15,15,690
46499,3,15,15,577
46500,3,41,41,680
46501,3,4,4,361
46502,3,15,15,472
46503,3,15,15,695
46504,3,15,15,658
46505,3,15,15,610
46506,3,15,15,687
46507,3,4,15,534
46508,3,15,15,694
46509,3,15,15,679
46510,3,15,15,180
46511,3,15,15,686
46512,3,15,15,443
46513,3,15,15,656
46514,3,15,15,678
46515,3,15,15,688
46516,3,15,15,690
46517,3,15,15,674
46518,3,15,15,107
46519,3,15,15,655
46520,3,15,15,656
46521,3,4,3,406
46522,3,15,15,97
46523,3,15,15,692
46524,3,15,15,137
46525,3,15,15,288
46526,3,15,15,672
46527,3,15,15,620
46528,3,15,15,654
46529,3,21,21,545
46530,3,15,15,684
46531,3,15,15,642
46532,3,39,39,683
46533,3,15,15,669
46534,3,15,15,655
46535,3,15,15,687
46536,3,15,15,679
46537,3,15,15,689
46538,3,15,15,686
46539,3,15,15,678
46540,3,15,15,504
46541,3,15,15,113
46542,3,15,15,686
46543,3,15,15,388
46544,3,15,15,645
46545,3,15,15,295
46546,3,15,15,674
46547,3,15,15,687
46548,3,4,4,590
46549,3,15,15,185
46550,3,15,15,120
46551,3,39,39,197
46552,3,21,15,644
46553,3,15,15,690
46554,3,15,15,675
46555,3,15,15,667
46556,3,15,15,671
46557,3,15,15,209
46558,3,15,15,678
46559,3,15,15,593
46560,3,15,15,672
46561,3,15,15,670
46562,3,15,15,684
46563,3,15,15,18
46564,3,15,15,696
46565,3,15,15,688
46566,3,15,15,642
46567,3,15,15,159
46568,3,15,15,275
46569,3,15,15,672
46570,3,15,15,652
46571,3,15,15,539
46572,3,15,15,665
46573,3,15,15,686
46574,3,15,15,596
46575,3,15,15,596
46576,3,15,15,679
46577,3,3,3,437
46578,3,15,15,688
46579,3,4,4,443
46580,3,15,15,588
46581,3,15,15,673
46582,3,21,15,671
46583,3,15,15,152
46584,3,15,15,606
46585,3,15,15,552
46586,3,21,15,647
46587,3,15,15,119
46588,3,15,15,118
46589,3,21,21,440
46590,3,15,15,477
46591,3,15,15,54
46592,3,15,15,658
46593,3,15,15,593
46594,3,15,15,634
46595,3,15,15,692
46596,3,15,15,496
46597,3,15,15,687
46598,3,15,3,673
46599,3,15,15,3
46600,3,15,15,550
46601,3,15,15,335
46602,3,15,15,259
46603,3,15,15,147
46604,3,15,15,644
46605,3,15,15,456
46606,3,15,15,675
46607,3,15,15,668
46608,3,15,15,600
46609,3,15,15,574
46610,3,15,15,677
46611,3,15,15,675
46612,3,15,3,679
46613,3,39,39,667
46614,3,15,15,693
46615,3,21,15,154
46616,3,15,15,666
46617,3,15,15,458
46618,3,15,15,687
46619,3,15,15,640
46620,3,21,15,617
46621,3,15,15,671
46622,3,15,15,419
46623,3,15,15,687
46624,3,15,15,620
46625,3,15,15,417
46626,3,15,15,682
46627,3,15,15,623
46628,3,15,15,684
46629,3,15,15,683
46630,3,15,15,687
46631,3,15,15,628
46632,3,15,15,654
46633,3,3,4,275
46634,3,15,15,687
46635,3,15,15,532
46636,3,15,15,657
46637,3,15,15,199
46638,3,15,15,691
46639,3,15,15,432
46640,3,15,15,688
46641,3,15,15,137
46642,3,15,15,216
46643,3,21,21,568
46644,3,15,15,256
46645,3,15,15,638
46646,3,15,15,18
46647,3,4,4,487
46648,3,15,15,353
46649,3,15,15,603
46650,3,15,15,685
46651,3,15,15,616
46652,3,15,15,685
46653,3,15,15,675
46654,3,15,15,614
46655,3,15,15,231
46656,3,15,15,646
46657,3,15,15,687
46658,3,15,15,630
46659,3,15,15,675
46660,3,15,15,621
46661,3,15,15,668
46662,3,15,15,656
46663,3,15,15,535
46664,3,15,15,128
46665,3,15,15,682
46666,3,15,15,615
46667,3,41,41,677
46668,3,41,41,684
46669,3,15,15,403
46670,3,15,15,58
46671,3,11,11,664
46672,3,15,15,499
46673,3,15,15,101
46674,3,15,15,686
46675,3,4,15,486
46676,3,15,15,567
46677,3,15,15,321
46678,3,15,15,680
46679,3,15,15,564
46680,3,15,15,656
46681,3,15,15,668
46682,3,15,15,679
46683,3,15,15,670
46684,3,15,15,662
46685,3,15,15,659
46686,3,4,4,335
46687,3,15,15,659
46688,3,15,15,584
46689,3,15,15,627
46690,3,15,15,685
46691,3,15,15,589
46692,3,15,15,612
46693,3,15,15,664
46694,3,15,15,675
46695,3,15,15,503
46696,3,15,15,128
46697,3,15,15,671
46698,3,15,15,615
46699,3,15,15,661
46700,3,15,15,620
46701,3,15,15,547
46702,3,15,15,202
46703,3,9,15,457
46704,3,15,15,644
46705,3,15,15,682
46706,3,15,15,652
46707,3,15,15,604
46708,3,3,3,389
46709,3,15,15,686
46710,3,15,15,680
46711,3,15,15,423
46712,3,39,39,507
46713,3,15,15,680
46714,3,15,15,237
46715,3,15,15,668
46716,3,15,15,660
46717,3,15,15,609
46718,3,3,3,483
46719,3,15,15,130
46720,3,15,15,545
46721,3,15,15,651
46722,3,15,15,494
46723,3,15,15,669
46724,3,15,15,686
46725,3,15,15,548
46726,3,15,15,673
46727,3,15,15,662
46728,3,15,15,665
46729,3,15,15,565
46730,3,15,15,674
46731,3,15,15,683
46732,3,15,15,172
46733,3,15,15,671
46734,3,15,15,683
46735,3,39,39,598
46736,3,15,15,533
46737,3,15,15,649
46738,3,15,15,684
46739,3,15,15,100
46740,3,15,15,633
46741,3,15,15,288
46742,3,15,15,683
46743,3,15,15,686
46744,3,15,15,676
46745,3,15,15,627
46746,3,15,15,677
46747,3,15,15,287
46748,3,15,15,421
46749,3,15,15,684
46750,3,15,15,587
46751,3,15,15,688
46752,3,15,15,680
46753,3,9,9,66
46754,3,15,15,652
46755,3,15,15,642
46756,3,15,15,16
46757,3,15,15,587
46758,3,15,15,567
46759,3,15,15,573
46760,3,15,15,632
46761,3,21,15,685
46762,3,15,15,432
46763,3,15,15,687
46764,3,15,15,664
46765,3,15,15,597
46766,3,15,15,661
46767,3,15,15,470
46768,3,15,15,175
46769,3,15,15,678
46770,3,15,15,418
46771,3,15,15,542
46772,3,3,3,188
46773,3,15,15,619
46774,3,15,15,680
46775,3,15,15,555
46776,3,15,15,134
46777,3,4,4,534
46778,3,4,4,2
46779,3,15,15,607
46780,3,15,15,608
46781,3,39,39,686
46782,3,15,15,680
46783,3,15,15,672
46784,3,15,15,458
46785,3,15,15,675
46786,3,15,15,679
46787,3,3,3,416
46788,3,3,3,643
46789,3,15,15,690
46790,3,15,15,660
46791,3,15,15,471
46792,3,15,15,111
46793,3,15,15,678
46794,3,15,15,685
46795,3,15,15,423
46796,3,15,15,679
46797,3,15,15,677
46798,3,15,15,644
46799,3,15,15,203
46800,3,15,3,245
46801,3,15,15,647
46802,3,15,15,632
46803,3,15,15,693
46804,3,15,15,604
46805,3,21,15,596
46806,3,15,15,688
46807,3,15,15,581
46808,3,3,3,622
46809,3,15,15,473
46810,3,15,15,687
46811,3,15,15,685
46812,3,15,15,485
46813,3,15,15,522
46814,3,15,15,668
46815,3,15,15,608
46816,3,15,15,667
46817,3,15,15,552
46818,3,15,15,665
46819,3,15,15,100
46820,3,15,15,245
46821,3,21,15,614
46822,3,15,15,579
46823,3,15,15,592
46824,3,15,15,428
46825,3,15,15,688
46826,3,15,15,676
46827,3,15,15,656
46828,3,15,15,670
46829,3,15,15,670
46830,3,15,15,693
46831,3,15,15,478
46832,3,15,15,595
46833,3,15,15,325
46834,3,15,15,680
46835,3,15,15,122
46836,3,15,15,508
46837,3,15,15,664
46838,3,15,15,682
46839,3,15,15,695
46840,3,15,15,696
46841,3,15,15,621
46842,3,15,15,587
46843,3,21,21,313
46844,3,15,3,495
46845,3,15,15,656
46846,3,41,41,693
46847,3,15,15,679
46848,3,4,4,588
46849,3,15,15,684
46850,3,15,15,270
46851,3,15,15,551
46852,3,4,4,471
46853,3,15,15,679
46854,3,15,15,652
46855,3,15,15,549
46856,3,3,3,2
46857,3,15,15,511
46858,3,15,15,72
46859,3,21,15,431
46860,3,15,15,647
46861,3,15,15,497
46862,3,15,15,631
46863,3,15,15,608
46864,3,15,15,550
46865,3,15,15,330
46866,3,15,15,595
46867,3,15,15,672
46868,3,15,15,690
46869,3,15,15,134
46870,3,15,15,679
46871,3,15,15,208
46872,3,15,15,667
46873,3,15,15,468
46874,3,15,15,611
46875,3,15,15,655
46876,3,15,15,608
46877,3,15,15,672
46878,3,15,15,177
46879,3,15,15,356
46880,3,15,15,596
46881,3,41,41,389
46882,3,15,15,642
46883,3,15,15,691
46884,3,9,15,686
46885,3,15,15,668
46886,3,15,15,471
46887,3,15,15,682
46888,3,15,15,534
46889,3,15,15,572
46890,3,15,15,657
46891,3,15,15,660
46892,3,15,3,387
46893,3,15,15,683
46894,3,15,15,531
46895,3,15,15,694
46896,3,41,41,586
46897,3,4,4,591
46898,3,15,15,416
46899,3,15,15,474
46900,3,15,15,503
46901,3,4,4,630
46902,3,15,15,480
46903,3,15,15,488
46904,3,15,15,690
46905,3,3,3,583
46906,3,21,15,563
46907,3,15,15,469
46908,3,15,15,366
46909,3,4,4,434
46910,3,15,15,564
46911,3,15,15,35
46912,3,15,15,394
46913,3,4,4,641
46914,3,4,4,299
46915,3,3,3,216
46916,3,15,15,689
46917,3,15,15,622
46918,3,15,15,79
46919,3,15,15,598
46920,3,15,15,686
46921,3,15,15,660
46922,3,15,15,680
46923,3,15,15,573
46924,3,15,15,683
46925,3,15,15,183
46926,3,15,15,690
46927,3,15,15,41
46928,3,15,15,664
46929,3,15,15,611
46930,3,15,15,656
46931,3,3,3,597
46932,3,15,15,132
46933,3,15,15,154
46934,3,15,15,482
46935,3,15,15,672
46936,3,15,15,632
46937,3,4,4,685
46938,3,15,15,653
46939,3,15,15,687
46940,3,15,15,674
46941,3,15,15,679
46942,3,15,15,688
46943,3,15,15,619
46944,3,15,15,686
46945,3,15,15,245
46946,3,15,15,377
46947,3,15,15,4
46948,3,15,15,223
46949,3,15,15,683
46950,3,15,15,674
46951,3,15,15,685
46952,3,15,15,651
46953,3,15,15,685
46954,3,41,41,688
46955,3,21,21,418
46956,3,15,15,584
46957,3,15,15,485
46958,3,15,15,654
46959,3,15,15,689
46960,3,15,15,535
46961,3,15,15,191
46962,3,15,15,683
46963,3,15,15,272
46964,3,3,3,328
46965,3,15,15,683
46966,3,15,15,394
46967,3,15,15,266
46968,3,15,15,584
46969,3,15,15,665
46970,3,15,15,599
46971,3,4,4,66
46972,3,15,15,321
46973,3,15,15,648
46974,3,15,15,381
46975,3,15,15,643
46976,3,3,3,640
46977,3,15,15,621
46978,3,15,15,590
46979,3,15,15,690
46980,3,15,15,663
46981,3,15,15,679
46982,3,15,15,624
46983,3,15,15,502
46984,3,15,15,112
46985,3,15,15,685
46986,3,15,15,675
46987,3,15,15,685
46988,3,15,15,652
46989,3,15,15,180
46990,3,15,15,493
46991,3,15,15,657
46992,3,3,3,288
46993,3,15,15,637
46994,3,39,41,685
46995,3,15,15,513
46996,3,15,15,653
46997,3,15,15,323
46998,3,15,15,650
46999,3,15,15,672
47000,3,15,15,413
47001,3,15,15,148
47002,3,15,15,690
47003,3,15,15,678
47004,3,15,15,406
47005,3,15,15,684
47006,3,15,15,644
47007,3,15,15,618
47008,3,15,15,683
47009,3,15,15,673
47010,3,15,15,687
47011,3,15,15,81
47012,3,15,15,680
47013,3,15,15,620
47014,3,15,15,648
47015,3,15,15,641
47016,3,3,3,124
47017,3,15,15,669
47018,3,15,15,578
47019,3,15,15,645
47020,3,15,15,152
47021,3,15,15,663
47022,3,15,15,416
47023,3,15,15,683
47024,3,3,3,649
47025,3,15,15,563
47026,3,15,15,138
47027,3,15,15,667
47028,3,15,15,497
47029,3,15,15,159
47030,3,15,15,646
47031,3,15,15,684
47032,3,15,15,438
47033,3,15,15,561
47034,3,15,15,655
47035,3,15,15,604
47036,3,15,15,659
47037,3,15,15,596
47038,3,15,15,550
47039,3,9,9,61
47040,3,15,15,527
47041,3,15,15,114
47042,3,15,15,681
47043,3,15,15,693
47044,3,15,15,573
47045,3,15,15,679
47046,3,39,39,646
47047,3,15,15,380
47048,3,15,15,41
47049,3,21,21,453
47050,3,15,15,674
47051,3,15,15,500
47052,3,15,15,679
47053,3,15,15,684
47054,3,15,15,692
47055,3,15,15,606
47056,3,15,15,672
47057,3,15,15,463
47058,3,15,15,646
47059,3,15,15,691
47060,3,15,15,213
47061,3,15,15,651
47062,3,15,15,640
47063,3,15,15,684
47064,3,15,15,681
47065,3,15,15,557
47066,3,15,15,691
47067,3,15,15,577
47068,3,15,15,667
47069,3,15,15,393
47070,3,15,15,665
47071,3,15,15,677
47072,3,15,15,687
47073,3,15,15,677
47074,3,15,15,235
47075,3,15,15,693
47076,3,15,15,684
47077,3,15,15,174
47078,3,15,15,697
47079,3,15,15,674
47080,3,15,15,678
47081,3,39,41,685
47082,3,15,15,660
47083,3,15,15,685
47084,3,15,15,651
47085,3,15,15,630
47086,3,21,21,591
47087,3,3,3,619
47088,3,15,15,665
47089,3,15,15,678
47090,3,15,15,657
47091,3,15,15,6
47092,3,15,15,658
47093,3,15,15,652
47094,3,15,15,173
47095,3,15,15,669
47096,3,15,15,677
47097,3,15,15,206
47098,3,4,15,631
47099,3,15,15,688
47100,3,15,15,682
47101,3,15,15,646
47102,3,15,15,678
47103,3,15,15,421
47104,3,15,15,344
47105,3,15,15,568
47106,3,15,15,564
47107,3,21,15,307
47108,3,15,15,665
47109,3,15,15,674
47110,3,15,15,408
47111,3,21,21,644
47112,3,15,15,453
47113,3,15,15,24
47114,3,15,15,19
47115,3,15,15,649
47116,3,15,15,114
47117,3,15,15,113
47118,3,15,15,685
47119,3,4,4,666
47120,3,15,15,588
47121,3,15,15,683
47122,3,39,15,608
47123,3,15,15,686
47124,3,15,15,679
47125,3,15,15,665
47126,3,15,15,654
47127,3,15,15,648
47128,3,15,15,686
47129,3,15,15,619
47130,3,15,15,595
47131,3,15,15,679
47132,3,15,15,672
47133,3,15,15,124
47134,3,21,15,222
47135,3,15,15,688
47136,3,15,15,675
47137,3,15,15,537
47138,3,15,15,643
47139,3,9,9,244
47140,3,15,15,631
47141,3,4,4,622
47142,3,15,15,1
47143,3,15,15,685
47144,3,15,15,685
47145,3,15,15,664
47146,3,15,15,107
47147,3,15,15,229
47148,3,15,15,216
47149,3,15,15,690
47150,3,21,21,613
47151,3,4,4,540
47152,3,12,12,673
47153,3,15,15,688
47154,3,15,15,512
47155,3,15,15,660
47156,3,15,15,615
47157,3,15,15,440
47158,3,15,15,666
47159,3,15,15,373
47160,3,15,15,675
47161,3,15,15,687
47162,3,15,15,687
47163,3,15,15,182
47164,3,15,15,597
47165,3,15,15,50
47166,3,15,15,658
47167,3,41,41,146
47168,3,15,15,543
47169,3,15,15,263
47170,3,15,15,606
47171,3,15,15,658
47172,3,3,15,359
47173,3,15,15,653
47174,3,15,15,638
47175,3,15,15,237
47176,3,15,15,113
47177,3,15,15,647
47178,3,15,15,545
47179,3,39,39,530
47180,3,15,15,123
47181,3,15,15,671
47182,3,15,15,133
47183,3,15,15,661
47184,3,15,15,436
47185,3,15,15,333
47186,3,15,15,356
47187,3,15,15,343
47188,3,15,15,682
47189,3,15,15,590
47190,3,15,15,687
47191,3,4,4,636
47192,3,15,15,523
47193,3,15,15,100
47194,3,15,15,685
47195,3,15,15,676
47196,3,3,3,250
47197,3,15,15,645
47198,3,15,15,613
47199,3,3,3,53
47200,3,15,15,643
47201,3,15,15,669
47202,3,15,15,556
47203,3,15,15,673
47204,3,15,15,690
47205,3,15,15,340
47206,3,15,15,684
47207,3,15,15,691
47208,3,21,21,660
47209,3,15,15,636
47210,3,15,15,420
47211,3,15,15,548
47212,3,15,15,668
47213,3,15,15,623
47214,3,15,15,678
47215,3,15,15,676
47216,3,39,41,673
47217,3,15,15,685
47218,3,15,15,251
47219,3,39,39,687
47220,3,15,15,681
47221,3,15,15,696
47222,3,15,15,565
47223,3,15,15,172
47224,3,15,15,665
47225,3,15,15,604
47226,3,15,15,678
47227,3,15,15,599
47228,3,15,15,101
47229,3,15,15,685
47230,3,15,15,514
47231,3,15,15,565
47232,3,21,15,587
47233,3,15,15,550
47234,3,15,15,473
47235,3,15,15,71
47236,3,15,15,279
47237,3,15,15,675
47238,3,15,15,590
47239,3,15,15,662
47240,3,15,15,488
47241,3,41,41,615
47242,3,15,15,394
47243,3,15,15,679
47244,3,15,15,51
47245,3,15,15,166
47246,3,15,15,287
47247,3,15,15,487
47248,3,15,15,667
47249,3,15,15,498
47250,3,3,3,583
47251,3,15,15,680
47252,3,4,4,678
47253,3,15,15,440
47254,3,15,15,637
47255,3,15,15,586
47256,3,21,15,631
47257,3,15,15,628
47258,3,15,15,602
47259,3,15,15,679
47260,3,15,15,282
47261,3,15,15,566
47262,3,15,15,668
47263,3,9,15,65
47264,3,15,15,658
47265,3,15,15,181
47266,3,15,15,671
47267,3,21,21,534
47268,3,15,15,620
47269,3,15,15,647
47270,3,15,3,554
47271,3,3,3,569
47272,3,3,3,426
47273,3,15,15,678
47274,3,15,15,678
47275,3,15,15,479
47276,3,12,12,302
47277,3,15,15,656
47278,3,15,15,324
47279,3,15,15,690
47280,3,15,15,673
47281,3,15,15,341
47282,3,15,15,646
47283,3,15,15,513
47284,3,15,15,531
47285,3,15,15,634
47286,3,15,15,686
47287,3,15,15,645
47288,3,15,15,615
47289,3,15,15,668
47290,3,15,15,674
47291,3,15,15,497
47292,3,15,15,683
47293,3,15,15,506
47294,3,15,15,670
47295,3,15,15,665
47296,3,15,15,696
47297,3,15,15,683
47298,3,15,15,688
47299,3,15,15,674
47300,3,15,15,665
47301,3,15,15,674
47302,3,15,15,655
47303,3,15,15,602
47304,3,15,15,633
47305,3,15,15,685
47306,3,15,15,694
47307,3,15,15,679
47308,3,15,15,684
47309,3,15,15,685
47310,3,15,15,569
47311,3,39,15,683
47312,3,15,15,643
47313,3,15,15,652
47314,3,15,15,686
47315,3,15,15,494
47316,3,21,15,662
47317,3,21,15,646
47318,3,15,15,681
47319,3,3,15,606
47320,3,15,15,489
47321,3,15,15,672
47322,3,15,15,684
47323,3,15,15,680
47324,3,15,15,673
47325,3,15,15,675
47326,3,4,4,499
47327,3,15,15,680
47328,3,15,15,645
47329,3,15,15,564
47330,3,15,15,673
47331,3,15,15,661
47332,3,15,15,664
47333,3,15,15,682
47334,3,15,15,522
47335,3,15,15,676
47336,3,15,15,676
47337,3,15,15,596
47338,3,15,15,41
47339,3,15,15,170
47340,3,15,15,360
47341,3,15,15,190
47342,3,15,15,689
47343,3,15,15,616
47344,3,15,15,665
47345,3,15,15,336
47346,3,15,15,671
47347,3,15,15,42
47348,3,15,15,686
47349,3,15,15,599
47350,3,15,15,691
47351,3,15,15,649
47352,3,39,39,685
47353,3,15,15,540
47354,3,15,15,654
47355,3,15,15,335
47356,3,15,15,617
47357,3,15,15,641
47358,3,15,15,660
47359,3,15,15,652
47360,3,41,41,526
47361,3,15,15,503
47362,3,15,15,161
47363,3,15,15,689
47364,3,15,15,355
47365,3,15,15,680
47366,3,15,15,689
47367,3,15,15,309
47368,3,15,15,688
47369,3,15,15,679
47370,3,15,15,643
47371,3,15,15,353
47372,3,15,15,658
47373,3,15,15,598
47374,3,15,15,667
47375,3,15,15,78
47376,3,15,15,689
47377,3,15,15,682
47378,3,15,15,278
47379,3,15,15,681
47380,3,15,15,677
47381,3,15,15,633
47382,3,15,15,673
47383,3,15,15,242
47384,3,15,15,619
47385,3,15,15,548
47386,3,15,15,688
47387,3,15,15,508
47388,3,15,15,688
47389,3,3,3,46
47390,3,15,15,630
47391,3,15,15,90
47392,3,15,15,665
47393,3,15,15,679
47394,3,15,15,660
47395,3,15,15,684
47396,3,4,15,681
47397,3,15,15,618
47398,3,15,15,477
47399,3,15,15,676
47400,3,15,15,272
47401,3,15,15,680
47402,3,15,15,680
47403,3,15,15,522
47404,3,15,15,665
47405,3,3,3,402
47406,3,15,15,673
47407,3,15,15,562
47408,3,3,3,252
47409,3,15,15,696
47410,3,15,15,651
47411,3,41,41,670
47412,3,15,15,256
47413,3,15,15,426
47414,3,15,15,579
47415,3,15,15,688
47416,3,15,15,676
47417,3,15,15,181
47418,3,15,15,688
47419,3,15,15,582
47420,3,15,15,656
47421,3,15,15,609
47422,3,15,15,671
47423,3,15,15,215
47424,3,15,15,645
47425,3,15,15,697
47426,3,15,15,672
47427,3,15,15,632
47428,3,15,15,618
47429,3,15,15,685
47430,3,3,3,13
47431,3,4,4,579
47432,3,15,15,673
47433,3,15,15,112
47434,3,15,15,203
47435,3,15,15,533
47436,3,15,15,579
47437,3,15,15,615
47438,3,15,15,172
47439,3,15,15,246
47440,3,15,15,664
47441,3,15,15,656
47442,3,15,15,618
47443,3,15,15,669
47444,3,15,15,612
47445,3,15,15,633
47446,3,15,15,689
47447,3,15,15,688
47448,3,15,15,687
47449,3,15,15,687
47450,3,15,15,666
47451,3,15,15,647
47452,3,15,15,630
47453,3,15,15,105
47454,3,15,15,182
47455,3,15,15,447
47456,3,15,15,678
47457,3,15,15,148
47458,3,3,3,229
47459,3,15,15,670
47460,3,15,15,634
47461,3,15,15,572
47462,3,15,15,590
47463,3,15,15,481
47464,3,15,15,432
47465,3,15,15,634
47466,3,15,15,177
47467,3,15,15,665
47468,3,15,15,600
47469,3,15,15,544
47470,3,21,15,555
47471,3,15,15,71
47472,3,15,15,663
47473,3,41,41,676
47474,3,15,15,682
47475,3,15,15,686
47476,3,15,15,643
47477,3,15,15,682
47478,3,15,15,546
47479,3,15,15,681
47480,3,15,15,687
47481,3,21,15,650
47482,3,15,15,638
47483,3,15,15,589
47484,3,3,3,182
47485,3,15,15,593
47486,3,15,15,617
47487,3,15,15,37
47488,3,15,15,628
47489,3,15,15,674
47490,3,15,15,645
47491,3,15,15,198
47492,3,21,21,588
47493,3,15,15,562
47494,3,4,4,232
47495,3,15,15,684
47496,3,15,15,655
47497,3,15,15,288
47498,3,15,15,686
47499,3,15,4,512
47500,3,15,15,448
47501,3,3,3,653
47502,3,15,15,679
47503,3,15,15,661
47504,3,15,15,160
47505,3,15,15,681
47506,3,15,15,578
47507,3,15,15,630
47508,3,15,15,626
47509,3,15,15,249
47510,3,15,15,255
47511,3,15,15,494
47512,3,15,15,678
47513,3,11,11,19
47514,3,15,15,688
47515,3,15,15,682
47516,3,15,15,686
47517,3,15,15,657
47518,3,15,15,84
47519,3,15,15,625
47520,3,15,15,628
47521,3,15,15,665
47522,3,15,15,593
47523,3,15,15,664
47524,3,15,15,679
47525,3,15,15,694
47526,3,15,15,689
47527,3,15,15,139
47528,3,15,15,692
47529,3,15,15,681
47530,3,15,15,648
47531,3,15,15,636
47532,3,15,15,34
47533,3,15,15,659
47534,3,15,15,672
47535,3,15,15,585
47536,3,15,15,669
47537,3,15,15,651
47538,3,15,15,514
47539,3,15,15,654
47540,3,15,15,292
47541,3,15,15,677
47542,3,15,15,517
47543,3,15,15,686
47544,3,15,15,683
47545,3,15,15,681
47546,3,15,15,675
47547,3,15,15,667
47548,3,15,15,689
47549,3,15,15,490
47550,3,15,15,640
47551,3,15,15,126
47552,3,15,15,674
47553,3,3,3,47
47554,3,15,15,610
47555,3,15,15,647
47556,3,15,15,59
47557,3,15,15,186
47558,3,15,15,696
47559,3,21,15,43
47560,3,15,15,695
47561,3,3,3,103
47562,3,15,15,621
47563,3,3,3,134
47564,3,15,15,638
47565,3,15,15,636
47566,3,15,15,625
47567,3,15,15,140
47568,3,15,15,679
47569,3,15,15,612
47570,3,21,15,526
47571,3,15,15,540
47572,3,15,15,640
47573,3,15,15,239
47574,3,15,15,656
47575,3,15,15,657
47576,3,4,4,172
47577,3,15,15,569
47578,3,15,15,688
47579,3,15,15,684
47580,3,15,15,680
47581,3,15,15,92
47582,3,15,15,694
47583,3,15,15,675
47584,3,15,15,132
47585,3,15,15,152
47586,3,15,15,685
47587,3,15,15,568
47588,3,15,15,673
47589,3,15,15,685
47590,3,15,15,682
47591,3,15,15,350
47592,3,15,15,686
47593,3,15,15,686
47594,3,15,15,125
47595,3,15,15,601
47596,3,15,15,687
47597,3,15,15,514
47598,3,15,15,607
47599,3,15,15,133
47600,3,15,15,128
47601,3,15,15,676
47602,3,15,15,680
47603,3,15,15,257
47604,3,21,15,633
47605,3,4,4,586
47606,3,15,15,652
47607,3,15,15,662
47608,3,15,15,666
47609,3,15,15,29
47610,3,15,15,680
47611,3,3,3,151
47612,3,4,4,604
47613,3,15,15,673
47614,3,15,15,370
47615,3,21,15,504
47616,3,15,15,661
47617,3,15,15,286
47618,3,15,15,575
47619,3,15,15,682
47620,3,15,15,11
47621,3,15,15,671
47622,3,15,15,687
47623,3,15,15,569
47624,3,15,15,687
47625,3,41,41,684
47626,3,15,15,680
47627,3,15,15,672
47628,3,15,15,589
47629,3,15,15,502
47630,3,9,15,9
47631,3,15,15,685
47632,3,15,15,598
47633,3,15,15,670
47634,3,15,15,407
47635,3,15,15,184
47636,3,15,15,687
47637,3,15,4,446
47638,3,15,15,323
47639,3,15,15,564
47640,3,15,15,662
47641,3,15,15,678
47642,3,15,15,666
47643,3,15,15,685
47644,3,15,15,683
47645,3,15,15,99
47646,3,15,15,674
47647,3,15,15,685
47648,3,15,15,595
47649,3,15,15,294
47650,3,15,15,688
47651,3,15,15,687
47652,3,15,15,684
47653,3,15,15,684
47654,3,15,15,681
47655,3,15,15,650
47656,3,3,3,643
47657,3,15,15,595
47658,3,15,15,608
47659,3,15,3,634
47660,3,15,15,551
47661,3,15,15,661
47662,3,15,15,669
47663,3,15,15,500
47664,3,15,15,445
47665,3,15,15,689
47666,3,15,15,681
47667,3,15,15,570
47668,3,15,15,435
47669,3,15,15,687
47670,3,15,15,518
47671,3,15,15,215
47672,3,15,15,594
47673,3,15,15,300
47674,3,15,15,623
47675,3,15,15,569
47676,3,15,15,111
47677,3,15,15,653
47678,3,15,15,307
47679,3,15,15,695
47680,3,15,15,260
47681,3,15,15,680
47682,3,15,15,98
47683,3,3,3,62
47684,3,15,15,104
47685,3,15,15,166
47686,3,15,15,620
47687,3,15,15,406
47688,3,15,15,682
47689,3,21,21,69
47690,3,15,15,677
47691,3,15,15,613
47692,3,15,15,330
47693,3,15,4,595
47694,3,15,15,688
47695,3,15,15,668
47696,3,15,15,75
47697,3,15,15,674
47698,3,15,15,350
47699,3,21,15,563
47700,3,15,15,455
47701,3,3,3,596
47702,3,15,15,681
47703,3,15,15,679
47704,3,15,15,633
47705,3,15,15,562
47706,3,15,15,682
47707,3,15,15,690
47708,3,15,15,664
47709,3,15,15,692
47710,3,15,15,542
47711,3,15,15,640
47712,3,15,15,616
47713,3,4,4,474
47714,3,15,15,689
47715,3,15,15,684
47716,3,15,15,524
47717,3,15,15,152
47718,3,15,15,487
47719,3,15,15,323
47720,3,15,15,666
47721,3,3,3,585
47722,3,15,15,115
47723,3,15,15,30
47724,3,15,15,683
47725,3,15,15,687
47726,3,15,15,316
47727,3,15,15,478
47728,3,15,15,695
47729,3,39,39,692
47730,3,15,15,538
47731,3,15,15,640
47732,3,15,15,554
47733,3,15,15,680
47734,3,15,15,140
47735,3,15,15,668
47736,3,15,15,663
47737,3,15,15,666
47738,3,15,15,679
47739,3,15,15,686
47740,3,15,15,66
47741,3,15,15,692
47742,3,15,15,630
47743,3,15,15,583
47744,3,15,15,662
47745,3,3,3,103
47746,3,15,15,671
47747,3,15,15,668
47748,3,15,15,670
47749,3,15,15,683
47750,3,15,15,665
47751,3,15,15,637
47752,3,15,15,530
47753,3,15,15,674
47754,3,15,15,431
47755,3,15,15,139
47756,3,15,15,677
47757,3,3,3,536
47758,3,15,15,600
47759,3,15,15,667
47760,3,15,15,344
47761,3,15,15,224
47762,3,15,15,679
47763,3,15,15,599
47764,3,15,15,629
47765,3,15,15,679
47766,3,15,15,642
47767,3,4,4,651
47768,3,15,15,566
47769,3,3,3,243
47770,3,15,15,534
47771,3,15,15,568
47772,3,15,15,669
47773,3,15,15,682
47774,3,15,15,142
47775,3,15,15,634
47776,3,15,15,676
47777,3,15,15,65
47778,3,15,15,685
47779,3,15,15,679
47780,3,15,15,519
47781,3,15,15,160
47782,3,15,15,608
47783,3,15,15,400
47784,3,15,15,672
47785,3,15,15,684
47786,3,15,15,680
47787,3,15,15,681
47788,3,15,15,621
47789,3,15,15,601
47790,3,15,15,345
47791,3,15,3,688
47792,3,15,15,687
47793,3,15,15,682
47794,3,15,15,565
47795,3,15,15,685
47796,3,15,15,549
47797,3,15,15,687
47798,3,4,4,570
47799,3,15,15,693
47800,3,15,15,230
47801,3,15,15,689
47802,3,15,15,684
47803,3,15,15,8
47804,3,15,15,634
47805,3,15,15,575
47806,3,15,15,572
47807,3,15,3,139
47808,3,15,15,644
47809,3,3,3,34
47810,3,15,15,595
47811,3,15,15,507
47812,3,15,15,145
47813,3,15,15,692
47814,3,15,15,633
47815,3,39,39,673
47816,3,21,15,578
47817,3,21,15,274
47818,3,15,15,690
47819,3,4,4,681
47820,3,15,15,675
47821,3,15,15,658
47822,3,15,15,678
47823,3,15,15,593
47824,3,15,15,676
47825,3,15,15,598
47826,3,15,15,149
47827,3,15,15,638
47828,3,15,15,289
47829,3,15,15,680
47830,3,15,15,650
47831,3,15,15,613
47832,3,4,4,478
47833,3,15,15,142
47834,3,15,15,679
47835,3,15,15,643
47836,3,15,15,684
47837,3,4,4,642
47838,3,15,15,693
47839,3,15,15,688
47840,3,15,15,689
47841,3,15,15,643
47842,3,21,15,47
47843,3,15,15,673
47844,3,15,15,682
47845,3,15,15,684
47846,3,15,15,639
47847,3,15,15,571
47848,3,15,15,536
47849,3,15,15,685
47850,3,15,15,668
47851,3,15,15,683
47852,3,15,15,627
47853,3,15,15,675
47854,3,15,15,96
47855,3,15,15,691
47856,3,15,15,655
47857,3,15,15,600
47858,3,15,15,657
47859,3,15,15,678
47860,3,15,15,680
47861,3,15,15,694
47862,3,15,15,683
47863,3,4,4,480
47864,3,15,15,558
47865,3,15,15,488
47866,3,15,15,606
47867,3,15,15,684
47868,3,41,41,689
47869,3,15,15,678
47870,3,15,15,682
47871,3,15,15,655
47872,3,15,15,656
47873,3,39,39,668
47874,3,15,15,558
47875,3,15,15,686
47876,3,15,15,683
47877,3,15,15,688
47878,3,15,15,663
47879,3,4,4,658
47880,3,24,24,689
47881,3,15,4,672
47882,3,15,15,686
47883,3,15,15,679
47884,3,15,15,663
47885,3,15,15,385
47886,3,15,15,685
47887,3,15,15,391
47888,3,15,15,564
47889,3,15,15,665
47890,3,15,15,549
47891,3,15,15,641
47892,3,15,15,655
47893,3,15,15,688
47894,3,15,15,692
47895,3,4,4,679
47896,3,15,15,686
47897,3,15,15,624
47898,3,15,15,388
47899,3,15,15,640
47900,3,15,15,453
47901,3,15,15,685
47902,3,15,15,686
47903,3,15,15,414
47904,3,21,15,586
47905,3,15,15,672
47906,3,15,15,672
47907,3,15,15,413
47908,3,15,15,627
47909,3,15,15,659
47910,3,15,15,431
47911,3,15,15,588
47912,3,21,15,4
47913,3,15,15,598
47914,3,15,15,381
47915,3,15,15,604
47916,3,15,15,684
47917,3,15,15,669
47918,3,15,15,647
47919,3,15,15,653
47920,3,15,15,689
47921,3,15,15,683
47922,3,15,15,654
47923,3,15,15,591
47924,3,15,15,499
47925,3,15,15,684
47926,3,15,15,679
47927,3,15,15,686
47928,3,15,15,666
47929,3,15,15,186
47930,3,15,15,661
47931,3,15,15,671
47932,3,15,15,661
47933,3,15,15,595
47934,3,15,15,333
47935,3,15,15,692
47936,3,15,15,417
47937,3,15,15,649
47938,3,15,15,672
47939,3,15,15,598
47940,3,15,15,672
47941,3,15,15,656
47942,3,21,15,675
47943,3,15,15,627
47944,3,39,39,64
47945,3,15,15,592
47946,3,15,15,652
47947,3,15,15,677
47948,3,15,15,598
47949,3,15,15,693
47950,3,15,15,665
47951,3,15,15,642
47952,3,15,15,680
47953,3,15,15,506
47954,3,15,15,683
47955,3,15,15,528
47956,3,15,15,657
47957,3,15,15,679
47958,3,15,12,635
47959,3,15,15,685
47960,3,3,3,165
47961,3,15,15,663
47962,3,39,39,656
47963,3,15,15,396
47964,3,15,15,689
47965,3,15,15,689
47966,3,15,15,687
47967,3,15,15,585
47968,3,15,15,672
47969,3,15,15,690
47970,3,15,15,687
47971,3,15,15,125
47972,3,15,15,131
47973,3,15,15,174
47974,3,15,15,128
47975,3,15,15,107
47976,3,15,15,562
47977,3,15,15,686
47978,3,15,15,538
47979,3,15,15,659
47980,3,15,15,506
47981,3,15,15,193
47982,3,15,15,677
47983,3,15,15,689
47984,3,15,15,252
47985,3,15,15,661
47986,3,15,15,268
47987,3,3,15,70
47988,3,3,3,82
47989,3,21,21,674
47990,3,4,4,43
47991,3,4,4,534
47992,3,15,15,678
47993,3,9,9,157
47994,3,15,15,528
47995,3,3,3,615
47996,3,3,3,178
47997,3,15,15,543
47998,3,15,15,693
47999,3,15,15,312
48000,3,15,15,254
48001,3,15,15,590
48002,3,15,15,372
48003,3,15,15,60
48004,3,15,15,691
48005,3,15,15,671
48006,3,15,15,613
48007,3,15,15,666
48008,3,15,15,508
48009,3,15,15,621
48010,3,15,15,653
48011,3,15,15,677
48012,3,15,15,564
48013,3,15,15,101
48014,3,15,11,691
48015,3,15,15,672
48016,3,15,15,606
48017,3,15,15,143
48018,3,3,4,634
48019,3,15,15,133
48020,3,15,15,677
48021,3,15,15,645
48022,3,15,15,617
48023,3,15,15,307
48024,3,15,15,30
48025,3,21,15,174
48026,3,15,15,675
48027,3,15,15,678
48028,3,15,15,549
48029,3,15,15,691
48030,3,15,15,520
48031,3,15,15,624
48032,3,15,15,687
48033,3,15,15,15
48034,3,15,15,283
48035,3,15,15,680
48036,3,41,41,679
48037,3,15,15,309
48038,3,15,15,635
48039,3,21,15,583
48040,3,15,15,669
48041,3,15,15,583
48042,3,4,15,644
48043,3,21,15,585
48044,3,15,15,497
48045,3,15,15,660
48046,3,15,15,686
48047,3,15,15,67
48048,3,15,15,383
48049,3,15,15,688
48050,3,15,15,13
48051,3,15,15,95
48052,3,3,3,189
48053,3,15,15,676
48054,3,15,15,689
48055,3,15,15,693
48056,3,15,15,599
48057,3,15,15,628
48058,3,15,15,622
48059,3,15,15,78
48060,3,15,15,691
48061,3,15,15,589
48062,3,15,15,673
48063,3,15,15,662
48064,3,15,15,671
48065,3,15,15,688
48066,3,15,15,578
48067,3,15,15,688
48068,3,15,15,694
48069,3,15,15,663
48070,3,15,15,564
48071,3,41,41,659
48072,3,3,3,604
48073,3,15,15,678
48074,3,15,15,661
48075,3,15,15,651
48076,3,15,15,490
48077,3,15,15,357
48078,3,15,15,685
48079,3,15,15,614
48080,3,3,3,98
48081,3,15,15,486
48082,3,15,15,533
48083,3,15,15,616
48084,3,15,15,681
48085,3,15,15,575
48086,3,3,3,682
48087,3,15,15,518
48088,3,15,15,656
48089,3,15,15,418
48090,3,15,15,337
48091,3,15,15,143
48092,3,15,15,614
48093,3,41,41,658
48094,3,15,15,676
48095,3,15,15,625
48096,3,15,15,677
48097,3,15,15,514
48098,3,15,15,416
48099,3,15,15,685
48100,3,15,15,586
48101,3,15,15,685
48102,3,15,15,669
48103,3,15,15,148
48104,3,15,15,38
48105,3,15,15,622
48106,3,15,15,208
48107,3,15,15,353
48108,3,15,15,588
48109,3,15,15,687
48110,3,21,15,597
48111,3,15,15,647
48112,3,15,15,668
48113,3,3,15,457
48114,3,15,15,474
48115,3,15,15,208
48116,3,15,15,263
48117,3,15,15,279
48118,3,15,15,636
48119,3,15,15,485
48120,3,15,15,449
48121,3,15,15,692
48122,3,15,15,650
48123,3,15,15,597
48124,3,15,15,547
48125,3,15,15,111
48126,3,15,15,60
48127,3,15,15,657
48128,3,15,15,549
48129,3,15,15,686
48130,3,15,15,628
48131,3,15,15,166
48132,3,15,15,640
48133,3,3,3,451
48134,3,15,15,429
48135,3,15,15,686
48136,3,15,15,417
48137,3,15,15,673
48138,3,15,15,689
48139,3,15,15,680
48140,3,15,15,674
48141,3,15,4,537
48142,3,15,15,630
48143,3,15,15,678
48144,3,15,15,680
48145,3,15,15,681
48146,3,15,15,580
48147,3,15,15,207
48148,3,15,15,577
48149,3,15,15,536
48150,3,15,15,685
48151,3,15,15,135
48152,3,4,4,676
48153,3,15,15,668
48154,3,15,12,639
48155,3,15,15,636
48156,3,15,15,696
48157,3,15,15,43
48158,3,15,15,680
48159,3,15,15,226
48160,3,15,15,684
48161,3,15,15,688
48162,3,15,15,679
48163,3,15,15,61
48164,3,21,15,676
48165,3,15,15,655
48166,3,15,15,690
48167,3,15,15,121
48168,3,15,15,53
48169,3,15,15,651
48170,3,3,3,549
48171,3,3,3,159
48172,3,15,15,131
48173,3,15,15,686
48174,3,15,15,675
48175,3,15,15,691
48176,3,15,15,597
48177,3,15,15,693
48178,3,15,15,627
48179,3,15,15,608
48180,3,15,15,667
48181,3,15,15,507
48182,3,15,15,657
48183,3,15,15,606
48184,3,15,15,668
48185,3,15,15,695
48186,3,15,15,664
48187,3,15,15,681
48188,3,15,15,672
48189,3,15,15,652
48190,3,15,15,688
48191,3,21,15,561
48192,3,15,15,368
48193,3,15,15,685
48194,3,15,15,521
48195,3,15,15,680
48196,3,15,15,666
48197,3,15,15,693
48198,3,15,15,688
48199,3,15,15,627
48200,3,15,15,673
48201,3,15,15,160
48202,3,15,15,557
48203,3,15,15,653
48204,3,15,15,629
48205,3,15,15,569
48206,3,4,4,14
48207,3,15,15,673
48208,3,15,15,566
48209,3,15,15,187
48210,3,15,15,693
48211,3,15,15,341
48212,3,15,15,236
48213,3,15,15,104
48214,3,15,15,599
48215,3,15,15,154
48216,3,15,15,679
48217,3,15,15,632
48218,3,15,15,675
48219,3,3,3,112
48220,3,15,15,671
48221,3,15,15,689
48222,3,15,15,563
48223,3,15,15,632
48224,3,15,15,686
48225,3,15,15,551
48226,3,41,41,681
48227,3,15,15,562
48228,3,15,15,668
48229,3,15,15,673
48230,3,21,15,80
48231,3,15,15,191
48232,3,21,15,651
48233,3,15,15,676
48234,3,15,15,490
48235,3,15,15,40
48236,3,15,15,683
48237,3,4,4,554
48238,3,15,15,679
48239,3,15,15,686
48240,3,15,15,138
48241,3,4,4,575
48242,3,15,15,160
48243,3,3,3,27
48244,3,15,15,682
48245,3,15,15,692
48246,3,15,15,591
48247,3,15,15,188
48248,3,15,15,113
48249,3,15,15,679
48250,3,15,15,542
48251,3,15,15,695
48252,3,15,15,673
48253,3,15,15,675
48254,3,15,15,670
48255,3,3,3,21
48256,3,15,15,687
48257,3,15,15,676
48258,3,15,15,576
48259,3,15,15,634
48260,3,15,15,686
48261,3,15,15,644
48262,3,15,15,672
48263,3,15,15,691
48264,3,15,15,685
48265,3,15,15,687
48266,3,15,15,687
48267,3,15,15,682
48268,3,15,15,632
48269,3,15,15,33
48270,3,20,20,672
48271,3,4,4,450
48272,3,15,15,683
48273,3,15,15,74
48274,3,15,15,644
48275,3,4,4,663
48276,3,15,15,663
48277,3,20,20,686
48278,3,21,15,21
48279,3,15,15,680
48280,3,15,15,326
48281,3,21,21,600
48282,3,4,4,586
48283,3,15,15,523
48284,3,15,15,674
48285,3,15,15,652
48286,3,15,15,688
48287,3,15,15,463
48288,3,15,15,413
48289,3,15,15,690
48290,3,15,15,668
48291,3,15,15,602
48292,3,15,15,133
48293,3,15,15,667
48294,3,15,15,601
48295,3,15,15,137
48296,3,15,15,661
48297,3,15,15,671
48298,3,15,15,262
48299,3,15,15,341
48300,3,15,15,658
48301,3,21,21,669
48302,3,15,15,664
48303,3,15,15,665
48304,3,21,21,476
48305,3,21,21,530
48306,3,15,15,678
48307,3,15,15,566
48308,3,15,15,534
48309,3,15,15,552
48310,3,15,15,145
48311,3,15,15,591
48312,3,15,15,261
48313,3,15,15,687
48314,3,15,12,663
48315,3,3,3,659
48316,3,15,15,640
48317,3,3,3,8
48318,3,15,15,580
48319,3,15,15,660
48320,3,15,15,652
48321,3,15,15,621
48322,3,15,15,676
48323,3,15,15,665
48324,3,15,15,683
48325,3,15,15,677
48326,3,15,15,687
48327,3,15,15,580
48328,3,15,15,669
48329,3,15,15,687
48330,3,3,3,536
48331,3,15,15,683
48332,3,15,15,690
48333,3,15,15,624
48334,3,15,15,503
48335,3,15,15,236
48336,3,15,15,159
48337,3,15,15,678
48338,3,15,15,333
48339,3,15,15,682
48340,3,15,15,683
48341,3,15,15,352
48342,3,15,15,413
48343,3,15,15,177
48344,3,15,15,655
48345,3,21,15,525
48346,3,15,15,644
48347,3,15,15,122
48348,3,15,15,675
48349,3,15,15,76
48350,3,15,15,693
48351,3,15,15,685
48352,3,41,41,616
48353,3,15,15,564
48354,3,4,4,647
48355,3,15,15,611
48356,3,15,15,677
48357,3,15,15,548
48358,3,15,15,685
48359,3,15,15,156
48360,3,15,15,668
48361,3,15,15,684
48362,3,15,15,674
48363,3,4,4,550
48364,3,3,15,202
48365,3,15,15,85
48366,3,15,15,681
48367,3,15,15,690
48368,3,15,15,681
48369,3,15,15,92
48370,3,15,15,645
48371,3,21,21,112
48372,3,15,15,283
48373,3,15,15,685
48374,3,15,15,685
48375,3,15,15,103
48376,3,15,15,683
48377,3,15,15,130
48378,3,21,15,675
48379,3,15,15,551
48380,3,15,15,591
48381,3,15,15,197
48382,3,15,15,613
48383,3,15,15,624
48384,3,15,15,687
48385,3,4,4,640
48386,3,15,4,606
48387,3,15,15,364
48388,3,48,48,98
48389,3,15,15,644
48390,3,15,15,370
48391,3,15,15,323
48392,3,21,15,198
48393,3,15,15,493
48394,3,15,15,652
48395,3,15,15,687
48396,3,15,15,82
48397,3,15,15,691
48398,3,15,15,142
48399,3,15,15,625
48400,3,15,15,309
48401,3,15,15,98
48402,3,9,15,217
48403,3,15,15,671
48404,3,15,15,683
48405,3,15,15,659
48406,3,15,15,142
48407,3,15,15,390
48408,3,15,15,664
48409,3,15,15,648
48410,3,3,3,577
48411,3,39,39,680
48412,3,3,3,479
48413,3,15,15,682
48414,3,15,15,513
48415,3,15,15,565
48416,3,15,15,691
48417,3,15,15,632
48418,3,15,15,608
48419,3,15,15,483
48420,3,15,15,662
48421,3,15,15,623
48422,3,3,3,477
48423,3,15,15,680
48424,3,15,15,682
48425,3,15,15,443
48426,3,15,15,199
48427,3,15,15,684
48428,3,15,15,289
48429,3,41,41,686
48430,3,15,15,293
48431,3,15,15,696
48432,3,15,15,267
48433,3,15,15,63
48434,3,15,15,618
48435,3,15,15,503
48436,3,15,15,685
48437,3,15,15,484
48438,3,15,15,623
48439,3,15,15,619
48440,3,15,15,687
48441,3,15,15,652
48442,3,9,15,40
48443,3,15,15,693
48444,3,4,4,612
48445,3,15,15,679
48446,3,15,15,686
48447,3,15,15,692
48448,3,15,15,638
48449,3,15,15,691
48450,3,15,15,415
48451,3,15,15,654
48452,3,21,4,310
48453,3,15,15,177
48454,3,15,15,529
48455,3,15,15,609
48456,3,15,15,689
48457,3,39,41,688
48458,3,15,15,621
48459,3,15,15,642
48460,3,15,15,677
48461,3,3,3,134
48462,3,3,3,679
48463,3,15,15,692
48464,3,15,15,617
48465,3,15,15,681
48466,3,4,4,655
48467,3,15,15,671
48468,3,15,15,682
48469,3,39,41,689
48470,3,15,15,697
48471,3,15,15,690
48472,3,15,15,523
48473,3,15,15,670
48474,3,15,15,35
48475,3,15,15,655
48476,3,15,15,685
48477,3,15,15,686
48478,3,15,15,680
48479,3,15,15,650
48480,3,15,15,670
48481,3,15,15,311
48482,3,15,15,664
48483,3,15,15,665
48484,3,15,15,671
48485,3,15,15,579
48486,3,15,15,682
48487,3,15,15,678
48488,3,15,15,678
48489,3,15,15,651
48490,3,15,15,655
48491,3,15,15,676
48492,3,15,15,356
48493,3,21,21,594
48494,3,15,15,688
48495,3,15,15,664
48496,3,15,15,586
48497,3,41,15,476
48498,3,15,15,641
48499,3,15,15,675
48500,3,15,15,682
48501,3,3,3,127
48502,3,3,3,428
48503,3,15,15,668
48504,3,15,15,179
48505,3,15,15,671
48506,3,15,15,456
48507,3,41,41,634
48508,3,15,15,682
48509,3,15,15,679
48510,3,15,15,657
48511,3,15,15,142
48512,3,3,3,24
48513,3,15,15,629
48514,3,15,15,627
48515,3,15,15,189
48516,3,15,48,649
48517,3,15,15,695
48518,3,15,15,689
48519,3,15,15,586
48520,3,41,41,642
48521,3,39,39,634
48522,3,15,15,181
48523,3,15,15,606
48524,3,15,15,687
48525,3,15,15,131
48526,3,15,15,581
48527,3,21,21,181
48528,3,15,15,547
48529,3,15,15,675
48530,3,15,15,168
48531,3,15,15,139
48532,3,15,15,681
48533,3,39,41,670
48534,3,15,15,688
48535,3,15,15,652
48536,3,3,3,129
48537,3,15,15,674
48538,3,15,15,654
48539,3,15,15,637
48540,3,15,15,672
48541,3,15,15,493
48542,3,21,15,76
48543,3,15,15,686
48544,3,15,15,647
48545,3,15,15,433
48546,3,15,15,684
48547,3,15,15,623
48548,3,15,15,655
48549,3,15,15,376
48550,3,15,15,610
48551,3,21,15,57
48552,3,15,15,683
48553,3,15,15,224
48554,3,41,41,566
48555,3,15,15,556
48556,3,15,15,656
48557,3,15,15,687
48558,3,4,4,600
48559,3,15,15,648
48560,3,15,15,581
48561,3,15,4,548
48562,3,15,15,550
48563,3,15,15,623
48564,3,15,15,668
48565,3,15,15,474
48566,3,15,15,155
48567,3,15,15,379
48568,3,15,15,543
48569,3,21,21,124
48570,3,15,15,690
48571,3,15,15,681
48572,3,15,15,672
48573,3,15,15,487
48574,3,15,15,679
48575,3,15,15,687
48576,3,15,15,687
48577,3,15,15,228
48578,3,15,15,685
48579,3,15,15,627
48580,3,15,15,464
48581,3,15,15,689
48582,3,15,15,675
48583,3,15,15,687
48584,3,15,15,646
48585,3,15,15,678
48586,3,15,15,467
48587,3,21,21,565
48588,3,15,15,663
48589,3,3,3,583
48590,3,15,15,686
48591,3,15,15,617
48592,3,15,15,298
48593,3,15,15,638
48594,3,15,15,635
48595,3,15,15,648
48596,3,15,15,583
48597,3,15,15,687
48598,3,15,15,680
48599,3,15,15,685
48600,3,15,15,114
48601,3,15,15,154
48602,3,15,15,664
48603,3,15,15,690
48604,3,15,15,450
48605,3,15,15,472
48606,3,15,15,665
48607,3,15,15,670
48608,3,15,15,673
48609,3,15,15,583
48610,3,15,15,375
48611,3,15,15,655
48612,3,15,15,679
48613,3,15,15,635
48614,3,15,15,672
48615,3,15,15,687
48616,3,15,15,666
48617,3,15,15,679
48618,3,15,15,659
48619,3,4,4,61
48620,3,15,15,595
48621,3,15,15,346
48622,3,15,15,664
48623,3,15,15,687
48624,3,21,15,522
48625,3,15,15,673
48626,3,15,15,618
48627,3,15,15,199
48628,3,15,15,637
48629,3,15,15,359
48630,3,15,15,122
48631,3,15,15,106
48632,3,4,4,438
48633,3,3,3,288
48634,3,15,15,627
48635,3,15,15,687
48636,3,15,15,372
48637,3,15,15,654
48638,3,3,3,71
48639,3,21,15,568
48640,3,15,15,570
48641,3,15,15,217
48642,3,15,15,688
48643,3,15,15,627
48644,3,15,15,409
48645,3,15,15,394
48646,3,15,15,649
48647,3,15,15,295
48648,3,15,15,434
48649,3,15,15,679
48650,3,15,15,112
48651,3,15,15,678
48652,3,15,15,673
48653,3,15,15,491
48654,3,15,15,686
48655,3,4,4,21
48656,3,21,21,461
48657,3,15,15,695
48658,3,15,15,641
48659,3,15,15,692
48660,3,39,39,672
48661,3,15,15,613
48662,3,15,15,627
48663,3,15,15,662
48664,3,15,15,542
48665,3,15,15,576
48666,3,15,15,562
48667,3,4,4,616
48668,3,15,15,685
48669,3,15,15,587
48670,3,21,15,143
48671,3,15,15,633
48672,3,3,3,148
48673,3,15,15,617
48674,3,15,15,676
48675,3,15,15,668
48676,3,15,15,691
48677,3,15,15,684
48678,3,15,15,665
48679,3,15,15,651
48680,3,15,15,686
48681,3,15,15,599
48682,3,15,15,276
48683,3,15,15,644
48684,3,21,15,643
48685,3,15,15,350
48686,3,15,15,564
48687,3,15,15,264
48688,3,15,15,481
48689,3,15,15,684
48690,3,15,15,654
48691,3,15,15,506
48692,3,15,15,210
48693,3,15,15,678
48694,3,15,15,694
48695,3,15,15,679
48696,3,39,39,683
48697,3,15,15,243
48698,3,15,15,669
48699,3,15,15,664
48700,3,15,15,679
48701,3,15,15,627
48702,3,15,15,684
48703,3,15,15,149
48704,3,15,15,687
48705,3,15,15,688
48706,3,15,15,680
48707,3,15,15,682
48708,3,15,15,689
48709,3,15,15,671
48710,3,15,15,661
48711,3,15,15,84
48712,3,15,15,670
48713,3,15,15,686
48714,3,15,15,649
48715,3,15,15,685
48716,3,15,15,689
48717,3,15,15,690
48718,3,15,15,683
48719,3,15,15,555
48720,3,4,4,626
48721,3,15,15,673
48722,3,15,15,639
48723,3,15,15,680
48724,3,15,15,481
48725,3,15,15,530
48726,3,15,15,687
48727,3,15,15,678
48728,3,15,15,668
48729,3,15,15,644
48730,3,15,15,676
48731,3,15,15,691
48732,3,15,15,692
48733,3,15,15,408
48734,3,15,15,252
48735,3,15,15,671
48736,3,15,15,638
48737,3,15,15,621
48738,3,15,15,684
48739,3,15,15,583
48740,3,15,15,207
48741,3,15,15,663
48742,3,4,15,494
48743,3,39,39,201
48744,3,15,15,568
48745,3,21,21,422
48746,3,15,15,626
48747,3,15,15,590
48748,3,15,15,681
48749,3,15,15,606
48750,3,15,15,669
48751,3,15,15,683
48752,3,15,15,625
48753,3,15,15,682
48754,3,15,15,683
48755,3,9,15,29
48756,3,15,15,688
48757,3,15,15,514
48758,3,4,4,614
48759,3,15,15,650
48760,3,15,15,584
48761,3,15,15,123
48762,3,41,41,665
48763,3,15,15,686
48764,3,15,15,687
48765,3,15,15,690
48766,3,15,15,447
48767,3,15,15,634
48768,3,21,15,596
48769,3,15,15,592
48770,3,15,15,669
48771,3,15,15,628
48772,3,15,15,670
48773,3,15,15,566
48774,3,15,15,693
48775,3,15,15,680
48776,3,15,15,329
48777,3,15,15,221
48778,3,15,15,632
48779,3,15,15,21
48780,3,4,4,48
48781,3,15,15,666
48782,3,15,15,642
48783,3,21,15,688
48784,3,15,15,186
48785,3,15,15,687
48786,3,15,15,696
48787,3,15,15,246
48788,3,15,15,685
48789,3,15,15,98
48790,3,15,15,664
48791,3,15,15,148
48792,3,15,15,683
48793,3,15,15,640
48794,3,15,15,624
48795,3,15,15,649
48796,3,15,15,660
48797,3,21,21,555
48798,3,3,3,687
48799,3,15,15,689
48800,3,15,15,633
48801,3,15,15,684
48802,3,15,15,504
48803,3,15,15,657
48804,3,15,15,638
48805,3,15,15,49
48806,3,15,15,685
48807,3,39,39,680
48808,3,15,15,512
48809,3,15,15,243
48810,3,15,15,692
48811,3,15,15,346
48812,3,15,15,210
48813,3,15,15,232
48814,3,21,15,321
48815,3,15,15,653
48816,3,15,15,133
48817,3,15,15,627
48818,3,15,15,611
48819,3,15,15,210
48820,3,15,15,685
48821,3,15,15,168
48822,3,15,15,116
48823,3,15,15,693
48824,3,15,15,116
48825,3,15,15,692
48826,3,4,4,472
48827,3,15,15,676
48828,3,3,3,661
48829,3,15,15,633
48830,3,39,15,671
48831,3,15,15,680
48832,3,15,15,571
48833,3,15,15,386
48834,3,15,15,443
48835,3,4,4,668
48836,3,15,15,205
48837,3,15,15,328
48838,3,15,15,311
48839,3,15,15,20
48840,3,15,15,679
48841,3,15,15,457
48842,3,15,15,680
48843,3,15,15,686
48844,3,15,15,439
48845,3,15,15,459
48846,3,15,15,691
48847,3,15,15,567
48848,3,15,15,682
48849,3,15,15,688
48850,3,21,21,221
48851,3,15,15,677
48852,3,15,15,66
48853,3,3,3,549
48854,3,21,15,109
48855,3,15,15,689
48856,3,3,3,580
48857,3,15,15,620
48858,3,15,15,533
48859,3,15,15,683
48860,3,15,15,671
48861,3,15,15,170
48862,3,15,15,673
48863,3,15,15,506
48864,3,15,15,535
48865,3,21,15,327
48866,3,15,15,640
48867,3,15,15,666
48868,3,15,15,660
48869,3,15,15,137
48870,3,3,3,599
48871,3,15,15,563
48872,3,15,15,602
48873,3,15,15,686
48874,3,15,15,483
48875,3,15,15,675
48876,3,15,15,688
48877,3,15,15,679
48878,3,15,15,679
48879,3,15,15,685
48880,3,15,15,640
48881,3,15,15,682
48882,3,15,15,652
48883,3,39,39,23
48884,3,15,15,664
48885,3,21,15,397
48886,3,15,15,664
48887,3,15,15,687
48888,3,15,15,673
48889,3,15,15,155
48890,3,15,15,676
48891,3,15,15,664
48892,3,15,15,699
48893,3,15,15,675
48894,3,15,15,674
48895,3,15,15,274
48896,3,15,15,676
48897,3,15,15,597
48898,3,15,15,681
48899,3,15,15,595
48900,3,15,15,14
48901,3,15,15,639
48902,3,15,15,163
48903,3,15,15,679
48904,3,15,15,686
48905,3,15,15,690
48906,3,15,15,683
48907,3,15,15,651
48908,3,15,15,228
48909,3,15,15,528
48910,3,4,4,681
48911,3,15,15,687
48912,3,15,15,695
48913,3,15,15,70
48914,3,21,21,673
48915,3,15,15,696
48916,3,15,15,688
48917,3,15,15,672
48918,3,24,24,144
48919,3,15,15,95
48920,3,15,15,663
48921,3,15,15,595
48922,3,15,15,688
48923,3,15,15,597
48924,3,15,15,687
48925,3,15,15,577
48926,3,15,15,631
48927,3,15,15,675
48928,3,15,15,547
48929,3,15,15,618
48930,3,15,15,685
48931,3,15,15,476
48932,3,15,15,648
48933,3,15,15,664
48934,3,15,15,190
48935,3,15,15,675
48936,3,15,15,542
48937,3,15,15,388
48938,3,15,15,688
48939,3,21,21,626
48940,3,15,15,617
48941,3,15,15,679
48942,3,15,15,478
48943,3,15,15,677
48944,3,15,15,681
48945,3,15,15,665
48946,3,15,15,662
48947,3,15,15,692
48948,3,15,15,685
48949,3,15,3,553
48950,3,15,15,628
48951,3,15,15,530
48952,3,15,21,389
48953,3,9,9,658
48954,3,15,15,668
48955,3,15,15,689
48956,3,3,3,672
48957,3,15,15,501
48958,3,15,15,672
48959,3,15,15,614
48960,3,15,15,619
48961,3,15,15,520
48962,3,15,15,667
48963,3,15,15,680
48964,3,15,15,27
48965,3,15,15,360
48966,3,11,11,3
48967,3,15,15,660
48968,3,15,15,692
48969,3,15,15,619
48970,3,15,15,685
48971,3,15,15,612
48972,3,15,15,327
48973,3,15,15,669
48974,3,15,15,687
48975,3,15,15,638
48976,3,15,15,579
48977,3,15,15,174
48978,3,39,15,18
48979,3,15,15,543
48980,3,15,15,596
48981,3,15,15,628
48982,3,15,15,670
48983,3,15,15,580
48984,3,15,15,649
48985,3,15,15,251
48986,3,15,15,629
48987,3,21,15,607
48988,3,15,15,390
48989,3,15,15,677
48990,3,15,15,517
48991,3,15,15,683
48992,3,15,15,604
48993,3,15,15,635
48994,3,39,39,617
48995,3,15,15,395
48996,3,15,15,440
48997,3,15,15,256
48998,3,15,15,197
48999,3,4,4,313
49000,3,15,15,684
49001,3,15,15,664
49002,3,15,15,32
49003,3,15,15,662
49004,3,15,15,677
49005,3,15,15,690
49006,3,3,3,231
49007,3,15,15,177
49008,3,15,15,677
49009,3,15,15,668
49010,3,15,15,127
49011,3,15,15,596
49012,3,15,15,688
49013,3,15,15,681
49014,3,15,15,688
49015,3,15,15,553
49016,3,15,15,684
49017,3,15,15,643
49018,3,3,3,88
49019,3,4,4,510
49020,3,15,15,629
49021,3,15,15,678
49022,3,15,15,642
49023,3,20,15,685
49024,3,15,15,577
49025,3,15,15,653
49026,3,21,15,278
49027,3,41,15,674
49028,3,15,15,678
49029,3,3,3,638
49030,3,15,15,674
49031,3,15,15,664
49032,3,15,15,245
49033,3,15,15,416
49034,3,15,15,214
49035,3,15,15,587
49036,3,15,3,673
49037,3,15,15,567
49038,3,15,15,615
49039,3,15,15,683
49040,3,15,15,665
49041,3,15,15,283
49042,3,15,15,628
49043,3,15,15,150
49044,3,15,15,642
49045,3,15,15,654
49046,3,15,15,426
49047,3,15,15,668
49048,3,15,15,668
49049,3,3,3,406
49050,3,15,15,648
49051,3,15,15,674
49052,3,21,15,184
49053,3,15,15,688
49054,3,15,15,573
49055,3,15,15,667
49056,3,15,15,669
49057,3,15,15,683
49058,3,15,15,530
49059,3,15,15,594
49060,3,15,15,202
49061,3,21,15,29
49062,3,15,15,430
49063,3,15,15,675
49064,3,15,15,683
49065,3,15,15,674
49066,3,15,15,663
49067,3,15,15,515
49068,3,15,15,547
49069,3,15,15,678
49070,3,9,15,10
49071,3,15,15,80
49072,3,15,15,623
49073,3,15,15,570
49074,3,15,15,363
49075,3,15,15,682
49076,3,15,15,595
49077,3,15,15,623
49078,3,15,15,693
49079,3,15,15,662
49080,3,15,15,696
49081,3,15,15,683
49082,3,15,15,411
49083,3,15,15,104
49084,3,15,15,626
49085,3,15,4,227
49086,3,15,15,686
49087,3,15,15,676
49088,3,15,15,602
49089,3,15,15,691
49090,3,15,15,361
49091,3,15,15,672
49092,3,15,15,678
49093,3,15,15,686
49094,3,15,15,686
49095,3,9,15,82
49096,3,15,15,626
49097,3,15,15,675
49098,3,15,15,660
49099,3,15,15,528
49100,3,15,15,547
49101,3,15,15,640
49102,3,3,15,408
49103,3,15,15,640
49104,3,15,15,583
49105,3,15,15,689
49106,3,15,15,160
49107,3,15,15,673
49108,3,15,15,668
49109,3,4,4,568
49110,3,3,3,512
49111,3,15,15,434
49112,3,15,15,281
49113,3,15,15,508
49114,3,15,15,99
49115,3,15,15,484
49116,3,3,3,520
49117,3,15,15,692
49118,3,15,15,619
49119,3,15,15,631
49120,3,15,15,629
49121,3,15,15,689
49122,3,15,15,688
49123,3,41,41,661
49124,3,15,15,674
49125,3,15,15,683
49126,3,15,15,603
49127,3,21,15,149
49128,3,15,15,658
49129,3,15,15,687
49130,3,3,15,386
49131,3,15,15,432
49132,3,15,15,691
49133,3,15,15,682
49134,3,15,15,505
49135,3,21,15,637
49136,3,21,3,578
49137,3,15,15,696
49138,3,3,3,333
49139,3,15,15,685
49140,3,15,15,432
49141,3,4,4,21
49142,3,15,15,547
49143,3,15,15,685
49144,3,15,15,675
49145,3,3,3,159
49146,3,15,15,662
49147,3,15,15,681
49148,3,4,4,445
49149,3,15,15,218
49150,3,15,15,691
49151,3,15,15,685
49152,3,15,15,691
49153,3,15,15,139
49154,3,15,15,121
49155,3,15,15,566
49156,3,15,15,682
49157,3,15,15,621
49158,3,15,15,679
49159,3,15,15,182
49160,3,15,15,661
49161,3,15,15,668
49162,3,15,15,630
49163,3,15,15,246
49164,3,15,15,687
49165,3,15,15,114
49166,3,15,15,686
49167,3,15,15,676
49168,3,15,15,673
49169,3,15,15,480
49170,3,15,15,404
49171,3,15,15,401
49172,3,15,15,654
49173,3,15,15,401
49174,3,15,15,656
49175,3,15,15,648
49176,3,15,15,679
49177,3,3,3,135
49178,3,15,15,685
49179,3,15,15,78
49180,3,21,15,567
49181,3,15,15,675
49182,3,15,15,662
49183,3,15,15,500
49184,3,15,15,607
49185,3,15,15,685
49186,3,15,15,363
49187,3,15,15,689
49188,3,15,15,626
49189,3,15,15,521
49190,3,15,15,683
49191,3,15,15,636
49192,3,15,15,638
49193,3,15,15,637
49194,3,15,15,682
49195,3,15,15,635
49196,3,15,15,651
49197,3,15,15,364
49198,3,15,15,689
49199,3,39,41,670
49200,3,15,15,15
49201,3,15,15,557
49202,3,15,15,637
49203,3,15,15,217
49204,3,15,15,533
49205,3,15,15,8
49206,3,15,15,674
49207,3,15,15,125
49208,3,15,15,672
49209,3,15,15,648
49210,3,15,15,218
49211,3,15,15,689
49212,3,21,21,639
49213,3,15,15,538
49214,3,15,15,681
49215,3,15,15,667
49216,3,15,15,665
49217,3,15,15,666
49218,3,15,15,578
49219,3,15,15,623
49220,3,15,15,691
49221,3,15,15,697
49222,3,15,15,579
49223,3,15,15,672
49224,3,15,15,661
49225,3,15,15,427
49226,3,15,15,152
49227,3,15,15,514
49228,3,15,15,307
49229,3,15,15,357
49230,3,4,4,615
49231,3,39,15,677
49232,3,15,15,49
49233,3,15,15,669
49234,3,21,15,197
49235,3,15,15,659
49236,3,15,15,566
49237,3,15,15,551
49238,3,15,15,610
49239,3,15,15,187
49240,3,15,15,541
49241,3,15,15,677
49242,3,15,15,677
49243,3,15,15,683
49244,3,15,15,599
49245,3,15,15,689
49246,3,15,15,676
49247,3,21,15,61
49248,3,15,15,558
49249,3,15,15,536
49250,3,15,15,679
49251,3,3,3,169
49252,3,15,15,696
49253,3,15,15,680
49254,3,4,4,616
49255,3,15,15,637
49256,3,15,15,623
49257,3,15,15,689
49258,3,15,15,679
49259,3,15,15,686
49260,3,15,15,143
49261,3,15,15,192
49262,3,15,15,459
49263,3,15,15,684
49264,3,15,15,644
49265,3,15,15,644
49266,3,15,15,547
49267,3,15,15,405
49268,3,15,15,669
49269,3,15,15,518
49270,3,15,15,693
49271,3,15,15,690
49272,3,15,15,518
49273,3,15,15,668
49274,3,15,15,658
49275,3,15,15,612
49276,3,15,15,433
49277,3,15,15,93
49278,3,15,15,675
49279,3,15,15,45
49280,3,15,15,684
49281,3,15,15,685
49282,3,15,15,65
49283,3,15,15,586
49284,3,15,15,683
49285,3,15,15,657
49286,3,15,15,667
49287,3,15,15,429
49288,3,15,15,691
49289,3,15,15,663
49290,3,15,15,614
49291,3,15,15,656
49292,3,15,15,616
49293,3,15,15,607
49294,3,3,3,412
49295,3,21,21,283
49296,3,15,15,671
49297,3,15,15,681
49298,3,15,15,147
49299,3,15,15,685
49300,3,15,15,671
49301,3,15,15,678
49302,3,15,15,608
49303,3,39,15,522
49304,3,15,15,659
49305,3,15,15,605
49306,3,15,15,574
49307,3,15,15,689
49308,3,15,15,669
49309,3,15,15,689
49310,3,15,15,564
49311,3,15,15,517
49312,3,15,15,682
49313,3,15,15,638
49314,3,15,15,688
49315,3,15,15,676
49316,3,15,15,602
49317,3,15,15,536
49318,3,15,15,343
49319,3,21,21,654
49320,3,15,15,685
49321,3,15,3,106
49322,3,15,15,144
49323,3,15,15,689
49324,3,15,15,666
49325,3,15,15,690
49326,3,15,15,52
49327,3,15,15,606
49328,3,15,15,530
49329,3,15,15,207
49330,3,15,15,565
49331,3,15,15,511
49332,3,21,21,264
49333,3,15,15,688
49334,3,15,15,228
49335,3,41,41,675
49336,3,15,15,459
49337,3,15,15,665
49338,3,15,3,468
49339,3,15,15,453
49340,3,15,15,600
49341,3,15,15,682
49342,3,15,15,368
49343,3,15,15,40
49344,3,15,15,650
49345,3,15,15,624
49346,3,15,15,334
49347,3,15,15,593
49348,3,15,15,485
49349,3,15,15,364
49350,3,15,15,666
49351,3,15,15,598
49352,3,15,15,666
49353,3,15,15,670
49354,3,15,15,662
49355,3,15,15,594
49356,3,15,15,680
49357,3,15,15,195
49358,3,15,15,665
49359,3,15,15,604
49360,3,3,3,488
49361,3,15,15,680
49362,3,15,15,650
49363,3,15,15,685
49364,3,15,15,154
49365,3,9,9,60
49366,3,15,15,600
49367,3,15,15,629
49368,3,15,15,676
49369,3,15,15,624
49370,3,4,4,585
49371,3,15,15,660
49372,3,15,15,674
49373,3,15,15,683
49374,3,15,15,320
49375,3,3,3,679
49376,3,21,15,407
49377,3,15,15,685
49378,3,15,15,395
49379,3,15,15,630
49380,3,15,15,662
49381,3,15,15,105
49382,3,15,15,692
49383,3,15,15,522
49384,3,15,15,681
49385,3,3,15,655
49386,3,15,15,671
49387,3,15,15,15
49388,3,15,15,670
49389,3,15,15,671
49390,3,15,15,681
49391,3,15,15,676
49392,3,41,41,667
49393,3,15,15,666
49394,3,15,15,669
49395,3,15,15,204
49396,3,15,15,214
49397,3,4,4,638
49398,3,15,15,560
49399,3,15,15,678
49400,3,15,15,641
49401,3,15,15,685
49402,3,15,15,688
49403,3,15,15,672
49404,3,15,15,687
49405,3,4,4,545
49406,3,15,4,569
49407,3,4,15,609
49408,3,15,15,681
49409,3,15,15,687
49410,3,15,15,675
49411,3,15,15,691
49412,3,15,15,667
49413,3,4,4,467
49414,3,15,15,634
49415,3,15,15,624
49416,3,15,15,677
49417,3,15,15,245
49418,3,15,15,690
49419,3,15,15,267
49420,3,15,15,655
49421,3,15,15,665
49422,3,15,15,640
49423,3,15,15,487
49424,3,15,15,285
49425,3,15,15,664
49426,3,15,15,608
49427,3,15,15,674
49428,3,39,39,673
49429,3,15,15,663
49430,3,3,3,585
49431,3,3,15,151
49432,3,3,3,186
49433,3,15,15,637
49434,3,15,15,681
49435,3,15,15,691
49436,3,15,15,680
49437,3,15,15,690
49438,3,15,15,677
49439,3,15,15,419
49440,3,15,15,231
49441,3,15,15,341
49442,3,15,15,511
49443,3,15,15,514
49444,3,15,15,681
49445,3,15,15,680
49446,3,15,15,684
49447,3,15,15,683
49448,3,15,15,691
49449,3,15,15,615
49450,3,15,15,443
49451,3,15,15,658
49452,3,15,15,672
49453,3,15,15,601
49454,3,15,15,230
49455,3,15,15,464
49456,3,15,15,685
49457,3,15,15,649
49458,3,15,15,679
49459,3,15,15,63
49460,3,15,15,649
49461,3,15,15,363
49462,3,15,15,681
49463,3,3,3,617
49464,3,15,15,430
49465,3,15,15,661
49466,3,15,15,591
49467,3,15,15,400
49468,3,15,15,660
49469,3,15,15,93
49470,3,15,15,592
49471,3,15,15,666
49472,3,15,15,382
49473,3,15,15,688
49474,3,15,15,510
49475,3,15,4,524
49476,3,15,15,681
49477,3,15,15,692
49478,3,15,15,246
49479,3,15,15,685
49480,3,15,15,661
49481,3,15,15,678
49482,3,15,15,684
49483,3,15,15,675
49484,3,15,15,565
49485,3,41,41,688
49486,3,3,3,317
49487,3,15,4,659
49488,3,15,15,672
49489,3,15,15,53
49490,3,15,15,685
49491,3,15,15,117
49492,3,15,15,124
49493,3,15,15,478
49494,3,39,39,680
49495,3,15,15,674
49496,3,15,15,674
49497,3,15,15,565
49498,3,15,15,688
49499,3,15,15,683
49500,3,15,15,98
49501,3,15,15,669
49502,3,15,15,585
49503,3,15,15,665
49504,3,15,15,654
49505,3,15,15,689
49506,3,15,15,683
49507,3,15,15,268
49508,3,15,15,294
49509,3,15,15,682
49510,3,15,15,304
49511,3,15,15,686
49512,3,15,15,501
49513,3,15,4,637
49514,3,15,15,587
49515,3,15,15,654
49516,3,15,15,684
49517,3,15,15,385
49518,3,15,15,688
49519,3,15,15,610
49520,3,15,15,675
49521,3,15,15,622
49522,3,15,15,685
49523,3,15,15,631
49524,3,3,3,539
49525,3,4,4,264
49526,3,15,15,139
49527,3,15,15,530
49528,3,15,15,692
49529,3,15,15,655
49530,3,9,15,7
49531,3,15,15,509
49532,3,15,15,648
49533,3,15,15,694
49534,3,15,15,603
49535,3,3,3,184
49536,3,15,15,674
49537,3,15,15,673
49538,3,15,15,594
49539,3,15,15,112
49540,3,15,15,164
49541,3,15,15,667
49542,3,21,21,643
49543,3,15,15,684
49544,3,15,15,652
49545,3,15,15,685
49546,3,15,15,685
49547,3,15,15,687
49548,3,15,15,15
49549,3,15,15,382
49550,3,15,15,673
49551,3,15,15,564
49552,3,15,15,338
49553,3,15,15,454
49554,3,15,15,679
49555,3,15,15,272
49556,3,15,15,674
49557,3,15,15,116
49558,3,15,15,603
49559,3,15,15,261
49560,3,15,15,332
49561,3,15,15,60
49562,3,15,15,679
49563,3,15,15,621
49564,3,15,15,686
49565,3,15,15,602
49566,3,15,15,466
49567,3,15,15,640
49568,3,3,3,590
49569,3,15,15,111
49570,3,15,15,665
49571,3,3,3,315
49572,3,15,15,685
49573,3,15,15,390
49574,3,15,15,57
49575,3,15,15,659
49576,3,15,15,664
49577,3,21,15,664
49578,3,15,15,624
49579,3,21,15,4
49580,3,15,15,670
49581,3,15,15,229
49582,3,15,15,681
49583,3,15,15,601
49584,3,21,15,641
49585,3,15,15,680
49586,3,15,15,686
49587,3,21,15,650
49588,3,15,15,562
49589,3,3,3,656
49590,3,15,15,324
49591,3,15,15,559
49592,3,15,15,685
49593,3,15,15,68
49594,3,15,15,685
49595,3,4,4,648
49596,3,15,15,667
49597,3,15,15,652
49598,3,15,15,657
49599,3,15,15,593
49600,3,15,15,234
49601,3,15,15,621
49602,3,15,15,686
49603,3,15,15,72
49604,3,15,15,653
49605,3,15,15,664
49606,3,21,15,505
49607,3,15,15,685
49608,3,15,15,636
49609,3,15,15,586
49610,3,15,15,680
49611,3,15,15,687
49612,3,15,15,617
49613,3,15,15,681
49614,3,15,15,676
49615,3,15,15,583
49616,3,15,15,688
49617,3,15,15,689
49618,3,15,15,686
49619,3,15,15,648
49620,3,15,15,578
49621,3,15,15,686
49622,3,15,15,596
49623,3,15,15,645
49624,3,15,15,474
49625,3,15,15,483
49626,3,15,15,679
49627,3,15,15,341
49628,3,15,15,673
49629,3,15,15,678
49630,3,15,15,564
49631,3,15,15,62
49632,3,15,15,693
49633,3,15,15,626
49634,3,15,15,520
49635,3,15,15,348
49636,3,15,15,575
49637,3,3,3,495
49638,3,15,15,631
49639,3,15,15,530
49640,3,15,15,665
49641,3,15,15,58
49642,3,15,15,156
49643,3,15,15,687
49644,3,15,15,244
49645,3,15,15,125
49646,3,15,15,653
49647,3,15,15,594
49648,3,15,15,673
49649,3,15,15,677
49650,3,15,15,672
49651,3,15,15,373
49652,3,15,15,559
49653,3,15,15,678
49654,3,15,15,694
49655,3,4,4,624
49656,3,15,15,171
49657,3,39,39,640
49658,3,15,15,689
49659,3,9,9,11
49660,3,15,15,448
49661,3,15,15,634
49662,3,15,15,537
49663,3,15,15,679
49664,3,15,15,596
49665,3,15,15,609
49666,3,15,15,684
49667,3,4,4,1
49668,3,15,15,648
49669,3,15,15,686
49670,3,15,15,687
49671,3,15,15,608
49672,3,15,15,655
49673,3,4,4,646
49674,3,15,15,630
49675,3,15,4,627
49676,3,15,15,674
49677,3,15,15,673
49678,3,15,15,626
49679,3,15,15,658
49680,3,15,15,613
49681,3,15,15,680
49682,3,3,15,311
49683,3,15,15,687
49684,3,15,15,363
49685,3,15,15,640
49686,3,15,15,633
49687,3,15,15,383
49688,3,15,15,529
49689,3,15,15,601
49690,3,15,15,653
49691,3,15,15,687
49692,3,15,15,603
49693,3,15,15,637
49694,3,15,15,284
49695,3,15,15,684
49696,3,15,15,686
49697,3,15,15,693
49698,3,3,3,598
49699,3,15,15,459
49700,3,15,15,681
49701,3,3,3,638
49702,3,15,15,690
49703,3,15,15,681
49704,3,3,3,554
49705,3,15,15,677
49706,3,15,15,678
49707,3,15,15,685
49708,3,15,15,690
49709,3,15,15,597
49710,3,15,15,690
49711,3,15,15,105
49712,3,15,15,585
49713,3,15,15,672
49714,3,15,15,503
49715,3,15,15,558
49716,3,15,15,656
49717,3,15,15,662
49718,3,15,15,222
49719,3,15,15,691
49720,3,15,15,111
49721,3,15,15,686
49722,3,4,4,330
49723,3,15,15,526
49724,3,15,15,685
49725,3,15,15,420
49726,3,15,15,71
49727,3,15,15,608
49728,3,15,15,677
49729,3,15,15,695
49730,3,15,15,689
49731,3,15,15,105
49732,3,15,15,686
49733,3,15,15,682
49734,3,15,15,686
49735,3,21,15,641
49736,3,15,15,681
49737,3,15,15,677
49738,3,15,15,583
49739,3,15,15,684
49740,3,15,15,683
49741,3,15,15,672
49742,3,15,15,681
49743,3,15,15,608
49744,3,15,15,632
49745,3,15,4,657
49746,3,15,15,670
49747,3,3,3,72
49748,3,15,15,673
49749,3,15,15,674
49750,3,15,15,187
49751,3,4,4,612
49752,3,15,15,484
49753,3,15,15,684
49754,3,15,15,662
49755,3,4,4,544
49756,3,15,15,673
49757,3,3,3,418
49758,3,15,15,562
49759,3,15,15,666
49760,3,15,15,102
49761,3,4,4,415
49762,3,15,15,694
49763,3,15,15,679
49764,3,15,15,477
49765,3,15,15,173
49766,3,15,15,200
49767,3,3,3,490
49768,3,15,15,648
49769,3,21,15,290
49770,3,15,15,687
49771,3,15,15,650
49772,3,15,15,524
49773,3,15,15,681
49774,3,15,15,498
49775,3,15,15,680
49776,3,15,15,259
49777,3,4,4,199
49778,3,15,15,534
49779,3,15,15,649
49780,3,15,15,677
49781,3,15,15,438
49782,3,15,15,606
49783,3,15,15,477
49784,3,15,15,637
49785,3,15,15,687
49786,3,15,15,627
49787,3,15,15,26
49788,3,15,15,277
49789,3,15,15,672
49790,3,15,15,212
49791,3,21,15,3
49792,3,15,15,607
49793,3,15,15,687
49794,3,15,15,603
49795,3,15,15,684
49796,3,15,15,630
49797,3,15,15,644
49798,3,15,15,593
49799,3,15,15,668
49800,3,15,15,167
49801,3,15,15,625
49802,3,15,15,249
49803,3,15,15,640
49804,3,15,15,679
49805,3,15,15,585
49806,3,15,15,442
49807,3,15,15,691
49808,3,15,15,569
49809,3,15,15,667
49810,3,41,41,130
49811,3,15,15,689
49812,3,15,15,609
49813,3,21,21,630
49814,3,15,15,545
49815,3,4,4,475
49816,3,15,15,509
49817,3,15,15,692
49818,3,15,15,659
49819,3,15,15,652
49820,3,15,15,697
49821,3,15,15,439
49822,3,15,15,627
49823,3,15,15,551
49824,3,15,15,661
49825,3,15,15,156
49826,3,15,15,563
49827,3,15,15,183
49828,3,39,41,237
49829,3,15,15,679
49830,3,15,15,199
49831,3,15,15,653
49832,3,15,15,628
49833,3,41,41,688
49834,3,4,4,308
49835,3,15,15,683
49836,3,15,15,687
49837,3,15,15,638
49838,3,41,41,684
49839,3,4,4,645
49840,3,15,15,689
49841,3,15,15,657
49842,3,15,15,350
49843,3,15,15,674
49844,3,15,15,693
49845,3,15,15,640
49846,3,15,15,683
49847,3,15,15,576
49848,3,15,15,679
49849,3,15,15,234
49850,3,15,15,656
49851,3,15,15,670
49852,3,15,15,399
49853,3,15,15,559
49854,3,15,15,668
49855,3,15,15,542
49856,3,15,15,466
49857,3,15,15,573
49858,3,15,15,523
49859,3,15,15,672
49860,3,15,15,656
49861,3,15,15,611
49862,3,15,15,631
49863,3,15,15,662
49864,3,15,15,670
49865,3,15,15,677
49866,3,15,15,667
49867,3,15,15,504
49868,3,15,15,677
49869,3,15,15,191
49870,3,15,15,670
49871,3,15,15,686
49872,3,15,15,688
49873,3,15,15,682
49874,3,15,15,689
49875,3,15,15,661
49876,3,15,15,672
49877,3,15,15,686
49878,3,15,15,120
49879,3,15,15,636
49880,3,15,15,114
49881,3,15,15,463
49882,3,15,15,204
49883,3,15,15,695
49884,3,15,15,662
49885,3,15,15,681
49886,3,15,15,691
49887,3,15,15,685
49888,3,15,15,620
49889,3,15,15,679
49890,3,15,15,549
49891,3,15,15,683
49892,3,15,15,668
49893,3,15,15,672
49894,3,15,15,692
49895,3,15,15,649
49896,3,15,15,596
49897,3,15,15,375
49898,3,15,15,669
49899,3,15,15,644
49900,3,15,15,343
49901,3,15,15,575
49902,3,15,15,689
49903,3,15,15,615
49904,3,15,15,605
49905,3,15,15,691
49906,3,15,15,677
49907,3,15,15,602
49908,3,15,15,677
49909,3,15,15,414
49910,3,15,15,324
49911,3,15,15,183
49912,3,15,15,686
49913,3,15,15,625
49914,3,15,15,105
49915,3,15,15,672
49916,3,15,15,685
49917,3,21,21,657
49918,3,15,15,683
49919,3,15,15,660
49920,3,39,39,637
49921,3,15,15,142
49922,3,15,15,676
49923,3,15,15,525
49924,3,15,15,610
49925,3,15,15,661
49926,3,15,15,642
49927,3,15,15,565
49928,3,15,15,521
49929,3,15,15,340
49930,3,15,15,533
49931,3,15,15,22
49932,3,15,15,608
49933,3,15,15,690
49934,3,15,15,687
49935,3,15,15,496
49936,3,15,15,686
49937,3,15,15,260
49938,3,15,15,680
49939,3,15,15,470
49940,3,15,15,673
49941,3,15,15,580
49942,3,15,15,171
49943,3,15,15,453
49944,3,15,15,587
49945,3,15,15,188
49946,3,4,4,398
49947,3,15,15,680
49948,3,15,15,688
49949,3,15,15,647
49950,3,15,15,405
49951,3,15,15,656
49952,3,39,39,684
49953,3,9,9,649
49954,3,4,4,651
49955,3,15,15,136
49956,3,15,15,239
49957,3,15,15,584
49958,3,21,15,9
49959,3,15,15,673
49960,3,15,11,108
49961,3,15,15,623
49962,3,15,15,622
49963,3,3,3,128
49964,3,15,15,264
49965,3,15,15,685
49966,3,15,15,663
49967,3,15,15,588
49968,3,15,15,588
49969,3,15,15,674
49970,3,15,15,673
49971,3,15,15,92
49972,3,15,15,689
49973,3,15,15,687
49974,3,15,15,686
49975,3,15,15,548
49976,3,15,15,674
49977,3,15,15,270
49978,3,15,15,369
49979,3,4,4,644
49980,3,15,3,475
49981,3,15,15,684
49982,3,15,15,679
49983,3,15,15,662
49984,3,15,15,688
49985,3,15,15,134
49986,3,15,15,688
49987,3,15,15,655
49988,3,21,21,667
49989,3,15,15,665
49990,3,3,3,415
49991,3,15,15,122
49992,3,39,39,684
49993,3,15,15,689
49994,3,15,15,660
49995,3,15,15,293
49996,3,15,15,674
49997,3,15,15,537
49998,3,15,15,649
49999,3,4,15,560
